[2023-11-06T13:02:57.563+0000] {processor.py:157} INFO - Started process (PID=65) to work on /opt/airflow/dags/elastic_fetch.py
[2023-11-06T13:02:57.593+0000] {processor.py:829} INFO - Processing file /opt/airflow/dags/elastic_fetch.py for tasks to queue
[2023-11-06T13:02:57.665+0000] {logging_mixin.py:151} INFO - [2023-11-06T13:02:57.663+0000] {dagbag.py:536} INFO - Filling up the DagBag from /opt/airflow/dags/elastic_fetch.py
[2023-11-06T13:03:01.072+0000] {processor.py:839} INFO - DAG(s) dict_keys(['traffic_data_3']) retrieved from /opt/airflow/dags/elastic_fetch.py
[2023-11-06T13:03:04.550+0000] {logging_mixin.py:151} INFO - [2023-11-06T13:03:04.549+0000] {manager.py:499} INFO - Created Permission View: %s
[2023-11-06T13:03:04.640+0000] {logging_mixin.py:151} INFO - [2023-11-06T13:03:04.639+0000] {manager.py:499} INFO - Created Permission View: %s
[2023-11-06T13:03:04.715+0000] {logging_mixin.py:151} INFO - [2023-11-06T13:03:04.713+0000] {manager.py:499} INFO - Created Permission View: %s
[2023-11-06T13:03:04.718+0000] {logging_mixin.py:151} INFO - [2023-11-06T13:03:04.717+0000] {dag.py:2941} INFO - Sync 1 DAGs
[2023-11-06T13:03:04.852+0000] {logging_mixin.py:151} INFO - [2023-11-06T13:03:04.851+0000] {dag.py:2963} INFO - Creating ORM DAG for traffic_data_3
[2023-11-06T13:03:04.897+0000] {logging_mixin.py:151} INFO - [2023-11-06T13:03:04.896+0000] {dag.py:3722} INFO - Setting next_dagrun for traffic_data_3 to 2023-11-06T13:02:04.893230+00:00, run_after=2023-11-06T13:03:04.893230+00:00
[2023-11-06T13:03:05.021+0000] {processor.py:179} INFO - Processing /opt/airflow/dags/elastic_fetch.py took 7.868 seconds
[2023-11-06T13:03:42.024+0000] {processor.py:157} INFO - Started process (PID=76) to work on /opt/airflow/dags/elastic_fetch.py
[2023-11-06T13:03:42.112+0000] {processor.py:829} INFO - Processing file /opt/airflow/dags/elastic_fetch.py for tasks to queue
[2023-11-06T13:03:42.715+0000] {logging_mixin.py:151} INFO - [2023-11-06T13:03:42.505+0000] {dagbag.py:536} INFO - Filling up the DagBag from /opt/airflow/dags/elastic_fetch.py
[2023-11-06T13:03:56.624+0000] {processor.py:839} INFO - DAG(s) dict_keys(['traffic_data_3']) retrieved from /opt/airflow/dags/elastic_fetch.py
[2023-11-06T13:03:58.065+0000] {logging_mixin.py:151} INFO - [2023-11-06T13:03:58.055+0000] {dag.py:2941} INFO - Sync 1 DAGs
[2023-11-06T13:03:58.914+0000] {logging_mixin.py:151} INFO - [2023-11-06T13:03:58.911+0000] {dag.py:3722} INFO - Setting next_dagrun for traffic_data_3 to 2023-11-06T13:02:58.877363+00:00, run_after=2023-11-06T13:03:58.877363+00:00
[2023-11-06T13:03:59.607+0000] {processor.py:179} INFO - Processing /opt/airflow/dags/elastic_fetch.py took 19.914 seconds
[2023-11-06T13:04:33.993+0000] {processor.py:157} INFO - Started process (PID=95) to work on /opt/airflow/dags/elastic_fetch.py
[2023-11-06T13:04:34.081+0000] {processor.py:829} INFO - Processing file /opt/airflow/dags/elastic_fetch.py for tasks to queue
[2023-11-06T13:04:35.115+0000] {logging_mixin.py:151} INFO - [2023-11-06T13:04:35.097+0000] {dagbag.py:536} INFO - Filling up the DagBag from /opt/airflow/dags/elastic_fetch.py
[2023-11-06T13:04:47.178+0000] {processor.py:839} INFO - DAG(s) dict_keys(['traffic_data_3']) retrieved from /opt/airflow/dags/elastic_fetch.py
[2023-11-06T13:04:52.247+0000] {logging_mixin.py:151} INFO - [2023-11-06T13:04:52.211+0000] {dag.py:2941} INFO - Sync 1 DAGs
[2023-11-06T13:04:54.950+0000] {logging_mixin.py:151} INFO - [2023-11-06T13:04:54.927+0000] {dag.py:3722} INFO - Setting next_dagrun for traffic_data_3 to 2023-11-06T13:03:54.851469+00:00, run_after=2023-11-06T13:04:54.851469+00:00
[2023-11-06T13:04:59.506+0000] {processor.py:179} INFO - Processing /opt/airflow/dags/elastic_fetch.py took 26.061 seconds
[2023-11-06T13:05:31.686+0000] {processor.py:157} INFO - Started process (PID=104) to work on /opt/airflow/dags/elastic_fetch.py
[2023-11-06T13:05:31.688+0000] {processor.py:829} INFO - Processing file /opt/airflow/dags/elastic_fetch.py for tasks to queue
[2023-11-06T13:05:31.700+0000] {logging_mixin.py:151} INFO - [2023-11-06T13:05:31.696+0000] {dagbag.py:536} INFO - Filling up the DagBag from /opt/airflow/dags/elastic_fetch.py
[2023-11-06T13:05:33.974+0000] {processor.py:839} INFO - DAG(s) dict_keys(['traffic_data_3']) retrieved from /opt/airflow/dags/elastic_fetch.py
[2023-11-06T13:05:35.557+0000] {logging_mixin.py:151} INFO - [2023-11-06T13:05:35.557+0000] {dag.py:2941} INFO - Sync 1 DAGs
[2023-11-06T13:05:35.949+0000] {logging_mixin.py:151} INFO - [2023-11-06T13:05:35.948+0000] {dag.py:3722} INFO - Setting next_dagrun for traffic_data_3 to 2023-11-06T13:04:35.944856+00:00, run_after=2023-11-06T13:05:35.944856+00:00
[2023-11-06T13:05:36.296+0000] {processor.py:179} INFO - Processing /opt/airflow/dags/elastic_fetch.py took 4.799 seconds
[2023-11-06T13:06:08.040+0000] {processor.py:157} INFO - Started process (PID=115) to work on /opt/airflow/dags/elastic_fetch.py
[2023-11-06T13:06:08.066+0000] {processor.py:829} INFO - Processing file /opt/airflow/dags/elastic_fetch.py for tasks to queue
[2023-11-06T13:06:08.176+0000] {logging_mixin.py:151} INFO - [2023-11-06T13:06:08.175+0000] {dagbag.py:536} INFO - Filling up the DagBag from /opt/airflow/dags/elastic_fetch.py
[2023-11-06T13:06:15.403+0000] {processor.py:839} INFO - DAG(s) dict_keys(['traffic_data_3']) retrieved from /opt/airflow/dags/elastic_fetch.py
[2023-11-06T13:06:17.606+0000] {logging_mixin.py:151} INFO - [2023-11-06T13:06:17.605+0000] {dag.py:2941} INFO - Sync 1 DAGs
[2023-11-06T13:06:20.666+0000] {logging_mixin.py:151} INFO - [2023-11-06T13:06:20.664+0000] {dag.py:3722} INFO - Setting next_dagrun for traffic_data_3 to 2023-11-06T13:05:20.555264+00:00, run_after=2023-11-06T13:06:20.555264+00:00
[2023-11-06T13:06:21.534+0000] {processor.py:179} INFO - Processing /opt/airflow/dags/elastic_fetch.py took 14.029 seconds
[2023-11-06T13:06:53.836+0000] {processor.py:157} INFO - Started process (PID=132) to work on /opt/airflow/dags/elastic_fetch.py
[2023-11-06T13:06:53.861+0000] {processor.py:829} INFO - Processing file /opt/airflow/dags/elastic_fetch.py for tasks to queue
[2023-11-06T13:06:54.517+0000] {logging_mixin.py:151} INFO - [2023-11-06T13:06:54.283+0000] {dagbag.py:536} INFO - Filling up the DagBag from /opt/airflow/dags/elastic_fetch.py
[2023-11-06T13:06:58.079+0000] {processor.py:839} INFO - DAG(s) dict_keys(['traffic_data_3']) retrieved from /opt/airflow/dags/elastic_fetch.py
[2023-11-06T13:06:59.052+0000] {logging_mixin.py:151} INFO - [2023-11-06T13:06:59.051+0000] {dag.py:2941} INFO - Sync 1 DAGs
[2023-11-06T13:07:00.098+0000] {logging_mixin.py:151} INFO - [2023-11-06T13:07:00.067+0000] {dag.py:3722} INFO - Setting next_dagrun for traffic_data_3 to 2023-11-06T13:05:59.999885+00:00, run_after=2023-11-06T13:06:59.999885+00:00
[2023-11-06T13:07:01.568+0000] {processor.py:179} INFO - Processing /opt/airflow/dags/elastic_fetch.py took 8.410 seconds
[2023-11-06T13:07:31.810+0000] {processor.py:157} INFO - Started process (PID=141) to work on /opt/airflow/dags/elastic_fetch.py
[2023-11-06T13:07:31.813+0000] {processor.py:829} INFO - Processing file /opt/airflow/dags/elastic_fetch.py for tasks to queue
[2023-11-06T13:07:31.819+0000] {logging_mixin.py:151} INFO - [2023-11-06T13:07:31.818+0000] {dagbag.py:536} INFO - Filling up the DagBag from /opt/airflow/dags/elastic_fetch.py
[2023-11-06T13:07:32.170+0000] {processor.py:839} INFO - DAG(s) dict_keys(['traffic_data_3']) retrieved from /opt/airflow/dags/elastic_fetch.py
[2023-11-06T13:07:32.292+0000] {logging_mixin.py:151} INFO - [2023-11-06T13:07:32.291+0000] {dag.py:2941} INFO - Sync 1 DAGs
[2023-11-06T13:07:32.371+0000] {logging_mixin.py:151} INFO - [2023-11-06T13:07:32.370+0000] {dag.py:3722} INFO - Setting next_dagrun for traffic_data_3 to 2023-11-06T13:06:32.369823+00:00, run_after=2023-11-06T13:07:32.369823+00:00
[2023-11-06T13:07:32.431+0000] {processor.py:179} INFO - Processing /opt/airflow/dags/elastic_fetch.py took 0.635 seconds
[2023-11-06T13:08:02.704+0000] {processor.py:157} INFO - Started process (PID=151) to work on /opt/airflow/dags/elastic_fetch.py
[2023-11-06T13:08:02.725+0000] {processor.py:829} INFO - Processing file /opt/airflow/dags/elastic_fetch.py for tasks to queue
[2023-11-06T13:08:02.784+0000] {logging_mixin.py:151} INFO - [2023-11-06T13:08:02.778+0000] {dagbag.py:536} INFO - Filling up the DagBag from /opt/airflow/dags/elastic_fetch.py
[2023-11-06T13:08:04.830+0000] {processor.py:839} INFO - DAG(s) dict_keys(['traffic_data_3']) retrieved from /opt/airflow/dags/elastic_fetch.py
[2023-11-06T13:08:05.165+0000] {logging_mixin.py:151} INFO - [2023-11-06T13:08:05.164+0000] {dag.py:2941} INFO - Sync 1 DAGs
[2023-11-06T13:08:05.277+0000] {logging_mixin.py:151} INFO - [2023-11-06T13:08:05.276+0000] {dag.py:3722} INFO - Setting next_dagrun for traffic_data_3 to 2023-11-06T13:07:05.274512+00:00, run_after=2023-11-06T13:08:05.274512+00:00
[2023-11-06T13:08:05.359+0000] {processor.py:179} INFO - Processing /opt/airflow/dags/elastic_fetch.py took 2.684 seconds
[2023-11-06T13:08:35.890+0000] {processor.py:157} INFO - Started process (PID=161) to work on /opt/airflow/dags/elastic_fetch.py
[2023-11-06T13:08:35.909+0000] {processor.py:829} INFO - Processing file /opt/airflow/dags/elastic_fetch.py for tasks to queue
[2023-11-06T13:08:36.250+0000] {logging_mixin.py:151} INFO - [2023-11-06T13:08:36.204+0000] {dagbag.py:536} INFO - Filling up the DagBag from /opt/airflow/dags/elastic_fetch.py
[2023-11-06T13:08:39.060+0000] {processor.py:839} INFO - DAG(s) dict_keys(['traffic_data_3']) retrieved from /opt/airflow/dags/elastic_fetch.py
[2023-11-06T13:08:39.278+0000] {logging_mixin.py:151} INFO - [2023-11-06T13:08:39.277+0000] {dag.py:2941} INFO - Sync 1 DAGs
[2023-11-06T13:08:39.393+0000] {logging_mixin.py:151} INFO - [2023-11-06T13:08:39.392+0000] {dag.py:3722} INFO - Setting next_dagrun for traffic_data_3 to 2023-11-06T13:07:39.389118+00:00, run_after=2023-11-06T13:08:39.389118+00:00
[2023-11-06T13:08:39.470+0000] {processor.py:179} INFO - Processing /opt/airflow/dags/elastic_fetch.py took 3.761 seconds
[2023-11-06T13:09:10.048+0000] {processor.py:157} INFO - Started process (PID=171) to work on /opt/airflow/dags/elastic_fetch.py
[2023-11-06T13:09:10.052+0000] {processor.py:829} INFO - Processing file /opt/airflow/dags/elastic_fetch.py for tasks to queue
[2023-11-06T13:09:10.058+0000] {logging_mixin.py:151} INFO - [2023-11-06T13:09:10.057+0000] {dagbag.py:536} INFO - Filling up the DagBag from /opt/airflow/dags/elastic_fetch.py
[2023-11-06T13:09:11.740+0000] {processor.py:839} INFO - DAG(s) dict_keys(['traffic_data_3']) retrieved from /opt/airflow/dags/elastic_fetch.py
[2023-11-06T13:09:11.928+0000] {logging_mixin.py:151} INFO - [2023-11-06T13:09:11.928+0000] {dag.py:2941} INFO - Sync 1 DAGs
[2023-11-06T13:09:12.084+0000] {processor.py:179} INFO - Processing /opt/airflow/dags/elastic_fetch.py took 2.136 seconds
[2023-11-06T13:09:42.368+0000] {processor.py:157} INFO - Started process (PID=181) to work on /opt/airflow/dags/elastic_fetch.py
[2023-11-06T13:09:42.370+0000] {processor.py:829} INFO - Processing file /opt/airflow/dags/elastic_fetch.py for tasks to queue
[2023-11-06T13:09:42.375+0000] {logging_mixin.py:151} INFO - [2023-11-06T13:09:42.375+0000] {dagbag.py:536} INFO - Filling up the DagBag from /opt/airflow/dags/elastic_fetch.py
[2023-11-06T13:09:42.597+0000] {processor.py:839} INFO - DAG(s) dict_keys(['traffic_data_3']) retrieved from /opt/airflow/dags/elastic_fetch.py
[2023-11-06T13:09:42.672+0000] {logging_mixin.py:151} INFO - [2023-11-06T13:09:42.671+0000] {dag.py:2941} INFO - Sync 1 DAGs
[2023-11-06T13:09:42.760+0000] {processor.py:179} INFO - Processing /opt/airflow/dags/elastic_fetch.py took 0.405 seconds
[2023-11-06T13:10:13.447+0000] {processor.py:157} INFO - Started process (PID=192) to work on /opt/airflow/dags/elastic_fetch.py
[2023-11-06T13:10:13.453+0000] {processor.py:829} INFO - Processing file /opt/airflow/dags/elastic_fetch.py for tasks to queue
[2023-11-06T13:10:13.493+0000] {logging_mixin.py:151} INFO - [2023-11-06T13:10:13.490+0000] {dagbag.py:536} INFO - Filling up the DagBag from /opt/airflow/dags/elastic_fetch.py
[2023-11-06T13:10:15.868+0000] {processor.py:839} INFO - DAG(s) dict_keys(['traffic_data_3']) retrieved from /opt/airflow/dags/elastic_fetch.py
[2023-11-06T13:10:16.068+0000] {logging_mixin.py:151} INFO - [2023-11-06T13:10:16.067+0000] {dag.py:2941} INFO - Sync 1 DAGs
[2023-11-06T13:10:16.309+0000] {processor.py:179} INFO - Processing /opt/airflow/dags/elastic_fetch.py took 3.109 seconds
[2023-11-06T13:10:46.729+0000] {processor.py:157} INFO - Started process (PID=207) to work on /opt/airflow/dags/elastic_fetch.py
[2023-11-06T13:10:46.758+0000] {processor.py:829} INFO - Processing file /opt/airflow/dags/elastic_fetch.py for tasks to queue
[2023-11-06T13:10:46.818+0000] {logging_mixin.py:151} INFO - [2023-11-06T13:10:46.818+0000] {dagbag.py:536} INFO - Filling up the DagBag from /opt/airflow/dags/elastic_fetch.py
[2023-11-06T13:10:48.127+0000] {processor.py:839} INFO - DAG(s) dict_keys(['traffic_data_3']) retrieved from /opt/airflow/dags/elastic_fetch.py
[2023-11-06T13:10:48.727+0000] {logging_mixin.py:151} INFO - [2023-11-06T13:10:48.727+0000] {dag.py:2941} INFO - Sync 1 DAGs
[2023-11-06T13:10:48.913+0000] {processor.py:179} INFO - Processing /opt/airflow/dags/elastic_fetch.py took 2.236 seconds
[2023-11-06T13:11:19.094+0000] {processor.py:157} INFO - Started process (PID=217) to work on /opt/airflow/dags/elastic_fetch.py
[2023-11-06T13:11:19.096+0000] {processor.py:829} INFO - Processing file /opt/airflow/dags/elastic_fetch.py for tasks to queue
[2023-11-06T13:11:19.102+0000] {logging_mixin.py:151} INFO - [2023-11-06T13:11:19.102+0000] {dagbag.py:536} INFO - Filling up the DagBag from /opt/airflow/dags/elastic_fetch.py
[2023-11-06T13:11:19.331+0000] {processor.py:839} INFO - DAG(s) dict_keys(['traffic_data_3']) retrieved from /opt/airflow/dags/elastic_fetch.py
[2023-11-06T13:11:19.393+0000] {logging_mixin.py:151} INFO - [2023-11-06T13:11:19.392+0000] {dag.py:2941} INFO - Sync 1 DAGs
[2023-11-06T13:11:19.490+0000] {processor.py:179} INFO - Processing /opt/airflow/dags/elastic_fetch.py took 0.405 seconds
[2023-11-06T13:11:49.680+0000] {processor.py:157} INFO - Started process (PID=227) to work on /opt/airflow/dags/elastic_fetch.py
[2023-11-06T13:11:49.682+0000] {processor.py:829} INFO - Processing file /opt/airflow/dags/elastic_fetch.py for tasks to queue
[2023-11-06T13:11:49.689+0000] {logging_mixin.py:151} INFO - [2023-11-06T13:11:49.688+0000] {dagbag.py:536} INFO - Filling up the DagBag from /opt/airflow/dags/elastic_fetch.py
[2023-11-06T13:11:49.966+0000] {processor.py:839} INFO - DAG(s) dict_keys(['traffic_data_3']) retrieved from /opt/airflow/dags/elastic_fetch.py
[2023-11-06T13:11:50.007+0000] {logging_mixin.py:151} INFO - [2023-11-06T13:11:50.007+0000] {dag.py:2941} INFO - Sync 1 DAGs
[2023-11-06T13:11:50.083+0000] {processor.py:179} INFO - Processing /opt/airflow/dags/elastic_fetch.py took 0.413 seconds
[2023-11-06T13:12:20.233+0000] {processor.py:157} INFO - Started process (PID=237) to work on /opt/airflow/dags/elastic_fetch.py
[2023-11-06T13:12:20.235+0000] {processor.py:829} INFO - Processing file /opt/airflow/dags/elastic_fetch.py for tasks to queue
[2023-11-06T13:12:20.241+0000] {logging_mixin.py:151} INFO - [2023-11-06T13:12:20.240+0000] {dagbag.py:536} INFO - Filling up the DagBag from /opt/airflow/dags/elastic_fetch.py
[2023-11-06T13:12:20.575+0000] {processor.py:839} INFO - DAG(s) dict_keys(['traffic_data_3']) retrieved from /opt/airflow/dags/elastic_fetch.py
[2023-11-06T13:12:20.656+0000] {logging_mixin.py:151} INFO - [2023-11-06T13:12:20.656+0000] {dag.py:2941} INFO - Sync 1 DAGs
[2023-11-06T13:12:20.728+0000] {logging_mixin.py:151} INFO - [2023-11-06T13:12:20.727+0000] {dag.py:3722} INFO - Setting next_dagrun for traffic_data_3 to 2023-11-06T13:11:20.724263+00:00, run_after=2023-11-06T13:12:20.724263+00:00
[2023-11-06T13:12:20.787+0000] {processor.py:179} INFO - Processing /opt/airflow/dags/elastic_fetch.py took 0.563 seconds
[2023-11-06T13:12:50.828+0000] {processor.py:157} INFO - Started process (PID=247) to work on /opt/airflow/dags/elastic_fetch.py
[2023-11-06T13:12:50.831+0000] {processor.py:829} INFO - Processing file /opt/airflow/dags/elastic_fetch.py for tasks to queue
[2023-11-06T13:12:50.835+0000] {logging_mixin.py:151} INFO - [2023-11-06T13:12:50.834+0000] {dagbag.py:536} INFO - Filling up the DagBag from /opt/airflow/dags/elastic_fetch.py
[2023-11-06T13:12:51.082+0000] {processor.py:839} INFO - DAG(s) dict_keys(['traffic_data_3']) retrieved from /opt/airflow/dags/elastic_fetch.py
[2023-11-06T13:12:51.142+0000] {logging_mixin.py:151} INFO - [2023-11-06T13:12:51.142+0000] {dag.py:2941} INFO - Sync 1 DAGs
[2023-11-06T13:12:51.240+0000] {processor.py:179} INFO - Processing /opt/airflow/dags/elastic_fetch.py took 0.418 seconds
[2023-11-06T13:13:22.868+0000] {processor.py:157} INFO - Started process (PID=257) to work on /opt/airflow/dags/elastic_fetch.py
[2023-11-06T13:13:23.152+0000] {processor.py:829} INFO - Processing file /opt/airflow/dags/elastic_fetch.py for tasks to queue
[2023-11-06T13:13:24.156+0000] {logging_mixin.py:151} INFO - [2023-11-06T13:13:24.155+0000] {dagbag.py:536} INFO - Filling up the DagBag from /opt/airflow/dags/elastic_fetch.py
[2023-11-06T13:13:27.438+0000] {processor.py:839} INFO - DAG(s) dict_keys(['traffic_data_3']) retrieved from /opt/airflow/dags/elastic_fetch.py
[2023-11-06T13:13:27.700+0000] {logging_mixin.py:151} INFO - [2023-11-06T13:13:27.700+0000] {dag.py:2941} INFO - Sync 1 DAGs
[2023-11-06T13:13:27.949+0000] {processor.py:179} INFO - Processing /opt/airflow/dags/elastic_fetch.py took 5.288 seconds
[2023-11-06T13:13:58.108+0000] {processor.py:157} INFO - Started process (PID=268) to work on /opt/airflow/dags/elastic_fetch.py
[2023-11-06T13:13:58.117+0000] {processor.py:829} INFO - Processing file /opt/airflow/dags/elastic_fetch.py for tasks to queue
[2023-11-06T13:13:58.121+0000] {logging_mixin.py:151} INFO - [2023-11-06T13:13:58.121+0000] {dagbag.py:536} INFO - Filling up the DagBag from /opt/airflow/dags/elastic_fetch.py
[2023-11-06T13:13:58.498+0000] {processor.py:839} INFO - DAG(s) dict_keys(['traffic_data_3']) retrieved from /opt/airflow/dags/elastic_fetch.py
[2023-11-06T13:13:58.629+0000] {logging_mixin.py:151} INFO - [2023-11-06T13:13:58.628+0000] {dag.py:2941} INFO - Sync 1 DAGs
[2023-11-06T13:13:58.794+0000] {processor.py:179} INFO - Processing /opt/airflow/dags/elastic_fetch.py took 0.694 seconds
[2023-11-06T13:14:29.390+0000] {processor.py:157} INFO - Started process (PID=279) to work on /opt/airflow/dags/elastic_fetch.py
[2023-11-06T13:14:29.394+0000] {processor.py:829} INFO - Processing file /opt/airflow/dags/elastic_fetch.py for tasks to queue
[2023-11-06T13:14:29.404+0000] {logging_mixin.py:151} INFO - [2023-11-06T13:14:29.403+0000] {dagbag.py:536} INFO - Filling up the DagBag from /opt/airflow/dags/elastic_fetch.py
[2023-11-06T13:14:29.758+0000] {processor.py:839} INFO - DAG(s) dict_keys(['traffic_data_3']) retrieved from /opt/airflow/dags/elastic_fetch.py
[2023-11-06T13:14:29.806+0000] {logging_mixin.py:151} INFO - [2023-11-06T13:14:29.805+0000] {dag.py:2941} INFO - Sync 1 DAGs
[2023-11-06T13:14:29.888+0000] {processor.py:179} INFO - Processing /opt/airflow/dags/elastic_fetch.py took 0.514 seconds
[2023-11-06T13:15:00.188+0000] {processor.py:157} INFO - Started process (PID=288) to work on /opt/airflow/dags/elastic_fetch.py
[2023-11-06T13:15:00.191+0000] {processor.py:829} INFO - Processing file /opt/airflow/dags/elastic_fetch.py for tasks to queue
[2023-11-06T13:15:00.198+0000] {logging_mixin.py:151} INFO - [2023-11-06T13:15:00.197+0000] {dagbag.py:536} INFO - Filling up the DagBag from /opt/airflow/dags/elastic_fetch.py
[2023-11-06T13:15:00.772+0000] {processor.py:839} INFO - DAG(s) dict_keys(['traffic_data_3']) retrieved from /opt/airflow/dags/elastic_fetch.py
[2023-11-06T13:15:01.146+0000] {logging_mixin.py:151} INFO - [2023-11-06T13:15:01.145+0000] {dag.py:2941} INFO - Sync 1 DAGs
[2023-11-06T13:15:01.470+0000] {processor.py:179} INFO - Processing /opt/airflow/dags/elastic_fetch.py took 1.295 seconds
[2023-11-06T13:15:31.814+0000] {processor.py:157} INFO - Started process (PID=299) to work on /opt/airflow/dags/elastic_fetch.py
[2023-11-06T13:15:31.821+0000] {processor.py:829} INFO - Processing file /opt/airflow/dags/elastic_fetch.py for tasks to queue
[2023-11-06T13:15:31.829+0000] {logging_mixin.py:151} INFO - [2023-11-06T13:15:31.828+0000] {dagbag.py:536} INFO - Filling up the DagBag from /opt/airflow/dags/elastic_fetch.py
[2023-11-06T13:15:32.204+0000] {processor.py:839} INFO - DAG(s) dict_keys(['traffic_data_3']) retrieved from /opt/airflow/dags/elastic_fetch.py
[2023-11-06T13:15:32.302+0000] {logging_mixin.py:151} INFO - [2023-11-06T13:15:32.301+0000] {dag.py:2941} INFO - Sync 1 DAGs
[2023-11-06T13:15:32.475+0000] {processor.py:179} INFO - Processing /opt/airflow/dags/elastic_fetch.py took 0.670 seconds
[2023-11-06T13:15:47.633+0000] {processor.py:157} INFO - Started process (PID=309) to work on /opt/airflow/dags/elastic_fetch.py
[2023-11-06T13:15:47.636+0000] {processor.py:829} INFO - Processing file /opt/airflow/dags/elastic_fetch.py for tasks to queue
[2023-11-06T13:15:47.641+0000] {logging_mixin.py:151} INFO - [2023-11-06T13:15:47.640+0000] {dagbag.py:536} INFO - Filling up the DagBag from /opt/airflow/dags/elastic_fetch.py
[2023-11-06T13:15:47.897+0000] {processor.py:839} INFO - DAG(s) dict_keys(['traffic_data_3']) retrieved from /opt/airflow/dags/elastic_fetch.py
[2023-11-06T13:15:47.978+0000] {logging_mixin.py:151} INFO - [2023-11-06T13:15:47.977+0000] {dag.py:2941} INFO - Sync 1 DAGs
[2023-11-06T13:15:48.188+0000] {processor.py:179} INFO - Processing /opt/airflow/dags/elastic_fetch.py took 0.563 seconds
[2023-11-06T13:16:18.471+0000] {processor.py:157} INFO - Started process (PID=318) to work on /opt/airflow/dags/elastic_fetch.py
[2023-11-06T13:16:18.473+0000] {processor.py:829} INFO - Processing file /opt/airflow/dags/elastic_fetch.py for tasks to queue
[2023-11-06T13:16:18.478+0000] {logging_mixin.py:151} INFO - [2023-11-06T13:16:18.478+0000] {dagbag.py:536} INFO - Filling up the DagBag from /opt/airflow/dags/elastic_fetch.py
[2023-11-06T13:16:18.744+0000] {processor.py:839} INFO - DAG(s) dict_keys(['traffic_data_3']) retrieved from /opt/airflow/dags/elastic_fetch.py
[2023-11-06T13:16:18.792+0000] {logging_mixin.py:151} INFO - [2023-11-06T13:16:18.791+0000] {dag.py:2941} INFO - Sync 1 DAGs
[2023-11-06T13:16:18.885+0000] {processor.py:179} INFO - Processing /opt/airflow/dags/elastic_fetch.py took 0.422 seconds
[2023-11-06T13:16:48.973+0000] {processor.py:157} INFO - Started process (PID=328) to work on /opt/airflow/dags/elastic_fetch.py
[2023-11-06T13:16:48.977+0000] {processor.py:829} INFO - Processing file /opt/airflow/dags/elastic_fetch.py for tasks to queue
[2023-11-06T13:16:48.986+0000] {logging_mixin.py:151} INFO - [2023-11-06T13:16:48.985+0000] {dagbag.py:536} INFO - Filling up the DagBag from /opt/airflow/dags/elastic_fetch.py
[2023-11-06T13:16:49.340+0000] {processor.py:839} INFO - DAG(s) dict_keys(['traffic_data_3']) retrieved from /opt/airflow/dags/elastic_fetch.py
[2023-11-06T13:16:49.472+0000] {logging_mixin.py:151} INFO - [2023-11-06T13:16:49.471+0000] {dag.py:2941} INFO - Sync 1 DAGs
[2023-11-06T13:16:49.587+0000] {processor.py:179} INFO - Processing /opt/airflow/dags/elastic_fetch.py took 0.623 seconds
[2023-11-06T13:17:20.351+0000] {processor.py:157} INFO - Started process (PID=338) to work on /opt/airflow/dags/elastic_fetch.py
[2023-11-06T13:17:20.357+0000] {processor.py:829} INFO - Processing file /opt/airflow/dags/elastic_fetch.py for tasks to queue
[2023-11-06T13:17:20.378+0000] {logging_mixin.py:151} INFO - [2023-11-06T13:17:20.376+0000] {dagbag.py:536} INFO - Filling up the DagBag from /opt/airflow/dags/elastic_fetch.py
[2023-11-06T13:17:20.608+0000] {processor.py:839} INFO - DAG(s) dict_keys(['traffic_data_3']) retrieved from /opt/airflow/dags/elastic_fetch.py
[2023-11-06T13:17:20.662+0000] {logging_mixin.py:151} INFO - [2023-11-06T13:17:20.661+0000] {dag.py:2941} INFO - Sync 1 DAGs
[2023-11-06T13:17:20.765+0000] {processor.py:179} INFO - Processing /opt/airflow/dags/elastic_fetch.py took 0.472 seconds
[2023-11-06T13:17:51.563+0000] {processor.py:157} INFO - Started process (PID=347) to work on /opt/airflow/dags/elastic_fetch.py
[2023-11-06T13:17:51.683+0000] {processor.py:829} INFO - Processing file /opt/airflow/dags/elastic_fetch.py for tasks to queue
[2023-11-06T13:17:52.292+0000] {logging_mixin.py:151} INFO - [2023-11-06T13:17:52.291+0000] {dagbag.py:536} INFO - Filling up the DagBag from /opt/airflow/dags/elastic_fetch.py
[2023-11-06T13:17:52.996+0000] {processor.py:839} INFO - DAG(s) dict_keys(['traffic_data_3']) retrieved from /opt/airflow/dags/elastic_fetch.py
[2023-11-06T13:17:53.208+0000] {logging_mixin.py:151} INFO - [2023-11-06T13:17:53.207+0000] {dag.py:2941} INFO - Sync 1 DAGs
[2023-11-06T13:17:54.233+0000] {processor.py:179} INFO - Processing /opt/airflow/dags/elastic_fetch.py took 3.233 seconds
[2023-11-06T13:18:24.945+0000] {processor.py:157} INFO - Started process (PID=356) to work on /opt/airflow/dags/elastic_fetch.py
[2023-11-06T13:18:24.951+0000] {processor.py:829} INFO - Processing file /opt/airflow/dags/elastic_fetch.py for tasks to queue
[2023-11-06T13:18:25.011+0000] {logging_mixin.py:151} INFO - [2023-11-06T13:18:25.007+0000] {dagbag.py:536} INFO - Filling up the DagBag from /opt/airflow/dags/elastic_fetch.py
[2023-11-06T13:18:25.557+0000] {processor.py:839} INFO - DAG(s) dict_keys(['traffic_data_3']) retrieved from /opt/airflow/dags/elastic_fetch.py
[2023-11-06T13:18:25.703+0000] {logging_mixin.py:151} INFO - [2023-11-06T13:18:25.702+0000] {dag.py:2941} INFO - Sync 1 DAGs
[2023-11-06T13:18:25.886+0000] {processor.py:179} INFO - Processing /opt/airflow/dags/elastic_fetch.py took 0.999 seconds
[2023-11-06T13:18:56.169+0000] {processor.py:157} INFO - Started process (PID=366) to work on /opt/airflow/dags/elastic_fetch.py
[2023-11-06T13:18:56.170+0000] {processor.py:829} INFO - Processing file /opt/airflow/dags/elastic_fetch.py for tasks to queue
[2023-11-06T13:18:56.173+0000] {logging_mixin.py:151} INFO - [2023-11-06T13:18:56.173+0000] {dagbag.py:536} INFO - Filling up the DagBag from /opt/airflow/dags/elastic_fetch.py
[2023-11-06T13:18:56.420+0000] {processor.py:839} INFO - DAG(s) dict_keys(['traffic_data_3']) retrieved from /opt/airflow/dags/elastic_fetch.py
[2023-11-06T13:18:56.463+0000] {logging_mixin.py:151} INFO - [2023-11-06T13:18:56.462+0000] {dag.py:2941} INFO - Sync 1 DAGs
[2023-11-06T13:18:56.567+0000] {processor.py:179} INFO - Processing /opt/airflow/dags/elastic_fetch.py took 0.404 seconds
[2023-11-06T13:19:27.055+0000] {processor.py:157} INFO - Started process (PID=376) to work on /opt/airflow/dags/elastic_fetch.py
[2023-11-06T13:19:27.057+0000] {processor.py:829} INFO - Processing file /opt/airflow/dags/elastic_fetch.py for tasks to queue
[2023-11-06T13:19:27.062+0000] {logging_mixin.py:151} INFO - [2023-11-06T13:19:27.061+0000] {dagbag.py:536} INFO - Filling up the DagBag from /opt/airflow/dags/elastic_fetch.py
[2023-11-06T13:19:27.287+0000] {processor.py:839} INFO - DAG(s) dict_keys(['traffic_data_3']) retrieved from /opt/airflow/dags/elastic_fetch.py
[2023-11-06T13:19:27.342+0000] {logging_mixin.py:151} INFO - [2023-11-06T13:19:27.342+0000] {dag.py:2941} INFO - Sync 1 DAGs
[2023-11-06T13:19:27.429+0000] {processor.py:179} INFO - Processing /opt/airflow/dags/elastic_fetch.py took 0.383 seconds
[2023-11-06T13:19:57.911+0000] {processor.py:157} INFO - Started process (PID=386) to work on /opt/airflow/dags/elastic_fetch.py
[2023-11-06T13:19:57.912+0000] {processor.py:829} INFO - Processing file /opt/airflow/dags/elastic_fetch.py for tasks to queue
[2023-11-06T13:19:57.915+0000] {logging_mixin.py:151} INFO - [2023-11-06T13:19:57.914+0000] {dagbag.py:536} INFO - Filling up the DagBag from /opt/airflow/dags/elastic_fetch.py
[2023-11-06T13:19:58.136+0000] {processor.py:839} INFO - DAG(s) dict_keys(['traffic_data_3']) retrieved from /opt/airflow/dags/elastic_fetch.py
[2023-11-06T13:19:58.185+0000] {logging_mixin.py:151} INFO - [2023-11-06T13:19:58.185+0000] {dag.py:2941} INFO - Sync 1 DAGs
[2023-11-06T13:19:58.280+0000] {processor.py:179} INFO - Processing /opt/airflow/dags/elastic_fetch.py took 0.373 seconds
[2023-11-06T13:20:28.586+0000] {processor.py:157} INFO - Started process (PID=400) to work on /opt/airflow/dags/elastic_fetch.py
[2023-11-06T13:20:28.588+0000] {processor.py:829} INFO - Processing file /opt/airflow/dags/elastic_fetch.py for tasks to queue
[2023-11-06T13:20:28.591+0000] {logging_mixin.py:151} INFO - [2023-11-06T13:20:28.591+0000] {dagbag.py:536} INFO - Filling up the DagBag from /opt/airflow/dags/elastic_fetch.py
[2023-11-06T13:20:28.797+0000] {processor.py:839} INFO - DAG(s) dict_keys(['traffic_data_3']) retrieved from /opt/airflow/dags/elastic_fetch.py
[2023-11-06T13:20:28.868+0000] {logging_mixin.py:151} INFO - [2023-11-06T13:20:28.867+0000] {dag.py:2941} INFO - Sync 1 DAGs
[2023-11-06T13:20:29.132+0000] {processor.py:179} INFO - Processing /opt/airflow/dags/elastic_fetch.py took 0.552 seconds
[2023-11-06T13:20:59.666+0000] {processor.py:157} INFO - Started process (PID=418) to work on /opt/airflow/dags/elastic_fetch.py
[2023-11-06T13:20:59.672+0000] {processor.py:829} INFO - Processing file /opt/airflow/dags/elastic_fetch.py for tasks to queue
[2023-11-06T13:20:59.681+0000] {logging_mixin.py:151} INFO - [2023-11-06T13:20:59.680+0000] {dagbag.py:536} INFO - Filling up the DagBag from /opt/airflow/dags/elastic_fetch.py
[2023-11-06T13:20:59.957+0000] {processor.py:839} INFO - DAG(s) dict_keys(['traffic_data_3']) retrieved from /opt/airflow/dags/elastic_fetch.py
[2023-11-06T13:21:00.014+0000] {logging_mixin.py:151} INFO - [2023-11-06T13:21:00.014+0000] {dag.py:2941} INFO - Sync 1 DAGs
[2023-11-06T13:21:00.110+0000] {processor.py:179} INFO - Processing /opt/airflow/dags/elastic_fetch.py took 0.453 seconds
[2023-11-06T13:21:30.493+0000] {processor.py:157} INFO - Started process (PID=429) to work on /opt/airflow/dags/elastic_fetch.py
[2023-11-06T13:21:30.495+0000] {processor.py:829} INFO - Processing file /opt/airflow/dags/elastic_fetch.py for tasks to queue
[2023-11-06T13:21:30.500+0000] {logging_mixin.py:151} INFO - [2023-11-06T13:21:30.499+0000] {dagbag.py:536} INFO - Filling up the DagBag from /opt/airflow/dags/elastic_fetch.py
[2023-11-06T13:21:30.897+0000] {processor.py:839} INFO - DAG(s) dict_keys(['traffic_data_3']) retrieved from /opt/airflow/dags/elastic_fetch.py
[2023-11-06T13:21:30.953+0000] {logging_mixin.py:151} INFO - [2023-11-06T13:21:30.952+0000] {dag.py:2941} INFO - Sync 1 DAGs
[2023-11-06T13:21:31.039+0000] {processor.py:179} INFO - Processing /opt/airflow/dags/elastic_fetch.py took 0.558 seconds
[2023-11-06T13:22:01.571+0000] {processor.py:157} INFO - Started process (PID=439) to work on /opt/airflow/dags/elastic_fetch.py
[2023-11-06T13:22:01.574+0000] {processor.py:829} INFO - Processing file /opt/airflow/dags/elastic_fetch.py for tasks to queue
[2023-11-06T13:22:01.580+0000] {logging_mixin.py:151} INFO - [2023-11-06T13:22:01.579+0000] {dagbag.py:536} INFO - Filling up the DagBag from /opt/airflow/dags/elastic_fetch.py
[2023-11-06T13:22:01.940+0000] {processor.py:839} INFO - DAG(s) dict_keys(['traffic_data_3']) retrieved from /opt/airflow/dags/elastic_fetch.py
[2023-11-06T13:22:02.031+0000] {logging_mixin.py:151} INFO - [2023-11-06T13:22:02.031+0000] {dag.py:2941} INFO - Sync 1 DAGs
[2023-11-06T13:22:02.098+0000] {logging_mixin.py:151} INFO - [2023-11-06T13:22:02.097+0000] {dag.py:3722} INFO - Setting next_dagrun for traffic_data_3 to 2023-11-06T13:21:02.090312+00:00, run_after=2023-11-06T13:22:02.090312+00:00
[2023-11-06T13:22:02.143+0000] {processor.py:179} INFO - Processing /opt/airflow/dags/elastic_fetch.py took 0.578 seconds
[2023-11-06T13:22:17.901+0000] {processor.py:157} INFO - Started process (PID=448) to work on /opt/airflow/dags/elastic_fetch.py
[2023-11-06T13:22:17.904+0000] {processor.py:829} INFO - Processing file /opt/airflow/dags/elastic_fetch.py for tasks to queue
[2023-11-06T13:22:17.912+0000] {logging_mixin.py:151} INFO - [2023-11-06T13:22:17.911+0000] {dagbag.py:536} INFO - Filling up the DagBag from /opt/airflow/dags/elastic_fetch.py
[2023-11-06T13:22:18.259+0000] {processor.py:839} INFO - DAG(s) dict_keys(['traffic_data_3']) retrieved from /opt/airflow/dags/elastic_fetch.py
[2023-11-06T13:22:23.825+0000] {logging_mixin.py:151} INFO - [2023-11-06T13:22:23.825+0000] {dag.py:2941} INFO - Sync 1 DAGs
[2023-11-06T13:22:24.067+0000] {processor.py:179} INFO - Processing /opt/airflow/dags/elastic_fetch.py took 6.174 seconds
[2023-11-06T13:22:35.249+0000] {processor.py:157} INFO - Started process (PID=450) to work on /opt/airflow/dags/elastic_fetch.py
[2023-11-06T13:22:35.256+0000] {processor.py:829} INFO - Processing file /opt/airflow/dags/elastic_fetch.py for tasks to queue
[2023-11-06T13:22:35.259+0000] {logging_mixin.py:151} INFO - [2023-11-06T13:22:35.259+0000] {dagbag.py:536} INFO - Filling up the DagBag from /opt/airflow/dags/elastic_fetch.py
[2023-11-06T13:22:35.604+0000] {logging_mixin.py:151} INFO - [2023-11-06T13:22:35.590+0000] {dagbag.py:346} ERROR - Failed to import: /opt/airflow/dags/elastic_fetch.py
Traceback (most recent call last):
  File "/home/airflow/.local/lib/python3.8/site-packages/airflow/models/dagbag.py", line 342, in parse
    loader.exec_module(new_module)
  File "<frozen importlib._bootstrap_external>", line 843, in exec_module
  File "<frozen importlib._bootstrap>", line 219, in _call_with_frames_removed
  File "/opt/airflow/dags/elastic_fetch.py", line 70, in <module>
    load_task = DockerOperator(
  File "/home/airflow/.local/lib/python3.8/site-packages/airflow/models/baseoperator.py", line 437, in apply_defaults
    result = func(self, **kwargs, default_args=default_args)
  File "/home/airflow/.local/lib/python3.8/site-packages/airflow/providers/docker/operators/docker.py", line 230, in __init__
    super().__init__(**kwargs)
  File "/home/airflow/.local/lib/python3.8/site-packages/airflow/models/baseoperator.py", line 437, in apply_defaults
    result = func(self, **kwargs, default_args=default_args)
  File "/home/airflow/.local/lib/python3.8/site-packages/airflow/models/baseoperator.py", line 794, in __init__
    raise AirflowException(
airflow.exceptions.AirflowException: Invalid arguments were passed to DockerOperator (task_id: load_data_to_logstash). Invalid arguments were:
**kwargs: {'volumes': ['/path/to/your/logstash-config/:/usr/share/logstash/pipeline'], 'depends_on': ['elasticsearch']}
[2023-11-06T13:22:35.605+0000] {processor.py:841} WARNING - No viable dags retrieved from /opt/airflow/dags/elastic_fetch.py
[2023-11-06T13:22:35.660+0000] {processor.py:179} INFO - Processing /opt/airflow/dags/elastic_fetch.py took 0.454 seconds
[2023-11-06T13:22:50.817+0000] {processor.py:157} INFO - Started process (PID=459) to work on /opt/airflow/dags/elastic_fetch.py
[2023-11-06T13:22:50.818+0000] {processor.py:829} INFO - Processing file /opt/airflow/dags/elastic_fetch.py for tasks to queue
[2023-11-06T13:22:50.823+0000] {logging_mixin.py:151} INFO - [2023-11-06T13:22:50.822+0000] {dagbag.py:536} INFO - Filling up the DagBag from /opt/airflow/dags/elastic_fetch.py
[2023-11-06T13:22:51.068+0000] {logging_mixin.py:151} INFO - [2023-11-06T13:22:51.064+0000] {dagbag.py:346} ERROR - Failed to import: /opt/airflow/dags/elastic_fetch.py
Traceback (most recent call last):
  File "/home/airflow/.local/lib/python3.8/site-packages/airflow/models/dagbag.py", line 342, in parse
    loader.exec_module(new_module)
  File "<frozen importlib._bootstrap_external>", line 843, in exec_module
  File "<frozen importlib._bootstrap>", line 219, in _call_with_frames_removed
  File "/opt/airflow/dags/elastic_fetch.py", line 70, in <module>
    load_task = DockerOperator(
  File "/home/airflow/.local/lib/python3.8/site-packages/airflow/models/baseoperator.py", line 437, in apply_defaults
    result = func(self, **kwargs, default_args=default_args)
  File "/home/airflow/.local/lib/python3.8/site-packages/airflow/providers/docker/operators/docker.py", line 230, in __init__
    super().__init__(**kwargs)
  File "/home/airflow/.local/lib/python3.8/site-packages/airflow/models/baseoperator.py", line 437, in apply_defaults
    result = func(self, **kwargs, default_args=default_args)
  File "/home/airflow/.local/lib/python3.8/site-packages/airflow/models/baseoperator.py", line 794, in __init__
    raise AirflowException(
airflow.exceptions.AirflowException: Invalid arguments were passed to DockerOperator (task_id: load_data_to_logstash). Invalid arguments were:
**kwargs: {'volumes': ['/path/to/your/logstash-config/:/usr/share/logstash/pipeline'], 'depends_on': ['elasticsearch']}
[2023-11-06T13:22:51.070+0000] {processor.py:841} WARNING - No viable dags retrieved from /opt/airflow/dags/elastic_fetch.py
[2023-11-06T13:22:51.160+0000] {processor.py:179} INFO - Processing /opt/airflow/dags/elastic_fetch.py took 0.349 seconds
[2023-11-06T13:23:13.588+0000] {processor.py:157} INFO - Started process (PID=462) to work on /opt/airflow/dags/elastic_fetch.py
[2023-11-06T13:23:13.591+0000] {processor.py:829} INFO - Processing file /opt/airflow/dags/elastic_fetch.py for tasks to queue
[2023-11-06T13:23:13.599+0000] {logging_mixin.py:151} INFO - [2023-11-06T13:23:13.599+0000] {dagbag.py:536} INFO - Filling up the DagBag from /opt/airflow/dags/elastic_fetch.py
[2023-11-06T13:23:13.814+0000] {logging_mixin.py:151} INFO - [2023-11-06T13:23:13.810+0000] {dagbag.py:346} ERROR - Failed to import: /opt/airflow/dags/elastic_fetch.py
Traceback (most recent call last):
  File "/home/airflow/.local/lib/python3.8/site-packages/airflow/models/dagbag.py", line 342, in parse
    loader.exec_module(new_module)
  File "<frozen importlib._bootstrap_external>", line 843, in exec_module
  File "<frozen importlib._bootstrap>", line 219, in _call_with_frames_removed
  File "/opt/airflow/dags/elastic_fetch.py", line 70, in <module>
    load_task = DockerOperator(
  File "/home/airflow/.local/lib/python3.8/site-packages/airflow/models/baseoperator.py", line 437, in apply_defaults
    result = func(self, **kwargs, default_args=default_args)
  File "/home/airflow/.local/lib/python3.8/site-packages/airflow/providers/docker/operators/docker.py", line 230, in __init__
    super().__init__(**kwargs)
  File "/home/airflow/.local/lib/python3.8/site-packages/airflow/models/baseoperator.py", line 437, in apply_defaults
    result = func(self, **kwargs, default_args=default_args)
  File "/home/airflow/.local/lib/python3.8/site-packages/airflow/models/baseoperator.py", line 794, in __init__
    raise AirflowException(
airflow.exceptions.AirflowException: Invalid arguments were passed to DockerOperator (task_id: load_data_to_logstash). Invalid arguments were:
**kwargs: {'depends_on': ['elasticsearch']}
[2023-11-06T13:23:13.815+0000] {processor.py:841} WARNING - No viable dags retrieved from /opt/airflow/dags/elastic_fetch.py
[2023-11-06T13:23:13.853+0000] {processor.py:179} INFO - Processing /opt/airflow/dags/elastic_fetch.py took 0.279 seconds
[2023-11-06T13:23:17.014+0000] {processor.py:157} INFO - Started process (PID=470) to work on /opt/airflow/dags/elastic_fetch.py
[2023-11-06T13:23:17.025+0000] {processor.py:829} INFO - Processing file /opt/airflow/dags/elastic_fetch.py for tasks to queue
[2023-11-06T13:23:17.088+0000] {logging_mixin.py:151} INFO - [2023-11-06T13:23:17.085+0000] {dagbag.py:536} INFO - Filling up the DagBag from /opt/airflow/dags/elastic_fetch.py
[2023-11-06T13:23:17.572+0000] {logging_mixin.py:151} INFO - [2023-11-06T13:23:17.558+0000] {dagbag.py:346} ERROR - Failed to import: /opt/airflow/dags/elastic_fetch.py
Traceback (most recent call last):
  File "/home/airflow/.local/lib/python3.8/site-packages/airflow/models/dagbag.py", line 342, in parse
    loader.exec_module(new_module)
  File "<frozen importlib._bootstrap_external>", line 843, in exec_module
  File "<frozen importlib._bootstrap>", line 219, in _call_with_frames_removed
  File "/opt/airflow/dags/elastic_fetch.py", line 70, in <module>
    load_task = DockerOperator(
  File "/home/airflow/.local/lib/python3.8/site-packages/airflow/models/baseoperator.py", line 437, in apply_defaults
    result = func(self, **kwargs, default_args=default_args)
  File "/home/airflow/.local/lib/python3.8/site-packages/airflow/providers/docker/operators/docker.py", line 230, in __init__
    super().__init__(**kwargs)
  File "/home/airflow/.local/lib/python3.8/site-packages/airflow/models/baseoperator.py", line 437, in apply_defaults
    result = func(self, **kwargs, default_args=default_args)
  File "/home/airflow/.local/lib/python3.8/site-packages/airflow/models/baseoperator.py", line 794, in __init__
    raise AirflowException(
airflow.exceptions.AirflowException: Invalid arguments were passed to DockerOperator (task_id: load_data_to_logstash). Invalid arguments were:
**kwargs: {'depends_on': ['elasticsearch']}
[2023-11-06T13:23:17.574+0000] {processor.py:841} WARNING - No viable dags retrieved from /opt/airflow/dags/elastic_fetch.py
[2023-11-06T13:23:17.781+0000] {processor.py:179} INFO - Processing /opt/airflow/dags/elastic_fetch.py took 0.858 seconds
[2023-11-06T13:23:44.263+0000] {processor.py:157} INFO - Started process (PID=473) to work on /opt/airflow/dags/elastic_fetch.py
[2023-11-06T13:23:44.265+0000] {processor.py:829} INFO - Processing file /opt/airflow/dags/elastic_fetch.py for tasks to queue
[2023-11-06T13:23:44.268+0000] {logging_mixin.py:151} INFO - [2023-11-06T13:23:44.268+0000] {dagbag.py:536} INFO - Filling up the DagBag from /opt/airflow/dags/elastic_fetch.py
[2023-11-06T13:23:44.504+0000] {processor.py:839} INFO - DAG(s) dict_keys(['traffic_data_3']) retrieved from /opt/airflow/dags/elastic_fetch.py
[2023-11-06T13:23:45.022+0000] {logging_mixin.py:151} INFO - [2023-11-06T13:23:45.021+0000] {dag.py:2941} INFO - Sync 1 DAGs
[2023-11-06T13:23:45.070+0000] {logging_mixin.py:151} INFO - [2023-11-06T13:23:45.069+0000] {dag.py:3722} INFO - Setting next_dagrun for traffic_data_3 to 2023-11-06T13:22:45.068350+00:00, run_after=2023-11-06T13:23:45.068350+00:00
[2023-11-06T13:23:45.138+0000] {processor.py:179} INFO - Processing /opt/airflow/dags/elastic_fetch.py took 0.881 seconds
[2023-11-06T13:23:48.210+0000] {processor.py:157} INFO - Started process (PID=482) to work on /opt/airflow/dags/elastic_fetch.py
[2023-11-06T13:23:48.213+0000] {processor.py:829} INFO - Processing file /opt/airflow/dags/elastic_fetch.py for tasks to queue
[2023-11-06T13:23:48.217+0000] {logging_mixin.py:151} INFO - [2023-11-06T13:23:48.217+0000] {dagbag.py:536} INFO - Filling up the DagBag from /opt/airflow/dags/elastic_fetch.py
[2023-11-06T13:23:48.546+0000] {processor.py:839} INFO - DAG(s) dict_keys(['traffic_data_3']) retrieved from /opt/airflow/dags/elastic_fetch.py
[2023-11-06T13:23:48.574+0000] {logging_mixin.py:151} INFO - [2023-11-06T13:23:48.574+0000] {dag.py:2941} INFO - Sync 1 DAGs
[2023-11-06T13:23:48.898+0000] {processor.py:179} INFO - Processing /opt/airflow/dags/elastic_fetch.py took 0.697 seconds
[2023-11-06T13:24:01.039+0000] {processor.py:157} INFO - Started process (PID=484) to work on /opt/airflow/dags/elastic_fetch.py
[2023-11-06T13:24:01.041+0000] {processor.py:829} INFO - Processing file /opt/airflow/dags/elastic_fetch.py for tasks to queue
[2023-11-06T13:24:01.046+0000] {logging_mixin.py:151} INFO - [2023-11-06T13:24:01.045+0000] {dagbag.py:536} INFO - Filling up the DagBag from /opt/airflow/dags/elastic_fetch.py
[2023-11-06T13:24:01.351+0000] {processor.py:839} INFO - DAG(s) dict_keys(['traffic_data_3']) retrieved from /opt/airflow/dags/elastic_fetch.py
[2023-11-06T13:24:01.375+0000] {logging_mixin.py:151} INFO - [2023-11-06T13:24:01.374+0000] {dag.py:2941} INFO - Sync 1 DAGs
[2023-11-06T13:24:01.681+0000] {processor.py:179} INFO - Processing /opt/airflow/dags/elastic_fetch.py took 0.651 seconds
[2023-11-06T13:24:10.450+0000] {processor.py:157} INFO - Started process (PID=485) to work on /opt/airflow/dags/elastic_fetch.py
[2023-11-06T13:24:10.455+0000] {processor.py:829} INFO - Processing file /opt/airflow/dags/elastic_fetch.py for tasks to queue
[2023-11-06T13:24:10.469+0000] {logging_mixin.py:151} INFO - [2023-11-06T13:24:10.468+0000] {dagbag.py:536} INFO - Filling up the DagBag from /opt/airflow/dags/elastic_fetch.py
[2023-11-06T13:24:10.830+0000] {processor.py:839} INFO - DAG(s) dict_keys(['traffic_data_3']) retrieved from /opt/airflow/dags/elastic_fetch.py
[2023-11-06T13:24:10.854+0000] {logging_mixin.py:151} INFO - [2023-11-06T13:24:10.853+0000] {dag.py:2941} INFO - Sync 1 DAGs
[2023-11-06T13:24:13.159+0000] {processor.py:179} INFO - Processing /opt/airflow/dags/elastic_fetch.py took 2.724 seconds
[2023-11-06T13:24:44.115+0000] {processor.py:157} INFO - Started process (PID=495) to work on /opt/airflow/dags/elastic_fetch.py
[2023-11-06T13:24:44.122+0000] {processor.py:829} INFO - Processing file /opt/airflow/dags/elastic_fetch.py for tasks to queue
[2023-11-06T13:24:44.140+0000] {logging_mixin.py:151} INFO - [2023-11-06T13:24:44.138+0000] {dagbag.py:536} INFO - Filling up the DagBag from /opt/airflow/dags/elastic_fetch.py
[2023-11-06T13:24:47.442+0000] {processor.py:839} INFO - DAG(s) dict_keys(['traffic_data_3']) retrieved from /opt/airflow/dags/elastic_fetch.py
[2023-11-06T13:24:47.738+0000] {logging_mixin.py:151} INFO - [2023-11-06T13:24:47.738+0000] {dag.py:2941} INFO - Sync 1 DAGs
[2023-11-06T13:24:47.938+0000] {processor.py:179} INFO - Processing /opt/airflow/dags/elastic_fetch.py took 3.867 seconds
[2023-11-06T13:25:18.508+0000] {processor.py:157} INFO - Started process (PID=510) to work on /opt/airflow/dags/elastic_fetch.py
[2023-11-06T13:25:18.512+0000] {processor.py:829} INFO - Processing file /opt/airflow/dags/elastic_fetch.py for tasks to queue
[2023-11-06T13:25:18.518+0000] {logging_mixin.py:151} INFO - [2023-11-06T13:25:18.518+0000] {dagbag.py:536} INFO - Filling up the DagBag from /opt/airflow/dags/elastic_fetch.py
[2023-11-06T13:25:18.794+0000] {processor.py:839} INFO - DAG(s) dict_keys(['traffic_data_3']) retrieved from /opt/airflow/dags/elastic_fetch.py
[2023-11-06T13:25:18.853+0000] {logging_mixin.py:151} INFO - [2023-11-06T13:25:18.852+0000] {dag.py:2941} INFO - Sync 1 DAGs
[2023-11-06T13:25:18.975+0000] {processor.py:179} INFO - Processing /opt/airflow/dags/elastic_fetch.py took 0.478 seconds
[2023-11-06T13:25:49.279+0000] {processor.py:157} INFO - Started process (PID=519) to work on /opt/airflow/dags/elastic_fetch.py
[2023-11-06T13:25:49.287+0000] {processor.py:829} INFO - Processing file /opt/airflow/dags/elastic_fetch.py for tasks to queue
[2023-11-06T13:25:49.305+0000] {logging_mixin.py:151} INFO - [2023-11-06T13:25:49.302+0000] {dagbag.py:536} INFO - Filling up the DagBag from /opt/airflow/dags/elastic_fetch.py
[2023-11-06T13:25:49.634+0000] {processor.py:839} INFO - DAG(s) dict_keys(['traffic_data_3']) retrieved from /opt/airflow/dags/elastic_fetch.py
[2023-11-06T13:25:49.697+0000] {logging_mixin.py:151} INFO - [2023-11-06T13:25:49.697+0000] {dag.py:2941} INFO - Sync 1 DAGs
[2023-11-06T13:25:50.179+0000] {processor.py:179} INFO - Processing /opt/airflow/dags/elastic_fetch.py took 0.916 seconds
[2023-11-06T13:26:01.651+0000] {processor.py:157} INFO - Started process (PID=528) to work on /opt/airflow/dags/elastic_fetch.py
[2023-11-06T13:26:01.661+0000] {processor.py:829} INFO - Processing file /opt/airflow/dags/elastic_fetch.py for tasks to queue
[2023-11-06T13:26:01.748+0000] {logging_mixin.py:151} INFO - [2023-11-06T13:26:01.745+0000] {dagbag.py:536} INFO - Filling up the DagBag from /opt/airflow/dags/elastic_fetch.py
[2023-11-06T13:26:02.593+0000] {processor.py:839} INFO - DAG(s) dict_keys(['traffic_data_3']) retrieved from /opt/airflow/dags/elastic_fetch.py
[2023-11-06T13:26:02.824+0000] {logging_mixin.py:151} INFO - [2023-11-06T13:26:02.824+0000] {dag.py:2941} INFO - Sync 1 DAGs
[2023-11-06T13:26:14.940+0000] {processor.py:179} INFO - Processing /opt/airflow/dags/elastic_fetch.py took 13.388 seconds
[2023-11-06T13:26:45.668+0000] {processor.py:157} INFO - Started process (PID=538) to work on /opt/airflow/dags/elastic_fetch.py
[2023-11-06T13:26:45.674+0000] {processor.py:829} INFO - Processing file /opt/airflow/dags/elastic_fetch.py for tasks to queue
[2023-11-06T13:26:45.707+0000] {logging_mixin.py:151} INFO - [2023-11-06T13:26:45.705+0000] {dagbag.py:536} INFO - Filling up the DagBag from /opt/airflow/dags/elastic_fetch.py
[2023-11-06T13:26:46.582+0000] {processor.py:839} INFO - DAG(s) dict_keys(['traffic_data_3']) retrieved from /opt/airflow/dags/elastic_fetch.py
[2023-11-06T13:26:47.432+0000] {logging_mixin.py:151} INFO - [2023-11-06T13:26:47.431+0000] {dag.py:2941} INFO - Sync 1 DAGs
[2023-11-06T13:26:53.721+0000] {processor.py:179} INFO - Processing /opt/airflow/dags/elastic_fetch.py took 8.092 seconds
[2023-11-06T13:27:24.129+0000] {processor.py:157} INFO - Started process (PID=556) to work on /opt/airflow/dags/elastic_fetch.py
[2023-11-06T13:27:24.134+0000] {processor.py:829} INFO - Processing file /opt/airflow/dags/elastic_fetch.py for tasks to queue
[2023-11-06T13:27:24.142+0000] {logging_mixin.py:151} INFO - [2023-11-06T13:27:24.141+0000] {dagbag.py:536} INFO - Filling up the DagBag from /opt/airflow/dags/elastic_fetch.py
[2023-11-06T13:27:24.747+0000] {processor.py:839} INFO - DAG(s) dict_keys(['traffic_data_3']) retrieved from /opt/airflow/dags/elastic_fetch.py
[2023-11-06T13:27:25.572+0000] {logging_mixin.py:151} INFO - [2023-11-06T13:27:25.570+0000] {dag.py:2941} INFO - Sync 1 DAGs
[2023-11-06T13:27:25.789+0000] {processor.py:179} INFO - Processing /opt/airflow/dags/elastic_fetch.py took 1.695 seconds
[2023-11-06T13:27:56.152+0000] {processor.py:157} INFO - Started process (PID=565) to work on /opt/airflow/dags/elastic_fetch.py
[2023-11-06T13:27:56.157+0000] {processor.py:829} INFO - Processing file /opt/airflow/dags/elastic_fetch.py for tasks to queue
[2023-11-06T13:27:56.172+0000] {logging_mixin.py:151} INFO - [2023-11-06T13:27:56.171+0000] {dagbag.py:536} INFO - Filling up the DagBag from /opt/airflow/dags/elastic_fetch.py
[2023-11-06T13:27:56.812+0000] {processor.py:839} INFO - DAG(s) dict_keys(['traffic_data_3']) retrieved from /opt/airflow/dags/elastic_fetch.py
[2023-11-06T13:27:57.827+0000] {logging_mixin.py:151} INFO - [2023-11-06T13:27:57.826+0000] {dag.py:2941} INFO - Sync 1 DAGs
[2023-11-06T13:27:58.579+0000] {processor.py:179} INFO - Processing /opt/airflow/dags/elastic_fetch.py took 2.447 seconds
[2023-11-06T13:28:29.033+0000] {processor.py:157} INFO - Started process (PID=575) to work on /opt/airflow/dags/elastic_fetch.py
[2023-11-06T13:28:29.042+0000] {processor.py:829} INFO - Processing file /opt/airflow/dags/elastic_fetch.py for tasks to queue
[2023-11-06T13:28:29.140+0000] {logging_mixin.py:151} INFO - [2023-11-06T13:28:29.132+0000] {dagbag.py:536} INFO - Filling up the DagBag from /opt/airflow/dags/elastic_fetch.py
[2023-11-06T13:28:31.632+0000] {processor.py:839} INFO - DAG(s) dict_keys(['traffic_data_3']) retrieved from /opt/airflow/dags/elastic_fetch.py
[2023-11-06T13:28:31.974+0000] {logging_mixin.py:151} INFO - [2023-11-06T13:28:31.973+0000] {dag.py:2941} INFO - Sync 1 DAGs
[2023-11-06T13:28:34.985+0000] {processor.py:179} INFO - Processing /opt/airflow/dags/elastic_fetch.py took 6.055 seconds
[2023-11-06T13:29:05.567+0000] {processor.py:157} INFO - Started process (PID=586) to work on /opt/airflow/dags/elastic_fetch.py
[2023-11-06T13:29:05.570+0000] {processor.py:829} INFO - Processing file /opt/airflow/dags/elastic_fetch.py for tasks to queue
[2023-11-06T13:29:05.575+0000] {logging_mixin.py:151} INFO - [2023-11-06T13:29:05.574+0000] {dagbag.py:536} INFO - Filling up the DagBag from /opt/airflow/dags/elastic_fetch.py
[2023-11-06T13:29:05.970+0000] {processor.py:839} INFO - DAG(s) dict_keys(['traffic_data_3']) retrieved from /opt/airflow/dags/elastic_fetch.py
[2023-11-06T13:29:06.068+0000] {logging_mixin.py:151} INFO - [2023-11-06T13:29:06.067+0000] {dag.py:2941} INFO - Sync 1 DAGs
[2023-11-06T13:29:06.612+0000] {processor.py:179} INFO - Processing /opt/airflow/dags/elastic_fetch.py took 1.057 seconds
[2023-11-06T13:29:36.832+0000] {processor.py:157} INFO - Started process (PID=596) to work on /opt/airflow/dags/elastic_fetch.py
[2023-11-06T13:29:36.834+0000] {processor.py:829} INFO - Processing file /opt/airflow/dags/elastic_fetch.py for tasks to queue
[2023-11-06T13:29:36.840+0000] {logging_mixin.py:151} INFO - [2023-11-06T13:29:36.839+0000] {dagbag.py:536} INFO - Filling up the DagBag from /opt/airflow/dags/elastic_fetch.py
[2023-11-06T13:29:37.107+0000] {processor.py:839} INFO - DAG(s) dict_keys(['traffic_data_3']) retrieved from /opt/airflow/dags/elastic_fetch.py
[2023-11-06T13:29:38.854+0000] {logging_mixin.py:151} INFO - [2023-11-06T13:29:38.852+0000] {dag.py:2941} INFO - Sync 1 DAGs
[2023-11-06T13:29:38.990+0000] {processor.py:179} INFO - Processing /opt/airflow/dags/elastic_fetch.py took 2.165 seconds
[2023-11-06T13:30:09.407+0000] {processor.py:157} INFO - Started process (PID=605) to work on /opt/airflow/dags/elastic_fetch.py
[2023-11-06T13:30:09.411+0000] {processor.py:829} INFO - Processing file /opt/airflow/dags/elastic_fetch.py for tasks to queue
[2023-11-06T13:30:09.424+0000] {logging_mixin.py:151} INFO - [2023-11-06T13:30:09.423+0000] {dagbag.py:536} INFO - Filling up the DagBag from /opt/airflow/dags/elastic_fetch.py
[2023-11-06T13:30:09.767+0000] {processor.py:839} INFO - DAG(s) dict_keys(['traffic_data_3']) retrieved from /opt/airflow/dags/elastic_fetch.py
[2023-11-06T13:30:11.653+0000] {logging_mixin.py:151} INFO - [2023-11-06T13:30:11.653+0000] {dag.py:2941} INFO - Sync 1 DAGs
[2023-11-06T13:30:11.882+0000] {processor.py:179} INFO - Processing /opt/airflow/dags/elastic_fetch.py took 2.495 seconds
[2023-11-06T13:30:33.646+0000] {processor.py:157} INFO - Started process (PID=615) to work on /opt/airflow/dags/elastic_fetch.py
[2023-11-06T13:30:33.663+0000] {processor.py:829} INFO - Processing file /opt/airflow/dags/elastic_fetch.py for tasks to queue
[2023-11-06T13:30:33.689+0000] {logging_mixin.py:151} INFO - [2023-11-06T13:30:33.687+0000] {dagbag.py:536} INFO - Filling up the DagBag from /opt/airflow/dags/elastic_fetch.py
[2023-11-06T13:30:35.076+0000] {processor.py:839} INFO - DAG(s) dict_keys(['traffic_data_3']) retrieved from /opt/airflow/dags/elastic_fetch.py
[2023-11-06T13:30:39.316+0000] {logging_mixin.py:151} INFO - [2023-11-06T13:30:39.316+0000] {dag.py:2941} INFO - Sync 1 DAGs
[2023-11-06T13:30:39.436+0000] {processor.py:179} INFO - Processing /opt/airflow/dags/elastic_fetch.py took 5.841 seconds
[2023-11-06T13:31:10.270+0000] {processor.py:157} INFO - Started process (PID=625) to work on /opt/airflow/dags/elastic_fetch.py
[2023-11-06T13:31:10.271+0000] {processor.py:829} INFO - Processing file /opt/airflow/dags/elastic_fetch.py for tasks to queue
[2023-11-06T13:31:10.276+0000] {logging_mixin.py:151} INFO - [2023-11-06T13:31:10.275+0000] {dagbag.py:536} INFO - Filling up the DagBag from /opt/airflow/dags/elastic_fetch.py
[2023-11-06T13:31:10.606+0000] {processor.py:839} INFO - DAG(s) dict_keys(['traffic_data_3']) retrieved from /opt/airflow/dags/elastic_fetch.py
[2023-11-06T13:31:10.670+0000] {logging_mixin.py:151} INFO - [2023-11-06T13:31:10.669+0000] {dag.py:2941} INFO - Sync 1 DAGs
[2023-11-06T13:31:11.754+0000] {processor.py:179} INFO - Processing /opt/airflow/dags/elastic_fetch.py took 1.492 seconds
[2023-11-06T13:31:42.143+0000] {processor.py:157} INFO - Started process (PID=635) to work on /opt/airflow/dags/elastic_fetch.py
[2023-11-06T13:31:42.148+0000] {processor.py:829} INFO - Processing file /opt/airflow/dags/elastic_fetch.py for tasks to queue
[2023-11-06T13:31:42.187+0000] {logging_mixin.py:151} INFO - [2023-11-06T13:31:42.184+0000] {dagbag.py:536} INFO - Filling up the DagBag from /opt/airflow/dags/elastic_fetch.py
[2023-11-06T13:31:42.997+0000] {processor.py:839} INFO - DAG(s) dict_keys(['traffic_data_3']) retrieved from /opt/airflow/dags/elastic_fetch.py
[2023-11-06T13:31:43.269+0000] {logging_mixin.py:151} INFO - [2023-11-06T13:31:43.268+0000] {dag.py:2941} INFO - Sync 1 DAGs
[2023-11-06T13:31:44.087+0000] {processor.py:179} INFO - Processing /opt/airflow/dags/elastic_fetch.py took 1.983 seconds
[2023-11-06T13:32:14.896+0000] {processor.py:157} INFO - Started process (PID=645) to work on /opt/airflow/dags/elastic_fetch.py
[2023-11-06T13:32:14.980+0000] {processor.py:829} INFO - Processing file /opt/airflow/dags/elastic_fetch.py for tasks to queue
[2023-11-06T13:32:15.117+0000] {logging_mixin.py:151} INFO - [2023-11-06T13:32:15.102+0000] {dagbag.py:536} INFO - Filling up the DagBag from /opt/airflow/dags/elastic_fetch.py
[2023-11-06T13:32:17.662+0000] {processor.py:839} INFO - DAG(s) dict_keys(['traffic_data_3']) retrieved from /opt/airflow/dags/elastic_fetch.py
[2023-11-06T13:32:18.462+0000] {logging_mixin.py:151} INFO - [2023-11-06T13:32:18.462+0000] {dag.py:2941} INFO - Sync 1 DAGs
[2023-11-06T13:32:25.078+0000] {processor.py:179} INFO - Processing /opt/airflow/dags/elastic_fetch.py took 10.449 seconds
[2023-11-06T13:32:55.590+0000] {processor.py:157} INFO - Started process (PID=659) to work on /opt/airflow/dags/elastic_fetch.py
[2023-11-06T13:32:55.596+0000] {processor.py:829} INFO - Processing file /opt/airflow/dags/elastic_fetch.py for tasks to queue
[2023-11-06T13:32:55.617+0000] {logging_mixin.py:151} INFO - [2023-11-06T13:32:55.615+0000] {dagbag.py:536} INFO - Filling up the DagBag from /opt/airflow/dags/elastic_fetch.py
[2023-11-06T13:32:56.131+0000] {processor.py:839} INFO - DAG(s) dict_keys(['traffic_data_3']) retrieved from /opt/airflow/dags/elastic_fetch.py
[2023-11-06T13:32:56.719+0000] {logging_mixin.py:151} INFO - [2023-11-06T13:32:56.718+0000] {dag.py:2941} INFO - Sync 1 DAGs
[2023-11-06T13:32:56.841+0000] {processor.py:179} INFO - Processing /opt/airflow/dags/elastic_fetch.py took 1.299 seconds
[2023-11-06T13:33:26.982+0000] {processor.py:157} INFO - Started process (PID=669) to work on /opt/airflow/dags/elastic_fetch.py
[2023-11-06T13:33:26.985+0000] {processor.py:829} INFO - Processing file /opt/airflow/dags/elastic_fetch.py for tasks to queue
[2023-11-06T13:33:26.990+0000] {logging_mixin.py:151} INFO - [2023-11-06T13:33:26.990+0000] {dagbag.py:536} INFO - Filling up the DagBag from /opt/airflow/dags/elastic_fetch.py
[2023-11-06T13:33:27.343+0000] {processor.py:839} INFO - DAG(s) dict_keys(['traffic_data_3']) retrieved from /opt/airflow/dags/elastic_fetch.py
[2023-11-06T13:33:27.397+0000] {logging_mixin.py:151} INFO - [2023-11-06T13:33:27.397+0000] {dag.py:2941} INFO - Sync 1 DAGs
[2023-11-06T13:33:27.500+0000] {processor.py:179} INFO - Processing /opt/airflow/dags/elastic_fetch.py took 0.526 seconds
[2023-11-06T13:33:41.568+0000] {processor.py:157} INFO - Started process (PID=677) to work on /opt/airflow/dags/elastic_fetch.py
[2023-11-06T13:33:41.571+0000] {processor.py:829} INFO - Processing file /opt/airflow/dags/elastic_fetch.py for tasks to queue
[2023-11-06T13:33:41.575+0000] {logging_mixin.py:151} INFO - [2023-11-06T13:33:41.575+0000] {dagbag.py:536} INFO - Filling up the DagBag from /opt/airflow/dags/elastic_fetch.py
[2023-11-06T13:33:41.778+0000] {processor.py:839} INFO - DAG(s) dict_keys(['traffic_data_3']) retrieved from /opt/airflow/dags/elastic_fetch.py
[2023-11-06T13:33:41.836+0000] {logging_mixin.py:151} INFO - [2023-11-06T13:33:41.836+0000] {dag.py:2941} INFO - Sync 1 DAGs
[2023-11-06T13:33:41.963+0000] {processor.py:179} INFO - Processing /opt/airflow/dags/elastic_fetch.py took 0.403 seconds
[2023-11-06T13:33:47.690+0000] {processor.py:157} INFO - Started process (PID=678) to work on /opt/airflow/dags/elastic_fetch.py
[2023-11-06T13:33:47.693+0000] {processor.py:829} INFO - Processing file /opt/airflow/dags/elastic_fetch.py for tasks to queue
[2023-11-06T13:33:47.698+0000] {logging_mixin.py:151} INFO - [2023-11-06T13:33:47.697+0000] {dagbag.py:536} INFO - Filling up the DagBag from /opt/airflow/dags/elastic_fetch.py
[2023-11-06T13:33:47.925+0000] {processor.py:839} INFO - DAG(s) dict_keys(['traffic_data_3']) retrieved from /opt/airflow/dags/elastic_fetch.py
[2023-11-06T13:33:47.975+0000] {logging_mixin.py:151} INFO - [2023-11-06T13:33:47.975+0000] {dag.py:2941} INFO - Sync 1 DAGs
[2023-11-06T13:33:48.358+0000] {processor.py:179} INFO - Processing /opt/airflow/dags/elastic_fetch.py took 0.672 seconds
[2023-11-06T13:33:49.064+0000] {processor.py:157} INFO - Started process (PID=679) to work on /opt/airflow/dags/elastic_fetch.py
[2023-11-06T13:33:49.065+0000] {processor.py:829} INFO - Processing file /opt/airflow/dags/elastic_fetch.py for tasks to queue
[2023-11-06T13:33:49.068+0000] {logging_mixin.py:151} INFO - [2023-11-06T13:33:49.067+0000] {dagbag.py:536} INFO - Filling up the DagBag from /opt/airflow/dags/elastic_fetch.py
[2023-11-06T13:33:49.282+0000] {processor.py:839} INFO - DAG(s) dict_keys(['traffic_data_3']) retrieved from /opt/airflow/dags/elastic_fetch.py
[2023-11-06T13:33:49.337+0000] {logging_mixin.py:151} INFO - [2023-11-06T13:33:49.336+0000] {dag.py:2941} INFO - Sync 1 DAGs
[2023-11-06T13:33:49.686+0000] {processor.py:179} INFO - Processing /opt/airflow/dags/elastic_fetch.py took 0.628 seconds
[2023-11-06T13:33:56.381+0000] {processor.py:157} INFO - Started process (PID=681) to work on /opt/airflow/dags/elastic_fetch.py
[2023-11-06T13:33:56.383+0000] {processor.py:829} INFO - Processing file /opt/airflow/dags/elastic_fetch.py for tasks to queue
[2023-11-06T13:33:56.392+0000] {logging_mixin.py:151} INFO - [2023-11-06T13:33:56.391+0000] {dagbag.py:536} INFO - Filling up the DagBag from /opt/airflow/dags/elastic_fetch.py
[2023-11-06T13:33:56.753+0000] {processor.py:839} INFO - DAG(s) dict_keys(['traffic_data_3']) retrieved from /opt/airflow/dags/elastic_fetch.py
[2023-11-06T13:33:56.829+0000] {logging_mixin.py:151} INFO - [2023-11-06T13:33:56.829+0000] {dag.py:2941} INFO - Sync 1 DAGs
[2023-11-06T13:33:57.295+0000] {processor.py:179} INFO - Processing /opt/airflow/dags/elastic_fetch.py took 0.920 seconds
[2023-11-06T13:34:28.110+0000] {processor.py:157} INFO - Started process (PID=691) to work on /opt/airflow/dags/elastic_fetch.py
[2023-11-06T13:34:28.179+0000] {processor.py:829} INFO - Processing file /opt/airflow/dags/elastic_fetch.py for tasks to queue
[2023-11-06T13:34:28.268+0000] {logging_mixin.py:151} INFO - [2023-11-06T13:34:28.263+0000] {dagbag.py:536} INFO - Filling up the DagBag from /opt/airflow/dags/elastic_fetch.py
[2023-11-06T13:34:29.639+0000] {processor.py:839} INFO - DAG(s) dict_keys(['traffic_data_3']) retrieved from /opt/airflow/dags/elastic_fetch.py
[2023-11-06T13:34:29.867+0000] {logging_mixin.py:151} INFO - [2023-11-06T13:34:29.866+0000] {dag.py:2941} INFO - Sync 1 DAGs
[2023-11-06T13:34:31.022+0000] {processor.py:179} INFO - Processing /opt/airflow/dags/elastic_fetch.py took 3.161 seconds
[2023-11-06T13:35:01.312+0000] {processor.py:157} INFO - Started process (PID=701) to work on /opt/airflow/dags/elastic_fetch.py
[2023-11-06T13:35:01.320+0000] {processor.py:829} INFO - Processing file /opt/airflow/dags/elastic_fetch.py for tasks to queue
[2023-11-06T13:35:01.336+0000] {logging_mixin.py:151} INFO - [2023-11-06T13:35:01.335+0000] {dagbag.py:536} INFO - Filling up the DagBag from /opt/airflow/dags/elastic_fetch.py
[2023-11-06T13:35:01.677+0000] {processor.py:839} INFO - DAG(s) dict_keys(['traffic_data_3']) retrieved from /opt/airflow/dags/elastic_fetch.py
[2023-11-06T13:35:02.813+0000] {logging_mixin.py:151} INFO - [2023-11-06T13:35:02.813+0000] {dag.py:2941} INFO - Sync 1 DAGs
[2023-11-06T13:35:03.041+0000] {processor.py:179} INFO - Processing /opt/airflow/dags/elastic_fetch.py took 1.740 seconds
[2023-11-06T13:35:33.440+0000] {processor.py:157} INFO - Started process (PID=716) to work on /opt/airflow/dags/elastic_fetch.py
[2023-11-06T13:35:33.443+0000] {processor.py:829} INFO - Processing file /opt/airflow/dags/elastic_fetch.py for tasks to queue
[2023-11-06T13:35:33.449+0000] {logging_mixin.py:151} INFO - [2023-11-06T13:35:33.448+0000] {dagbag.py:536} INFO - Filling up the DagBag from /opt/airflow/dags/elastic_fetch.py
[2023-11-06T13:35:34.103+0000] {processor.py:839} INFO - DAG(s) dict_keys(['traffic_data_3']) retrieved from /opt/airflow/dags/elastic_fetch.py
[2023-11-06T13:35:34.164+0000] {logging_mixin.py:151} INFO - [2023-11-06T13:35:34.163+0000] {dag.py:2941} INFO - Sync 1 DAGs
[2023-11-06T13:35:34.218+0000] {logging_mixin.py:151} INFO - [2023-11-06T13:35:34.214+0000] {dag.py:3722} INFO - Setting next_dagrun for traffic_data_3 to 2023-11-06T13:34:34.210352+00:00, run_after=2023-11-06T13:35:34.210352+00:00
[2023-11-06T13:35:34.276+0000] {processor.py:179} INFO - Processing /opt/airflow/dags/elastic_fetch.py took 0.847 seconds
[2023-11-06T13:36:04.560+0000] {processor.py:157} INFO - Started process (PID=727) to work on /opt/airflow/dags/elastic_fetch.py
[2023-11-06T13:36:04.565+0000] {processor.py:829} INFO - Processing file /opt/airflow/dags/elastic_fetch.py for tasks to queue
[2023-11-06T13:36:04.572+0000] {logging_mixin.py:151} INFO - [2023-11-06T13:36:04.571+0000] {dagbag.py:536} INFO - Filling up the DagBag from /opt/airflow/dags/elastic_fetch.py
[2023-11-06T13:36:05.185+0000] {processor.py:839} INFO - DAG(s) dict_keys(['traffic_data_3']) retrieved from /opt/airflow/dags/elastic_fetch.py
[2023-11-06T13:36:05.325+0000] {logging_mixin.py:151} INFO - [2023-11-06T13:36:05.307+0000] {dag.py:2941} INFO - Sync 1 DAGs
[2023-11-06T13:36:05.619+0000] {processor.py:179} INFO - Processing /opt/airflow/dags/elastic_fetch.py took 1.068 seconds
[2023-11-06T13:36:36.083+0000] {processor.py:157} INFO - Started process (PID=737) to work on /opt/airflow/dags/elastic_fetch.py
[2023-11-06T13:36:36.089+0000] {processor.py:829} INFO - Processing file /opt/airflow/dags/elastic_fetch.py for tasks to queue
[2023-11-06T13:36:36.125+0000] {logging_mixin.py:151} INFO - [2023-11-06T13:36:36.120+0000] {dagbag.py:536} INFO - Filling up the DagBag from /opt/airflow/dags/elastic_fetch.py
[2023-11-06T13:36:37.332+0000] {processor.py:839} INFO - DAG(s) dict_keys(['traffic_data_3']) retrieved from /opt/airflow/dags/elastic_fetch.py
[2023-11-06T13:36:37.424+0000] {logging_mixin.py:151} INFO - [2023-11-06T13:36:37.423+0000] {dag.py:2941} INFO - Sync 1 DAGs
[2023-11-06T13:36:39.378+0000] {processor.py:179} INFO - Processing /opt/airflow/dags/elastic_fetch.py took 3.326 seconds
[2023-11-06T13:37:09.573+0000] {processor.py:157} INFO - Started process (PID=747) to work on /opt/airflow/dags/elastic_fetch.py
[2023-11-06T13:37:09.576+0000] {processor.py:829} INFO - Processing file /opt/airflow/dags/elastic_fetch.py for tasks to queue
[2023-11-06T13:37:09.590+0000] {logging_mixin.py:151} INFO - [2023-11-06T13:37:09.588+0000] {dagbag.py:536} INFO - Filling up the DagBag from /opt/airflow/dags/elastic_fetch.py
[2023-11-06T13:37:09.891+0000] {processor.py:839} INFO - DAG(s) dict_keys(['traffic_data_3']) retrieved from /opt/airflow/dags/elastic_fetch.py
[2023-11-06T13:37:09.966+0000] {logging_mixin.py:151} INFO - [2023-11-06T13:37:09.966+0000] {dag.py:2941} INFO - Sync 1 DAGs
[2023-11-06T13:37:10.675+0000] {processor.py:179} INFO - Processing /opt/airflow/dags/elastic_fetch.py took 1.135 seconds
[2023-11-06T13:37:41.513+0000] {processor.py:157} INFO - Started process (PID=757) to work on /opt/airflow/dags/elastic_fetch.py
[2023-11-06T13:37:41.592+0000] {processor.py:829} INFO - Processing file /opt/airflow/dags/elastic_fetch.py for tasks to queue
[2023-11-06T13:37:41.680+0000] {logging_mixin.py:151} INFO - [2023-11-06T13:37:41.671+0000] {dagbag.py:536} INFO - Filling up the DagBag from /opt/airflow/dags/elastic_fetch.py
[2023-11-06T13:37:44.851+0000] {processor.py:839} INFO - DAG(s) dict_keys(['traffic_data_3']) retrieved from /opt/airflow/dags/elastic_fetch.py
[2023-11-06T13:37:59.303+0000] {logging_mixin.py:151} INFO - [2023-11-06T13:37:59.252+0000] {dag.py:2941} INFO - Sync 1 DAGs
[2023-11-06T13:37:59.829+0000] {processor.py:179} INFO - Processing /opt/airflow/dags/elastic_fetch.py took 18.441 seconds
[2023-11-06T13:45:16.726+0000] {processor.py:157} INFO - Started process (PID=39) to work on /opt/airflow/dags/elastic_fetch.py
[2023-11-06T13:45:16.729+0000] {processor.py:829} INFO - Processing file /opt/airflow/dags/elastic_fetch.py for tasks to queue
[2023-11-06T13:45:16.741+0000] {logging_mixin.py:151} INFO - [2023-11-06T13:45:16.741+0000] {dagbag.py:536} INFO - Filling up the DagBag from /opt/airflow/dags/elastic_fetch.py
[2023-11-06T13:45:18.729+0000] {processor.py:839} INFO - DAG(s) dict_keys(['traffic_data_3']) retrieved from /opt/airflow/dags/elastic_fetch.py
[2023-11-06T13:45:19.051+0000] {logging_mixin.py:151} INFO - [2023-11-06T13:45:19.051+0000] {dag.py:2941} INFO - Sync 1 DAGs
[2023-11-06T13:45:20.070+0000] {processor.py:179} INFO - Processing /opt/airflow/dags/elastic_fetch.py took 3.355 seconds
[2023-11-06T13:45:26.401+0000] {processor.py:157} INFO - Started process (PID=42) to work on /opt/airflow/dags/elastic_fetch.py
[2023-11-06T13:45:26.403+0000] {processor.py:829} INFO - Processing file /opt/airflow/dags/elastic_fetch.py for tasks to queue
[2023-11-06T13:45:26.407+0000] {logging_mixin.py:151} INFO - [2023-11-06T13:45:26.406+0000] {dagbag.py:536} INFO - Filling up the DagBag from /opt/airflow/dags/elastic_fetch.py
[2023-11-06T13:45:27.127+0000] {processor.py:839} INFO - DAG(s) dict_keys(['traffic_data_3']) retrieved from /opt/airflow/dags/elastic_fetch.py
[2023-11-06T13:45:27.287+0000] {logging_mixin.py:151} INFO - [2023-11-06T13:45:27.287+0000] {taskinstance.py:1939} ERROR - {'DAG Id': 'traffic_data_3', 'Task Id': 'load_data_to_logstash', 'Run Id': 'scheduled__2023-11-06T13:34:34.210352+00:00', 'Hostname': '0616bbdaf328', 'External Executor Id': '69e4514b-eae0-403d-8ffa-0c3328b2894a'}
[2023-11-06T13:45:27.464+0000] {logging_mixin.py:151} INFO - [2023-11-06T13:45:27.463+0000] {taskinstance.py:1400} INFO - Marking task as FAILED. dag_id=traffic_data_3, task_id=load_data_to_logstash, execution_date=20231106T133434, start_date=20231106T133812, end_date=20231106T134527
[2023-11-06T13:45:27.554+0000] {processor.py:790} INFO - Executed failure callback for <TaskInstance: traffic_data_3.load_data_to_logstash scheduled__2023-11-06T13:34:34.210352+00:00 [failed]> in state failed
[2023-11-06T13:45:27.634+0000] {logging_mixin.py:151} INFO - [2023-11-06T13:45:27.634+0000] {dag.py:2941} INFO - Sync 1 DAGs
[2023-11-06T13:45:27.859+0000] {processor.py:179} INFO - Processing /opt/airflow/dags/elastic_fetch.py took 1.474 seconds
[2023-11-06T13:45:57.971+0000] {processor.py:157} INFO - Started process (PID=53) to work on /opt/airflow/dags/elastic_fetch.py
[2023-11-06T13:45:57.981+0000] {processor.py:829} INFO - Processing file /opt/airflow/dags/elastic_fetch.py for tasks to queue
[2023-11-06T13:45:57.986+0000] {logging_mixin.py:151} INFO - [2023-11-06T13:45:57.986+0000] {dagbag.py:536} INFO - Filling up the DagBag from /opt/airflow/dags/elastic_fetch.py
[2023-11-06T13:45:58.506+0000] {processor.py:839} INFO - DAG(s) dict_keys(['traffic_data_3']) retrieved from /opt/airflow/dags/elastic_fetch.py
[2023-11-06T13:45:58.606+0000] {logging_mixin.py:151} INFO - [2023-11-06T13:45:58.605+0000] {dag.py:2941} INFO - Sync 1 DAGs
[2023-11-06T13:45:58.786+0000] {processor.py:179} INFO - Processing /opt/airflow/dags/elastic_fetch.py took 0.821 seconds
[2023-11-06T13:46:29.795+0000] {processor.py:157} INFO - Started process (PID=63) to work on /opt/airflow/dags/elastic_fetch.py
[2023-11-06T13:46:29.796+0000] {processor.py:829} INFO - Processing file /opt/airflow/dags/elastic_fetch.py for tasks to queue
[2023-11-06T13:46:29.805+0000] {logging_mixin.py:151} INFO - [2023-11-06T13:46:29.804+0000] {dagbag.py:536} INFO - Filling up the DagBag from /opt/airflow/dags/elastic_fetch.py
[2023-11-06T13:46:30.522+0000] {processor.py:839} INFO - DAG(s) dict_keys(['traffic_data_3']) retrieved from /opt/airflow/dags/elastic_fetch.py
[2023-11-06T13:46:30.609+0000] {logging_mixin.py:151} INFO - [2023-11-06T13:46:30.609+0000] {dag.py:2941} INFO - Sync 1 DAGs
[2023-11-06T13:46:30.777+0000] {processor.py:179} INFO - Processing /opt/airflow/dags/elastic_fetch.py took 0.992 seconds
[2023-11-06T13:47:01.138+0000] {processor.py:157} INFO - Started process (PID=72) to work on /opt/airflow/dags/elastic_fetch.py
[2023-11-06T13:47:01.143+0000] {processor.py:829} INFO - Processing file /opt/airflow/dags/elastic_fetch.py for tasks to queue
[2023-11-06T13:47:01.173+0000] {logging_mixin.py:151} INFO - [2023-11-06T13:47:01.171+0000] {dagbag.py:536} INFO - Filling up the DagBag from /opt/airflow/dags/elastic_fetch.py
[2023-11-06T13:47:02.234+0000] {processor.py:839} INFO - DAG(s) dict_keys(['traffic_data_3']) retrieved from /opt/airflow/dags/elastic_fetch.py
[2023-11-06T13:47:02.335+0000] {logging_mixin.py:151} INFO - [2023-11-06T13:47:02.335+0000] {dag.py:2941} INFO - Sync 1 DAGs
[2023-11-06T13:47:08.693+0000] {processor.py:179} INFO - Processing /opt/airflow/dags/elastic_fetch.py took 7.576 seconds
[2023-11-06T13:47:39.503+0000] {processor.py:157} INFO - Started process (PID=81) to work on /opt/airflow/dags/elastic_fetch.py
[2023-11-06T13:47:39.504+0000] {processor.py:829} INFO - Processing file /opt/airflow/dags/elastic_fetch.py for tasks to queue
[2023-11-06T13:47:39.507+0000] {logging_mixin.py:151} INFO - [2023-11-06T13:47:39.507+0000] {dagbag.py:536} INFO - Filling up the DagBag from /opt/airflow/dags/elastic_fetch.py
[2023-11-06T13:47:39.690+0000] {processor.py:839} INFO - DAG(s) dict_keys(['traffic_data_3']) retrieved from /opt/airflow/dags/elastic_fetch.py
[2023-11-06T13:47:39.736+0000] {logging_mixin.py:151} INFO - [2023-11-06T13:47:39.735+0000] {dag.py:2941} INFO - Sync 1 DAGs
[2023-11-06T13:47:40.093+0000] {processor.py:179} INFO - Processing /opt/airflow/dags/elastic_fetch.py took 0.594 seconds
[2023-11-06T13:48:10.901+0000] {processor.py:157} INFO - Started process (PID=98) to work on /opt/airflow/dags/elastic_fetch.py
[2023-11-06T13:48:10.903+0000] {processor.py:829} INFO - Processing file /opt/airflow/dags/elastic_fetch.py for tasks to queue
[2023-11-06T13:48:10.906+0000] {logging_mixin.py:151} INFO - [2023-11-06T13:48:10.906+0000] {dagbag.py:536} INFO - Filling up the DagBag from /opt/airflow/dags/elastic_fetch.py
[2023-11-06T13:48:11.081+0000] {processor.py:839} INFO - DAG(s) dict_keys(['traffic_data_3']) retrieved from /opt/airflow/dags/elastic_fetch.py
[2023-11-06T13:48:11.123+0000] {logging_mixin.py:151} INFO - [2023-11-06T13:48:11.122+0000] {dag.py:2941} INFO - Sync 1 DAGs
[2023-11-06T13:48:11.603+0000] {processor.py:179} INFO - Processing /opt/airflow/dags/elastic_fetch.py took 0.706 seconds
[2023-11-06T13:48:42.073+0000] {processor.py:157} INFO - Started process (PID=116) to work on /opt/airflow/dags/elastic_fetch.py
[2023-11-06T13:48:42.076+0000] {processor.py:829} INFO - Processing file /opt/airflow/dags/elastic_fetch.py for tasks to queue
[2023-11-06T13:48:42.085+0000] {logging_mixin.py:151} INFO - [2023-11-06T13:48:42.084+0000] {dagbag.py:536} INFO - Filling up the DagBag from /opt/airflow/dags/elastic_fetch.py
[2023-11-06T13:48:42.304+0000] {processor.py:839} INFO - DAG(s) dict_keys(['traffic_data_3']) retrieved from /opt/airflow/dags/elastic_fetch.py
[2023-11-06T13:48:42.363+0000] {logging_mixin.py:151} INFO - [2023-11-06T13:48:42.363+0000] {dag.py:2941} INFO - Sync 1 DAGs
[2023-11-06T13:48:42.472+0000] {processor.py:179} INFO - Processing /opt/airflow/dags/elastic_fetch.py took 0.406 seconds
[2023-11-06T13:49:12.573+0000] {processor.py:157} INFO - Started process (PID=127) to work on /opt/airflow/dags/elastic_fetch.py
[2023-11-06T13:49:12.575+0000] {processor.py:829} INFO - Processing file /opt/airflow/dags/elastic_fetch.py for tasks to queue
[2023-11-06T13:49:12.580+0000] {logging_mixin.py:151} INFO - [2023-11-06T13:49:12.579+0000] {dagbag.py:536} INFO - Filling up the DagBag from /opt/airflow/dags/elastic_fetch.py
[2023-11-06T13:49:12.836+0000] {processor.py:839} INFO - DAG(s) dict_keys(['traffic_data_3']) retrieved from /opt/airflow/dags/elastic_fetch.py
[2023-11-06T13:49:12.956+0000] {logging_mixin.py:151} INFO - [2023-11-06T13:49:12.955+0000] {dag.py:2941} INFO - Sync 1 DAGs
[2023-11-06T13:49:13.072+0000] {processor.py:179} INFO - Processing /opt/airflow/dags/elastic_fetch.py took 0.506 seconds
[2023-11-06T13:49:43.307+0000] {processor.py:157} INFO - Started process (PID=137) to work on /opt/airflow/dags/elastic_fetch.py
[2023-11-06T13:49:43.309+0000] {processor.py:829} INFO - Processing file /opt/airflow/dags/elastic_fetch.py for tasks to queue
[2023-11-06T13:49:43.312+0000] {logging_mixin.py:151} INFO - [2023-11-06T13:49:43.312+0000] {dagbag.py:536} INFO - Filling up the DagBag from /opt/airflow/dags/elastic_fetch.py
[2023-11-06T13:49:43.526+0000] {processor.py:839} INFO - DAG(s) dict_keys(['traffic_data_3']) retrieved from /opt/airflow/dags/elastic_fetch.py
[2023-11-06T13:49:43.575+0000] {logging_mixin.py:151} INFO - [2023-11-06T13:49:43.574+0000] {dag.py:2941} INFO - Sync 1 DAGs
[2023-11-06T13:49:43.931+0000] {processor.py:179} INFO - Processing /opt/airflow/dags/elastic_fetch.py took 0.629 seconds
[2023-11-06T13:50:14.500+0000] {processor.py:157} INFO - Started process (PID=148) to work on /opt/airflow/dags/elastic_fetch.py
[2023-11-06T13:50:14.502+0000] {processor.py:829} INFO - Processing file /opt/airflow/dags/elastic_fetch.py for tasks to queue
[2023-11-06T13:50:14.506+0000] {logging_mixin.py:151} INFO - [2023-11-06T13:50:14.505+0000] {dagbag.py:536} INFO - Filling up the DagBag from /opt/airflow/dags/elastic_fetch.py
[2023-11-06T13:50:14.848+0000] {processor.py:839} INFO - DAG(s) dict_keys(['traffic_data_3']) retrieved from /opt/airflow/dags/elastic_fetch.py
[2023-11-06T13:50:14.937+0000] {logging_mixin.py:151} INFO - [2023-11-06T13:50:14.936+0000] {dag.py:2941} INFO - Sync 1 DAGs
[2023-11-06T13:50:20.165+0000] {processor.py:179} INFO - Processing /opt/airflow/dags/elastic_fetch.py took 5.679 seconds
[2023-11-06T13:50:50.397+0000] {processor.py:157} INFO - Started process (PID=159) to work on /opt/airflow/dags/elastic_fetch.py
[2023-11-06T13:50:50.399+0000] {processor.py:829} INFO - Processing file /opt/airflow/dags/elastic_fetch.py for tasks to queue
[2023-11-06T13:50:50.402+0000] {logging_mixin.py:151} INFO - [2023-11-06T13:50:50.401+0000] {dagbag.py:536} INFO - Filling up the DagBag from /opt/airflow/dags/elastic_fetch.py
[2023-11-06T13:50:50.587+0000] {processor.py:839} INFO - DAG(s) dict_keys(['traffic_data_3']) retrieved from /opt/airflow/dags/elastic_fetch.py
[2023-11-06T13:50:52.023+0000] {logging_mixin.py:151} INFO - [2023-11-06T13:50:52.023+0000] {dag.py:2941} INFO - Sync 1 DAGs
[2023-11-06T13:50:52.099+0000] {processor.py:179} INFO - Processing /opt/airflow/dags/elastic_fetch.py took 1.706 seconds
[2023-11-06T13:51:22.463+0000] {processor.py:157} INFO - Started process (PID=169) to work on /opt/airflow/dags/elastic_fetch.py
[2023-11-06T13:51:22.465+0000] {processor.py:829} INFO - Processing file /opt/airflow/dags/elastic_fetch.py for tasks to queue
[2023-11-06T13:51:22.468+0000] {logging_mixin.py:151} INFO - [2023-11-06T13:51:22.467+0000] {dagbag.py:536} INFO - Filling up the DagBag from /opt/airflow/dags/elastic_fetch.py
[2023-11-06T13:51:22.667+0000] {processor.py:839} INFO - DAG(s) dict_keys(['traffic_data_3']) retrieved from /opt/airflow/dags/elastic_fetch.py
[2023-11-06T13:51:22.739+0000] {logging_mixin.py:151} INFO - [2023-11-06T13:51:22.738+0000] {dag.py:2941} INFO - Sync 1 DAGs
[2023-11-06T13:51:22.841+0000] {processor.py:179} INFO - Processing /opt/airflow/dags/elastic_fetch.py took 0.384 seconds
[2023-11-06T13:51:52.915+0000] {processor.py:157} INFO - Started process (PID=179) to work on /opt/airflow/dags/elastic_fetch.py
[2023-11-06T13:51:52.920+0000] {processor.py:829} INFO - Processing file /opt/airflow/dags/elastic_fetch.py for tasks to queue
[2023-11-06T13:51:52.924+0000] {logging_mixin.py:151} INFO - [2023-11-06T13:51:52.923+0000] {dagbag.py:536} INFO - Filling up the DagBag from /opt/airflow/dags/elastic_fetch.py
[2023-11-06T13:51:53.389+0000] {processor.py:839} INFO - DAG(s) dict_keys(['traffic_data_3']) retrieved from /opt/airflow/dags/elastic_fetch.py
[2023-11-06T13:51:53.491+0000] {logging_mixin.py:151} INFO - [2023-11-06T13:51:53.490+0000] {dag.py:2941} INFO - Sync 1 DAGs
[2023-11-06T13:51:53.693+0000] {processor.py:179} INFO - Processing /opt/airflow/dags/elastic_fetch.py took 0.787 seconds
[2023-11-06T13:52:27.037+0000] {processor.py:157} INFO - Started process (PID=190) to work on /opt/airflow/dags/elastic_fetch.py
[2023-11-06T13:52:27.043+0000] {processor.py:829} INFO - Processing file /opt/airflow/dags/elastic_fetch.py for tasks to queue
[2023-11-06T13:52:27.198+0000] {logging_mixin.py:151} INFO - [2023-11-06T13:52:27.190+0000] {dagbag.py:536} INFO - Filling up the DagBag from /opt/airflow/dags/elastic_fetch.py
[2023-11-06T13:52:28.334+0000] {processor.py:839} INFO - DAG(s) dict_keys(['traffic_data_3']) retrieved from /opt/airflow/dags/elastic_fetch.py
[2023-11-06T13:52:28.806+0000] {logging_mixin.py:151} INFO - [2023-11-06T13:52:28.805+0000] {dag.py:2941} INFO - Sync 1 DAGs
[2023-11-06T13:52:48.665+0000] {processor.py:179} INFO - Processing /opt/airflow/dags/elastic_fetch.py took 21.884 seconds
[2023-11-06T13:52:53.782+0000] {processor.py:157} INFO - Started process (PID=201) to work on /opt/airflow/dags/elastic_fetch.py
[2023-11-06T13:52:53.784+0000] {processor.py:829} INFO - Processing file /opt/airflow/dags/elastic_fetch.py for tasks to queue
[2023-11-06T13:52:53.787+0000] {logging_mixin.py:151} INFO - [2023-11-06T13:52:53.786+0000] {dagbag.py:536} INFO - Filling up the DagBag from /opt/airflow/dags/elastic_fetch.py
[2023-11-06T13:52:53.998+0000] {logging_mixin.py:151} INFO - [2023-11-06T13:52:53.989+0000] {dagbag.py:346} ERROR - Failed to import: /opt/airflow/dags/elastic_fetch.py
Traceback (most recent call last):
  File "/home/airflow/.local/lib/python3.8/site-packages/airflow/models/dagbag.py", line 342, in parse
    loader.exec_module(new_module)
  File "<frozen importlib._bootstrap_external>", line 843, in exec_module
  File "<frozen importlib._bootstrap>", line 219, in _call_with_frames_removed
  File "/opt/airflow/dags/elastic_fetch.py", line 70, in <module>
    load_task = DockerOperator(
  File "/home/airflow/.local/lib/python3.8/site-packages/airflow/models/baseoperator.py", line 437, in apply_defaults
    result = func(self, **kwargs, default_args=default_args)
  File "/home/airflow/.local/lib/python3.8/site-packages/airflow/providers/docker/operators/docker.py", line 230, in __init__
    super().__init__(**kwargs)
  File "/home/airflow/.local/lib/python3.8/site-packages/airflow/models/baseoperator.py", line 437, in apply_defaults
    result = func(self, **kwargs, default_args=default_args)
  File "/home/airflow/.local/lib/python3.8/site-packages/airflow/models/baseoperator.py", line 794, in __init__
    raise AirflowException(
airflow.exceptions.AirflowException: Invalid arguments were passed to DockerOperator (task_id: load_data_to_logstash). Invalid arguments were:
**kwargs: {'volumes': ['/path/to/your/logstash-config/:/usr/share/logstash/pipeline'], 'depends_on': ['elasticsearch']}
[2023-11-06T13:52:53.999+0000] {processor.py:841} WARNING - No viable dags retrieved from /opt/airflow/dags/elastic_fetch.py
[2023-11-06T13:52:54.040+0000] {processor.py:179} INFO - Processing /opt/airflow/dags/elastic_fetch.py took 0.268 seconds
[2023-11-06T13:52:56.799+0000] {processor.py:157} INFO - Started process (PID=202) to work on /opt/airflow/dags/elastic_fetch.py
[2023-11-06T13:52:56.800+0000] {processor.py:829} INFO - Processing file /opt/airflow/dags/elastic_fetch.py for tasks to queue
[2023-11-06T13:52:56.803+0000] {logging_mixin.py:151} INFO - [2023-11-06T13:52:56.803+0000] {dagbag.py:536} INFO - Filling up the DagBag from /opt/airflow/dags/elastic_fetch.py
[2023-11-06T13:52:57.012+0000] {logging_mixin.py:151} INFO - [2023-11-06T13:52:57.010+0000] {dagbag.py:346} ERROR - Failed to import: /opt/airflow/dags/elastic_fetch.py
Traceback (most recent call last):
  File "/home/airflow/.local/lib/python3.8/site-packages/airflow/models/dagbag.py", line 342, in parse
    loader.exec_module(new_module)
  File "<frozen importlib._bootstrap_external>", line 843, in exec_module
  File "<frozen importlib._bootstrap>", line 219, in _call_with_frames_removed
  File "/opt/airflow/dags/elastic_fetch.py", line 70, in <module>
    load_task = DockerOperator(
  File "/home/airflow/.local/lib/python3.8/site-packages/airflow/models/baseoperator.py", line 437, in apply_defaults
    result = func(self, **kwargs, default_args=default_args)
  File "/home/airflow/.local/lib/python3.8/site-packages/airflow/providers/docker/operators/docker.py", line 230, in __init__
    super().__init__(**kwargs)
  File "/home/airflow/.local/lib/python3.8/site-packages/airflow/models/baseoperator.py", line 437, in apply_defaults
    result = func(self, **kwargs, default_args=default_args)
  File "/home/airflow/.local/lib/python3.8/site-packages/airflow/models/baseoperator.py", line 794, in __init__
    raise AirflowException(
airflow.exceptions.AirflowException: Invalid arguments were passed to DockerOperator (task_id: load_data_to_logstash). Invalid arguments were:
**kwargs: {'depends_on': ['elasticsearch']}
[2023-11-06T13:52:57.012+0000] {processor.py:841} WARNING - No viable dags retrieved from /opt/airflow/dags/elastic_fetch.py
[2023-11-06T13:52:57.049+0000] {processor.py:179} INFO - Processing /opt/airflow/dags/elastic_fetch.py took 0.254 seconds
[2023-11-06T13:52:59.823+0000] {processor.py:157} INFO - Started process (PID=203) to work on /opt/airflow/dags/elastic_fetch.py
[2023-11-06T13:52:59.824+0000] {processor.py:829} INFO - Processing file /opt/airflow/dags/elastic_fetch.py for tasks to queue
[2023-11-06T13:52:59.826+0000] {logging_mixin.py:151} INFO - [2023-11-06T13:52:59.826+0000] {dagbag.py:536} INFO - Filling up the DagBag from /opt/airflow/dags/elastic_fetch.py
[2023-11-06T13:52:59.988+0000] {logging_mixin.py:151} INFO - [2023-11-06T13:52:59.986+0000] {dagbag.py:346} ERROR - Failed to import: /opt/airflow/dags/elastic_fetch.py
Traceback (most recent call last):
  File "/home/airflow/.local/lib/python3.8/site-packages/airflow/models/dagbag.py", line 342, in parse
    loader.exec_module(new_module)
  File "<frozen importlib._bootstrap_external>", line 843, in exec_module
  File "<frozen importlib._bootstrap>", line 219, in _call_with_frames_removed
  File "/opt/airflow/dags/elastic_fetch.py", line 70, in <module>
    load_task = DockerOperator(
  File "/home/airflow/.local/lib/python3.8/site-packages/airflow/models/baseoperator.py", line 437, in apply_defaults
    result = func(self, **kwargs, default_args=default_args)
  File "/home/airflow/.local/lib/python3.8/site-packages/airflow/providers/docker/operators/docker.py", line 230, in __init__
    super().__init__(**kwargs)
  File "/home/airflow/.local/lib/python3.8/site-packages/airflow/models/baseoperator.py", line 437, in apply_defaults
    result = func(self, **kwargs, default_args=default_args)
  File "/home/airflow/.local/lib/python3.8/site-packages/airflow/models/baseoperator.py", line 794, in __init__
    raise AirflowException(
airflow.exceptions.AirflowException: Invalid arguments were passed to DockerOperator (task_id: load_data_to_logstash). Invalid arguments were:
**kwargs: {'depends_on': ['elasticsearch']}
[2023-11-06T13:52:59.989+0000] {processor.py:841} WARNING - No viable dags retrieved from /opt/airflow/dags/elastic_fetch.py
[2023-11-06T13:53:00.061+0000] {processor.py:179} INFO - Processing /opt/airflow/dags/elastic_fetch.py took 0.244 seconds
[2023-11-06T13:53:00.842+0000] {processor.py:157} INFO - Started process (PID=204) to work on /opt/airflow/dags/elastic_fetch.py
[2023-11-06T13:53:00.843+0000] {processor.py:829} INFO - Processing file /opt/airflow/dags/elastic_fetch.py for tasks to queue
[2023-11-06T13:53:00.847+0000] {logging_mixin.py:151} INFO - [2023-11-06T13:53:00.846+0000] {dagbag.py:536} INFO - Filling up the DagBag from /opt/airflow/dags/elastic_fetch.py
[2023-11-06T13:53:01.117+0000] {logging_mixin.py:151} INFO - [2023-11-06T13:53:01.115+0000] {dagbag.py:346} ERROR - Failed to import: /opt/airflow/dags/elastic_fetch.py
Traceback (most recent call last):
  File "/home/airflow/.local/lib/python3.8/site-packages/airflow/models/dagbag.py", line 342, in parse
    loader.exec_module(new_module)
  File "<frozen importlib._bootstrap_external>", line 843, in exec_module
  File "<frozen importlib._bootstrap>", line 219, in _call_with_frames_removed
  File "/opt/airflow/dags/elastic_fetch.py", line 70, in <module>
    load_task = DockerOperator(
  File "/home/airflow/.local/lib/python3.8/site-packages/airflow/models/baseoperator.py", line 437, in apply_defaults
    result = func(self, **kwargs, default_args=default_args)
  File "/home/airflow/.local/lib/python3.8/site-packages/airflow/providers/docker/operators/docker.py", line 230, in __init__
    super().__init__(**kwargs)
  File "/home/airflow/.local/lib/python3.8/site-packages/airflow/models/baseoperator.py", line 437, in apply_defaults
    result = func(self, **kwargs, default_args=default_args)
  File "/home/airflow/.local/lib/python3.8/site-packages/airflow/models/baseoperator.py", line 794, in __init__
    raise AirflowException(
airflow.exceptions.AirflowException: Invalid arguments were passed to DockerOperator (task_id: load_data_to_logstash). Invalid arguments were:
**kwargs: {'depends_on': ['elasticsearch']}
[2023-11-06T13:53:01.117+0000] {processor.py:841} WARNING - No viable dags retrieved from /opt/airflow/dags/elastic_fetch.py
[2023-11-06T13:53:01.152+0000] {processor.py:179} INFO - Processing /opt/airflow/dags/elastic_fetch.py took 0.316 seconds
[2023-11-06T13:53:07.232+0000] {processor.py:157} INFO - Started process (PID=205) to work on /opt/airflow/dags/elastic_fetch.py
[2023-11-06T13:53:07.233+0000] {processor.py:829} INFO - Processing file /opt/airflow/dags/elastic_fetch.py for tasks to queue
[2023-11-06T13:53:07.240+0000] {logging_mixin.py:151} INFO - [2023-11-06T13:53:07.240+0000] {dagbag.py:536} INFO - Filling up the DagBag from /opt/airflow/dags/elastic_fetch.py
[2023-11-06T13:53:07.434+0000] {logging_mixin.py:151} INFO - [2023-11-06T13:53:07.431+0000] {dagbag.py:346} ERROR - Failed to import: /opt/airflow/dags/elastic_fetch.py
Traceback (most recent call last):
  File "/home/airflow/.local/lib/python3.8/site-packages/airflow/models/dagbag.py", line 342, in parse
    loader.exec_module(new_module)
  File "<frozen importlib._bootstrap_external>", line 843, in exec_module
  File "<frozen importlib._bootstrap>", line 219, in _call_with_frames_removed
  File "/opt/airflow/dags/elastic_fetch.py", line 70, in <module>
    load_task = DockerOperator(
  File "/home/airflow/.local/lib/python3.8/site-packages/airflow/models/baseoperator.py", line 437, in apply_defaults
    result = func(self, **kwargs, default_args=default_args)
  File "/home/airflow/.local/lib/python3.8/site-packages/airflow/providers/docker/operators/docker.py", line 230, in __init__
    super().__init__(**kwargs)
  File "/home/airflow/.local/lib/python3.8/site-packages/airflow/models/baseoperator.py", line 437, in apply_defaults
    result = func(self, **kwargs, default_args=default_args)
  File "/home/airflow/.local/lib/python3.8/site-packages/airflow/models/baseoperator.py", line 794, in __init__
    raise AirflowException(
airflow.exceptions.AirflowException: Invalid arguments were passed to DockerOperator (task_id: load_data_to_logstash). Invalid arguments were:
**kwargs: {'depends_on': ['elasticsearch']}
[2023-11-06T13:53:07.435+0000] {processor.py:841} WARNING - No viable dags retrieved from /opt/airflow/dags/elastic_fetch.py
[2023-11-06T13:53:07.467+0000] {processor.py:179} INFO - Processing /opt/airflow/dags/elastic_fetch.py took 0.244 seconds
[2023-11-06T13:53:15.537+0000] {processor.py:157} INFO - Started process (PID=213) to work on /opt/airflow/dags/elastic_fetch.py
[2023-11-06T13:53:15.538+0000] {processor.py:829} INFO - Processing file /opt/airflow/dags/elastic_fetch.py for tasks to queue
[2023-11-06T13:53:15.541+0000] {logging_mixin.py:151} INFO - [2023-11-06T13:53:15.541+0000] {dagbag.py:536} INFO - Filling up the DagBag from /opt/airflow/dags/elastic_fetch.py
[2023-11-06T13:53:15.760+0000] {logging_mixin.py:151} INFO - [2023-11-06T13:53:15.757+0000] {dagbag.py:346} ERROR - Failed to import: /opt/airflow/dags/elastic_fetch.py
Traceback (most recent call last):
  File "/home/airflow/.local/lib/python3.8/site-packages/airflow/models/dagbag.py", line 342, in parse
    loader.exec_module(new_module)
  File "<frozen importlib._bootstrap_external>", line 843, in exec_module
  File "<frozen importlib._bootstrap>", line 219, in _call_with_frames_removed
  File "/opt/airflow/dags/elastic_fetch.py", line 70, in <module>
    load_task = DockerOperator(
  File "/home/airflow/.local/lib/python3.8/site-packages/airflow/models/baseoperator.py", line 437, in apply_defaults
    result = func(self, **kwargs, default_args=default_args)
  File "/home/airflow/.local/lib/python3.8/site-packages/airflow/providers/docker/operators/docker.py", line 230, in __init__
    super().__init__(**kwargs)
  File "/home/airflow/.local/lib/python3.8/site-packages/airflow/models/baseoperator.py", line 437, in apply_defaults
    result = func(self, **kwargs, default_args=default_args)
  File "/home/airflow/.local/lib/python3.8/site-packages/airflow/models/baseoperator.py", line 794, in __init__
    raise AirflowException(
airflow.exceptions.AirflowException: Invalid arguments were passed to DockerOperator (task_id: load_data_to_logstash). Invalid arguments were:
**kwargs: {'depends_on': ['elasticsearch']}
[2023-11-06T13:53:15.761+0000] {processor.py:841} WARNING - No viable dags retrieved from /opt/airflow/dags/elastic_fetch.py
[2023-11-06T13:53:15.794+0000] {processor.py:179} INFO - Processing /opt/airflow/dags/elastic_fetch.py took 0.262 seconds
[2023-11-06T13:53:19.569+0000] {processor.py:157} INFO - Started process (PID=214) to work on /opt/airflow/dags/elastic_fetch.py
[2023-11-06T13:53:19.570+0000] {processor.py:829} INFO - Processing file /opt/airflow/dags/elastic_fetch.py for tasks to queue
[2023-11-06T13:53:19.573+0000] {logging_mixin.py:151} INFO - [2023-11-06T13:53:19.573+0000] {dagbag.py:536} INFO - Filling up the DagBag from /opt/airflow/dags/elastic_fetch.py
[2023-11-06T13:53:19.576+0000] {logging_mixin.py:151} INFO - [2023-11-06T13:53:19.575+0000] {dagbag.py:346} ERROR - Failed to import: /opt/airflow/dags/elastic_fetch.py
Traceback (most recent call last):
  File "/home/airflow/.local/lib/python3.8/site-packages/airflow/models/dagbag.py", line 342, in parse
    loader.exec_module(new_module)
  File "<frozen importlib._bootstrap_external>", line 839, in exec_module
  File "<frozen importlib._bootstrap_external>", line 976, in get_code
  File "<frozen importlib._bootstrap_external>", line 906, in source_to_code
  File "<frozen importlib._bootstrap>", line 219, in _call_with_frames_removed
  File "/opt/airflow/dags/elastic_fetch.py", line 78
    dag=dag,
    ^
SyntaxError: invalid syntax
[2023-11-06T13:53:19.577+0000] {processor.py:841} WARNING - No viable dags retrieved from /opt/airflow/dags/elastic_fetch.py
[2023-11-06T13:53:19.607+0000] {processor.py:179} INFO - Processing /opt/airflow/dags/elastic_fetch.py took 0.044 seconds
[2023-11-06T13:53:49.736+0000] {processor.py:157} INFO - Started process (PID=224) to work on /opt/airflow/dags/elastic_fetch.py
[2023-11-06T13:53:49.738+0000] {processor.py:829} INFO - Processing file /opt/airflow/dags/elastic_fetch.py for tasks to queue
[2023-11-06T13:53:49.740+0000] {logging_mixin.py:151} INFO - [2023-11-06T13:53:49.739+0000] {dagbag.py:536} INFO - Filling up the DagBag from /opt/airflow/dags/elastic_fetch.py
[2023-11-06T13:53:49.745+0000] {logging_mixin.py:151} INFO - [2023-11-06T13:53:49.743+0000] {dagbag.py:346} ERROR - Failed to import: /opt/airflow/dags/elastic_fetch.py
Traceback (most recent call last):
  File "/home/airflow/.local/lib/python3.8/site-packages/airflow/models/dagbag.py", line 342, in parse
    loader.exec_module(new_module)
  File "<frozen importlib._bootstrap_external>", line 839, in exec_module
  File "<frozen importlib._bootstrap_external>", line 976, in get_code
  File "<frozen importlib._bootstrap_external>", line 906, in source_to_code
  File "<frozen importlib._bootstrap>", line 219, in _call_with_frames_removed
  File "/opt/airflow/dags/elastic_fetch.py", line 78
    dag=dag,
    ^
SyntaxError: invalid syntax
[2023-11-06T13:53:49.745+0000] {processor.py:841} WARNING - No viable dags retrieved from /opt/airflow/dags/elastic_fetch.py
[2023-11-06T13:53:49.781+0000] {processor.py:179} INFO - Processing /opt/airflow/dags/elastic_fetch.py took 0.051 seconds
[2023-11-06T13:54:05.978+0000] {processor.py:157} INFO - Started process (PID=227) to work on /opt/airflow/dags/elastic_fetch.py
[2023-11-06T13:54:05.980+0000] {processor.py:829} INFO - Processing file /opt/airflow/dags/elastic_fetch.py for tasks to queue
[2023-11-06T13:54:05.983+0000] {logging_mixin.py:151} INFO - [2023-11-06T13:54:05.981+0000] {dagbag.py:536} INFO - Filling up the DagBag from /opt/airflow/dags/elastic_fetch.py
[2023-11-06T13:54:06.371+0000] {logging_mixin.py:151} INFO - [2023-11-06T13:54:06.364+0000] {dagbag.py:346} ERROR - Failed to import: /opt/airflow/dags/elastic_fetch.py
Traceback (most recent call last):
  File "/home/airflow/.local/lib/python3.8/site-packages/airflow/models/dagbag.py", line 342, in parse
    loader.exec_module(new_module)
  File "<frozen importlib._bootstrap_external>", line 843, in exec_module
  File "<frozen importlib._bootstrap>", line 219, in _call_with_frames_removed
  File "/opt/airflow/dags/elastic_fetch.py", line 70, in <module>
    load_task = DockerOperator(
  File "/home/airflow/.local/lib/python3.8/site-packages/airflow/models/baseoperator.py", line 437, in apply_defaults
    result = func(self, **kwargs, default_args=default_args)
  File "/home/airflow/.local/lib/python3.8/site-packages/airflow/providers/docker/operators/docker.py", line 230, in __init__
    super().__init__(**kwargs)
  File "/home/airflow/.local/lib/python3.8/site-packages/airflow/models/baseoperator.py", line 437, in apply_defaults
    result = func(self, **kwargs, default_args=default_args)
  File "/home/airflow/.local/lib/python3.8/site-packages/airflow/models/baseoperator.py", line 794, in __init__
    raise AirflowException(
airflow.exceptions.AirflowException: Invalid arguments were passed to DockerOperator (task_id: load_data_to_logstash). Invalid arguments were:
**kwargs: {'depends_on': ['elasticsearch']}
[2023-11-06T13:54:06.372+0000] {processor.py:841} WARNING - No viable dags retrieved from /opt/airflow/dags/elastic_fetch.py
[2023-11-06T13:54:06.541+0000] {processor.py:179} INFO - Processing /opt/airflow/dags/elastic_fetch.py took 0.600 seconds
[2023-11-06T13:54:07.577+0000] {processor.py:157} INFO - Started process (PID=228) to work on /opt/airflow/dags/elastic_fetch.py
[2023-11-06T13:54:07.577+0000] {processor.py:829} INFO - Processing file /opt/airflow/dags/elastic_fetch.py for tasks to queue
[2023-11-06T13:54:07.579+0000] {logging_mixin.py:151} INFO - [2023-11-06T13:54:07.578+0000] {dagbag.py:536} INFO - Filling up the DagBag from /opt/airflow/dags/elastic_fetch.py
[2023-11-06T13:54:07.744+0000] {logging_mixin.py:151} INFO - [2023-11-06T13:54:07.742+0000] {dagbag.py:346} ERROR - Failed to import: /opt/airflow/dags/elastic_fetch.py
Traceback (most recent call last):
  File "/home/airflow/.local/lib/python3.8/site-packages/airflow/models/dagbag.py", line 342, in parse
    loader.exec_module(new_module)
  File "<frozen importlib._bootstrap_external>", line 843, in exec_module
  File "<frozen importlib._bootstrap>", line 219, in _call_with_frames_removed
  File "/opt/airflow/dags/elastic_fetch.py", line 70, in <module>
    load_task = DockerOperator(
  File "/home/airflow/.local/lib/python3.8/site-packages/airflow/models/baseoperator.py", line 437, in apply_defaults
    result = func(self, **kwargs, default_args=default_args)
  File "/home/airflow/.local/lib/python3.8/site-packages/airflow/providers/docker/operators/docker.py", line 230, in __init__
    super().__init__(**kwargs)
  File "/home/airflow/.local/lib/python3.8/site-packages/airflow/models/baseoperator.py", line 437, in apply_defaults
    result = func(self, **kwargs, default_args=default_args)
  File "/home/airflow/.local/lib/python3.8/site-packages/airflow/models/baseoperator.py", line 794, in __init__
    raise AirflowException(
airflow.exceptions.AirflowException: Invalid arguments were passed to DockerOperator (task_id: load_data_to_logstash). Invalid arguments were:
**kwargs: {'depends_on': ['elasticsearch']}
[2023-11-06T13:54:07.745+0000] {processor.py:841} WARNING - No viable dags retrieved from /opt/airflow/dags/elastic_fetch.py
[2023-11-06T13:54:07.880+0000] {processor.py:179} INFO - Processing /opt/airflow/dags/elastic_fetch.py took 0.308 seconds
[2023-11-06T13:54:08.589+0000] {processor.py:157} INFO - Started process (PID=229) to work on /opt/airflow/dags/elastic_fetch.py
[2023-11-06T13:54:08.590+0000] {processor.py:829} INFO - Processing file /opt/airflow/dags/elastic_fetch.py for tasks to queue
[2023-11-06T13:54:08.591+0000] {logging_mixin.py:151} INFO - [2023-11-06T13:54:08.590+0000] {dagbag.py:536} INFO - Filling up the DagBag from /opt/airflow/dags/elastic_fetch.py
[2023-11-06T13:54:08.764+0000] {logging_mixin.py:151} INFO - [2023-11-06T13:54:08.760+0000] {dagbag.py:346} ERROR - Failed to import: /opt/airflow/dags/elastic_fetch.py
Traceback (most recent call last):
  File "/home/airflow/.local/lib/python3.8/site-packages/airflow/models/dagbag.py", line 342, in parse
    loader.exec_module(new_module)
  File "<frozen importlib._bootstrap_external>", line 843, in exec_module
  File "<frozen importlib._bootstrap>", line 219, in _call_with_frames_removed
  File "/opt/airflow/dags/elastic_fetch.py", line 70, in <module>
    load_task = DockerOperator(
  File "/home/airflow/.local/lib/python3.8/site-packages/airflow/models/baseoperator.py", line 437, in apply_defaults
    result = func(self, **kwargs, default_args=default_args)
  File "/home/airflow/.local/lib/python3.8/site-packages/airflow/providers/docker/operators/docker.py", line 230, in __init__
    super().__init__(**kwargs)
  File "/home/airflow/.local/lib/python3.8/site-packages/airflow/models/baseoperator.py", line 437, in apply_defaults
    result = func(self, **kwargs, default_args=default_args)
  File "/home/airflow/.local/lib/python3.8/site-packages/airflow/models/baseoperator.py", line 794, in __init__
    raise AirflowException(
airflow.exceptions.AirflowException: Invalid arguments were passed to DockerOperator (task_id: load_data_to_logstash). Invalid arguments were:
**kwargs: {'depends_on': ['elasticsearch']}
[2023-11-06T13:54:08.767+0000] {processor.py:841} WARNING - No viable dags retrieved from /opt/airflow/dags/elastic_fetch.py
[2023-11-06T13:54:08.806+0000] {processor.py:179} INFO - Processing /opt/airflow/dags/elastic_fetch.py took 0.222 seconds
[2023-11-06T13:54:15.022+0000] {processor.py:157} INFO - Started process (PID=230) to work on /opt/airflow/dags/elastic_fetch.py
[2023-11-06T13:54:15.027+0000] {processor.py:829} INFO - Processing file /opt/airflow/dags/elastic_fetch.py for tasks to queue
[2023-11-06T13:54:15.033+0000] {logging_mixin.py:151} INFO - [2023-11-06T13:54:15.028+0000] {dagbag.py:536} INFO - Filling up the DagBag from /opt/airflow/dags/elastic_fetch.py
[2023-11-06T13:54:15.071+0000] {logging_mixin.py:151} INFO - [2023-11-06T13:54:15.069+0000] {dagbag.py:346} ERROR - Failed to import: /opt/airflow/dags/elastic_fetch.py
Traceback (most recent call last):
  File "/home/airflow/.local/lib/python3.8/site-packages/airflow/models/dagbag.py", line 342, in parse
    loader.exec_module(new_module)
  File "<frozen importlib._bootstrap_external>", line 839, in exec_module
  File "<frozen importlib._bootstrap_external>", line 976, in get_code
  File "<frozen importlib._bootstrap_external>", line 906, in source_to_code
  File "<frozen importlib._bootstrap>", line 219, in _call_with_frames_removed
  File "/opt/airflow/dags/elastic_fetch.py", line 79
    dag=dag,
    ^
SyntaxError: invalid syntax
[2023-11-06T13:54:15.071+0000] {processor.py:841} WARNING - No viable dags retrieved from /opt/airflow/dags/elastic_fetch.py
[2023-11-06T13:54:15.126+0000] {processor.py:179} INFO - Processing /opt/airflow/dags/elastic_fetch.py took 0.195 seconds
[2023-11-06T13:54:16.184+0000] {processor.py:157} INFO - Started process (PID=239) to work on /opt/airflow/dags/elastic_fetch.py
[2023-11-06T13:54:16.190+0000] {processor.py:829} INFO - Processing file /opt/airflow/dags/elastic_fetch.py for tasks to queue
[2023-11-06T13:54:16.194+0000] {logging_mixin.py:151} INFO - [2023-11-06T13:54:16.192+0000] {dagbag.py:536} INFO - Filling up the DagBag from /opt/airflow/dags/elastic_fetch.py
[2023-11-06T13:54:16.205+0000] {logging_mixin.py:151} INFO - [2023-11-06T13:54:16.204+0000] {dagbag.py:346} ERROR - Failed to import: /opt/airflow/dags/elastic_fetch.py
Traceback (most recent call last):
  File "/home/airflow/.local/lib/python3.8/site-packages/airflow/models/dagbag.py", line 342, in parse
    loader.exec_module(new_module)
  File "<frozen importlib._bootstrap_external>", line 839, in exec_module
  File "<frozen importlib._bootstrap_external>", line 976, in get_code
  File "<frozen importlib._bootstrap_external>", line 906, in source_to_code
  File "<frozen importlib._bootstrap>", line 219, in _call_with_frames_removed
  File "/opt/airflow/dags/elastic_fetch.py", line 79
    dag=dag,
       ^
SyntaxError: invalid syntax
[2023-11-06T13:54:16.206+0000] {processor.py:841} WARNING - No viable dags retrieved from /opt/airflow/dags/elastic_fetch.py
[2023-11-06T13:54:16.306+0000] {processor.py:179} INFO - Processing /opt/airflow/dags/elastic_fetch.py took 0.148 seconds
[2023-11-06T13:54:18.211+0000] {processor.py:157} INFO - Started process (PID=240) to work on /opt/airflow/dags/elastic_fetch.py
[2023-11-06T13:54:18.218+0000] {processor.py:829} INFO - Processing file /opt/airflow/dags/elastic_fetch.py for tasks to queue
[2023-11-06T13:54:18.224+0000] {logging_mixin.py:151} INFO - [2023-11-06T13:54:18.221+0000] {dagbag.py:536} INFO - Filling up the DagBag from /opt/airflow/dags/elastic_fetch.py
[2023-11-06T13:54:18.978+0000] {logging_mixin.py:151} INFO - [2023-11-06T13:54:18.947+0000] {dagbag.py:346} ERROR - Failed to import: /opt/airflow/dags/elastic_fetch.py
Traceback (most recent call last):
  File "/home/airflow/.local/lib/python3.8/site-packages/airflow/models/dagbag.py", line 342, in parse
    loader.exec_module(new_module)
  File "<frozen importlib._bootstrap_external>", line 843, in exec_module
  File "<frozen importlib._bootstrap>", line 219, in _call_with_frames_removed
  File "/opt/airflow/dags/elastic_fetch.py", line 70, in <module>
    load_task = DockerOperator(
  File "/home/airflow/.local/lib/python3.8/site-packages/airflow/models/baseoperator.py", line 437, in apply_defaults
    result = func(self, **kwargs, default_args=default_args)
  File "/home/airflow/.local/lib/python3.8/site-packages/airflow/providers/docker/operators/docker.py", line 230, in __init__
    super().__init__(**kwargs)
  File "/home/airflow/.local/lib/python3.8/site-packages/airflow/models/baseoperator.py", line 437, in apply_defaults
    result = func(self, **kwargs, default_args=default_args)
  File "/home/airflow/.local/lib/python3.8/site-packages/airflow/models/baseoperator.py", line 794, in __init__
    raise AirflowException(
airflow.exceptions.AirflowException: Invalid arguments were passed to DockerOperator (task_id: load_data_to_logstash). Invalid arguments were:
**kwargs: {'depends_on': ['elasticsearch']}
[2023-11-06T13:54:18.979+0000] {processor.py:841} WARNING - No viable dags retrieved from /opt/airflow/dags/elastic_fetch.py
[2023-11-06T13:54:19.118+0000] {processor.py:179} INFO - Processing /opt/airflow/dags/elastic_fetch.py took 0.940 seconds
[2023-11-06T13:54:19.806+0000] {processor.py:157} INFO - Started process (PID=241) to work on /opt/airflow/dags/elastic_fetch.py
[2023-11-06T13:54:19.807+0000] {processor.py:829} INFO - Processing file /opt/airflow/dags/elastic_fetch.py for tasks to queue
[2023-11-06T13:54:19.809+0000] {logging_mixin.py:151} INFO - [2023-11-06T13:54:19.808+0000] {dagbag.py:536} INFO - Filling up the DagBag from /opt/airflow/dags/elastic_fetch.py
[2023-11-06T13:54:20.726+0000] {logging_mixin.py:151} INFO - [2023-11-06T13:54:20.723+0000] {dagbag.py:346} ERROR - Failed to import: /opt/airflow/dags/elastic_fetch.py
Traceback (most recent call last):
  File "/home/airflow/.local/lib/python3.8/site-packages/airflow/models/dagbag.py", line 342, in parse
    loader.exec_module(new_module)
  File "<frozen importlib._bootstrap_external>", line 843, in exec_module
  File "<frozen importlib._bootstrap>", line 219, in _call_with_frames_removed
  File "/opt/airflow/dags/elastic_fetch.py", line 70, in <module>
    load_task = DockerOperator(
  File "/home/airflow/.local/lib/python3.8/site-packages/airflow/models/baseoperator.py", line 437, in apply_defaults
    result = func(self, **kwargs, default_args=default_args)
  File "/home/airflow/.local/lib/python3.8/site-packages/airflow/providers/docker/operators/docker.py", line 230, in __init__
    super().__init__(**kwargs)
  File "/home/airflow/.local/lib/python3.8/site-packages/airflow/models/baseoperator.py", line 437, in apply_defaults
    result = func(self, **kwargs, default_args=default_args)
  File "/home/airflow/.local/lib/python3.8/site-packages/airflow/models/baseoperator.py", line 794, in __init__
    raise AirflowException(
airflow.exceptions.AirflowException: Invalid arguments were passed to DockerOperator (task_id: load_data_to_logstash). Invalid arguments were:
**kwargs: {'depends_on': ['elasticsearch']}
[2023-11-06T13:54:20.727+0000] {processor.py:841} WARNING - No viable dags retrieved from /opt/airflow/dags/elastic_fetch.py
[2023-11-06T13:54:20.810+0000] {processor.py:179} INFO - Processing /opt/airflow/dags/elastic_fetch.py took 1.103 seconds
[2023-11-06T13:54:22.388+0000] {processor.py:157} INFO - Started process (PID=243) to work on /opt/airflow/dags/elastic_fetch.py
[2023-11-06T13:54:22.394+0000] {processor.py:829} INFO - Processing file /opt/airflow/dags/elastic_fetch.py for tasks to queue
[2023-11-06T13:54:22.397+0000] {logging_mixin.py:151} INFO - [2023-11-06T13:54:22.397+0000] {dagbag.py:536} INFO - Filling up the DagBag from /opt/airflow/dags/elastic_fetch.py
[2023-11-06T13:54:22.794+0000] {logging_mixin.py:151} INFO - [2023-11-06T13:54:22.791+0000] {dagbag.py:346} ERROR - Failed to import: /opt/airflow/dags/elastic_fetch.py
Traceback (most recent call last):
  File "/home/airflow/.local/lib/python3.8/site-packages/airflow/models/dagbag.py", line 342, in parse
    loader.exec_module(new_module)
  File "<frozen importlib._bootstrap_external>", line 843, in exec_module
  File "<frozen importlib._bootstrap>", line 219, in _call_with_frames_removed
  File "/opt/airflow/dags/elastic_fetch.py", line 70, in <module>
    load_task = DockerOperator(
  File "/home/airflow/.local/lib/python3.8/site-packages/airflow/models/baseoperator.py", line 437, in apply_defaults
    result = func(self, **kwargs, default_args=default_args)
  File "/home/airflow/.local/lib/python3.8/site-packages/airflow/providers/docker/operators/docker.py", line 230, in __init__
    super().__init__(**kwargs)
  File "/home/airflow/.local/lib/python3.8/site-packages/airflow/models/baseoperator.py", line 437, in apply_defaults
    result = func(self, **kwargs, default_args=default_args)
  File "/home/airflow/.local/lib/python3.8/site-packages/airflow/models/baseoperator.py", line 794, in __init__
    raise AirflowException(
airflow.exceptions.AirflowException: Invalid arguments were passed to DockerOperator (task_id: load_data_to_logstash). Invalid arguments were:
**kwargs: {'depends_on': ['elasticsearch']}
[2023-11-06T13:54:22.795+0000] {processor.py:841} WARNING - No viable dags retrieved from /opt/airflow/dags/elastic_fetch.py
[2023-11-06T13:54:22.842+0000] {processor.py:179} INFO - Processing /opt/airflow/dags/elastic_fetch.py took 0.463 seconds
[2023-11-06T13:54:25.912+0000] {processor.py:157} INFO - Started process (PID=245) to work on /opt/airflow/dags/elastic_fetch.py
[2023-11-06T13:54:25.914+0000] {processor.py:829} INFO - Processing file /opt/airflow/dags/elastic_fetch.py for tasks to queue
[2023-11-06T13:54:25.916+0000] {logging_mixin.py:151} INFO - [2023-11-06T13:54:25.915+0000] {dagbag.py:536} INFO - Filling up the DagBag from /opt/airflow/dags/elastic_fetch.py
[2023-11-06T13:54:26.141+0000] {logging_mixin.py:151} INFO - [2023-11-06T13:54:26.138+0000] {dagbag.py:346} ERROR - Failed to import: /opt/airflow/dags/elastic_fetch.py
Traceback (most recent call last):
  File "/home/airflow/.local/lib/python3.8/site-packages/airflow/models/dagbag.py", line 342, in parse
    loader.exec_module(new_module)
  File "<frozen importlib._bootstrap_external>", line 843, in exec_module
  File "<frozen importlib._bootstrap>", line 219, in _call_with_frames_removed
  File "/opt/airflow/dags/elastic_fetch.py", line 70, in <module>
    load_task = DockerOperator(
  File "/home/airflow/.local/lib/python3.8/site-packages/airflow/models/baseoperator.py", line 437, in apply_defaults
    result = func(self, **kwargs, default_args=default_args)
  File "/home/airflow/.local/lib/python3.8/site-packages/airflow/providers/docker/operators/docker.py", line 230, in __init__
    super().__init__(**kwargs)
  File "/home/airflow/.local/lib/python3.8/site-packages/airflow/models/baseoperator.py", line 437, in apply_defaults
    result = func(self, **kwargs, default_args=default_args)
  File "/home/airflow/.local/lib/python3.8/site-packages/airflow/models/baseoperator.py", line 794, in __init__
    raise AirflowException(
airflow.exceptions.AirflowException: Invalid arguments were passed to DockerOperator (task_id: load_data_to_logstash). Invalid arguments were:
**kwargs: {'depends_on': ['elasticsearch'], 'xcom_push': True}
[2023-11-06T13:54:26.142+0000] {processor.py:841} WARNING - No viable dags retrieved from /opt/airflow/dags/elastic_fetch.py
[2023-11-06T13:54:26.184+0000] {processor.py:179} INFO - Processing /opt/airflow/dags/elastic_fetch.py took 0.277 seconds
[2023-11-06T13:54:26.986+0000] {processor.py:157} INFO - Started process (PID=246) to work on /opt/airflow/dags/elastic_fetch.py
[2023-11-06T13:54:26.987+0000] {processor.py:829} INFO - Processing file /opt/airflow/dags/elastic_fetch.py for tasks to queue
[2023-11-06T13:54:26.988+0000] {logging_mixin.py:151} INFO - [2023-11-06T13:54:26.988+0000] {dagbag.py:536} INFO - Filling up the DagBag from /opt/airflow/dags/elastic_fetch.py
[2023-11-06T13:54:27.172+0000] {logging_mixin.py:151} INFO - [2023-11-06T13:54:27.170+0000] {dagbag.py:346} ERROR - Failed to import: /opt/airflow/dags/elastic_fetch.py
Traceback (most recent call last):
  File "/home/airflow/.local/lib/python3.8/site-packages/airflow/models/dagbag.py", line 342, in parse
    loader.exec_module(new_module)
  File "<frozen importlib._bootstrap_external>", line 843, in exec_module
  File "<frozen importlib._bootstrap>", line 219, in _call_with_frames_removed
  File "/opt/airflow/dags/elastic_fetch.py", line 70, in <module>
    load_task = DockerOperator(
  File "/home/airflow/.local/lib/python3.8/site-packages/airflow/models/baseoperator.py", line 437, in apply_defaults
    result = func(self, **kwargs, default_args=default_args)
  File "/home/airflow/.local/lib/python3.8/site-packages/airflow/providers/docker/operators/docker.py", line 230, in __init__
    super().__init__(**kwargs)
  File "/home/airflow/.local/lib/python3.8/site-packages/airflow/models/baseoperator.py", line 437, in apply_defaults
    result = func(self, **kwargs, default_args=default_args)
  File "/home/airflow/.local/lib/python3.8/site-packages/airflow/models/baseoperator.py", line 794, in __init__
    raise AirflowException(
airflow.exceptions.AirflowException: Invalid arguments were passed to DockerOperator (task_id: load_data_to_logstash). Invalid arguments were:
**kwargs: {'depends_on': ['elasticsearch'], 'xcom_push': True}
[2023-11-06T13:54:27.172+0000] {processor.py:841} WARNING - No viable dags retrieved from /opt/airflow/dags/elastic_fetch.py
[2023-11-06T13:54:27.201+0000] {processor.py:179} INFO - Processing /opt/airflow/dags/elastic_fetch.py took 0.218 seconds
[2023-11-06T13:54:30.282+0000] {processor.py:157} INFO - Started process (PID=247) to work on /opt/airflow/dags/elastic_fetch.py
[2023-11-06T13:54:30.283+0000] {processor.py:829} INFO - Processing file /opt/airflow/dags/elastic_fetch.py for tasks to queue
[2023-11-06T13:54:30.294+0000] {logging_mixin.py:151} INFO - [2023-11-06T13:54:30.286+0000] {dagbag.py:536} INFO - Filling up the DagBag from /opt/airflow/dags/elastic_fetch.py
[2023-11-06T13:54:30.707+0000] {logging_mixin.py:151} INFO - [2023-11-06T13:54:30.704+0000] {dagbag.py:346} ERROR - Failed to import: /opt/airflow/dags/elastic_fetch.py
Traceback (most recent call last):
  File "/home/airflow/.local/lib/python3.8/site-packages/airflow/models/dagbag.py", line 342, in parse
    loader.exec_module(new_module)
  File "<frozen importlib._bootstrap_external>", line 843, in exec_module
  File "<frozen importlib._bootstrap>", line 219, in _call_with_frames_removed
  File "/opt/airflow/dags/elastic_fetch.py", line 70, in <module>
    load_task = DockerOperator(
  File "/home/airflow/.local/lib/python3.8/site-packages/airflow/models/baseoperator.py", line 437, in apply_defaults
    result = func(self, **kwargs, default_args=default_args)
  File "/home/airflow/.local/lib/python3.8/site-packages/airflow/providers/docker/operators/docker.py", line 230, in __init__
    super().__init__(**kwargs)
  File "/home/airflow/.local/lib/python3.8/site-packages/airflow/models/baseoperator.py", line 437, in apply_defaults
    result = func(self, **kwargs, default_args=default_args)
  File "/home/airflow/.local/lib/python3.8/site-packages/airflow/models/baseoperator.py", line 794, in __init__
    raise AirflowException(
airflow.exceptions.AirflowException: Invalid arguments were passed to DockerOperator (task_id: load_data_to_logstash). Invalid arguments were:
**kwargs: {'depends_on': ['elasticsearch'], 'xcom_push': True}
[2023-11-06T13:54:30.707+0000] {processor.py:841} WARNING - No viable dags retrieved from /opt/airflow/dags/elastic_fetch.py
[2023-11-06T13:54:30.739+0000] {processor.py:179} INFO - Processing /opt/airflow/dags/elastic_fetch.py took 0.467 seconds
[2023-11-06T13:54:40.827+0000] {processor.py:157} INFO - Started process (PID=248) to work on /opt/airflow/dags/elastic_fetch.py
[2023-11-06T13:54:40.829+0000] {processor.py:829} INFO - Processing file /opt/airflow/dags/elastic_fetch.py for tasks to queue
[2023-11-06T13:54:40.831+0000] {logging_mixin.py:151} INFO - [2023-11-06T13:54:40.830+0000] {dagbag.py:536} INFO - Filling up the DagBag from /opt/airflow/dags/elastic_fetch.py
[2023-11-06T13:54:41.119+0000] {logging_mixin.py:151} INFO - [2023-11-06T13:54:41.117+0000] {dagbag.py:346} ERROR - Failed to import: /opt/airflow/dags/elastic_fetch.py
Traceback (most recent call last):
  File "/home/airflow/.local/lib/python3.8/site-packages/airflow/models/dagbag.py", line 342, in parse
    loader.exec_module(new_module)
  File "<frozen importlib._bootstrap_external>", line 843, in exec_module
  File "<frozen importlib._bootstrap>", line 219, in _call_with_frames_removed
  File "/opt/airflow/dags/elastic_fetch.py", line 70, in <module>
    load_task = DockerOperator(
  File "/home/airflow/.local/lib/python3.8/site-packages/airflow/models/baseoperator.py", line 437, in apply_defaults
    result = func(self, **kwargs, default_args=default_args)
  File "/home/airflow/.local/lib/python3.8/site-packages/airflow/providers/docker/operators/docker.py", line 230, in __init__
    super().__init__(**kwargs)
  File "/home/airflow/.local/lib/python3.8/site-packages/airflow/models/baseoperator.py", line 437, in apply_defaults
    result = func(self, **kwargs, default_args=default_args)
  File "/home/airflow/.local/lib/python3.8/site-packages/airflow/models/baseoperator.py", line 794, in __init__
    raise AirflowException(
airflow.exceptions.AirflowException: Invalid arguments were passed to DockerOperator (task_id: load_data_to_logstash). Invalid arguments were:
**kwargs: {'depends_on': ['elasticsearch'], 'xcom_push': True}
[2023-11-06T13:54:41.119+0000] {processor.py:841} WARNING - No viable dags retrieved from /opt/airflow/dags/elastic_fetch.py
[2023-11-06T13:54:41.166+0000] {processor.py:179} INFO - Processing /opt/airflow/dags/elastic_fetch.py took 0.348 seconds
[2023-11-06T13:55:05.458+0000] {processor.py:157} INFO - Started process (PID=258) to work on /opt/airflow/dags/elastic_fetch.py
[2023-11-06T13:55:05.460+0000] {processor.py:829} INFO - Processing file /opt/airflow/dags/elastic_fetch.py for tasks to queue
[2023-11-06T13:55:05.461+0000] {logging_mixin.py:151} INFO - [2023-11-06T13:55:05.461+0000] {dagbag.py:536} INFO - Filling up the DagBag from /opt/airflow/dags/elastic_fetch.py
[2023-11-06T13:55:05.622+0000] {logging_mixin.py:151} INFO - [2023-11-06T13:55:05.619+0000] {dagbag.py:346} ERROR - Failed to import: /opt/airflow/dags/elastic_fetch.py
Traceback (most recent call last):
  File "/home/airflow/.local/lib/python3.8/site-packages/airflow/models/dagbag.py", line 342, in parse
    loader.exec_module(new_module)
  File "<frozen importlib._bootstrap_external>", line 843, in exec_module
  File "<frozen importlib._bootstrap>", line 219, in _call_with_frames_removed
  File "/opt/airflow/dags/elastic_fetch.py", line 70, in <module>
    load_task = DockerOperator(
  File "/home/airflow/.local/lib/python3.8/site-packages/airflow/models/baseoperator.py", line 437, in apply_defaults
    result = func(self, **kwargs, default_args=default_args)
  File "/home/airflow/.local/lib/python3.8/site-packages/airflow/providers/docker/operators/docker.py", line 230, in __init__
    super().__init__(**kwargs)
  File "/home/airflow/.local/lib/python3.8/site-packages/airflow/models/baseoperator.py", line 437, in apply_defaults
    result = func(self, **kwargs, default_args=default_args)
  File "/home/airflow/.local/lib/python3.8/site-packages/airflow/models/baseoperator.py", line 794, in __init__
    raise AirflowException(
airflow.exceptions.AirflowException: Invalid arguments were passed to DockerOperator (task_id: load_data_to_logstash). Invalid arguments were:
**kwargs: {'xcom_push': True}
[2023-11-06T13:55:05.622+0000] {processor.py:841} WARNING - No viable dags retrieved from /opt/airflow/dags/elastic_fetch.py
[2023-11-06T13:55:05.653+0000] {processor.py:179} INFO - Processing /opt/airflow/dags/elastic_fetch.py took 0.198 seconds
[2023-11-06T13:55:22.595+0000] {processor.py:157} INFO - Started process (PID=266) to work on /opt/airflow/dags/elastic_fetch.py
[2023-11-06T13:55:22.596+0000] {processor.py:829} INFO - Processing file /opt/airflow/dags/elastic_fetch.py for tasks to queue
[2023-11-06T13:55:22.597+0000] {logging_mixin.py:151} INFO - [2023-11-06T13:55:22.597+0000] {dagbag.py:536} INFO - Filling up the DagBag from /opt/airflow/dags/elastic_fetch.py
[2023-11-06T13:55:22.741+0000] {processor.py:839} INFO - DAG(s) dict_keys(['traffic_data_3']) retrieved from /opt/airflow/dags/elastic_fetch.py
[2023-11-06T13:55:23.263+0000] {logging_mixin.py:151} INFO - [2023-11-06T13:55:23.262+0000] {dag.py:2941} INFO - Sync 1 DAGs
[2023-11-06T13:55:23.303+0000] {logging_mixin.py:151} INFO - [2023-11-06T13:55:23.303+0000] {dag.py:3722} INFO - Setting next_dagrun for traffic_data_3 to 2023-11-06T13:54:23.302264+00:00, run_after=2023-11-06T13:55:23.302264+00:00
[2023-11-06T13:55:23.359+0000] {processor.py:179} INFO - Processing /opt/airflow/dags/elastic_fetch.py took 0.767 seconds
[2023-11-06T13:55:24.903+0000] {processor.py:157} INFO - Started process (PID=268) to work on /opt/airflow/dags/elastic_fetch.py
[2023-11-06T13:55:24.909+0000] {processor.py:829} INFO - Processing file /opt/airflow/dags/elastic_fetch.py for tasks to queue
[2023-11-06T13:55:24.912+0000] {logging_mixin.py:151} INFO - [2023-11-06T13:55:24.911+0000] {dagbag.py:536} INFO - Filling up the DagBag from /opt/airflow/dags/elastic_fetch.py
[2023-11-06T13:55:25.145+0000] {processor.py:839} INFO - DAG(s) dict_keys(['traffic_data_3']) retrieved from /opt/airflow/dags/elastic_fetch.py
[2023-11-06T13:55:25.163+0000] {logging_mixin.py:151} INFO - [2023-11-06T13:55:25.162+0000] {dag.py:2941} INFO - Sync 1 DAGs
[2023-11-06T13:55:25.561+0000] {processor.py:179} INFO - Processing /opt/airflow/dags/elastic_fetch.py took 0.669 seconds
[2023-11-06T13:55:26.645+0000] {processor.py:157} INFO - Started process (PID=269) to work on /opt/airflow/dags/elastic_fetch.py
[2023-11-06T13:55:26.648+0000] {processor.py:829} INFO - Processing file /opt/airflow/dags/elastic_fetch.py for tasks to queue
[2023-11-06T13:55:26.650+0000] {logging_mixin.py:151} INFO - [2023-11-06T13:55:26.649+0000] {dagbag.py:536} INFO - Filling up the DagBag from /opt/airflow/dags/elastic_fetch.py
[2023-11-06T13:55:26.927+0000] {processor.py:839} INFO - DAG(s) dict_keys(['traffic_data_3']) retrieved from /opt/airflow/dags/elastic_fetch.py
[2023-11-06T13:55:26.948+0000] {logging_mixin.py:151} INFO - [2023-11-06T13:55:26.948+0000] {dag.py:2941} INFO - Sync 1 DAGs
[2023-11-06T13:55:31.770+0000] {processor.py:179} INFO - Processing /opt/airflow/dags/elastic_fetch.py took 5.141 seconds
[2023-11-06T13:56:02.422+0000] {processor.py:157} INFO - Started process (PID=280) to work on /opt/airflow/dags/elastic_fetch.py
[2023-11-06T13:56:02.424+0000] {processor.py:829} INFO - Processing file /opt/airflow/dags/elastic_fetch.py for tasks to queue
[2023-11-06T13:56:02.426+0000] {logging_mixin.py:151} INFO - [2023-11-06T13:56:02.425+0000] {dagbag.py:536} INFO - Filling up the DagBag from /opt/airflow/dags/elastic_fetch.py
[2023-11-06T13:56:02.606+0000] {processor.py:839} INFO - DAG(s) dict_keys(['traffic_data_3']) retrieved from /opt/airflow/dags/elastic_fetch.py
[2023-11-06T13:56:03.028+0000] {logging_mixin.py:151} INFO - [2023-11-06T13:56:03.027+0000] {dag.py:2941} INFO - Sync 1 DAGs
[2023-11-06T13:56:03.093+0000] {processor.py:179} INFO - Processing /opt/airflow/dags/elastic_fetch.py took 0.679 seconds
[2023-11-06T13:56:04.452+0000] {processor.py:157} INFO - Started process (PID=282) to work on /opt/airflow/dags/elastic_fetch.py
[2023-11-06T13:56:04.453+0000] {processor.py:829} INFO - Processing file /opt/airflow/dags/elastic_fetch.py for tasks to queue
[2023-11-06T13:56:04.454+0000] {logging_mixin.py:151} INFO - [2023-11-06T13:56:04.454+0000] {dagbag.py:536} INFO - Filling up the DagBag from /opt/airflow/dags/elastic_fetch.py
[2023-11-06T13:56:04.578+0000] {processor.py:839} INFO - DAG(s) dict_keys(['traffic_data_3']) retrieved from /opt/airflow/dags/elastic_fetch.py
[2023-11-06T13:56:04.820+0000] {logging_mixin.py:151} INFO - [2023-11-06T13:56:04.819+0000] {dag.py:2941} INFO - Sync 1 DAGs
[2023-11-06T13:56:04.899+0000] {processor.py:179} INFO - Processing /opt/airflow/dags/elastic_fetch.py took 0.451 seconds
[2023-11-06T13:56:07.827+0000] {processor.py:157} INFO - Started process (PID=283) to work on /opt/airflow/dags/elastic_fetch.py
[2023-11-06T13:56:07.828+0000] {processor.py:829} INFO - Processing file /opt/airflow/dags/elastic_fetch.py for tasks to queue
[2023-11-06T13:56:07.829+0000] {logging_mixin.py:151} INFO - [2023-11-06T13:56:07.829+0000] {dagbag.py:536} INFO - Filling up the DagBag from /opt/airflow/dags/elastic_fetch.py
[2023-11-06T13:56:08.058+0000] {processor.py:839} INFO - DAG(s) dict_keys(['traffic_data_3']) retrieved from /opt/airflow/dags/elastic_fetch.py
[2023-11-06T13:56:08.483+0000] {logging_mixin.py:151} INFO - [2023-11-06T13:56:08.483+0000] {dag.py:2941} INFO - Sync 1 DAGs
[2023-11-06T13:56:08.603+0000] {processor.py:179} INFO - Processing /opt/airflow/dags/elastic_fetch.py took 0.782 seconds
[2023-11-06T13:56:39.067+0000] {processor.py:157} INFO - Started process (PID=293) to work on /opt/airflow/dags/elastic_fetch.py
[2023-11-06T13:56:39.069+0000] {processor.py:829} INFO - Processing file /opt/airflow/dags/elastic_fetch.py for tasks to queue
[2023-11-06T13:56:39.070+0000] {logging_mixin.py:151} INFO - [2023-11-06T13:56:39.070+0000] {dagbag.py:536} INFO - Filling up the DagBag from /opt/airflow/dags/elastic_fetch.py
[2023-11-06T13:56:39.206+0000] {processor.py:839} INFO - DAG(s) dict_keys(['traffic_data_3']) retrieved from /opt/airflow/dags/elastic_fetch.py
[2023-11-06T13:56:39.245+0000] {logging_mixin.py:151} INFO - [2023-11-06T13:56:39.244+0000] {dag.py:2941} INFO - Sync 1 DAGs
[2023-11-06T13:56:39.323+0000] {processor.py:179} INFO - Processing /opt/airflow/dags/elastic_fetch.py took 0.259 seconds
[2023-11-06T13:56:40.194+0000] {processor.py:157} INFO - Started process (PID=294) to work on /opt/airflow/dags/elastic_fetch.py
[2023-11-06T13:56:40.195+0000] {processor.py:829} INFO - Processing file /opt/airflow/dags/elastic_fetch.py for tasks to queue
[2023-11-06T13:56:40.196+0000] {logging_mixin.py:151} INFO - [2023-11-06T13:56:40.196+0000] {dagbag.py:536} INFO - Filling up the DagBag from /opt/airflow/dags/elastic_fetch.py
[2023-11-06T13:56:40.379+0000] {processor.py:839} INFO - DAG(s) dict_keys(['traffic_data_3']) retrieved from /opt/airflow/dags/elastic_fetch.py
[2023-11-06T13:56:40.435+0000] {logging_mixin.py:151} INFO - [2023-11-06T13:56:40.434+0000] {dag.py:2941} INFO - Sync 1 DAGs
[2023-11-06T13:56:40.522+0000] {processor.py:179} INFO - Processing /opt/airflow/dags/elastic_fetch.py took 0.333 seconds
[2023-11-06T13:56:50.629+0000] {processor.py:157} INFO - Started process (PID=302) to work on /opt/airflow/dags/elastic_fetch.py
[2023-11-06T13:56:50.631+0000] {processor.py:829} INFO - Processing file /opt/airflow/dags/elastic_fetch.py for tasks to queue
[2023-11-06T13:56:50.634+0000] {logging_mixin.py:151} INFO - [2023-11-06T13:56:50.633+0000] {dagbag.py:536} INFO - Filling up the DagBag from /opt/airflow/dags/elastic_fetch.py
[2023-11-06T13:56:50.824+0000] {processor.py:839} INFO - DAG(s) dict_keys(['traffic_data_3']) retrieved from /opt/airflow/dags/elastic_fetch.py
[2023-11-06T13:56:50.871+0000] {logging_mixin.py:151} INFO - [2023-11-06T13:56:50.871+0000] {dag.py:2941} INFO - Sync 1 DAGs
[2023-11-06T13:56:50.953+0000] {processor.py:179} INFO - Processing /opt/airflow/dags/elastic_fetch.py took 0.328 seconds
[2023-11-06T13:57:21.182+0000] {processor.py:157} INFO - Started process (PID=312) to work on /opt/airflow/dags/elastic_fetch.py
[2023-11-06T13:57:21.184+0000] {processor.py:829} INFO - Processing file /opt/airflow/dags/elastic_fetch.py for tasks to queue
[2023-11-06T13:57:21.185+0000] {logging_mixin.py:151} INFO - [2023-11-06T13:57:21.184+0000] {dagbag.py:536} INFO - Filling up the DagBag from /opt/airflow/dags/elastic_fetch.py
[2023-11-06T13:57:21.456+0000] {processor.py:839} INFO - DAG(s) dict_keys(['traffic_data_3']) retrieved from /opt/airflow/dags/elastic_fetch.py
[2023-11-06T13:57:21.513+0000] {logging_mixin.py:151} INFO - [2023-11-06T13:57:21.512+0000] {dag.py:2941} INFO - Sync 1 DAGs
[2023-11-06T13:57:22.037+0000] {processor.py:179} INFO - Processing /opt/airflow/dags/elastic_fetch.py took 0.861 seconds
[2023-11-06T13:57:52.218+0000] {processor.py:157} INFO - Started process (PID=321) to work on /opt/airflow/dags/elastic_fetch.py
[2023-11-06T13:57:52.220+0000] {processor.py:829} INFO - Processing file /opt/airflow/dags/elastic_fetch.py for tasks to queue
[2023-11-06T13:57:52.222+0000] {logging_mixin.py:151} INFO - [2023-11-06T13:57:52.221+0000] {dagbag.py:536} INFO - Filling up the DagBag from /opt/airflow/dags/elastic_fetch.py
[2023-11-06T13:57:52.503+0000] {processor.py:839} INFO - DAG(s) dict_keys(['traffic_data_3']) retrieved from /opt/airflow/dags/elastic_fetch.py
[2023-11-06T13:57:52.570+0000] {logging_mixin.py:151} INFO - [2023-11-06T13:57:52.569+0000] {dag.py:2941} INFO - Sync 1 DAGs
[2023-11-06T13:57:53.901+0000] {processor.py:179} INFO - Processing /opt/airflow/dags/elastic_fetch.py took 1.691 seconds
[2023-11-06T13:58:24.456+0000] {processor.py:157} INFO - Started process (PID=332) to work on /opt/airflow/dags/elastic_fetch.py
[2023-11-06T13:58:24.456+0000] {processor.py:829} INFO - Processing file /opt/airflow/dags/elastic_fetch.py for tasks to queue
[2023-11-06T13:58:24.457+0000] {logging_mixin.py:151} INFO - [2023-11-06T13:58:24.457+0000] {dagbag.py:536} INFO - Filling up the DagBag from /opt/airflow/dags/elastic_fetch.py
[2023-11-06T13:58:24.585+0000] {processor.py:839} INFO - DAG(s) dict_keys(['traffic_data_3']) retrieved from /opt/airflow/dags/elastic_fetch.py
[2023-11-06T13:58:24.870+0000] {logging_mixin.py:151} INFO - [2023-11-06T13:58:24.870+0000] {dag.py:2941} INFO - Sync 1 DAGs
[2023-11-06T13:58:24.938+0000] {processor.py:179} INFO - Processing /opt/airflow/dags/elastic_fetch.py took 0.487 seconds
[2023-11-06T13:58:55.208+0000] {processor.py:157} INFO - Started process (PID=342) to work on /opt/airflow/dags/elastic_fetch.py
[2023-11-06T13:58:55.212+0000] {processor.py:829} INFO - Processing file /opt/airflow/dags/elastic_fetch.py for tasks to queue
[2023-11-06T13:58:55.213+0000] {logging_mixin.py:151} INFO - [2023-11-06T13:58:55.213+0000] {dagbag.py:536} INFO - Filling up the DagBag from /opt/airflow/dags/elastic_fetch.py
[2023-11-06T13:58:55.388+0000] {processor.py:839} INFO - DAG(s) dict_keys(['traffic_data_3']) retrieved from /opt/airflow/dags/elastic_fetch.py
[2023-11-06T13:58:55.433+0000] {logging_mixin.py:151} INFO - [2023-11-06T13:58:55.433+0000] {dag.py:2941} INFO - Sync 1 DAGs
[2023-11-06T13:58:55.508+0000] {processor.py:179} INFO - Processing /opt/airflow/dags/elastic_fetch.py took 0.306 seconds
[2023-11-06T13:59:25.607+0000] {processor.py:157} INFO - Started process (PID=352) to work on /opt/airflow/dags/elastic_fetch.py
[2023-11-06T13:59:25.608+0000] {processor.py:829} INFO - Processing file /opt/airflow/dags/elastic_fetch.py for tasks to queue
[2023-11-06T13:59:25.610+0000] {logging_mixin.py:151} INFO - [2023-11-06T13:59:25.609+0000] {dagbag.py:536} INFO - Filling up the DagBag from /opt/airflow/dags/elastic_fetch.py
[2023-11-06T13:59:25.801+0000] {processor.py:839} INFO - DAG(s) dict_keys(['traffic_data_3']) retrieved from /opt/airflow/dags/elastic_fetch.py
[2023-11-06T13:59:25.840+0000] {logging_mixin.py:151} INFO - [2023-11-06T13:59:25.840+0000] {dag.py:2941} INFO - Sync 1 DAGs
[2023-11-06T13:59:25.916+0000] {processor.py:179} INFO - Processing /opt/airflow/dags/elastic_fetch.py took 0.312 seconds
[2023-11-06T13:59:56.376+0000] {processor.py:157} INFO - Started process (PID=362) to work on /opt/airflow/dags/elastic_fetch.py
[2023-11-06T13:59:56.377+0000] {processor.py:829} INFO - Processing file /opt/airflow/dags/elastic_fetch.py for tasks to queue
[2023-11-06T13:59:56.378+0000] {logging_mixin.py:151} INFO - [2023-11-06T13:59:56.378+0000] {dagbag.py:536} INFO - Filling up the DagBag from /opt/airflow/dags/elastic_fetch.py
[2023-11-06T13:59:56.508+0000] {processor.py:839} INFO - DAG(s) dict_keys(['traffic_data_3']) retrieved from /opt/airflow/dags/elastic_fetch.py
[2023-11-06T13:59:56.540+0000] {logging_mixin.py:151} INFO - [2023-11-06T13:59:56.539+0000] {dag.py:2941} INFO - Sync 1 DAGs
[2023-11-06T13:59:58.323+0000] {processor.py:179} INFO - Processing /opt/airflow/dags/elastic_fetch.py took 1.951 seconds
[2023-11-06T14:00:28.784+0000] {processor.py:157} INFO - Started process (PID=372) to work on /opt/airflow/dags/elastic_fetch.py
[2023-11-06T14:00:28.785+0000] {processor.py:829} INFO - Processing file /opt/airflow/dags/elastic_fetch.py for tasks to queue
[2023-11-06T14:00:28.786+0000] {logging_mixin.py:151} INFO - [2023-11-06T14:00:28.786+0000] {dagbag.py:536} INFO - Filling up the DagBag from /opt/airflow/dags/elastic_fetch.py
[2023-11-06T14:00:28.933+0000] {processor.py:839} INFO - DAG(s) dict_keys(['traffic_data_3']) retrieved from /opt/airflow/dags/elastic_fetch.py
[2023-11-06T14:00:28.971+0000] {logging_mixin.py:151} INFO - [2023-11-06T14:00:28.970+0000] {dag.py:2941} INFO - Sync 1 DAGs
[2023-11-06T14:00:29.227+0000] {processor.py:179} INFO - Processing /opt/airflow/dags/elastic_fetch.py took 0.446 seconds
[2023-11-06T14:00:59.816+0000] {processor.py:157} INFO - Started process (PID=382) to work on /opt/airflow/dags/elastic_fetch.py
[2023-11-06T14:00:59.817+0000] {processor.py:829} INFO - Processing file /opt/airflow/dags/elastic_fetch.py for tasks to queue
[2023-11-06T14:00:59.818+0000] {logging_mixin.py:151} INFO - [2023-11-06T14:00:59.817+0000] {dagbag.py:536} INFO - Filling up the DagBag from /opt/airflow/dags/elastic_fetch.py
[2023-11-06T14:00:59.955+0000] {processor.py:839} INFO - DAG(s) dict_keys(['traffic_data_3']) retrieved from /opt/airflow/dags/elastic_fetch.py
[2023-11-06T14:01:00.169+0000] {logging_mixin.py:151} INFO - [2023-11-06T14:01:00.169+0000] {dag.py:2941} INFO - Sync 1 DAGs
[2023-11-06T14:01:00.234+0000] {processor.py:179} INFO - Processing /opt/airflow/dags/elastic_fetch.py took 0.422 seconds
[2023-11-06T14:01:30.454+0000] {processor.py:157} INFO - Started process (PID=396) to work on /opt/airflow/dags/elastic_fetch.py
[2023-11-06T14:01:30.455+0000] {processor.py:829} INFO - Processing file /opt/airflow/dags/elastic_fetch.py for tasks to queue
[2023-11-06T14:01:30.456+0000] {logging_mixin.py:151} INFO - [2023-11-06T14:01:30.456+0000] {dagbag.py:536} INFO - Filling up the DagBag from /opt/airflow/dags/elastic_fetch.py
[2023-11-06T14:01:30.610+0000] {processor.py:839} INFO - DAG(s) dict_keys(['traffic_data_3']) retrieved from /opt/airflow/dags/elastic_fetch.py
[2023-11-06T14:01:30.652+0000] {logging_mixin.py:151} INFO - [2023-11-06T14:01:30.651+0000] {dag.py:2941} INFO - Sync 1 DAGs
[2023-11-06T14:01:30.729+0000] {processor.py:179} INFO - Processing /opt/airflow/dags/elastic_fetch.py took 0.280 seconds
[2023-11-06T14:02:00.972+0000] {processor.py:157} INFO - Started process (PID=406) to work on /opt/airflow/dags/elastic_fetch.py
[2023-11-06T14:02:00.973+0000] {processor.py:829} INFO - Processing file /opt/airflow/dags/elastic_fetch.py for tasks to queue
[2023-11-06T14:02:00.974+0000] {logging_mixin.py:151} INFO - [2023-11-06T14:02:00.974+0000] {dagbag.py:536} INFO - Filling up the DagBag from /opt/airflow/dags/elastic_fetch.py
[2023-11-06T14:02:01.168+0000] {processor.py:839} INFO - DAG(s) dict_keys(['traffic_data_3']) retrieved from /opt/airflow/dags/elastic_fetch.py
[2023-11-06T14:02:01.206+0000] {logging_mixin.py:151} INFO - [2023-11-06T14:02:01.206+0000] {dag.py:2941} INFO - Sync 1 DAGs
[2023-11-06T14:02:01.490+0000] {processor.py:179} INFO - Processing /opt/airflow/dags/elastic_fetch.py took 0.551 seconds
[2023-11-06T14:02:32.455+0000] {processor.py:157} INFO - Started process (PID=416) to work on /opt/airflow/dags/elastic_fetch.py
[2023-11-06T14:02:32.469+0000] {processor.py:829} INFO - Processing file /opt/airflow/dags/elastic_fetch.py for tasks to queue
[2023-11-06T14:02:32.476+0000] {logging_mixin.py:151} INFO - [2023-11-06T14:02:32.473+0000] {dagbag.py:536} INFO - Filling up the DagBag from /opt/airflow/dags/elastic_fetch.py
[2023-11-06T14:02:33.130+0000] {processor.py:839} INFO - DAG(s) dict_keys(['traffic_data_3']) retrieved from /opt/airflow/dags/elastic_fetch.py
[2023-11-06T14:02:33.176+0000] {logging_mixin.py:151} INFO - [2023-11-06T14:02:33.175+0000] {dag.py:2941} INFO - Sync 1 DAGs
[2023-11-06T14:02:33.787+0000] {processor.py:179} INFO - Processing /opt/airflow/dags/elastic_fetch.py took 1.460 seconds
[2023-11-06T14:03:04.002+0000] {processor.py:157} INFO - Started process (PID=426) to work on /opt/airflow/dags/elastic_fetch.py
[2023-11-06T14:03:04.004+0000] {processor.py:829} INFO - Processing file /opt/airflow/dags/elastic_fetch.py for tasks to queue
[2023-11-06T14:03:04.005+0000] {logging_mixin.py:151} INFO - [2023-11-06T14:03:04.004+0000] {dagbag.py:536} INFO - Filling up the DagBag from /opt/airflow/dags/elastic_fetch.py
[2023-11-06T14:03:04.170+0000] {processor.py:839} INFO - DAG(s) dict_keys(['traffic_data_3']) retrieved from /opt/airflow/dags/elastic_fetch.py
[2023-11-06T14:03:04.403+0000] {logging_mixin.py:151} INFO - [2023-11-06T14:03:04.403+0000] {dag.py:2941} INFO - Sync 1 DAGs
[2023-11-06T14:03:04.466+0000] {processor.py:179} INFO - Processing /opt/airflow/dags/elastic_fetch.py took 0.469 seconds
[2023-11-06T14:03:34.714+0000] {processor.py:157} INFO - Started process (PID=437) to work on /opt/airflow/dags/elastic_fetch.py
[2023-11-06T14:03:34.716+0000] {processor.py:829} INFO - Processing file /opt/airflow/dags/elastic_fetch.py for tasks to queue
[2023-11-06T14:03:34.717+0000] {logging_mixin.py:151} INFO - [2023-11-06T14:03:34.717+0000] {dagbag.py:536} INFO - Filling up the DagBag from /opt/airflow/dags/elastic_fetch.py
[2023-11-06T14:03:34.936+0000] {processor.py:839} INFO - DAG(s) dict_keys(['traffic_data_3']) retrieved from /opt/airflow/dags/elastic_fetch.py
[2023-11-06T14:03:34.979+0000] {logging_mixin.py:151} INFO - [2023-11-06T14:03:34.979+0000] {dag.py:2941} INFO - Sync 1 DAGs
[2023-11-06T14:03:35.064+0000] {processor.py:179} INFO - Processing /opt/airflow/dags/elastic_fetch.py took 0.356 seconds
[2023-11-06T14:04:05.395+0000] {processor.py:157} INFO - Started process (PID=448) to work on /opt/airflow/dags/elastic_fetch.py
[2023-11-06T14:04:05.397+0000] {processor.py:829} INFO - Processing file /opt/airflow/dags/elastic_fetch.py for tasks to queue
[2023-11-06T14:04:05.398+0000] {logging_mixin.py:151} INFO - [2023-11-06T14:04:05.397+0000] {dagbag.py:536} INFO - Filling up the DagBag from /opt/airflow/dags/elastic_fetch.py
[2023-11-06T14:04:05.568+0000] {processor.py:839} INFO - DAG(s) dict_keys(['traffic_data_3']) retrieved from /opt/airflow/dags/elastic_fetch.py
[2023-11-06T14:04:05.607+0000] {logging_mixin.py:151} INFO - [2023-11-06T14:04:05.607+0000] {dag.py:2941} INFO - Sync 1 DAGs
[2023-11-06T14:04:05.674+0000] {processor.py:179} INFO - Processing /opt/airflow/dags/elastic_fetch.py took 0.283 seconds
[2023-11-06T14:04:35.786+0000] {processor.py:157} INFO - Started process (PID=458) to work on /opt/airflow/dags/elastic_fetch.py
[2023-11-06T14:04:35.787+0000] {processor.py:829} INFO - Processing file /opt/airflow/dags/elastic_fetch.py for tasks to queue
[2023-11-06T14:04:35.788+0000] {logging_mixin.py:151} INFO - [2023-11-06T14:04:35.788+0000] {dagbag.py:536} INFO - Filling up the DagBag from /opt/airflow/dags/elastic_fetch.py
[2023-11-06T14:04:35.907+0000] {processor.py:839} INFO - DAG(s) dict_keys(['traffic_data_3']) retrieved from /opt/airflow/dags/elastic_fetch.py
[2023-11-06T14:04:35.937+0000] {logging_mixin.py:151} INFO - [2023-11-06T14:04:35.936+0000] {dag.py:2941} INFO - Sync 1 DAGs
[2023-11-06T14:04:36.183+0000] {processor.py:179} INFO - Processing /opt/airflow/dags/elastic_fetch.py took 0.401 seconds
[2023-11-06T14:05:06.701+0000] {processor.py:157} INFO - Started process (PID=469) to work on /opt/airflow/dags/elastic_fetch.py
[2023-11-06T14:05:06.704+0000] {processor.py:829} INFO - Processing file /opt/airflow/dags/elastic_fetch.py for tasks to queue
[2023-11-06T14:05:06.706+0000] {logging_mixin.py:151} INFO - [2023-11-06T14:05:06.705+0000] {dagbag.py:536} INFO - Filling up the DagBag from /opt/airflow/dags/elastic_fetch.py
[2023-11-06T14:05:06.984+0000] {processor.py:839} INFO - DAG(s) dict_keys(['traffic_data_3']) retrieved from /opt/airflow/dags/elastic_fetch.py
[2023-11-06T14:05:07.037+0000] {logging_mixin.py:151} INFO - [2023-11-06T14:05:07.036+0000] {dag.py:2941} INFO - Sync 1 DAGs
[2023-11-06T14:05:07.320+0000] {processor.py:179} INFO - Processing /opt/airflow/dags/elastic_fetch.py took 0.628 seconds
[2023-11-06T14:05:38.048+0000] {processor.py:157} INFO - Started process (PID=479) to work on /opt/airflow/dags/elastic_fetch.py
[2023-11-06T14:05:38.049+0000] {processor.py:829} INFO - Processing file /opt/airflow/dags/elastic_fetch.py for tasks to queue
[2023-11-06T14:05:38.050+0000] {logging_mixin.py:151} INFO - [2023-11-06T14:05:38.050+0000] {dagbag.py:536} INFO - Filling up the DagBag from /opt/airflow/dags/elastic_fetch.py
[2023-11-06T14:05:38.467+0000] {processor.py:839} INFO - DAG(s) dict_keys(['traffic_data_3']) retrieved from /opt/airflow/dags/elastic_fetch.py
[2023-11-06T14:05:38.528+0000] {logging_mixin.py:151} INFO - [2023-11-06T14:05:38.528+0000] {dag.py:2941} INFO - Sync 1 DAGs
[2023-11-06T14:05:38.617+0000] {processor.py:179} INFO - Processing /opt/airflow/dags/elastic_fetch.py took 0.575 seconds
[2023-11-06T14:06:09.265+0000] {processor.py:157} INFO - Started process (PID=490) to work on /opt/airflow/dags/elastic_fetch.py
[2023-11-06T14:06:09.267+0000] {processor.py:829} INFO - Processing file /opt/airflow/dags/elastic_fetch.py for tasks to queue
[2023-11-06T14:06:09.269+0000] {logging_mixin.py:151} INFO - [2023-11-06T14:06:09.269+0000] {dagbag.py:536} INFO - Filling up the DagBag from /opt/airflow/dags/elastic_fetch.py
[2023-11-06T14:06:09.602+0000] {processor.py:839} INFO - DAG(s) dict_keys(['traffic_data_3']) retrieved from /opt/airflow/dags/elastic_fetch.py
[2023-11-06T14:06:09.662+0000] {logging_mixin.py:151} INFO - [2023-11-06T14:06:09.662+0000] {dag.py:2941} INFO - Sync 1 DAGs
[2023-11-06T14:06:09.759+0000] {processor.py:179} INFO - Processing /opt/airflow/dags/elastic_fetch.py took 0.502 seconds
[2023-11-06T14:06:39.832+0000] {processor.py:157} INFO - Started process (PID=500) to work on /opt/airflow/dags/elastic_fetch.py
[2023-11-06T14:06:39.834+0000] {processor.py:829} INFO - Processing file /opt/airflow/dags/elastic_fetch.py for tasks to queue
[2023-11-06T14:06:39.836+0000] {logging_mixin.py:151} INFO - [2023-11-06T14:06:39.835+0000] {dagbag.py:536} INFO - Filling up the DagBag from /opt/airflow/dags/elastic_fetch.py
[2023-11-06T14:06:39.995+0000] {processor.py:839} INFO - DAG(s) dict_keys(['traffic_data_3']) retrieved from /opt/airflow/dags/elastic_fetch.py
[2023-11-06T14:06:40.090+0000] {logging_mixin.py:151} INFO - [2023-11-06T14:06:40.090+0000] {dag.py:2941} INFO - Sync 1 DAGs
[2023-11-06T14:06:40.154+0000] {processor.py:179} INFO - Processing /opt/airflow/dags/elastic_fetch.py took 0.325 seconds
[2023-11-06T14:07:10.384+0000] {processor.py:157} INFO - Started process (PID=513) to work on /opt/airflow/dags/elastic_fetch.py
[2023-11-06T14:07:10.385+0000] {processor.py:829} INFO - Processing file /opt/airflow/dags/elastic_fetch.py for tasks to queue
[2023-11-06T14:07:10.388+0000] {logging_mixin.py:151} INFO - [2023-11-06T14:07:10.386+0000] {dagbag.py:536} INFO - Filling up the DagBag from /opt/airflow/dags/elastic_fetch.py
[2023-11-06T14:07:10.534+0000] {processor.py:839} INFO - DAG(s) dict_keys(['traffic_data_3']) retrieved from /opt/airflow/dags/elastic_fetch.py
[2023-11-06T14:07:10.575+0000] {logging_mixin.py:151} INFO - [2023-11-06T14:07:10.574+0000] {dag.py:2941} INFO - Sync 1 DAGs
[2023-11-06T14:07:10.923+0000] {processor.py:179} INFO - Processing /opt/airflow/dags/elastic_fetch.py took 0.544 seconds
[2023-11-06T14:07:41.297+0000] {processor.py:157} INFO - Started process (PID=523) to work on /opt/airflow/dags/elastic_fetch.py
[2023-11-06T14:07:41.298+0000] {processor.py:829} INFO - Processing file /opt/airflow/dags/elastic_fetch.py for tasks to queue
[2023-11-06T14:07:41.299+0000] {logging_mixin.py:151} INFO - [2023-11-06T14:07:41.298+0000] {dagbag.py:536} INFO - Filling up the DagBag from /opt/airflow/dags/elastic_fetch.py
[2023-11-06T14:07:41.459+0000] {processor.py:839} INFO - DAG(s) dict_keys(['traffic_data_3']) retrieved from /opt/airflow/dags/elastic_fetch.py
[2023-11-06T14:07:41.683+0000] {logging_mixin.py:151} INFO - [2023-11-06T14:07:41.682+0000] {dag.py:2941} INFO - Sync 1 DAGs
[2023-11-06T14:07:41.750+0000] {processor.py:179} INFO - Processing /opt/airflow/dags/elastic_fetch.py took 0.458 seconds
[2023-11-06T14:08:12.376+0000] {processor.py:157} INFO - Started process (PID=533) to work on /opt/airflow/dags/elastic_fetch.py
[2023-11-06T14:08:12.377+0000] {processor.py:829} INFO - Processing file /opt/airflow/dags/elastic_fetch.py for tasks to queue
[2023-11-06T14:08:12.378+0000] {logging_mixin.py:151} INFO - [2023-11-06T14:08:12.378+0000] {dagbag.py:536} INFO - Filling up the DagBag from /opt/airflow/dags/elastic_fetch.py
[2023-11-06T14:08:12.818+0000] {processor.py:839} INFO - DAG(s) dict_keys(['traffic_data_3']) retrieved from /opt/airflow/dags/elastic_fetch.py
[2023-11-06T14:08:12.915+0000] {logging_mixin.py:151} INFO - [2023-11-06T14:08:12.915+0000] {dag.py:2941} INFO - Sync 1 DAGs
[2023-11-06T14:08:13.066+0000] {logging_mixin.py:151} INFO - [2023-11-06T14:08:13.066+0000] {dag.py:3722} INFO - Setting next_dagrun for traffic_data_3 to 2023-11-06T14:07:13.065085+00:00, run_after=2023-11-06T14:08:13.065085+00:00
[2023-11-06T14:08:13.871+0000] {processor.py:179} INFO - Processing /opt/airflow/dags/elastic_fetch.py took 1.501 seconds
[2023-11-06T14:08:44.095+0000] {processor.py:157} INFO - Started process (PID=547) to work on /opt/airflow/dags/elastic_fetch.py
[2023-11-06T14:08:44.096+0000] {processor.py:829} INFO - Processing file /opt/airflow/dags/elastic_fetch.py for tasks to queue
[2023-11-06T14:08:44.097+0000] {logging_mixin.py:151} INFO - [2023-11-06T14:08:44.097+0000] {dagbag.py:536} INFO - Filling up the DagBag from /opt/airflow/dags/elastic_fetch.py
[2023-11-06T14:08:44.223+0000] {processor.py:839} INFO - DAG(s) dict_keys(['traffic_data_3']) retrieved from /opt/airflow/dags/elastic_fetch.py
[2023-11-06T14:08:44.259+0000] {logging_mixin.py:151} INFO - [2023-11-06T14:08:44.259+0000] {dag.py:2941} INFO - Sync 1 DAGs
[2023-11-06T14:08:44.318+0000] {processor.py:179} INFO - Processing /opt/airflow/dags/elastic_fetch.py took 0.228 seconds
[2023-11-06T14:09:14.527+0000] {processor.py:157} INFO - Started process (PID=557) to work on /opt/airflow/dags/elastic_fetch.py
[2023-11-06T14:09:14.528+0000] {processor.py:829} INFO - Processing file /opt/airflow/dags/elastic_fetch.py for tasks to queue
[2023-11-06T14:09:14.529+0000] {logging_mixin.py:151} INFO - [2023-11-06T14:09:14.528+0000] {dagbag.py:536} INFO - Filling up the DagBag from /opt/airflow/dags/elastic_fetch.py
[2023-11-06T14:09:14.648+0000] {processor.py:839} INFO - DAG(s) dict_keys(['traffic_data_3']) retrieved from /opt/airflow/dags/elastic_fetch.py
[2023-11-06T14:09:14.685+0000] {logging_mixin.py:151} INFO - [2023-11-06T14:09:14.685+0000] {dag.py:2941} INFO - Sync 1 DAGs
[2023-11-06T14:09:14.916+0000] {processor.py:179} INFO - Processing /opt/airflow/dags/elastic_fetch.py took 0.392 seconds
[2023-11-06T14:09:45.130+0000] {processor.py:157} INFO - Started process (PID=567) to work on /opt/airflow/dags/elastic_fetch.py
[2023-11-06T14:09:45.131+0000] {processor.py:829} INFO - Processing file /opt/airflow/dags/elastic_fetch.py for tasks to queue
[2023-11-06T14:09:45.133+0000] {logging_mixin.py:151} INFO - [2023-11-06T14:09:45.132+0000] {dagbag.py:536} INFO - Filling up the DagBag from /opt/airflow/dags/elastic_fetch.py
[2023-11-06T14:09:45.278+0000] {processor.py:839} INFO - DAG(s) dict_keys(['traffic_data_3']) retrieved from /opt/airflow/dags/elastic_fetch.py
[2023-11-06T14:09:45.320+0000] {logging_mixin.py:151} INFO - [2023-11-06T14:09:45.320+0000] {dag.py:2941} INFO - Sync 1 DAGs
[2023-11-06T14:09:45.571+0000] {processor.py:179} INFO - Processing /opt/airflow/dags/elastic_fetch.py took 0.446 seconds
[2023-11-06T14:10:15.929+0000] {processor.py:157} INFO - Started process (PID=577) to work on /opt/airflow/dags/elastic_fetch.py
[2023-11-06T14:10:15.930+0000] {processor.py:829} INFO - Processing file /opt/airflow/dags/elastic_fetch.py for tasks to queue
[2023-11-06T14:10:15.931+0000] {logging_mixin.py:151} INFO - [2023-11-06T14:10:15.930+0000] {dagbag.py:536} INFO - Filling up the DagBag from /opt/airflow/dags/elastic_fetch.py
[2023-11-06T14:10:16.101+0000] {processor.py:839} INFO - DAG(s) dict_keys(['traffic_data_3']) retrieved from /opt/airflow/dags/elastic_fetch.py
[2023-11-06T14:10:16.314+0000] {logging_mixin.py:151} INFO - [2023-11-06T14:10:16.313+0000] {dag.py:2941} INFO - Sync 1 DAGs
[2023-11-06T14:10:16.378+0000] {processor.py:179} INFO - Processing /opt/airflow/dags/elastic_fetch.py took 0.454 seconds
[2023-11-06T14:10:46.992+0000] {processor.py:157} INFO - Started process (PID=587) to work on /opt/airflow/dags/elastic_fetch.py
[2023-11-06T14:10:46.993+0000] {processor.py:829} INFO - Processing file /opt/airflow/dags/elastic_fetch.py for tasks to queue
[2023-11-06T14:10:46.995+0000] {logging_mixin.py:151} INFO - [2023-11-06T14:10:46.994+0000] {dagbag.py:536} INFO - Filling up the DagBag from /opt/airflow/dags/elastic_fetch.py
[2023-11-06T14:10:47.338+0000] {processor.py:839} INFO - DAG(s) dict_keys(['traffic_data_3']) retrieved from /opt/airflow/dags/elastic_fetch.py
[2023-11-06T14:10:47.372+0000] {logging_mixin.py:151} INFO - [2023-11-06T14:10:47.371+0000] {dag.py:2941} INFO - Sync 1 DAGs
[2023-11-06T14:10:47.435+0000] {processor.py:179} INFO - Processing /opt/airflow/dags/elastic_fetch.py took 0.447 seconds
[2023-11-06T14:29:02.715+0000] {processor.py:157} INFO - Started process (PID=42) to work on /opt/airflow/dags/elastic_fetch.py
[2023-11-06T14:29:02.775+0000] {processor.py:829} INFO - Processing file /opt/airflow/dags/elastic_fetch.py for tasks to queue
[2023-11-06T14:29:02.846+0000] {logging_mixin.py:151} INFO - [2023-11-06T14:29:02.842+0000] {dagbag.py:536} INFO - Filling up the DagBag from /opt/airflow/dags/elastic_fetch.py
[2023-11-06T14:29:04.945+0000] {processor.py:839} INFO - DAG(s) dict_keys(['traffic_data_3']) retrieved from /opt/airflow/dags/elastic_fetch.py
[2023-11-06T14:29:05.479+0000] {logging_mixin.py:151} INFO - [2023-11-06T14:29:05.478+0000] {dag.py:2941} INFO - Sync 1 DAGs
[2023-11-06T14:29:07.400+0000] {processor.py:179} INFO - Processing /opt/airflow/dags/elastic_fetch.py took 4.993 seconds
[2023-11-06T14:29:38.941+0000] {processor.py:157} INFO - Started process (PID=67) to work on /opt/airflow/dags/elastic_fetch.py
[2023-11-06T14:29:38.972+0000] {processor.py:829} INFO - Processing file /opt/airflow/dags/elastic_fetch.py for tasks to queue
[2023-11-06T14:29:39.306+0000] {logging_mixin.py:151} INFO - [2023-11-06T14:29:39.273+0000] {dagbag.py:536} INFO - Filling up the DagBag from /opt/airflow/dags/elastic_fetch.py
[2023-11-06T14:29:42.975+0000] {processor.py:839} INFO - DAG(s) dict_keys(['traffic_data_3']) retrieved from /opt/airflow/dags/elastic_fetch.py
[2023-11-06T14:29:45.050+0000] {logging_mixin.py:151} INFO - [2023-11-06T14:29:45.028+0000] {dag.py:2941} INFO - Sync 1 DAGs
[2023-11-06T14:29:45.956+0000] {processor.py:179} INFO - Processing /opt/airflow/dags/elastic_fetch.py took 7.352 seconds
[2023-11-06T14:30:16.496+0000] {processor.py:157} INFO - Started process (PID=77) to work on /opt/airflow/dags/elastic_fetch.py
[2023-11-06T14:30:16.510+0000] {processor.py:829} INFO - Processing file /opt/airflow/dags/elastic_fetch.py for tasks to queue
[2023-11-06T14:30:16.572+0000] {logging_mixin.py:151} INFO - [2023-11-06T14:30:16.562+0000] {dagbag.py:536} INFO - Filling up the DagBag from /opt/airflow/dags/elastic_fetch.py
[2023-11-06T14:30:17.441+0000] {processor.py:839} INFO - DAG(s) dict_keys(['traffic_data_3']) retrieved from /opt/airflow/dags/elastic_fetch.py
[2023-11-06T14:30:17.639+0000] {logging_mixin.py:151} INFO - [2023-11-06T14:30:17.637+0000] {dag.py:2941} INFO - Sync 1 DAGs
[2023-11-06T14:30:17.891+0000] {processor.py:179} INFO - Processing /opt/airflow/dags/elastic_fetch.py took 1.473 seconds
[2023-11-06T14:30:48.614+0000] {processor.py:157} INFO - Started process (PID=87) to work on /opt/airflow/dags/elastic_fetch.py
[2023-11-06T14:30:48.626+0000] {processor.py:829} INFO - Processing file /opt/airflow/dags/elastic_fetch.py for tasks to queue
[2023-11-06T14:30:48.700+0000] {logging_mixin.py:151} INFO - [2023-11-06T14:30:48.693+0000] {dagbag.py:536} INFO - Filling up the DagBag from /opt/airflow/dags/elastic_fetch.py
[2023-11-06T14:30:49.969+0000] {processor.py:839} INFO - DAG(s) dict_keys(['traffic_data_3']) retrieved from /opt/airflow/dags/elastic_fetch.py
[2023-11-06T14:30:50.431+0000] {logging_mixin.py:151} INFO - [2023-11-06T14:30:50.430+0000] {dag.py:2941} INFO - Sync 1 DAGs
[2023-11-06T14:30:55.597+0000] {processor.py:179} INFO - Processing /opt/airflow/dags/elastic_fetch.py took 7.053 seconds
[2023-11-06T14:31:26.019+0000] {processor.py:157} INFO - Started process (PID=97) to work on /opt/airflow/dags/elastic_fetch.py
[2023-11-06T14:31:26.025+0000] {processor.py:829} INFO - Processing file /opt/airflow/dags/elastic_fetch.py for tasks to queue
[2023-11-06T14:31:26.074+0000] {logging_mixin.py:151} INFO - [2023-11-06T14:31:26.073+0000] {dagbag.py:536} INFO - Filling up the DagBag from /opt/airflow/dags/elastic_fetch.py
[2023-11-06T14:31:26.383+0000] {processor.py:839} INFO - DAG(s) dict_keys(['traffic_data_3']) retrieved from /opt/airflow/dags/elastic_fetch.py
[2023-11-06T14:31:26.482+0000] {logging_mixin.py:151} INFO - [2023-11-06T14:31:26.481+0000] {dag.py:2941} INFO - Sync 1 DAGs
[2023-11-06T14:31:27.019+0000] {processor.py:179} INFO - Processing /opt/airflow/dags/elastic_fetch.py took 1.038 seconds
[2023-11-06T14:31:57.464+0000] {processor.py:157} INFO - Started process (PID=111) to work on /opt/airflow/dags/elastic_fetch.py
[2023-11-06T14:31:57.466+0000] {processor.py:829} INFO - Processing file /opt/airflow/dags/elastic_fetch.py for tasks to queue
[2023-11-06T14:31:57.474+0000] {logging_mixin.py:151} INFO - [2023-11-06T14:31:57.473+0000] {dagbag.py:536} INFO - Filling up the DagBag from /opt/airflow/dags/elastic_fetch.py
[2023-11-06T14:31:57.780+0000] {processor.py:839} INFO - DAG(s) dict_keys(['traffic_data_3']) retrieved from /opt/airflow/dags/elastic_fetch.py
[2023-11-06T14:31:57.868+0000] {logging_mixin.py:151} INFO - [2023-11-06T14:31:57.868+0000] {dag.py:2941} INFO - Sync 1 DAGs
[2023-11-06T14:31:58.987+0000] {processor.py:179} INFO - Processing /opt/airflow/dags/elastic_fetch.py took 1.530 seconds
[2023-11-06T14:32:29.444+0000] {processor.py:157} INFO - Started process (PID=121) to work on /opt/airflow/dags/elastic_fetch.py
[2023-11-06T14:32:29.459+0000] {processor.py:829} INFO - Processing file /opt/airflow/dags/elastic_fetch.py for tasks to queue
[2023-11-06T14:32:29.494+0000] {logging_mixin.py:151} INFO - [2023-11-06T14:32:29.491+0000] {dagbag.py:536} INFO - Filling up the DagBag from /opt/airflow/dags/elastic_fetch.py
[2023-11-06T14:32:30.545+0000] {processor.py:839} INFO - DAG(s) dict_keys(['traffic_data_3']) retrieved from /opt/airflow/dags/elastic_fetch.py
[2023-11-06T14:32:30.762+0000] {logging_mixin.py:151} INFO - [2023-11-06T14:32:30.762+0000] {dag.py:2941} INFO - Sync 1 DAGs
[2023-11-06T14:32:31.188+0000] {processor.py:179} INFO - Processing /opt/airflow/dags/elastic_fetch.py took 1.861 seconds
[2023-11-06T14:33:01.436+0000] {processor.py:157} INFO - Started process (PID=131) to work on /opt/airflow/dags/elastic_fetch.py
[2023-11-06T14:33:01.440+0000] {processor.py:829} INFO - Processing file /opt/airflow/dags/elastic_fetch.py for tasks to queue
[2023-11-06T14:33:01.451+0000] {logging_mixin.py:151} INFO - [2023-11-06T14:33:01.448+0000] {dagbag.py:536} INFO - Filling up the DagBag from /opt/airflow/dags/elastic_fetch.py
[2023-11-06T14:33:01.757+0000] {processor.py:839} INFO - DAG(s) dict_keys(['traffic_data_3']) retrieved from /opt/airflow/dags/elastic_fetch.py
[2023-11-06T14:33:01.926+0000] {logging_mixin.py:151} INFO - [2023-11-06T14:33:01.926+0000] {dag.py:2941} INFO - Sync 1 DAGs
[2023-11-06T14:33:02.172+0000] {processor.py:179} INFO - Processing /opt/airflow/dags/elastic_fetch.py took 0.753 seconds
[2023-11-06T14:33:32.549+0000] {processor.py:157} INFO - Started process (PID=141) to work on /opt/airflow/dags/elastic_fetch.py
[2023-11-06T14:33:32.555+0000] {processor.py:829} INFO - Processing file /opt/airflow/dags/elastic_fetch.py for tasks to queue
[2023-11-06T14:33:32.580+0000] {logging_mixin.py:151} INFO - [2023-11-06T14:33:32.577+0000] {dagbag.py:536} INFO - Filling up the DagBag from /opt/airflow/dags/elastic_fetch.py
[2023-11-06T14:33:32.902+0000] {processor.py:839} INFO - DAG(s) dict_keys(['traffic_data_3']) retrieved from /opt/airflow/dags/elastic_fetch.py
[2023-11-06T14:33:32.958+0000] {logging_mixin.py:151} INFO - [2023-11-06T14:33:32.958+0000] {dag.py:2941} INFO - Sync 1 DAGs
[2023-11-06T14:33:33.556+0000] {processor.py:179} INFO - Processing /opt/airflow/dags/elastic_fetch.py took 1.019 seconds
[2023-11-06T14:34:03.777+0000] {processor.py:157} INFO - Started process (PID=151) to work on /opt/airflow/dags/elastic_fetch.py
[2023-11-06T14:34:03.779+0000] {processor.py:829} INFO - Processing file /opt/airflow/dags/elastic_fetch.py for tasks to queue
[2023-11-06T14:34:03.785+0000] {logging_mixin.py:151} INFO - [2023-11-06T14:34:03.783+0000] {dagbag.py:536} INFO - Filling up the DagBag from /opt/airflow/dags/elastic_fetch.py
[2023-11-06T14:34:04.225+0000] {processor.py:839} INFO - DAG(s) dict_keys(['traffic_data_3']) retrieved from /opt/airflow/dags/elastic_fetch.py
[2023-11-06T14:34:04.311+0000] {logging_mixin.py:151} INFO - [2023-11-06T14:34:04.310+0000] {dag.py:2941} INFO - Sync 1 DAGs
[2023-11-06T14:34:04.897+0000] {processor.py:179} INFO - Processing /opt/airflow/dags/elastic_fetch.py took 1.135 seconds
[2023-11-06T14:46:37.755+0000] {processor.py:157} INFO - Started process (PID=59) to work on /opt/airflow/dags/elastic_fetch.py
[2023-11-06T14:46:37.790+0000] {processor.py:829} INFO - Processing file /opt/airflow/dags/elastic_fetch.py for tasks to queue
[2023-11-06T14:46:37.818+0000] {logging_mixin.py:151} INFO - [2023-11-06T14:46:37.807+0000] {dagbag.py:536} INFO - Filling up the DagBag from /opt/airflow/dags/elastic_fetch.py
[2023-11-06T14:48:00.166+0000] {processor.py:157} INFO - Started process (PID=82) to work on /opt/airflow/dags/elastic_fetch.py
[2023-11-06T14:48:00.188+0000] {processor.py:829} INFO - Processing file /opt/airflow/dags/elastic_fetch.py for tasks to queue
[2023-11-06T14:48:00.251+0000] {logging_mixin.py:151} INFO - [2023-11-06T14:48:00.208+0000] {dagbag.py:536} INFO - Filling up the DagBag from /opt/airflow/dags/elastic_fetch.py
[2023-11-06T14:48:36.821+0000] {logging_mixin.py:151} INFO - [2023-11-06T14:48:36.813+0000] {timeout.py:68} ERROR - Process timed out, PID: 82
[2023-11-06T14:48:36.827+0000] {logging_mixin.py:151} WARNING - Exception ignored in: <function WeakKeyDictionary.__init__.<locals>.remove at 0x7f3b816cb4c0>
[2023-11-06T14:48:36.836+0000] {logging_mixin.py:151} WARNING - Traceback (most recent call last):
[2023-11-06T14:48:36.839+0000] {logging_mixin.py:151} WARNING -   File "/usr/local/lib/python3.8/weakref.py", line 345, in remove
[2023-11-06T14:48:36.847+0000] {logging_mixin.py:151} WARNING -     def remove(k, selfref=ref(self)):
[2023-11-06T14:48:36.852+0000] {logging_mixin.py:151} WARNING -   File "/home/airflow/.local/lib/python3.8/site-packages/airflow/utils/timeout.py", line 69, in handle_timeout
[2023-11-06T14:48:36.857+0000] {logging_mixin.py:151} WARNING -     raise AirflowTaskTimeout(self.error_message)
[2023-11-06T14:48:36.861+0000] {logging_mixin.py:151} WARNING - airflow.exceptions.AirflowTaskTimeout: DagBag import timeout for /opt/airflow/dags/elastic_fetch.py after 30.0s.
Please take a look at these docs to improve your DAG import time:
* https://airflow.apache.org/docs/apache-airflow/2.7.2/best-practices.html#top-level-python-code
* https://airflow.apache.org/docs/apache-airflow/2.7.2/best-practices.html#reducing-dag-complexity, PID: 82
[2023-11-06T14:48:36.995+0000] {processor.py:839} INFO - DAG(s) dict_keys(['traffic_data_3']) retrieved from /opt/airflow/dags/elastic_fetch.py
[2023-11-06T14:48:39.723+0000] {logging_mixin.py:151} INFO - [2023-11-06T14:48:39.722+0000] {dag.py:2941} INFO - Sync 1 DAGs
[2023-11-06T14:48:40.188+0000] {processor.py:179} INFO - Processing /opt/airflow/dags/elastic_fetch.py took 40.870 seconds
[2023-11-06T14:49:10.761+0000] {processor.py:157} INFO - Started process (PID=110) to work on /opt/airflow/dags/elastic_fetch.py
[2023-11-06T14:49:10.763+0000] {processor.py:829} INFO - Processing file /opt/airflow/dags/elastic_fetch.py for tasks to queue
[2023-11-06T14:49:10.768+0000] {logging_mixin.py:151} INFO - [2023-11-06T14:49:10.765+0000] {dagbag.py:536} INFO - Filling up the DagBag from /opt/airflow/dags/elastic_fetch.py
[2023-11-06T14:49:12.663+0000] {processor.py:839} INFO - DAG(s) dict_keys(['traffic_data_3']) retrieved from /opt/airflow/dags/elastic_fetch.py
[2023-11-06T14:49:12.737+0000] {logging_mixin.py:151} INFO - [2023-11-06T14:49:12.736+0000] {dag.py:2941} INFO - Sync 1 DAGs
[2023-11-06T14:49:12.862+0000] {processor.py:179} INFO - Processing /opt/airflow/dags/elastic_fetch.py took 2.110 seconds
[2023-11-06T14:49:42.980+0000] {processor.py:157} INFO - Started process (PID=119) to work on /opt/airflow/dags/elastic_fetch.py
[2023-11-06T14:49:42.983+0000] {processor.py:829} INFO - Processing file /opt/airflow/dags/elastic_fetch.py for tasks to queue
[2023-11-06T14:49:42.987+0000] {logging_mixin.py:151} INFO - [2023-11-06T14:49:42.986+0000] {dagbag.py:536} INFO - Filling up the DagBag from /opt/airflow/dags/elastic_fetch.py
[2023-11-06T14:49:43.772+0000] {processor.py:839} INFO - DAG(s) dict_keys(['traffic_data_3']) retrieved from /opt/airflow/dags/elastic_fetch.py
[2023-11-06T14:49:43.821+0000] {logging_mixin.py:151} INFO - [2023-11-06T14:49:43.821+0000] {dag.py:2941} INFO - Sync 1 DAGs
[2023-11-06T14:49:43.917+0000] {processor.py:179} INFO - Processing /opt/airflow/dags/elastic_fetch.py took 0.947 seconds
[2023-11-06T14:50:14.516+0000] {processor.py:157} INFO - Started process (PID=133) to work on /opt/airflow/dags/elastic_fetch.py
[2023-11-06T14:50:14.532+0000] {processor.py:829} INFO - Processing file /opt/airflow/dags/elastic_fetch.py for tasks to queue
[2023-11-06T14:50:14.544+0000] {logging_mixin.py:151} INFO - [2023-11-06T14:50:14.539+0000] {dagbag.py:536} INFO - Filling up the DagBag from /opt/airflow/dags/elastic_fetch.py
[2023-11-06T14:50:25.920+0000] {processor.py:839} INFO - DAG(s) dict_keys(['traffic_data_3']) retrieved from /opt/airflow/dags/elastic_fetch.py
[2023-11-06T14:50:31.730+0000] {logging_mixin.py:151} INFO - [2023-11-06T14:50:31.720+0000] {dag.py:2941} INFO - Sync 1 DAGs
[2023-11-06T14:50:32.240+0000] {processor.py:179} INFO - Processing /opt/airflow/dags/elastic_fetch.py took 17.788 seconds
[2023-11-06T14:51:04.029+0000] {processor.py:157} INFO - Started process (PID=143) to work on /opt/airflow/dags/elastic_fetch.py
[2023-11-06T14:51:04.046+0000] {processor.py:829} INFO - Processing file /opt/airflow/dags/elastic_fetch.py for tasks to queue
[2023-11-06T14:51:04.146+0000] {logging_mixin.py:151} INFO - [2023-11-06T14:51:04.106+0000] {dagbag.py:536} INFO - Filling up the DagBag from /opt/airflow/dags/elastic_fetch.py
[2023-11-06T14:51:46.005+0000] {logging_mixin.py:151} INFO - [2023-11-06T14:51:45.999+0000] {timeout.py:68} ERROR - Process timed out, PID: 143
[2023-11-06T14:51:46.008+0000] {logging_mixin.py:151} WARNING - Exception ignored in: <function WeakKeyDictionary.__init__.<locals>.remove at 0x7f3b816cb4c0>
[2023-11-06T14:51:46.010+0000] {logging_mixin.py:151} WARNING - Traceback (most recent call last):
[2023-11-06T14:51:46.011+0000] {logging_mixin.py:151} WARNING -   File "/usr/local/lib/python3.8/weakref.py", line 345, in remove
[2023-11-06T14:51:46.100+0000] {logging_mixin.py:151} WARNING -     def remove(k, selfref=ref(self)):
[2023-11-06T14:51:46.102+0000] {logging_mixin.py:151} WARNING -   File "/home/airflow/.local/lib/python3.8/site-packages/airflow/utils/timeout.py", line 69, in handle_timeout
[2023-11-06T14:51:46.162+0000] {logging_mixin.py:151} WARNING -     raise AirflowTaskTimeout(self.error_message)
[2023-11-06T14:51:46.278+0000] {logging_mixin.py:151} WARNING - airflow.exceptions.AirflowTaskTimeout: DagBag import timeout for /opt/airflow/dags/elastic_fetch.py after 30.0s.
Please take a look at these docs to improve your DAG import time:
* https://airflow.apache.org/docs/apache-airflow/2.7.2/best-practices.html#top-level-python-code
* https://airflow.apache.org/docs/apache-airflow/2.7.2/best-practices.html#reducing-dag-complexity, PID: 143
[2023-11-06T14:51:46.856+0000] {processor.py:839} INFO - DAG(s) dict_keys(['traffic_data_3']) retrieved from /opt/airflow/dags/elastic_fetch.py
[2023-11-06T14:51:47.085+0000] {logging_mixin.py:151} INFO - [2023-11-06T14:51:47.085+0000] {dag.py:2941} INFO - Sync 1 DAGs
[2023-11-06T14:51:47.351+0000] {processor.py:179} INFO - Processing /opt/airflow/dags/elastic_fetch.py took 42.311 seconds
[2023-11-06T14:52:17.997+0000] {processor.py:157} INFO - Started process (PID=162) to work on /opt/airflow/dags/elastic_fetch.py
[2023-11-06T14:52:18.015+0000] {processor.py:829} INFO - Processing file /opt/airflow/dags/elastic_fetch.py for tasks to queue
[2023-11-06T14:52:18.020+0000] {logging_mixin.py:151} INFO - [2023-11-06T14:52:18.019+0000] {dagbag.py:536} INFO - Filling up the DagBag from /opt/airflow/dags/elastic_fetch.py
[2023-11-06T14:52:20.090+0000] {processor.py:839} INFO - DAG(s) dict_keys(['traffic_data_3']) retrieved from /opt/airflow/dags/elastic_fetch.py
[2023-11-06T14:52:20.270+0000] {logging_mixin.py:151} INFO - [2023-11-06T14:52:20.270+0000] {dag.py:2941} INFO - Sync 1 DAGs
[2023-11-06T14:52:20.493+0000] {processor.py:179} INFO - Processing /opt/airflow/dags/elastic_fetch.py took 2.518 seconds
[2023-11-06T14:52:51.247+0000] {processor.py:157} INFO - Started process (PID=172) to work on /opt/airflow/dags/elastic_fetch.py
[2023-11-06T14:52:51.252+0000] {processor.py:829} INFO - Processing file /opt/airflow/dags/elastic_fetch.py for tasks to queue
[2023-11-06T14:52:51.260+0000] {logging_mixin.py:151} INFO - [2023-11-06T14:52:51.257+0000] {dagbag.py:536} INFO - Filling up the DagBag from /opt/airflow/dags/elastic_fetch.py
[2023-11-06T14:52:53.115+0000] {processor.py:839} INFO - DAG(s) dict_keys(['traffic_data_3']) retrieved from /opt/airflow/dags/elastic_fetch.py
[2023-11-06T14:52:53.186+0000] {logging_mixin.py:151} INFO - [2023-11-06T14:52:53.186+0000] {dag.py:2941} INFO - Sync 1 DAGs
[2023-11-06T14:52:53.307+0000] {processor.py:179} INFO - Processing /opt/airflow/dags/elastic_fetch.py took 2.096 seconds
[2023-11-06T14:54:01.748+0000] {processor.py:157} INFO - Started process (PID=182) to work on /opt/airflow/dags/elastic_fetch.py
[2023-11-06T14:54:01.817+0000] {processor.py:829} INFO - Processing file /opt/airflow/dags/elastic_fetch.py for tasks to queue
[2023-11-06T14:54:02.043+0000] {logging_mixin.py:151} INFO - [2023-11-06T14:54:01.929+0000] {dagbag.py:536} INFO - Filling up the DagBag from /opt/airflow/dags/elastic_fetch.py
[2023-11-06T14:54:40.914+0000] {logging_mixin.py:151} INFO - [2023-11-06T14:54:40.905+0000] {timeout.py:68} ERROR - Process timed out, PID: 182
[2023-11-06T14:54:40.918+0000] {logging_mixin.py:151} WARNING - Exception ignored in: <function WeakKeyDictionary.__init__.<locals>.remove at 0x7f3b816cb4c0>
[2023-11-06T14:54:40.920+0000] {logging_mixin.py:151} WARNING - Traceback (most recent call last):
[2023-11-06T14:54:40.922+0000] {logging_mixin.py:151} WARNING -   File "/usr/local/lib/python3.8/weakref.py", line 345, in remove
[2023-11-06T14:54:40.930+0000] {logging_mixin.py:151} WARNING -     def remove(k, selfref=ref(self)):
[2023-11-06T14:54:40.934+0000] {logging_mixin.py:151} WARNING -   File "/home/airflow/.local/lib/python3.8/site-packages/airflow/utils/timeout.py", line 69, in handle_timeout
[2023-11-06T14:54:40.949+0000] {logging_mixin.py:151} WARNING -     raise AirflowTaskTimeout(self.error_message)
[2023-11-06T14:54:40.953+0000] {logging_mixin.py:151} WARNING - airflow.exceptions.AirflowTaskTimeout: DagBag import timeout for /opt/airflow/dags/elastic_fetch.py after 30.0s.
Please take a look at these docs to improve your DAG import time:
* https://airflow.apache.org/docs/apache-airflow/2.7.2/best-practices.html#top-level-python-code
* https://airflow.apache.org/docs/apache-airflow/2.7.2/best-practices.html#reducing-dag-complexity, PID: 182
[2023-11-06T14:54:41.856+0000] {processor.py:839} INFO - DAG(s) dict_keys(['traffic_data_3']) retrieved from /opt/airflow/dags/elastic_fetch.py
[2023-11-06T14:54:42.330+0000] {logging_mixin.py:151} INFO - [2023-11-06T14:54:42.328+0000] {dag.py:2941} INFO - Sync 1 DAGs
[2023-11-06T14:54:42.615+0000] {processor.py:179} INFO - Processing /opt/airflow/dags/elastic_fetch.py took 41.564 seconds
[2023-11-06T14:55:13.766+0000] {processor.py:157} INFO - Started process (PID=199) to work on /opt/airflow/dags/elastic_fetch.py
[2023-11-06T14:55:13.778+0000] {processor.py:829} INFO - Processing file /opt/airflow/dags/elastic_fetch.py for tasks to queue
[2023-11-06T14:55:13.810+0000] {logging_mixin.py:151} INFO - [2023-11-06T14:55:13.795+0000] {dagbag.py:536} INFO - Filling up the DagBag from /opt/airflow/dags/elastic_fetch.py
[2023-11-06T14:55:27.064+0000] {processor.py:839} INFO - DAG(s) dict_keys(['traffic_data_3']) retrieved from /opt/airflow/dags/elastic_fetch.py
[2023-11-06T14:55:28.639+0000] {logging_mixin.py:151} INFO - [2023-11-06T14:55:28.626+0000] {dag.py:2941} INFO - Sync 1 DAGs
[2023-11-06T14:55:29.039+0000] {processor.py:179} INFO - Processing /opt/airflow/dags/elastic_fetch.py took 15.419 seconds
[2023-11-06T14:55:59.958+0000] {processor.py:157} INFO - Started process (PID=210) to work on /opt/airflow/dags/elastic_fetch.py
[2023-11-06T14:55:59.965+0000] {processor.py:829} INFO - Processing file /opt/airflow/dags/elastic_fetch.py for tasks to queue
[2023-11-06T14:55:59.975+0000] {logging_mixin.py:151} INFO - [2023-11-06T14:55:59.973+0000] {dagbag.py:536} INFO - Filling up the DagBag from /opt/airflow/dags/elastic_fetch.py
[2023-11-06T14:56:16.673+0000] {processor.py:839} INFO - DAG(s) dict_keys(['traffic_data_3']) retrieved from /opt/airflow/dags/elastic_fetch.py
[2023-11-06T14:56:16.994+0000] {logging_mixin.py:151} INFO - [2023-11-06T14:56:16.986+0000] {dag.py:2941} INFO - Sync 1 DAGs
[2023-11-06T14:56:17.253+0000] {processor.py:179} INFO - Processing /opt/airflow/dags/elastic_fetch.py took 17.322 seconds
[2023-11-06T14:58:18.217+0000] {processor.py:157} INFO - Started process (PID=228) to work on /opt/airflow/dags/elastic_fetch.py
[2023-11-06T14:58:18.226+0000] {processor.py:829} INFO - Processing file /opt/airflow/dags/elastic_fetch.py for tasks to queue
[2023-11-06T14:58:18.250+0000] {logging_mixin.py:151} INFO - [2023-11-06T14:58:18.239+0000] {dagbag.py:536} INFO - Filling up the DagBag from /opt/airflow/dags/elastic_fetch.py
[2023-11-06T14:58:41.136+0000] {processor.py:839} INFO - DAG(s) dict_keys(['traffic_data_3']) retrieved from /opt/airflow/dags/elastic_fetch.py
[2023-11-06T14:58:42.813+0000] {logging_mixin.py:151} INFO - [2023-11-06T14:58:42.812+0000] {dag.py:2941} INFO - Sync 1 DAGs
[2023-11-06T14:58:43.341+0000] {processor.py:179} INFO - Processing /opt/airflow/dags/elastic_fetch.py took 25.187 seconds
[2023-11-06T14:59:13.614+0000] {processor.py:157} INFO - Started process (PID=245) to work on /opt/airflow/dags/elastic_fetch.py
[2023-11-06T14:59:13.619+0000] {processor.py:829} INFO - Processing file /opt/airflow/dags/elastic_fetch.py for tasks to queue
[2023-11-06T14:59:13.628+0000] {logging_mixin.py:151} INFO - [2023-11-06T14:59:13.623+0000] {dagbag.py:536} INFO - Filling up the DagBag from /opt/airflow/dags/elastic_fetch.py
[2023-11-06T14:59:23.634+0000] {processor.py:839} INFO - DAG(s) dict_keys(['traffic_data_3']) retrieved from /opt/airflow/dags/elastic_fetch.py
[2023-11-06T14:59:24.840+0000] {logging_mixin.py:151} INFO - [2023-11-06T14:59:24.840+0000] {dag.py:2941} INFO - Sync 1 DAGs
[2023-11-06T14:59:25.171+0000] {processor.py:179} INFO - Processing /opt/airflow/dags/elastic_fetch.py took 11.216 seconds
[2023-11-06T14:59:56.513+0000] {processor.py:157} INFO - Started process (PID=255) to work on /opt/airflow/dags/elastic_fetch.py
[2023-11-06T14:59:56.522+0000] {processor.py:829} INFO - Processing file /opt/airflow/dags/elastic_fetch.py for tasks to queue
[2023-11-06T14:59:56.541+0000] {logging_mixin.py:151} INFO - [2023-11-06T14:59:56.527+0000] {dagbag.py:536} INFO - Filling up the DagBag from /opt/airflow/dags/elastic_fetch.py
[2023-11-06T15:00:05.118+0000] {processor.py:839} INFO - DAG(s) dict_keys(['traffic_data_3']) retrieved from /opt/airflow/dags/elastic_fetch.py
[2023-11-06T15:00:05.624+0000] {logging_mixin.py:151} INFO - [2023-11-06T15:00:05.623+0000] {dag.py:2941} INFO - Sync 1 DAGs
[2023-11-06T15:00:06.326+0000] {processor.py:179} INFO - Processing /opt/airflow/dags/elastic_fetch.py took 9.910 seconds
[2023-11-06T15:00:37.205+0000] {processor.py:157} INFO - Started process (PID=265) to work on /opt/airflow/dags/elastic_fetch.py
[2023-11-06T15:00:37.216+0000] {processor.py:829} INFO - Processing file /opt/airflow/dags/elastic_fetch.py for tasks to queue
[2023-11-06T15:00:37.236+0000] {logging_mixin.py:151} INFO - [2023-11-06T15:00:37.233+0000] {dagbag.py:536} INFO - Filling up the DagBag from /opt/airflow/dags/elastic_fetch.py
[2023-11-06T15:01:34.451+0000] {logging_mixin.py:151} INFO - [2023-11-06T15:01:30.321+0000] {timeout.py:68} ERROR - Process timed out, PID: 265
[2023-11-06T15:01:34.690+0000] {logging_mixin.py:151} WARNING - Exception ignored in: <function WeakKeyDictionary.__init__.<locals>.remove at 0x7f3b816cb4c0>
[2023-11-06T15:01:34.698+0000] {logging_mixin.py:151} WARNING - Traceback (most recent call last):
[2023-11-06T15:01:34.703+0000] {logging_mixin.py:151} WARNING -   File "/usr/local/lib/python3.8/weakref.py", line 345, in remove
[2023-11-06T15:01:34.806+0000] {logging_mixin.py:151} WARNING -     def remove(k, selfref=ref(self)):
[2023-11-06T15:01:34.808+0000] {logging_mixin.py:151} WARNING -   File "/home/airflow/.local/lib/python3.8/site-packages/airflow/utils/timeout.py", line 69, in handle_timeout
[2023-11-06T15:01:34.868+0000] {logging_mixin.py:151} WARNING -     raise AirflowTaskTimeout(self.error_message)
[2023-11-06T15:01:34.870+0000] {logging_mixin.py:151} WARNING - airflow.exceptions.AirflowTaskTimeout: DagBag import timeout for /opt/airflow/dags/elastic_fetch.py after 30.0s.
Please take a look at these docs to improve your DAG import time:
* https://airflow.apache.org/docs/apache-airflow/2.7.2/best-practices.html#top-level-python-code
* https://airflow.apache.org/docs/apache-airflow/2.7.2/best-practices.html#reducing-dag-complexity, PID: 265
[2023-11-06T15:01:39.737+0000] {processor.py:839} INFO - DAG(s) dict_keys(['traffic_data_3']) retrieved from /opt/airflow/dags/elastic_fetch.py
