[2023-11-06T13:02:57.787+0000] {processor.py:157} INFO - Started process (PID=66) to work on /opt/airflow/dags/script.py
[2023-11-06T13:02:57.873+0000] {processor.py:829} INFO - Processing file /opt/airflow/dags/script.py for tasks to queue
[2023-11-06T13:02:58.053+0000] {logging_mixin.py:151} INFO - [2023-11-06T13:02:58.020+0000] {dagbag.py:536} INFO - Filling up the DagBag from /opt/airflow/dags/script.py
[2023-11-06T13:03:01.059+0000] {processor.py:839} INFO - DAG(s) dict_keys(['traffic_data']) retrieved from /opt/airflow/dags/script.py
[2023-11-06T13:03:04.652+0000] {logging_mixin.py:151} INFO - [2023-11-06T13:03:04.651+0000] {dag.py:2941} INFO - Sync 1 DAGs
[2023-11-06T13:03:05.054+0000] {processor.py:179} INFO - Processing /opt/airflow/dags/script.py took 7.488 seconds
[2023-11-06T13:03:41.734+0000] {processor.py:157} INFO - Started process (PID=77) to work on /opt/airflow/dags/script.py
[2023-11-06T13:03:41.818+0000] {processor.py:829} INFO - Processing file /opt/airflow/dags/script.py for tasks to queue
[2023-11-06T13:03:42.833+0000] {logging_mixin.py:151} INFO - [2023-11-06T13:03:42.731+0000] {dagbag.py:536} INFO - Filling up the DagBag from /opt/airflow/dags/script.py
[2023-11-06T13:03:56.724+0000] {processor.py:839} INFO - DAG(s) dict_keys(['traffic_data']) retrieved from /opt/airflow/dags/script.py
[2023-11-06T13:03:58.077+0000] {logging_mixin.py:151} INFO - [2023-11-06T13:03:58.075+0000] {dag.py:2941} INFO - Sync 1 DAGs
[2023-11-06T13:03:59.631+0000] {processor.py:179} INFO - Processing /opt/airflow/dags/script.py took 18.272 seconds
[2023-11-06T13:04:51.248+0000] {processor.py:157} INFO - Started process (PID=96) to work on /opt/airflow/dags/script.py
[2023-11-06T13:04:51.265+0000] {processor.py:829} INFO - Processing file /opt/airflow/dags/script.py for tasks to queue
[2023-11-06T13:04:51.752+0000] {logging_mixin.py:151} INFO - [2023-11-06T13:04:51.747+0000] {dagbag.py:536} INFO - Filling up the DagBag from /opt/airflow/dags/script.py
[2023-11-06T13:05:00.608+0000] {processor.py:839} INFO - DAG(s) dict_keys(['traffic_data']) retrieved from /opt/airflow/dags/script.py
[2023-11-06T13:05:02.948+0000] {logging_mixin.py:151} INFO - [2023-11-06T13:05:02.946+0000] {dag.py:2941} INFO - Sync 1 DAGs
[2023-11-06T13:05:05.812+0000] {processor.py:179} INFO - Processing /opt/airflow/dags/script.py took 15.010 seconds
[2023-11-06T13:05:36.540+0000] {processor.py:157} INFO - Started process (PID=105) to work on /opt/airflow/dags/script.py
[2023-11-06T13:05:36.564+0000] {processor.py:829} INFO - Processing file /opt/airflow/dags/script.py for tasks to queue
[2023-11-06T13:05:36.601+0000] {logging_mixin.py:151} INFO - [2023-11-06T13:05:36.597+0000] {dagbag.py:536} INFO - Filling up the DagBag from /opt/airflow/dags/script.py
[2023-11-06T13:05:39.212+0000] {processor.py:839} INFO - DAG(s) dict_keys(['traffic_data']) retrieved from /opt/airflow/dags/script.py
[2023-11-06T13:05:40.899+0000] {logging_mixin.py:151} INFO - [2023-11-06T13:05:40.895+0000] {dag.py:2941} INFO - Sync 1 DAGs
[2023-11-06T13:05:43.384+0000] {processor.py:179} INFO - Processing /opt/airflow/dags/script.py took 6.995 seconds
[2023-11-06T13:06:22.472+0000] {processor.py:157} INFO - Started process (PID=124) to work on /opt/airflow/dags/script.py
[2023-11-06T13:06:22.517+0000] {processor.py:829} INFO - Processing file /opt/airflow/dags/script.py for tasks to queue
[2023-11-06T13:06:22.678+0000] {logging_mixin.py:151} INFO - [2023-11-06T13:06:22.652+0000] {dagbag.py:536} INFO - Filling up the DagBag from /opt/airflow/dags/script.py
[2023-11-06T13:06:25.928+0000] {processor.py:839} INFO - DAG(s) dict_keys(['traffic_data']) retrieved from /opt/airflow/dags/script.py
[2023-11-06T13:06:31.925+0000] {logging_mixin.py:151} INFO - [2023-11-06T13:06:31.908+0000] {dag.py:2941} INFO - Sync 1 DAGs
[2023-11-06T13:07:42.560+0000] {processor.py:157} INFO - Started process (PID=142) to work on /opt/airflow/dags/script.py
[2023-11-06T13:07:42.574+0000] {processor.py:829} INFO - Processing file /opt/airflow/dags/script.py for tasks to queue
[2023-11-06T13:07:42.608+0000] {logging_mixin.py:151} INFO - [2023-11-06T13:07:42.607+0000] {dagbag.py:536} INFO - Filling up the DagBag from /opt/airflow/dags/script.py
[2023-11-06T13:07:43.113+0000] {processor.py:839} INFO - DAG(s) dict_keys(['traffic_data']) retrieved from /opt/airflow/dags/script.py
[2023-11-06T13:07:44.208+0000] {logging_mixin.py:151} INFO - [2023-11-06T13:07:44.207+0000] {dag.py:2941} INFO - Sync 1 DAGs
[2023-11-06T13:07:44.303+0000] {processor.py:179} INFO - Processing /opt/airflow/dags/script.py took 1.730 seconds
[2023-11-06T13:08:14.571+0000] {processor.py:157} INFO - Started process (PID=153) to work on /opt/airflow/dags/script.py
[2023-11-06T13:08:14.593+0000] {processor.py:829} INFO - Processing file /opt/airflow/dags/script.py for tasks to queue
[2023-11-06T13:08:14.599+0000] {logging_mixin.py:151} INFO - [2023-11-06T13:08:14.598+0000] {dagbag.py:536} INFO - Filling up the DagBag from /opt/airflow/dags/script.py
[2023-11-06T13:08:15.646+0000] {processor.py:839} INFO - DAG(s) dict_keys(['traffic_data']) retrieved from /opt/airflow/dags/script.py
[2023-11-06T13:08:15.963+0000] {logging_mixin.py:151} INFO - [2023-11-06T13:08:15.962+0000] {dag.py:2941} INFO - Sync 1 DAGs
[2023-11-06T13:08:16.549+0000] {processor.py:179} INFO - Processing /opt/airflow/dags/script.py took 1.984 seconds
[2023-11-06T13:08:47.849+0000] {processor.py:157} INFO - Started process (PID=162) to work on /opt/airflow/dags/script.py
[2023-11-06T13:08:48.051+0000] {processor.py:829} INFO - Processing file /opt/airflow/dags/script.py for tasks to queue
[2023-11-06T13:08:48.342+0000] {logging_mixin.py:151} INFO - [2023-11-06T13:08:48.329+0000] {dagbag.py:536} INFO - Filling up the DagBag from /opt/airflow/dags/script.py
[2023-11-06T13:08:55.298+0000] {processor.py:839} INFO - DAG(s) dict_keys(['traffic_data']) retrieved from /opt/airflow/dags/script.py
[2023-11-06T13:08:56.294+0000] {logging_mixin.py:151} INFO - [2023-11-06T13:08:56.294+0000] {dag.py:2941} INFO - Sync 1 DAGs
[2023-11-06T13:09:04.657+0000] {processor.py:179} INFO - Processing /opt/airflow/dags/script.py took 17.203 seconds
[2023-11-06T13:09:35.082+0000] {processor.py:157} INFO - Started process (PID=180) to work on /opt/airflow/dags/script.py
[2023-11-06T13:09:35.085+0000] {processor.py:829} INFO - Processing file /opt/airflow/dags/script.py for tasks to queue
[2023-11-06T13:09:35.088+0000] {logging_mixin.py:151} INFO - [2023-11-06T13:09:35.088+0000] {dagbag.py:536} INFO - Filling up the DagBag from /opt/airflow/dags/script.py
[2023-11-06T13:09:35.317+0000] {processor.py:839} INFO - DAG(s) dict_keys(['traffic_data']) retrieved from /opt/airflow/dags/script.py
[2023-11-06T13:09:35.338+0000] {logging_mixin.py:151} INFO - [2023-11-06T13:09:35.338+0000] {dag.py:2941} INFO - Sync 1 DAGs
[2023-11-06T13:09:35.554+0000] {processor.py:179} INFO - Processing /opt/airflow/dags/script.py took 0.481 seconds
[2023-11-06T13:10:05.850+0000] {processor.py:157} INFO - Started process (PID=191) to work on /opt/airflow/dags/script.py
[2023-11-06T13:10:05.855+0000] {processor.py:829} INFO - Processing file /opt/airflow/dags/script.py for tasks to queue
[2023-11-06T13:10:05.900+0000] {logging_mixin.py:151} INFO - [2023-11-06T13:10:05.887+0000] {dagbag.py:536} INFO - Filling up the DagBag from /opt/airflow/dags/script.py
[2023-11-06T13:10:06.541+0000] {processor.py:839} INFO - DAG(s) dict_keys(['traffic_data']) retrieved from /opt/airflow/dags/script.py
[2023-11-06T13:10:07.793+0000] {logging_mixin.py:151} INFO - [2023-11-06T13:10:07.791+0000] {dag.py:2941} INFO - Sync 1 DAGs
[2023-11-06T13:10:08.399+0000] {processor.py:179} INFO - Processing /opt/airflow/dags/script.py took 2.602 seconds
[2023-11-06T13:10:38.579+0000] {processor.py:157} INFO - Started process (PID=206) to work on /opt/airflow/dags/script.py
[2023-11-06T13:10:38.580+0000] {processor.py:829} INFO - Processing file /opt/airflow/dags/script.py for tasks to queue
[2023-11-06T13:10:38.584+0000] {logging_mixin.py:151} INFO - [2023-11-06T13:10:38.583+0000] {dagbag.py:536} INFO - Filling up the DagBag from /opt/airflow/dags/script.py
[2023-11-06T13:10:38.820+0000] {processor.py:839} INFO - DAG(s) dict_keys(['traffic_data']) retrieved from /opt/airflow/dags/script.py
[2023-11-06T13:10:38.870+0000] {logging_mixin.py:151} INFO - [2023-11-06T13:10:38.869+0000] {dag.py:2941} INFO - Sync 1 DAGs
[2023-11-06T13:10:38.948+0000] {processor.py:179} INFO - Processing /opt/airflow/dags/script.py took 0.376 seconds
[2023-11-06T13:11:09.014+0000] {processor.py:157} INFO - Started process (PID=216) to work on /opt/airflow/dags/script.py
[2023-11-06T13:11:09.017+0000] {processor.py:829} INFO - Processing file /opt/airflow/dags/script.py for tasks to queue
[2023-11-06T13:11:09.023+0000] {logging_mixin.py:151} INFO - [2023-11-06T13:11:09.022+0000] {dagbag.py:536} INFO - Filling up the DagBag from /opt/airflow/dags/script.py
[2023-11-06T13:11:09.376+0000] {processor.py:839} INFO - DAG(s) dict_keys(['traffic_data']) retrieved from /opt/airflow/dags/script.py
[2023-11-06T13:11:09.404+0000] {logging_mixin.py:151} INFO - [2023-11-06T13:11:09.403+0000] {dag.py:2941} INFO - Sync 1 DAGs
[2023-11-06T13:11:09.514+0000] {processor.py:179} INFO - Processing /opt/airflow/dags/script.py took 0.511 seconds
[2023-11-06T13:11:39.699+0000] {processor.py:157} INFO - Started process (PID=226) to work on /opt/airflow/dags/script.py
[2023-11-06T13:11:39.700+0000] {processor.py:829} INFO - Processing file /opt/airflow/dags/script.py for tasks to queue
[2023-11-06T13:11:39.704+0000] {logging_mixin.py:151} INFO - [2023-11-06T13:11:39.704+0000] {dagbag.py:536} INFO - Filling up the DagBag from /opt/airflow/dags/script.py
[2023-11-06T13:11:39.950+0000] {processor.py:839} INFO - DAG(s) dict_keys(['traffic_data']) retrieved from /opt/airflow/dags/script.py
[2023-11-06T13:11:40.328+0000] {logging_mixin.py:151} INFO - [2023-11-06T13:11:40.328+0000] {dag.py:2941} INFO - Sync 1 DAGs
[2023-11-06T13:11:42.502+0000] {processor.py:179} INFO - Processing /opt/airflow/dags/script.py took 2.813 seconds
[2023-11-06T13:12:12.995+0000] {processor.py:157} INFO - Started process (PID=236) to work on /opt/airflow/dags/script.py
[2023-11-06T13:12:13.003+0000] {processor.py:829} INFO - Processing file /opt/airflow/dags/script.py for tasks to queue
[2023-11-06T13:12:13.008+0000] {logging_mixin.py:151} INFO - [2023-11-06T13:12:13.007+0000] {dagbag.py:536} INFO - Filling up the DagBag from /opt/airflow/dags/script.py
[2023-11-06T13:12:13.348+0000] {processor.py:839} INFO - DAG(s) dict_keys(['traffic_data']) retrieved from /opt/airflow/dags/script.py
[2023-11-06T13:12:13.510+0000] {logging_mixin.py:151} INFO - [2023-11-06T13:12:13.510+0000] {dag.py:2941} INFO - Sync 1 DAGs
[2023-11-06T13:12:13.725+0000] {processor.py:179} INFO - Processing /opt/airflow/dags/script.py took 0.743 seconds
[2023-11-06T13:12:44.069+0000] {processor.py:157} INFO - Started process (PID=246) to work on /opt/airflow/dags/script.py
[2023-11-06T13:12:44.070+0000] {processor.py:829} INFO - Processing file /opt/airflow/dags/script.py for tasks to queue
[2023-11-06T13:12:44.075+0000] {logging_mixin.py:151} INFO - [2023-11-06T13:12:44.074+0000] {dagbag.py:536} INFO - Filling up the DagBag from /opt/airflow/dags/script.py
[2023-11-06T13:12:44.479+0000] {processor.py:839} INFO - DAG(s) dict_keys(['traffic_data']) retrieved from /opt/airflow/dags/script.py
[2023-11-06T13:12:44.551+0000] {logging_mixin.py:151} INFO - [2023-11-06T13:12:44.550+0000] {dag.py:2941} INFO - Sync 1 DAGs
[2023-11-06T13:12:44.734+0000] {processor.py:179} INFO - Processing /opt/airflow/dags/script.py took 0.671 seconds
[2023-11-06T13:13:15.813+0000] {processor.py:157} INFO - Started process (PID=256) to work on /opt/airflow/dags/script.py
[2023-11-06T13:13:15.820+0000] {processor.py:829} INFO - Processing file /opt/airflow/dags/script.py for tasks to queue
[2023-11-06T13:13:15.865+0000] {logging_mixin.py:151} INFO - [2023-11-06T13:13:15.862+0000] {dagbag.py:536} INFO - Filling up the DagBag from /opt/airflow/dags/script.py
[2023-11-06T13:13:16.440+0000] {processor.py:839} INFO - DAG(s) dict_keys(['traffic_data']) retrieved from /opt/airflow/dags/script.py
[2023-11-06T13:13:17.848+0000] {logging_mixin.py:151} INFO - [2023-11-06T13:13:17.847+0000] {dag.py:2941} INFO - Sync 1 DAGs
[2023-11-06T13:13:18.044+0000] {processor.py:179} INFO - Processing /opt/airflow/dags/script.py took 2.239 seconds
[2023-11-06T13:13:48.193+0000] {processor.py:157} INFO - Started process (PID=267) to work on /opt/airflow/dags/script.py
[2023-11-06T13:13:48.196+0000] {processor.py:829} INFO - Processing file /opt/airflow/dags/script.py for tasks to queue
[2023-11-06T13:13:48.201+0000] {logging_mixin.py:151} INFO - [2023-11-06T13:13:48.200+0000] {dagbag.py:536} INFO - Filling up the DagBag from /opt/airflow/dags/script.py
[2023-11-06T13:13:48.563+0000] {processor.py:839} INFO - DAG(s) dict_keys(['traffic_data']) retrieved from /opt/airflow/dags/script.py
[2023-11-06T13:13:48.689+0000] {logging_mixin.py:151} INFO - [2023-11-06T13:13:48.688+0000] {dag.py:2941} INFO - Sync 1 DAGs
[2023-11-06T13:13:55.092+0000] {processor.py:179} INFO - Processing /opt/airflow/dags/script.py took 6.908 seconds
[2023-11-06T13:14:25.481+0000] {processor.py:157} INFO - Started process (PID=278) to work on /opt/airflow/dags/script.py
[2023-11-06T13:14:25.485+0000] {processor.py:829} INFO - Processing file /opt/airflow/dags/script.py for tasks to queue
[2023-11-06T13:14:25.494+0000] {logging_mixin.py:151} INFO - [2023-11-06T13:14:25.493+0000] {dagbag.py:536} INFO - Filling up the DagBag from /opt/airflow/dags/script.py
[2023-11-06T13:14:25.910+0000] {processor.py:839} INFO - DAG(s) dict_keys(['traffic_data']) retrieved from /opt/airflow/dags/script.py
[2023-11-06T13:14:26.469+0000] {logging_mixin.py:151} INFO - [2023-11-06T13:14:26.468+0000] {dag.py:2941} INFO - Sync 1 DAGs
[2023-11-06T13:14:29.364+0000] {processor.py:179} INFO - Processing /opt/airflow/dags/script.py took 3.894 seconds
[2023-11-06T13:15:00.200+0000] {processor.py:157} INFO - Started process (PID=289) to work on /opt/airflow/dags/script.py
[2023-11-06T13:15:00.202+0000] {processor.py:829} INFO - Processing file /opt/airflow/dags/script.py for tasks to queue
[2023-11-06T13:15:00.208+0000] {logging_mixin.py:151} INFO - [2023-11-06T13:15:00.208+0000] {dagbag.py:536} INFO - Filling up the DagBag from /opt/airflow/dags/script.py
[2023-11-06T13:15:00.851+0000] {processor.py:839} INFO - DAG(s) dict_keys(['traffic_data']) retrieved from /opt/airflow/dags/script.py
[2023-11-06T13:15:01.095+0000] {logging_mixin.py:151} INFO - [2023-11-06T13:15:01.094+0000] {dag.py:2941} INFO - Sync 1 DAGs
[2023-11-06T13:15:01.474+0000] {processor.py:179} INFO - Processing /opt/airflow/dags/script.py took 1.281 seconds
[2023-11-06T13:15:31.848+0000] {processor.py:157} INFO - Started process (PID=300) to work on /opt/airflow/dags/script.py
[2023-11-06T13:15:31.851+0000] {processor.py:829} INFO - Processing file /opt/airflow/dags/script.py for tasks to queue
[2023-11-06T13:15:31.856+0000] {logging_mixin.py:151} INFO - [2023-11-06T13:15:31.855+0000] {dagbag.py:536} INFO - Filling up the DagBag from /opt/airflow/dags/script.py
[2023-11-06T13:15:32.228+0000] {processor.py:839} INFO - DAG(s) dict_keys(['traffic_data']) retrieved from /opt/airflow/dags/script.py
[2023-11-06T13:15:32.620+0000] {logging_mixin.py:151} INFO - [2023-11-06T13:15:32.619+0000] {dag.py:2941} INFO - Sync 1 DAGs
[2023-11-06T13:15:32.706+0000] {processor.py:179} INFO - Processing /opt/airflow/dags/script.py took 0.874 seconds
[2023-11-06T13:16:02.983+0000] {processor.py:157} INFO - Started process (PID=311) to work on /opt/airflow/dags/script.py
[2023-11-06T13:16:02.985+0000] {processor.py:829} INFO - Processing file /opt/airflow/dags/script.py for tasks to queue
[2023-11-06T13:16:02.988+0000] {logging_mixin.py:151} INFO - [2023-11-06T13:16:02.988+0000] {dagbag.py:536} INFO - Filling up the DagBag from /opt/airflow/dags/script.py
[2023-11-06T13:16:03.300+0000] {processor.py:839} INFO - DAG(s) dict_keys(['traffic_data']) retrieved from /opt/airflow/dags/script.py
[2023-11-06T13:16:03.352+0000] {logging_mixin.py:151} INFO - [2023-11-06T13:16:03.351+0000] {dag.py:2941} INFO - Sync 1 DAGs
[2023-11-06T13:16:03.458+0000] {processor.py:179} INFO - Processing /opt/airflow/dags/script.py took 0.482 seconds
[2023-11-06T13:16:34.251+0000] {processor.py:157} INFO - Started process (PID=320) to work on /opt/airflow/dags/script.py
[2023-11-06T13:16:34.273+0000] {processor.py:829} INFO - Processing file /opt/airflow/dags/script.py for tasks to queue
[2023-11-06T13:16:34.426+0000] {logging_mixin.py:151} INFO - [2023-11-06T13:16:34.407+0000] {dagbag.py:536} INFO - Filling up the DagBag from /opt/airflow/dags/script.py
[2023-11-06T13:16:40.114+0000] {processor.py:839} INFO - DAG(s) dict_keys(['traffic_data']) retrieved from /opt/airflow/dags/script.py
[2023-11-06T13:16:40.718+0000] {logging_mixin.py:151} INFO - [2023-11-06T13:16:40.718+0000] {dag.py:2941} INFO - Sync 1 DAGs
[2023-11-06T13:16:43.949+0000] {processor.py:179} INFO - Processing /opt/airflow/dags/script.py took 10.008 seconds
[2023-11-06T13:17:14.203+0000] {processor.py:157} INFO - Started process (PID=336) to work on /opt/airflow/dags/script.py
[2023-11-06T13:17:14.214+0000] {processor.py:829} INFO - Processing file /opt/airflow/dags/script.py for tasks to queue
[2023-11-06T13:17:14.228+0000] {logging_mixin.py:151} INFO - [2023-11-06T13:17:14.223+0000] {dagbag.py:536} INFO - Filling up the DagBag from /opt/airflow/dags/script.py
[2023-11-06T13:17:15.576+0000] {processor.py:839} INFO - DAG(s) dict_keys(['traffic_data']) retrieved from /opt/airflow/dags/script.py
[2023-11-06T13:17:17.576+0000] {logging_mixin.py:151} INFO - [2023-11-06T13:17:17.575+0000] {dag.py:2941} INFO - Sync 1 DAGs
[2023-11-06T13:17:21.650+0000] {processor.py:179} INFO - Processing /opt/airflow/dags/script.py took 7.464 seconds
[2023-11-06T13:17:54.460+0000] {processor.py:157} INFO - Started process (PID=348) to work on /opt/airflow/dags/script.py
[2023-11-06T13:17:54.464+0000] {processor.py:829} INFO - Processing file /opt/airflow/dags/script.py for tasks to queue
[2023-11-06T13:17:54.470+0000] {logging_mixin.py:151} INFO - [2023-11-06T13:17:54.469+0000] {dagbag.py:536} INFO - Filling up the DagBag from /opt/airflow/dags/script.py
[2023-11-06T13:17:55.246+0000] {processor.py:839} INFO - DAG(s) dict_keys(['traffic_data']) retrieved from /opt/airflow/dags/script.py
[2023-11-06T13:17:55.723+0000] {logging_mixin.py:151} INFO - [2023-11-06T13:17:55.722+0000] {dag.py:2941} INFO - Sync 1 DAGs
[2023-11-06T13:17:56.125+0000] {processor.py:179} INFO - Processing /opt/airflow/dags/script.py took 1.687 seconds
[2023-11-06T13:18:26.932+0000] {processor.py:157} INFO - Started process (PID=357) to work on /opt/airflow/dags/script.py
[2023-11-06T13:18:26.936+0000] {processor.py:829} INFO - Processing file /opt/airflow/dags/script.py for tasks to queue
[2023-11-06T13:18:26.940+0000] {logging_mixin.py:151} INFO - [2023-11-06T13:18:26.940+0000] {dagbag.py:536} INFO - Filling up the DagBag from /opt/airflow/dags/script.py
[2023-11-06T13:18:27.188+0000] {processor.py:839} INFO - DAG(s) dict_keys(['traffic_data']) retrieved from /opt/airflow/dags/script.py
[2023-11-06T13:18:27.521+0000] {logging_mixin.py:151} INFO - [2023-11-06T13:18:27.520+0000] {dag.py:2941} INFO - Sync 1 DAGs
[2023-11-06T13:18:27.606+0000] {processor.py:179} INFO - Processing /opt/airflow/dags/script.py took 0.684 seconds
[2023-11-06T13:18:58.294+0000] {processor.py:157} INFO - Started process (PID=367) to work on /opt/airflow/dags/script.py
[2023-11-06T13:18:58.295+0000] {processor.py:829} INFO - Processing file /opt/airflow/dags/script.py for tasks to queue
[2023-11-06T13:18:58.301+0000] {logging_mixin.py:151} INFO - [2023-11-06T13:18:58.300+0000] {dagbag.py:536} INFO - Filling up the DagBag from /opt/airflow/dags/script.py
[2023-11-06T13:18:58.544+0000] {processor.py:839} INFO - DAG(s) dict_keys(['traffic_data']) retrieved from /opt/airflow/dags/script.py
[2023-11-06T13:18:58.620+0000] {logging_mixin.py:151} INFO - [2023-11-06T13:18:58.620+0000] {dag.py:2941} INFO - Sync 1 DAGs
[2023-11-06T13:18:58.735+0000] {processor.py:179} INFO - Processing /opt/airflow/dags/script.py took 0.449 seconds
[2023-11-06T13:19:29.231+0000] {processor.py:157} INFO - Started process (PID=377) to work on /opt/airflow/dags/script.py
[2023-11-06T13:19:29.236+0000] {processor.py:829} INFO - Processing file /opt/airflow/dags/script.py for tasks to queue
[2023-11-06T13:19:29.244+0000] {logging_mixin.py:151} INFO - [2023-11-06T13:19:29.243+0000] {dagbag.py:536} INFO - Filling up the DagBag from /opt/airflow/dags/script.py
[2023-11-06T13:19:29.531+0000] {processor.py:839} INFO - DAG(s) dict_keys(['traffic_data']) retrieved from /opt/airflow/dags/script.py
[2023-11-06T13:19:29.558+0000] {logging_mixin.py:151} INFO - [2023-11-06T13:19:29.557+0000] {dag.py:2941} INFO - Sync 1 DAGs
[2023-11-06T13:19:29.643+0000] {processor.py:179} INFO - Processing /opt/airflow/dags/script.py took 0.422 seconds
[2023-11-06T13:20:00.253+0000] {processor.py:157} INFO - Started process (PID=387) to work on /opt/airflow/dags/script.py
[2023-11-06T13:20:00.255+0000] {processor.py:829} INFO - Processing file /opt/airflow/dags/script.py for tasks to queue
[2023-11-06T13:20:00.259+0000] {logging_mixin.py:151} INFO - [2023-11-06T13:20:00.258+0000] {dagbag.py:536} INFO - Filling up the DagBag from /opt/airflow/dags/script.py
[2023-11-06T13:20:00.548+0000] {processor.py:839} INFO - DAG(s) dict_keys(['traffic_data']) retrieved from /opt/airflow/dags/script.py
[2023-11-06T13:20:00.759+0000] {logging_mixin.py:151} INFO - [2023-11-06T13:20:00.758+0000] {dag.py:2941} INFO - Sync 1 DAGs
[2023-11-06T13:20:01.121+0000] {processor.py:179} INFO - Processing /opt/airflow/dags/script.py took 0.884 seconds
[2023-11-06T13:20:31.487+0000] {processor.py:157} INFO - Started process (PID=401) to work on /opt/airflow/dags/script.py
[2023-11-06T13:20:31.492+0000] {processor.py:829} INFO - Processing file /opt/airflow/dags/script.py for tasks to queue
[2023-11-06T13:20:31.504+0000] {logging_mixin.py:151} INFO - [2023-11-06T13:20:31.501+0000] {dagbag.py:536} INFO - Filling up the DagBag from /opt/airflow/dags/script.py
[2023-11-06T13:20:32.321+0000] {processor.py:839} INFO - DAG(s) dict_keys(['traffic_data']) retrieved from /opt/airflow/dags/script.py
[2023-11-06T13:20:32.502+0000] {logging_mixin.py:151} INFO - [2023-11-06T13:20:32.502+0000] {dag.py:2941} INFO - Sync 1 DAGs
[2023-11-06T13:20:32.676+0000] {processor.py:179} INFO - Processing /opt/airflow/dags/script.py took 1.390 seconds
[2023-11-06T13:21:02.840+0000] {processor.py:157} INFO - Started process (PID=419) to work on /opt/airflow/dags/script.py
[2023-11-06T13:21:02.842+0000] {processor.py:829} INFO - Processing file /opt/airflow/dags/script.py for tasks to queue
[2023-11-06T13:21:02.846+0000] {logging_mixin.py:151} INFO - [2023-11-06T13:21:02.846+0000] {dagbag.py:536} INFO - Filling up the DagBag from /opt/airflow/dags/script.py
[2023-11-06T13:21:03.091+0000] {processor.py:839} INFO - DAG(s) dict_keys(['traffic_data']) retrieved from /opt/airflow/dags/script.py
[2023-11-06T13:21:03.116+0000] {logging_mixin.py:151} INFO - [2023-11-06T13:21:03.115+0000] {dag.py:2941} INFO - Sync 1 DAGs
[2023-11-06T13:21:03.246+0000] {processor.py:179} INFO - Processing /opt/airflow/dags/script.py took 0.415 seconds
[2023-11-06T13:21:33.950+0000] {processor.py:157} INFO - Started process (PID=430) to work on /opt/airflow/dags/script.py
[2023-11-06T13:21:33.952+0000] {processor.py:829} INFO - Processing file /opt/airflow/dags/script.py for tasks to queue
[2023-11-06T13:21:33.956+0000] {logging_mixin.py:151} INFO - [2023-11-06T13:21:33.955+0000] {dagbag.py:536} INFO - Filling up the DagBag from /opt/airflow/dags/script.py
[2023-11-06T13:21:34.220+0000] {processor.py:839} INFO - DAG(s) dict_keys(['traffic_data']) retrieved from /opt/airflow/dags/script.py
[2023-11-06T13:21:34.614+0000] {logging_mixin.py:151} INFO - [2023-11-06T13:21:34.613+0000] {dag.py:2941} INFO - Sync 1 DAGs
[2023-11-06T13:21:34.779+0000] {processor.py:179} INFO - Processing /opt/airflow/dags/script.py took 0.835 seconds
[2023-11-06T13:22:05.110+0000] {processor.py:157} INFO - Started process (PID=440) to work on /opt/airflow/dags/script.py
[2023-11-06T13:22:05.112+0000] {processor.py:829} INFO - Processing file /opt/airflow/dags/script.py for tasks to queue
[2023-11-06T13:22:05.118+0000] {logging_mixin.py:151} INFO - [2023-11-06T13:22:05.117+0000] {dagbag.py:536} INFO - Filling up the DagBag from /opt/airflow/dags/script.py
[2023-11-06T13:22:05.728+0000] {processor.py:839} INFO - DAG(s) dict_keys(['traffic_data']) retrieved from /opt/airflow/dags/script.py
[2023-11-06T13:22:05.795+0000] {logging_mixin.py:151} INFO - [2023-11-06T13:22:05.795+0000] {dag.py:2941} INFO - Sync 1 DAGs
[2023-11-06T13:22:05.903+0000] {processor.py:179} INFO - Processing /opt/airflow/dags/script.py took 0.804 seconds
[2023-11-06T13:22:36.619+0000] {processor.py:157} INFO - Started process (PID=451) to work on /opt/airflow/dags/script.py
[2023-11-06T13:22:36.625+0000] {processor.py:829} INFO - Processing file /opt/airflow/dags/script.py for tasks to queue
[2023-11-06T13:22:36.632+0000] {logging_mixin.py:151} INFO - [2023-11-06T13:22:36.631+0000] {dagbag.py:536} INFO - Filling up the DagBag from /opt/airflow/dags/script.py
[2023-11-06T13:22:36.869+0000] {processor.py:839} INFO - DAG(s) dict_keys(['traffic_data']) retrieved from /opt/airflow/dags/script.py
[2023-11-06T13:22:36.893+0000] {logging_mixin.py:151} INFO - [2023-11-06T13:22:36.893+0000] {dag.py:2941} INFO - Sync 1 DAGs
[2023-11-06T13:22:37.276+0000] {processor.py:179} INFO - Processing /opt/airflow/dags/script.py took 0.683 seconds
[2023-11-06T13:23:07.697+0000] {processor.py:157} INFO - Started process (PID=461) to work on /opt/airflow/dags/script.py
[2023-11-06T13:23:07.733+0000] {processor.py:829} INFO - Processing file /opt/airflow/dags/script.py for tasks to queue
[2023-11-06T13:23:07.780+0000] {logging_mixin.py:151} INFO - [2023-11-06T13:23:07.776+0000] {dagbag.py:536} INFO - Filling up the DagBag from /opt/airflow/dags/script.py
[2023-11-06T13:23:08.523+0000] {processor.py:839} INFO - DAG(s) dict_keys(['traffic_data']) retrieved from /opt/airflow/dags/script.py
[2023-11-06T13:23:10.370+0000] {logging_mixin.py:151} INFO - [2023-11-06T13:23:10.370+0000] {dag.py:2941} INFO - Sync 1 DAGs
[2023-11-06T13:23:10.495+0000] {processor.py:179} INFO - Processing /opt/airflow/dags/script.py took 2.867 seconds
[2023-11-06T13:23:41.225+0000] {processor.py:157} INFO - Started process (PID=472) to work on /opt/airflow/dags/script.py
[2023-11-06T13:23:41.227+0000] {processor.py:829} INFO - Processing file /opt/airflow/dags/script.py for tasks to queue
[2023-11-06T13:23:41.234+0000] {logging_mixin.py:151} INFO - [2023-11-06T13:23:41.232+0000] {dagbag.py:536} INFO - Filling up the DagBag from /opt/airflow/dags/script.py
[2023-11-06T13:23:41.588+0000] {processor.py:839} INFO - DAG(s) dict_keys(['traffic_data']) retrieved from /opt/airflow/dags/script.py
[2023-11-06T13:23:41.665+0000] {logging_mixin.py:151} INFO - [2023-11-06T13:23:41.664+0000] {dag.py:2941} INFO - Sync 1 DAGs
[2023-11-06T13:23:42.265+0000] {processor.py:179} INFO - Processing /opt/airflow/dags/script.py took 1.053 seconds
[2023-11-06T13:24:12.740+0000] {processor.py:157} INFO - Started process (PID=486) to work on /opt/airflow/dags/script.py
[2023-11-06T13:24:12.743+0000] {processor.py:829} INFO - Processing file /opt/airflow/dags/script.py for tasks to queue
[2023-11-06T13:24:12.757+0000] {logging_mixin.py:151} INFO - [2023-11-06T13:24:12.754+0000] {dagbag.py:536} INFO - Filling up the DagBag from /opt/airflow/dags/script.py
[2023-11-06T13:24:13.085+0000] {processor.py:839} INFO - DAG(s) dict_keys(['traffic_data']) retrieved from /opt/airflow/dags/script.py
[2023-11-06T13:24:13.108+0000] {logging_mixin.py:151} INFO - [2023-11-06T13:24:13.107+0000] {dag.py:2941} INFO - Sync 1 DAGs
[2023-11-06T13:24:13.831+0000] {processor.py:179} INFO - Processing /opt/airflow/dags/script.py took 1.161 seconds
[2023-11-06T13:24:44.131+0000] {processor.py:157} INFO - Started process (PID=496) to work on /opt/airflow/dags/script.py
[2023-11-06T13:24:44.139+0000] {processor.py:829} INFO - Processing file /opt/airflow/dags/script.py for tasks to queue
[2023-11-06T13:24:44.180+0000] {logging_mixin.py:151} INFO - [2023-11-06T13:24:44.176+0000] {dagbag.py:536} INFO - Filling up the DagBag from /opt/airflow/dags/script.py
[2023-11-06T13:24:45.033+0000] {processor.py:839} INFO - DAG(s) dict_keys(['traffic_data']) retrieved from /opt/airflow/dags/script.py
[2023-11-06T13:24:48.720+0000] {logging_mixin.py:151} INFO - [2023-11-06T13:24:48.719+0000] {dag.py:2941} INFO - Sync 1 DAGs
[2023-11-06T13:24:48.766+0000] {logging_mixin.py:151} INFO - [2023-11-06T13:24:48.765+0000] {dag.py:3722} INFO - Setting next_dagrun for traffic_data to 2023-11-06T13:23:48.764785+00:00, run_after=2023-11-06T13:24:48.764785+00:00
[2023-11-06T13:24:48.823+0000] {processor.py:179} INFO - Processing /opt/airflow/dags/script.py took 4.711 seconds
[2023-11-06T13:25:19.027+0000] {processor.py:157} INFO - Started process (PID=511) to work on /opt/airflow/dags/script.py
[2023-11-06T13:25:19.029+0000] {processor.py:829} INFO - Processing file /opt/airflow/dags/script.py for tasks to queue
[2023-11-06T13:25:19.037+0000] {logging_mixin.py:151} INFO - [2023-11-06T13:25:19.034+0000] {dagbag.py:536} INFO - Filling up the DagBag from /opt/airflow/dags/script.py
[2023-11-06T13:25:19.343+0000] {processor.py:839} INFO - DAG(s) dict_keys(['traffic_data']) retrieved from /opt/airflow/dags/script.py
[2023-11-06T13:25:19.390+0000] {logging_mixin.py:151} INFO - [2023-11-06T13:25:19.389+0000] {dag.py:2941} INFO - Sync 1 DAGs
[2023-11-06T13:25:19.471+0000] {processor.py:179} INFO - Processing /opt/airflow/dags/script.py took 0.452 seconds
[2023-11-06T13:25:49.649+0000] {processor.py:157} INFO - Started process (PID=527) to work on /opt/airflow/dags/script.py
[2023-11-06T13:25:49.651+0000] {processor.py:829} INFO - Processing file /opt/airflow/dags/script.py for tasks to queue
[2023-11-06T13:25:49.655+0000] {logging_mixin.py:151} INFO - [2023-11-06T13:25:49.654+0000] {dagbag.py:536} INFO - Filling up the DagBag from /opt/airflow/dags/script.py
[2023-11-06T13:25:49.864+0000] {processor.py:839} INFO - DAG(s) dict_keys(['traffic_data']) retrieved from /opt/airflow/dags/script.py
[2023-11-06T13:25:49.889+0000] {logging_mixin.py:151} INFO - [2023-11-06T13:25:49.889+0000] {dag.py:2941} INFO - Sync 1 DAGs
[2023-11-06T13:25:50.098+0000] {processor.py:179} INFO - Processing /opt/airflow/dags/script.py took 0.458 seconds
[2023-11-06T13:26:21.557+0000] {processor.py:157} INFO - Started process (PID=536) to work on /opt/airflow/dags/script.py
[2023-11-06T13:26:21.638+0000] {processor.py:829} INFO - Processing file /opt/airflow/dags/script.py for tasks to queue
[2023-11-06T13:26:21.817+0000] {logging_mixin.py:151} INFO - [2023-11-06T13:26:21.813+0000] {dagbag.py:536} INFO - Filling up the DagBag from /opt/airflow/dags/script.py
[2023-11-06T13:26:23.073+0000] {processor.py:839} INFO - DAG(s) dict_keys(['traffic_data']) retrieved from /opt/airflow/dags/script.py
[2023-11-06T13:26:26.260+0000] {logging_mixin.py:151} INFO - [2023-11-06T13:26:26.259+0000] {dag.py:2941} INFO - Sync 1 DAGs
[2023-11-06T13:26:26.381+0000] {processor.py:179} INFO - Processing /opt/airflow/dags/script.py took 5.018 seconds
[2023-11-06T13:26:56.623+0000] {processor.py:157} INFO - Started process (PID=547) to work on /opt/airflow/dags/script.py
[2023-11-06T13:26:56.626+0000] {processor.py:829} INFO - Processing file /opt/airflow/dags/script.py for tasks to queue
[2023-11-06T13:26:56.633+0000] {logging_mixin.py:151} INFO - [2023-11-06T13:26:56.632+0000] {dagbag.py:536} INFO - Filling up the DagBag from /opt/airflow/dags/script.py
[2023-11-06T13:26:56.911+0000] {processor.py:839} INFO - DAG(s) dict_keys(['traffic_data']) retrieved from /opt/airflow/dags/script.py
[2023-11-06T13:26:56.975+0000] {logging_mixin.py:151} INFO - [2023-11-06T13:26:56.974+0000] {dag.py:2941} INFO - Sync 1 DAGs
[2023-11-06T13:26:57.364+0000] {processor.py:179} INFO - Processing /opt/airflow/dags/script.py took 0.748 seconds
[2023-11-06T13:27:27.442+0000] {processor.py:157} INFO - Started process (PID=557) to work on /opt/airflow/dags/script.py
[2023-11-06T13:27:27.443+0000] {processor.py:829} INFO - Processing file /opt/airflow/dags/script.py for tasks to queue
[2023-11-06T13:27:27.448+0000] {logging_mixin.py:151} INFO - [2023-11-06T13:27:27.447+0000] {dagbag.py:536} INFO - Filling up the DagBag from /opt/airflow/dags/script.py
[2023-11-06T13:27:27.745+0000] {processor.py:839} INFO - DAG(s) dict_keys(['traffic_data']) retrieved from /opt/airflow/dags/script.py
[2023-11-06T13:27:28.047+0000] {logging_mixin.py:151} INFO - [2023-11-06T13:27:28.046+0000] {dag.py:2941} INFO - Sync 1 DAGs
[2023-11-06T13:27:28.183+0000] {processor.py:179} INFO - Processing /opt/airflow/dags/script.py took 0.754 seconds
[2023-11-06T13:27:58.692+0000] {processor.py:157} INFO - Started process (PID=567) to work on /opt/airflow/dags/script.py
[2023-11-06T13:27:58.695+0000] {processor.py:829} INFO - Processing file /opt/airflow/dags/script.py for tasks to queue
[2023-11-06T13:27:58.700+0000] {logging_mixin.py:151} INFO - [2023-11-06T13:27:58.699+0000] {dagbag.py:536} INFO - Filling up the DagBag from /opt/airflow/dags/script.py
[2023-11-06T13:27:58.950+0000] {processor.py:839} INFO - DAG(s) dict_keys(['traffic_data']) retrieved from /opt/airflow/dags/script.py
[2023-11-06T13:28:06.945+0000] {logging_mixin.py:151} INFO - [2023-11-06T13:28:06.943+0000] {dag.py:2941} INFO - Sync 1 DAGs
[2023-11-06T13:28:07.318+0000] {processor.py:179} INFO - Processing /opt/airflow/dags/script.py took 8.639 seconds
[2023-11-06T13:28:38.066+0000] {processor.py:157} INFO - Started process (PID=577) to work on /opt/airflow/dags/script.py
[2023-11-06T13:28:38.068+0000] {processor.py:829} INFO - Processing file /opt/airflow/dags/script.py for tasks to queue
[2023-11-06T13:28:38.073+0000] {logging_mixin.py:151} INFO - [2023-11-06T13:28:38.072+0000] {dagbag.py:536} INFO - Filling up the DagBag from /opt/airflow/dags/script.py
[2023-11-06T13:28:38.445+0000] {processor.py:839} INFO - DAG(s) dict_keys(['traffic_data']) retrieved from /opt/airflow/dags/script.py
[2023-11-06T13:28:38.472+0000] {logging_mixin.py:151} INFO - [2023-11-06T13:28:38.471+0000] {dag.py:2941} INFO - Sync 1 DAGs
[2023-11-06T13:28:38.551+0000] {processor.py:179} INFO - Processing /opt/airflow/dags/script.py took 0.493 seconds
[2023-11-06T13:29:08.671+0000] {processor.py:157} INFO - Started process (PID=588) to work on /opt/airflow/dags/script.py
[2023-11-06T13:29:08.674+0000] {processor.py:829} INFO - Processing file /opt/airflow/dags/script.py for tasks to queue
[2023-11-06T13:29:08.680+0000] {logging_mixin.py:151} INFO - [2023-11-06T13:29:08.679+0000] {dagbag.py:536} INFO - Filling up the DagBag from /opt/airflow/dags/script.py
[2023-11-06T13:29:08.931+0000] {processor.py:839} INFO - DAG(s) dict_keys(['traffic_data']) retrieved from /opt/airflow/dags/script.py
[2023-11-06T13:29:09.474+0000] {logging_mixin.py:151} INFO - [2023-11-06T13:29:09.474+0000] {dag.py:2941} INFO - Sync 1 DAGs
[2023-11-06T13:29:09.559+0000] {processor.py:179} INFO - Processing /opt/airflow/dags/script.py took 0.926 seconds
[2023-11-06T13:29:40.066+0000] {processor.py:157} INFO - Started process (PID=598) to work on /opt/airflow/dags/script.py
[2023-11-06T13:29:40.068+0000] {processor.py:829} INFO - Processing file /opt/airflow/dags/script.py for tasks to queue
[2023-11-06T13:29:40.073+0000] {logging_mixin.py:151} INFO - [2023-11-06T13:29:40.072+0000] {dagbag.py:536} INFO - Filling up the DagBag from /opt/airflow/dags/script.py
[2023-11-06T13:29:40.446+0000] {processor.py:839} INFO - DAG(s) dict_keys(['traffic_data']) retrieved from /opt/airflow/dags/script.py
[2023-11-06T13:29:40.854+0000] {logging_mixin.py:151} INFO - [2023-11-06T13:29:40.854+0000] {dag.py:2941} INFO - Sync 1 DAGs
[2023-11-06T13:29:40.981+0000] {processor.py:179} INFO - Processing /opt/airflow/dags/script.py took 0.921 seconds
[2023-11-06T13:30:11.938+0000] {processor.py:157} INFO - Started process (PID=607) to work on /opt/airflow/dags/script.py
[2023-11-06T13:30:11.941+0000] {processor.py:829} INFO - Processing file /opt/airflow/dags/script.py for tasks to queue
[2023-11-06T13:30:11.961+0000] {logging_mixin.py:151} INFO - [2023-11-06T13:30:11.956+0000] {dagbag.py:536} INFO - Filling up the DagBag from /opt/airflow/dags/script.py
[2023-11-06T13:30:13.250+0000] {processor.py:839} INFO - DAG(s) dict_keys(['traffic_data']) retrieved from /opt/airflow/dags/script.py
[2023-11-06T13:30:13.280+0000] {logging_mixin.py:151} INFO - [2023-11-06T13:30:13.280+0000] {dag.py:2941} INFO - Sync 1 DAGs
[2023-11-06T13:30:13.418+0000] {processor.py:179} INFO - Processing /opt/airflow/dags/script.py took 1.486 seconds
[2023-11-06T13:30:44.029+0000] {processor.py:157} INFO - Started process (PID=617) to work on /opt/airflow/dags/script.py
[2023-11-06T13:30:44.038+0000] {processor.py:829} INFO - Processing file /opt/airflow/dags/script.py for tasks to queue
[2023-11-06T13:30:44.045+0000] {logging_mixin.py:151} INFO - [2023-11-06T13:30:44.044+0000] {dagbag.py:536} INFO - Filling up the DagBag from /opt/airflow/dags/script.py
[2023-11-06T13:30:44.431+0000] {processor.py:839} INFO - DAG(s) dict_keys(['traffic_data']) retrieved from /opt/airflow/dags/script.py
[2023-11-06T13:30:44.963+0000] {logging_mixin.py:151} INFO - [2023-11-06T13:30:44.962+0000] {dag.py:2941} INFO - Sync 1 DAGs
[2023-11-06T13:30:45.059+0000] {processor.py:179} INFO - Processing /opt/airflow/dags/script.py took 1.046 seconds
[2023-11-06T13:31:15.855+0000] {processor.py:157} INFO - Started process (PID=627) to work on /opt/airflow/dags/script.py
[2023-11-06T13:31:15.858+0000] {processor.py:829} INFO - Processing file /opt/airflow/dags/script.py for tasks to queue
[2023-11-06T13:31:15.872+0000] {logging_mixin.py:151} INFO - [2023-11-06T13:31:15.871+0000] {dagbag.py:536} INFO - Filling up the DagBag from /opt/airflow/dags/script.py
[2023-11-06T13:31:16.617+0000] {processor.py:839} INFO - DAG(s) dict_keys(['traffic_data']) retrieved from /opt/airflow/dags/script.py
[2023-11-06T13:31:17.033+0000] {logging_mixin.py:151} INFO - [2023-11-06T13:31:17.033+0000] {dag.py:2941} INFO - Sync 1 DAGs
[2023-11-06T13:31:23.121+0000] {processor.py:179} INFO - Processing /opt/airflow/dags/script.py took 7.364 seconds
[2023-11-06T13:31:53.453+0000] {processor.py:157} INFO - Started process (PID=636) to work on /opt/airflow/dags/script.py
[2023-11-06T13:31:53.458+0000] {processor.py:829} INFO - Processing file /opt/airflow/dags/script.py for tasks to queue
[2023-11-06T13:31:53.482+0000] {logging_mixin.py:151} INFO - [2023-11-06T13:31:53.481+0000] {dagbag.py:536} INFO - Filling up the DagBag from /opt/airflow/dags/script.py
[2023-11-06T13:31:54.502+0000] {processor.py:839} INFO - DAG(s) dict_keys(['traffic_data']) retrieved from /opt/airflow/dags/script.py
[2023-11-06T13:32:08.565+0000] {logging_mixin.py:151} INFO - [2023-11-06T13:32:08.562+0000] {dag.py:2941} INFO - Sync 1 DAGs
[2023-11-06T13:32:08.703+0000] {processor.py:179} INFO - Processing /opt/airflow/dags/script.py took 15.265 seconds
[2023-11-06T13:32:39.011+0000] {processor.py:157} INFO - Started process (PID=657) to work on /opt/airflow/dags/script.py
[2023-11-06T13:32:39.020+0000] {processor.py:829} INFO - Processing file /opt/airflow/dags/script.py for tasks to queue
[2023-11-06T13:32:39.066+0000] {logging_mixin.py:151} INFO - [2023-11-06T13:32:39.061+0000] {dagbag.py:536} INFO - Filling up the DagBag from /opt/airflow/dags/script.py
[2023-11-06T13:32:39.915+0000] {processor.py:839} INFO - DAG(s) dict_keys(['traffic_data']) retrieved from /opt/airflow/dags/script.py
[2023-11-06T13:32:52.191+0000] {logging_mixin.py:151} INFO - [2023-11-06T13:32:52.189+0000] {dag.py:2941} INFO - Sync 1 DAGs
[2023-11-06T13:32:52.384+0000] {processor.py:179} INFO - Processing /opt/airflow/dags/script.py took 13.275 seconds
[2023-11-06T13:33:22.943+0000] {processor.py:157} INFO - Started process (PID=667) to work on /opt/airflow/dags/script.py
[2023-11-06T13:33:22.946+0000] {processor.py:829} INFO - Processing file /opt/airflow/dags/script.py for tasks to queue
[2023-11-06T13:33:22.969+0000] {logging_mixin.py:151} INFO - [2023-11-06T13:33:22.967+0000] {dagbag.py:536} INFO - Filling up the DagBag from /opt/airflow/dags/script.py
[2023-11-06T13:33:23.445+0000] {processor.py:839} INFO - DAG(s) dict_keys(['traffic_data']) retrieved from /opt/airflow/dags/script.py
[2023-11-06T13:33:26.246+0000] {logging_mixin.py:151} INFO - [2023-11-06T13:33:26.246+0000] {dag.py:2941} INFO - Sync 1 DAGs
[2023-11-06T13:33:26.390+0000] {processor.py:179} INFO - Processing /opt/airflow/dags/script.py took 3.466 seconds
[2023-11-06T13:33:56.813+0000] {processor.py:157} INFO - Started process (PID=682) to work on /opt/airflow/dags/script.py
[2023-11-06T13:33:56.815+0000] {processor.py:829} INFO - Processing file /opt/airflow/dags/script.py for tasks to queue
[2023-11-06T13:33:56.819+0000] {logging_mixin.py:151} INFO - [2023-11-06T13:33:56.819+0000] {dagbag.py:536} INFO - Filling up the DagBag from /opt/airflow/dags/script.py
[2023-11-06T13:33:57.168+0000] {processor.py:839} INFO - DAG(s) dict_keys(['traffic_data']) retrieved from /opt/airflow/dags/script.py
[2023-11-06T13:33:57.256+0000] {logging_mixin.py:151} INFO - [2023-11-06T13:33:57.256+0000] {dag.py:2941} INFO - Sync 1 DAGs
[2023-11-06T13:33:57.412+0000] {processor.py:179} INFO - Processing /opt/airflow/dags/script.py took 0.607 seconds
[2023-11-06T13:34:28.769+0000] {processor.py:157} INFO - Started process (PID=692) to work on /opt/airflow/dags/script.py
[2023-11-06T13:34:28.772+0000] {processor.py:829} INFO - Processing file /opt/airflow/dags/script.py for tasks to queue
[2023-11-06T13:34:28.779+0000] {logging_mixin.py:151} INFO - [2023-11-06T13:34:28.777+0000] {dagbag.py:536} INFO - Filling up the DagBag from /opt/airflow/dags/script.py
[2023-11-06T13:34:29.746+0000] {processor.py:839} INFO - DAG(s) dict_keys(['traffic_data']) retrieved from /opt/airflow/dags/script.py
[2023-11-06T13:34:31.398+0000] {logging_mixin.py:151} INFO - [2023-11-06T13:34:31.397+0000] {dag.py:2941} INFO - Sync 1 DAGs
[2023-11-06T13:34:31.710+0000] {processor.py:179} INFO - Processing /opt/airflow/dags/script.py took 2.954 seconds
[2023-11-06T13:35:02.886+0000] {processor.py:157} INFO - Started process (PID=708) to work on /opt/airflow/dags/script.py
[2023-11-06T13:35:02.890+0000] {processor.py:829} INFO - Processing file /opt/airflow/dags/script.py for tasks to queue
[2023-11-06T13:35:02.908+0000] {logging_mixin.py:151} INFO - [2023-11-06T13:35:02.907+0000] {dagbag.py:536} INFO - Filling up the DagBag from /opt/airflow/dags/script.py
[2023-11-06T13:35:03.504+0000] {processor.py:839} INFO - DAG(s) dict_keys(['traffic_data']) retrieved from /opt/airflow/dags/script.py
[2023-11-06T13:35:03.548+0000] {logging_mixin.py:151} INFO - [2023-11-06T13:35:03.547+0000] {dag.py:2941} INFO - Sync 1 DAGs
[2023-11-06T13:35:04.089+0000] {processor.py:179} INFO - Processing /opt/airflow/dags/script.py took 1.218 seconds
[2023-11-06T13:35:34.322+0000] {processor.py:157} INFO - Started process (PID=718) to work on /opt/airflow/dags/script.py
[2023-11-06T13:35:34.323+0000] {processor.py:829} INFO - Processing file /opt/airflow/dags/script.py for tasks to queue
[2023-11-06T13:35:34.327+0000] {logging_mixin.py:151} INFO - [2023-11-06T13:35:34.326+0000] {dagbag.py:536} INFO - Filling up the DagBag from /opt/airflow/dags/script.py
[2023-11-06T13:35:34.797+0000] {processor.py:839} INFO - DAG(s) dict_keys(['traffic_data']) retrieved from /opt/airflow/dags/script.py
[2023-11-06T13:35:35.160+0000] {logging_mixin.py:151} INFO - [2023-11-06T13:35:35.159+0000] {dag.py:2941} INFO - Sync 1 DAGs
[2023-11-06T13:35:35.265+0000] {processor.py:179} INFO - Processing /opt/airflow/dags/script.py took 0.949 seconds
[2023-11-06T13:36:05.751+0000] {processor.py:157} INFO - Started process (PID=729) to work on /opt/airflow/dags/script.py
[2023-11-06T13:36:05.756+0000] {processor.py:829} INFO - Processing file /opt/airflow/dags/script.py for tasks to queue
[2023-11-06T13:36:05.760+0000] {logging_mixin.py:151} INFO - [2023-11-06T13:36:05.760+0000] {dagbag.py:536} INFO - Filling up the DagBag from /opt/airflow/dags/script.py
[2023-11-06T13:36:06.316+0000] {processor.py:839} INFO - DAG(s) dict_keys(['traffic_data']) retrieved from /opt/airflow/dags/script.py
[2023-11-06T13:36:06.378+0000] {logging_mixin.py:151} INFO - [2023-11-06T13:36:06.377+0000] {dag.py:2941} INFO - Sync 1 DAGs
[2023-11-06T13:36:06.507+0000] {processor.py:179} INFO - Processing /opt/airflow/dags/script.py took 0.787 seconds
[2023-11-06T13:36:37.092+0000] {processor.py:157} INFO - Started process (PID=738) to work on /opt/airflow/dags/script.py
[2023-11-06T13:36:37.104+0000] {processor.py:829} INFO - Processing file /opt/airflow/dags/script.py for tasks to queue
[2023-11-06T13:36:37.110+0000] {logging_mixin.py:151} INFO - [2023-11-06T13:36:37.109+0000] {dagbag.py:536} INFO - Filling up the DagBag from /opt/airflow/dags/script.py
[2023-11-06T13:36:37.332+0000] {processor.py:839} INFO - DAG(s) dict_keys(['traffic_data']) retrieved from /opt/airflow/dags/script.py
[2023-11-06T13:36:39.606+0000] {logging_mixin.py:151} INFO - [2023-11-06T13:36:39.605+0000] {dag.py:2941} INFO - Sync 1 DAGs
[2023-11-06T13:36:39.720+0000] {processor.py:179} INFO - Processing /opt/airflow/dags/script.py took 2.635 seconds
[2023-11-06T13:37:09.994+0000] {processor.py:157} INFO - Started process (PID=748) to work on /opt/airflow/dags/script.py
[2023-11-06T13:37:09.995+0000] {processor.py:829} INFO - Processing file /opt/airflow/dags/script.py for tasks to queue
[2023-11-06T13:37:09.998+0000] {logging_mixin.py:151} INFO - [2023-11-06T13:37:09.998+0000] {dagbag.py:536} INFO - Filling up the DagBag from /opt/airflow/dags/script.py
[2023-11-06T13:37:10.225+0000] {processor.py:839} INFO - DAG(s) dict_keys(['traffic_data']) retrieved from /opt/airflow/dags/script.py
[2023-11-06T13:37:10.304+0000] {logging_mixin.py:151} INFO - [2023-11-06T13:37:10.303+0000] {dag.py:2941} INFO - Sync 1 DAGs
[2023-11-06T13:37:10.970+0000] {processor.py:179} INFO - Processing /opt/airflow/dags/script.py took 0.982 seconds
[2023-11-06T13:37:41.520+0000] {processor.py:157} INFO - Started process (PID=758) to work on /opt/airflow/dags/script.py
[2023-11-06T13:37:41.581+0000] {processor.py:829} INFO - Processing file /opt/airflow/dags/script.py for tasks to queue
[2023-11-06T13:37:41.679+0000] {logging_mixin.py:151} INFO - [2023-11-06T13:37:41.670+0000] {dagbag.py:536} INFO - Filling up the DagBag from /opt/airflow/dags/script.py
[2023-11-06T13:37:44.822+0000] {processor.py:839} INFO - DAG(s) dict_keys(['traffic_data']) retrieved from /opt/airflow/dags/script.py
[2023-11-06T13:38:01.313+0000] {logging_mixin.py:151} INFO - [2023-11-06T13:38:01.298+0000] {dag.py:2941} INFO - Sync 1 DAGs
[2023-11-06T13:38:01.645+0000] {processor.py:179} INFO - Processing /opt/airflow/dags/script.py took 20.181 seconds
[2023-11-06T13:45:16.753+0000] {processor.py:157} INFO - Started process (PID=40) to work on /opt/airflow/dags/script.py
[2023-11-06T13:45:16.776+0000] {processor.py:829} INFO - Processing file /opt/airflow/dags/script.py for tasks to queue
[2023-11-06T13:45:16.791+0000] {logging_mixin.py:151} INFO - [2023-11-06T13:45:16.791+0000] {dagbag.py:536} INFO - Filling up the DagBag from /opt/airflow/dags/script.py
[2023-11-06T13:45:18.663+0000] {processor.py:839} INFO - DAG(s) dict_keys(['traffic_data']) retrieved from /opt/airflow/dags/script.py
[2023-11-06T13:45:18.980+0000] {logging_mixin.py:151} INFO - [2023-11-06T13:45:18.979+0000] {dag.py:2941} INFO - Sync 1 DAGs
[2023-11-06T13:45:19.950+0000] {processor.py:179} INFO - Processing /opt/airflow/dags/script.py took 3.204 seconds
[2023-11-06T13:45:50.325+0000] {processor.py:157} INFO - Started process (PID=51) to work on /opt/airflow/dags/script.py
[2023-11-06T13:45:50.350+0000] {processor.py:829} INFO - Processing file /opt/airflow/dags/script.py for tasks to queue
[2023-11-06T13:45:50.394+0000] {logging_mixin.py:151} INFO - [2023-11-06T13:45:50.389+0000] {dagbag.py:536} INFO - Filling up the DagBag from /opt/airflow/dags/script.py
[2023-11-06T13:45:51.144+0000] {processor.py:839} INFO - DAG(s) dict_keys(['traffic_data']) retrieved from /opt/airflow/dags/script.py
[2023-11-06T13:45:55.530+0000] {logging_mixin.py:151} INFO - [2023-11-06T13:45:55.530+0000] {dag.py:2941} INFO - Sync 1 DAGs
[2023-11-06T13:45:55.716+0000] {processor.py:179} INFO - Processing /opt/airflow/dags/script.py took 5.446 seconds
[2023-11-06T13:46:26.371+0000] {processor.py:157} INFO - Started process (PID=61) to work on /opt/airflow/dags/script.py
[2023-11-06T13:46:26.389+0000] {processor.py:829} INFO - Processing file /opt/airflow/dags/script.py for tasks to queue
[2023-11-06T13:46:26.443+0000] {logging_mixin.py:151} INFO - [2023-11-06T13:46:26.441+0000] {dagbag.py:536} INFO - Filling up the DagBag from /opt/airflow/dags/script.py
[2023-11-06T13:46:27.463+0000] {processor.py:839} INFO - DAG(s) dict_keys(['traffic_data']) retrieved from /opt/airflow/dags/script.py
[2023-11-06T13:46:27.944+0000] {logging_mixin.py:151} INFO - [2023-11-06T13:46:27.943+0000] {dag.py:2941} INFO - Sync 1 DAGs
[2023-11-06T13:46:28.593+0000] {processor.py:179} INFO - Processing /opt/airflow/dags/script.py took 2.366 seconds
[2023-11-06T13:46:59.109+0000] {processor.py:157} INFO - Started process (PID=71) to work on /opt/airflow/dags/script.py
[2023-11-06T13:46:59.111+0000] {processor.py:829} INFO - Processing file /opt/airflow/dags/script.py for tasks to queue
[2023-11-06T13:46:59.138+0000] {logging_mixin.py:151} INFO - [2023-11-06T13:46:59.134+0000] {dagbag.py:536} INFO - Filling up the DagBag from /opt/airflow/dags/script.py
[2023-11-06T13:47:00.396+0000] {processor.py:839} INFO - DAG(s) dict_keys(['traffic_data']) retrieved from /opt/airflow/dags/script.py
[2023-11-06T13:47:09.022+0000] {logging_mixin.py:151} INFO - [2023-11-06T13:47:09.021+0000] {dag.py:2941} INFO - Sync 1 DAGs
[2023-11-06T13:47:09.221+0000] {processor.py:179} INFO - Processing /opt/airflow/dags/script.py took 10.155 seconds
[2023-11-06T13:47:39.511+0000] {processor.py:157} INFO - Started process (PID=82) to work on /opt/airflow/dags/script.py
[2023-11-06T13:47:39.512+0000] {processor.py:829} INFO - Processing file /opt/airflow/dags/script.py for tasks to queue
[2023-11-06T13:47:39.514+0000] {logging_mixin.py:151} INFO - [2023-11-06T13:47:39.514+0000] {dagbag.py:536} INFO - Filling up the DagBag from /opt/airflow/dags/script.py
[2023-11-06T13:47:39.699+0000] {processor.py:839} INFO - DAG(s) dict_keys(['traffic_data']) retrieved from /opt/airflow/dags/script.py
[2023-11-06T13:47:39.736+0000] {logging_mixin.py:151} INFO - [2023-11-06T13:47:39.735+0000] {dag.py:2941} INFO - Sync 1 DAGs
[2023-11-06T13:47:40.091+0000] {processor.py:179} INFO - Processing /opt/airflow/dags/script.py took 0.583 seconds
[2023-11-06T13:48:10.909+0000] {processor.py:157} INFO - Started process (PID=99) to work on /opt/airflow/dags/script.py
[2023-11-06T13:48:10.911+0000] {processor.py:829} INFO - Processing file /opt/airflow/dags/script.py for tasks to queue
[2023-11-06T13:48:10.914+0000] {logging_mixin.py:151} INFO - [2023-11-06T13:48:10.914+0000] {dagbag.py:536} INFO - Filling up the DagBag from /opt/airflow/dags/script.py
[2023-11-06T13:48:11.079+0000] {processor.py:839} INFO - DAG(s) dict_keys(['traffic_data']) retrieved from /opt/airflow/dags/script.py
[2023-11-06T13:48:11.706+0000] {logging_mixin.py:151} INFO - [2023-11-06T13:48:11.705+0000] {dag.py:2941} INFO - Sync 1 DAGs
[2023-11-06T13:48:11.786+0000] {processor.py:179} INFO - Processing /opt/airflow/dags/script.py took 0.882 seconds
[2023-11-06T13:48:42.133+0000] {processor.py:157} INFO - Started process (PID=117) to work on /opt/airflow/dags/script.py
[2023-11-06T13:48:42.134+0000] {processor.py:829} INFO - Processing file /opt/airflow/dags/script.py for tasks to queue
[2023-11-06T13:48:42.136+0000] {logging_mixin.py:151} INFO - [2023-11-06T13:48:42.136+0000] {dagbag.py:536} INFO - Filling up the DagBag from /opt/airflow/dags/script.py
[2023-11-06T13:48:42.304+0000] {processor.py:839} INFO - DAG(s) dict_keys(['traffic_data']) retrieved from /opt/airflow/dags/script.py
[2023-11-06T13:48:42.363+0000] {logging_mixin.py:151} INFO - [2023-11-06T13:48:42.363+0000] {dag.py:2941} INFO - Sync 1 DAGs
[2023-11-06T13:48:42.468+0000] {processor.py:179} INFO - Processing /opt/airflow/dags/script.py took 0.340 seconds
[2023-11-06T13:49:12.583+0000] {processor.py:157} INFO - Started process (PID=128) to work on /opt/airflow/dags/script.py
[2023-11-06T13:49:12.589+0000] {processor.py:829} INFO - Processing file /opt/airflow/dags/script.py for tasks to queue
[2023-11-06T13:49:12.594+0000] {logging_mixin.py:151} INFO - [2023-11-06T13:49:12.594+0000] {dagbag.py:536} INFO - Filling up the DagBag from /opt/airflow/dags/script.py
[2023-11-06T13:49:12.884+0000] {processor.py:839} INFO - DAG(s) dict_keys(['traffic_data']) retrieved from /opt/airflow/dags/script.py
[2023-11-06T13:49:13.362+0000] {logging_mixin.py:151} INFO - [2023-11-06T13:49:13.362+0000] {dag.py:2941} INFO - Sync 1 DAGs
[2023-11-06T13:49:13.429+0000] {processor.py:179} INFO - Processing /opt/airflow/dags/script.py took 0.853 seconds
[2023-11-06T13:49:43.587+0000] {processor.py:157} INFO - Started process (PID=138) to work on /opt/airflow/dags/script.py
[2023-11-06T13:49:43.588+0000] {processor.py:829} INFO - Processing file /opt/airflow/dags/script.py for tasks to queue
[2023-11-06T13:49:43.591+0000] {logging_mixin.py:151} INFO - [2023-11-06T13:49:43.591+0000] {dagbag.py:536} INFO - Filling up the DagBag from /opt/airflow/dags/script.py
[2023-11-06T13:49:43.860+0000] {processor.py:839} INFO - DAG(s) dict_keys(['traffic_data']) retrieved from /opt/airflow/dags/script.py
[2023-11-06T13:49:43.926+0000] {logging_mixin.py:151} INFO - [2023-11-06T13:49:43.925+0000] {dag.py:2941} INFO - Sync 1 DAGs
[2023-11-06T13:49:44.265+0000] {processor.py:179} INFO - Processing /opt/airflow/dags/script.py took 0.684 seconds
[2023-11-06T13:50:14.518+0000] {processor.py:157} INFO - Started process (PID=149) to work on /opt/airflow/dags/script.py
[2023-11-06T13:50:14.519+0000] {processor.py:829} INFO - Processing file /opt/airflow/dags/script.py for tasks to queue
[2023-11-06T13:50:14.524+0000] {logging_mixin.py:151} INFO - [2023-11-06T13:50:14.523+0000] {dagbag.py:536} INFO - Filling up the DagBag from /opt/airflow/dags/script.py
[2023-11-06T13:50:14.904+0000] {processor.py:839} INFO - DAG(s) dict_keys(['traffic_data']) retrieved from /opt/airflow/dags/script.py
[2023-11-06T13:50:14.933+0000] {logging_mixin.py:151} INFO - [2023-11-06T13:50:14.932+0000] {dag.py:2941} INFO - Sync 1 DAGs
[2023-11-06T13:50:20.132+0000] {processor.py:179} INFO - Processing /opt/airflow/dags/script.py took 5.629 seconds
[2023-11-06T13:50:50.402+0000] {processor.py:157} INFO - Started process (PID=160) to work on /opt/airflow/dags/script.py
[2023-11-06T13:50:50.403+0000] {processor.py:829} INFO - Processing file /opt/airflow/dags/script.py for tasks to queue
[2023-11-06T13:50:50.407+0000] {logging_mixin.py:151} INFO - [2023-11-06T13:50:50.407+0000] {dagbag.py:536} INFO - Filling up the DagBag from /opt/airflow/dags/script.py
[2023-11-06T13:50:50.577+0000] {processor.py:839} INFO - DAG(s) dict_keys(['traffic_data']) retrieved from /opt/airflow/dags/script.py
[2023-11-06T13:50:52.184+0000] {logging_mixin.py:151} INFO - [2023-11-06T13:50:52.184+0000] {dag.py:2941} INFO - Sync 1 DAGs
[2023-11-06T13:50:52.251+0000] {processor.py:179} INFO - Processing /opt/airflow/dags/script.py took 1.853 seconds
[2023-11-06T13:51:22.473+0000] {processor.py:157} INFO - Started process (PID=170) to work on /opt/airflow/dags/script.py
[2023-11-06T13:51:22.475+0000] {processor.py:829} INFO - Processing file /opt/airflow/dags/script.py for tasks to queue
[2023-11-06T13:51:22.478+0000] {logging_mixin.py:151} INFO - [2023-11-06T13:51:22.478+0000] {dagbag.py:536} INFO - Filling up the DagBag from /opt/airflow/dags/script.py
[2023-11-06T13:51:22.703+0000] {processor.py:839} INFO - DAG(s) dict_keys(['traffic_data']) retrieved from /opt/airflow/dags/script.py
[2023-11-06T13:51:22.765+0000] {logging_mixin.py:151} INFO - [2023-11-06T13:51:22.765+0000] {dag.py:2941} INFO - Sync 1 DAGs
[2023-11-06T13:51:22.880+0000] {processor.py:179} INFO - Processing /opt/airflow/dags/script.py took 0.412 seconds
[2023-11-06T13:51:52.928+0000] {processor.py:157} INFO - Started process (PID=180) to work on /opt/airflow/dags/script.py
[2023-11-06T13:51:52.931+0000] {processor.py:829} INFO - Processing file /opt/airflow/dags/script.py for tasks to queue
[2023-11-06T13:51:52.936+0000] {logging_mixin.py:151} INFO - [2023-11-06T13:51:52.935+0000] {dagbag.py:536} INFO - Filling up the DagBag from /opt/airflow/dags/script.py
[2023-11-06T13:51:53.393+0000] {processor.py:839} INFO - DAG(s) dict_keys(['traffic_data']) retrieved from /opt/airflow/dags/script.py
[2023-11-06T13:51:53.995+0000] {logging_mixin.py:151} INFO - [2023-11-06T13:51:53.995+0000] {dag.py:2941} INFO - Sync 1 DAGs
[2023-11-06T13:51:54.136+0000] {processor.py:179} INFO - Processing /opt/airflow/dags/script.py took 1.216 seconds
[2023-11-06T13:52:27.033+0000] {processor.py:157} INFO - Started process (PID=191) to work on /opt/airflow/dags/script.py
[2023-11-06T13:52:27.041+0000] {processor.py:829} INFO - Processing file /opt/airflow/dags/script.py for tasks to queue
[2023-11-06T13:52:27.200+0000] {logging_mixin.py:151} INFO - [2023-11-06T13:52:27.191+0000] {dagbag.py:536} INFO - Filling up the DagBag from /opt/airflow/dags/script.py
[2023-11-06T13:52:28.333+0000] {processor.py:839} INFO - DAG(s) dict_keys(['traffic_data']) retrieved from /opt/airflow/dags/script.py
[2023-11-06T13:52:28.777+0000] {logging_mixin.py:151} INFO - [2023-11-06T13:52:28.776+0000] {dag.py:2941} INFO - Sync 1 DAGs
[2023-11-06T13:52:48.746+0000] {processor.py:179} INFO - Processing /opt/airflow/dags/script.py took 21.965 seconds
[2023-11-06T13:53:19.574+0000] {processor.py:157} INFO - Started process (PID=215) to work on /opt/airflow/dags/script.py
[2023-11-06T13:53:19.575+0000] {processor.py:829} INFO - Processing file /opt/airflow/dags/script.py for tasks to queue
[2023-11-06T13:53:19.577+0000] {logging_mixin.py:151} INFO - [2023-11-06T13:53:19.577+0000] {dagbag.py:536} INFO - Filling up the DagBag from /opt/airflow/dags/script.py
[2023-11-06T13:53:19.702+0000] {processor.py:839} INFO - DAG(s) dict_keys(['traffic_data']) retrieved from /opt/airflow/dags/script.py
[2023-11-06T13:53:19.719+0000] {logging_mixin.py:151} INFO - [2023-11-06T13:53:19.718+0000] {dag.py:2941} INFO - Sync 1 DAGs
[2023-11-06T13:53:19.972+0000] {processor.py:179} INFO - Processing /opt/airflow/dags/script.py took 0.403 seconds
[2023-11-06T13:53:50.750+0000] {processor.py:157} INFO - Started process (PID=225) to work on /opt/airflow/dags/script.py
[2023-11-06T13:53:50.752+0000] {processor.py:829} INFO - Processing file /opt/airflow/dags/script.py for tasks to queue
[2023-11-06T13:53:50.753+0000] {logging_mixin.py:151} INFO - [2023-11-06T13:53:50.753+0000] {dagbag.py:536} INFO - Filling up the DagBag from /opt/airflow/dags/script.py
[2023-11-06T13:53:50.925+0000] {processor.py:839} INFO - DAG(s) dict_keys(['traffic_data']) retrieved from /opt/airflow/dags/script.py
[2023-11-06T13:53:51.369+0000] {logging_mixin.py:151} INFO - [2023-11-06T13:53:51.368+0000] {dag.py:2941} INFO - Sync 1 DAGs
[2023-11-06T13:53:51.486+0000] {processor.py:179} INFO - Processing /opt/airflow/dags/script.py took 0.740 seconds
[2023-11-06T13:54:21.859+0000] {processor.py:157} INFO - Started process (PID=242) to work on /opt/airflow/dags/script.py
[2023-11-06T13:54:21.860+0000] {processor.py:829} INFO - Processing file /opt/airflow/dags/script.py for tasks to queue
[2023-11-06T13:54:21.862+0000] {logging_mixin.py:151} INFO - [2023-11-06T13:54:21.861+0000] {dagbag.py:536} INFO - Filling up the DagBag from /opt/airflow/dags/script.py
[2023-11-06T13:54:22.136+0000] {processor.py:839} INFO - DAG(s) dict_keys(['traffic_data']) retrieved from /opt/airflow/dags/script.py
[2023-11-06T13:54:22.182+0000] {logging_mixin.py:151} INFO - [2023-11-06T13:54:22.181+0000] {dag.py:2941} INFO - Sync 1 DAGs
[2023-11-06T13:54:22.310+0000] {processor.py:179} INFO - Processing /opt/airflow/dags/script.py took 0.457 seconds
[2023-11-06T13:54:52.916+0000] {processor.py:157} INFO - Started process (PID=256) to work on /opt/airflow/dags/script.py
[2023-11-06T13:54:52.917+0000] {processor.py:829} INFO - Processing file /opt/airflow/dags/script.py for tasks to queue
[2023-11-06T13:54:52.918+0000] {logging_mixin.py:151} INFO - [2023-11-06T13:54:52.918+0000] {dagbag.py:536} INFO - Filling up the DagBag from /opt/airflow/dags/script.py
[2023-11-06T13:54:53.171+0000] {processor.py:839} INFO - DAG(s) dict_keys(['traffic_data']) retrieved from /opt/airflow/dags/script.py
[2023-11-06T13:54:53.199+0000] {logging_mixin.py:151} INFO - [2023-11-06T13:54:53.198+0000] {dag.py:2941} INFO - Sync 1 DAGs
[2023-11-06T13:54:53.329+0000] {processor.py:179} INFO - Processing /opt/airflow/dags/script.py took 0.419 seconds
[2023-11-06T13:55:23.401+0000] {processor.py:157} INFO - Started process (PID=267) to work on /opt/airflow/dags/script.py
[2023-11-06T13:55:23.402+0000] {processor.py:829} INFO - Processing file /opt/airflow/dags/script.py for tasks to queue
[2023-11-06T13:55:23.403+0000] {logging_mixin.py:151} INFO - [2023-11-06T13:55:23.403+0000] {dagbag.py:536} INFO - Filling up the DagBag from /opt/airflow/dags/script.py
[2023-11-06T13:55:23.604+0000] {processor.py:839} INFO - DAG(s) dict_keys(['traffic_data']) retrieved from /opt/airflow/dags/script.py
[2023-11-06T13:55:23.991+0000] {logging_mixin.py:151} INFO - [2023-11-06T13:55:23.990+0000] {dag.py:2941} INFO - Sync 1 DAGs
[2023-11-06T13:55:24.069+0000] {processor.py:179} INFO - Processing /opt/airflow/dags/script.py took 0.673 seconds
[2023-11-06T13:55:54.359+0000] {processor.py:157} INFO - Started process (PID=279) to work on /opt/airflow/dags/script.py
[2023-11-06T13:55:54.360+0000] {processor.py:829} INFO - Processing file /opt/airflow/dags/script.py for tasks to queue
[2023-11-06T13:55:54.364+0000] {logging_mixin.py:151} INFO - [2023-11-06T13:55:54.363+0000] {dagbag.py:536} INFO - Filling up the DagBag from /opt/airflow/dags/script.py
[2023-11-06T13:55:54.653+0000] {processor.py:839} INFO - DAG(s) dict_keys(['traffic_data']) retrieved from /opt/airflow/dags/script.py
[2023-11-06T13:55:55.241+0000] {logging_mixin.py:151} INFO - [2023-11-06T13:55:55.241+0000] {dag.py:2941} INFO - Sync 1 DAGs
[2023-11-06T13:55:55.353+0000] {processor.py:179} INFO - Processing /opt/airflow/dags/script.py took 0.998 seconds
[2023-11-06T13:56:25.762+0000] {processor.py:157} INFO - Started process (PID=291) to work on /opt/airflow/dags/script.py
[2023-11-06T13:56:25.764+0000] {processor.py:829} INFO - Processing file /opt/airflow/dags/script.py for tasks to queue
[2023-11-06T13:56:25.765+0000] {logging_mixin.py:151} INFO - [2023-11-06T13:56:25.764+0000] {dagbag.py:536} INFO - Filling up the DagBag from /opt/airflow/dags/script.py
[2023-11-06T13:56:25.889+0000] {processor.py:839} INFO - DAG(s) dict_keys(['traffic_data']) retrieved from /opt/airflow/dags/script.py
[2023-11-06T13:56:25.906+0000] {logging_mixin.py:151} INFO - [2023-11-06T13:56:25.905+0000] {dag.py:2941} INFO - Sync 1 DAGs
[2023-11-06T13:56:25.970+0000] {processor.py:179} INFO - Processing /opt/airflow/dags/script.py took 0.212 seconds
[2023-11-06T13:56:56.007+0000] {processor.py:157} INFO - Started process (PID=303) to work on /opt/airflow/dags/script.py
[2023-11-06T13:56:56.008+0000] {processor.py:829} INFO - Processing file /opt/airflow/dags/script.py for tasks to queue
[2023-11-06T13:56:56.010+0000] {logging_mixin.py:151} INFO - [2023-11-06T13:56:56.009+0000] {dagbag.py:536} INFO - Filling up the DagBag from /opt/airflow/dags/script.py
[2023-11-06T13:56:56.209+0000] {processor.py:839} INFO - DAG(s) dict_keys(['traffic_data']) retrieved from /opt/airflow/dags/script.py
[2023-11-06T13:56:56.573+0000] {logging_mixin.py:151} INFO - [2023-11-06T13:56:56.573+0000] {dag.py:2941} INFO - Sync 1 DAGs
[2023-11-06T13:56:56.638+0000] {processor.py:179} INFO - Processing /opt/airflow/dags/script.py took 0.638 seconds
[2023-11-06T13:57:27.120+0000] {processor.py:157} INFO - Started process (PID=313) to work on /opt/airflow/dags/script.py
[2023-11-06T13:57:27.121+0000] {processor.py:829} INFO - Processing file /opt/airflow/dags/script.py for tasks to queue
[2023-11-06T13:57:27.122+0000] {logging_mixin.py:151} INFO - [2023-11-06T13:57:27.121+0000] {dagbag.py:536} INFO - Filling up the DagBag from /opt/airflow/dags/script.py
[2023-11-06T13:57:27.270+0000] {processor.py:839} INFO - DAG(s) dict_keys(['traffic_data']) retrieved from /opt/airflow/dags/script.py
[2023-11-06T13:57:27.310+0000] {logging_mixin.py:151} INFO - [2023-11-06T13:57:27.309+0000] {dag.py:2941} INFO - Sync 1 DAGs
[2023-11-06T13:57:27.572+0000] {processor.py:179} INFO - Processing /opt/airflow/dags/script.py took 0.456 seconds
[2023-11-06T13:57:57.985+0000] {processor.py:157} INFO - Started process (PID=322) to work on /opt/airflow/dags/script.py
[2023-11-06T13:57:57.987+0000] {processor.py:829} INFO - Processing file /opt/airflow/dags/script.py for tasks to queue
[2023-11-06T13:57:57.991+0000] {logging_mixin.py:151} INFO - [2023-11-06T13:57:57.989+0000] {dagbag.py:536} INFO - Filling up the DagBag from /opt/airflow/dags/script.py
[2023-11-06T13:57:58.369+0000] {processor.py:839} INFO - DAG(s) dict_keys(['traffic_data']) retrieved from /opt/airflow/dags/script.py
[2023-11-06T13:57:58.390+0000] {logging_mixin.py:151} INFO - [2023-11-06T13:57:58.390+0000] {dag.py:2941} INFO - Sync 1 DAGs
[2023-11-06T13:57:58.857+0000] {processor.py:179} INFO - Processing /opt/airflow/dags/script.py took 0.878 seconds
[2023-11-06T13:58:28.945+0000] {processor.py:157} INFO - Started process (PID=333) to work on /opt/airflow/dags/script.py
[2023-11-06T13:58:28.947+0000] {processor.py:829} INFO - Processing file /opt/airflow/dags/script.py for tasks to queue
[2023-11-06T13:58:28.949+0000] {logging_mixin.py:151} INFO - [2023-11-06T13:58:28.948+0000] {dagbag.py:536} INFO - Filling up the DagBag from /opt/airflow/dags/script.py
[2023-11-06T13:58:29.300+0000] {processor.py:839} INFO - DAG(s) dict_keys(['traffic_data']) retrieved from /opt/airflow/dags/script.py
[2023-11-06T13:58:29.930+0000] {logging_mixin.py:151} INFO - [2023-11-06T13:58:29.929+0000] {dag.py:2941} INFO - Sync 1 DAGs
[2023-11-06T13:58:30.004+0000] {processor.py:179} INFO - Processing /opt/airflow/dags/script.py took 1.065 seconds
[2023-11-06T13:59:00.276+0000] {processor.py:157} INFO - Started process (PID=343) to work on /opt/airflow/dags/script.py
[2023-11-06T13:59:00.280+0000] {processor.py:829} INFO - Processing file /opt/airflow/dags/script.py for tasks to queue
[2023-11-06T13:59:00.282+0000] {logging_mixin.py:151} INFO - [2023-11-06T13:59:00.281+0000] {dagbag.py:536} INFO - Filling up the DagBag from /opt/airflow/dags/script.py
[2023-11-06T13:59:00.557+0000] {processor.py:839} INFO - DAG(s) dict_keys(['traffic_data']) retrieved from /opt/airflow/dags/script.py
[2023-11-06T13:59:00.607+0000] {logging_mixin.py:151} INFO - [2023-11-06T13:59:00.607+0000] {dag.py:2941} INFO - Sync 1 DAGs
[2023-11-06T13:59:00.689+0000] {processor.py:179} INFO - Processing /opt/airflow/dags/script.py took 0.430 seconds
[2023-11-06T13:59:30.909+0000] {processor.py:157} INFO - Started process (PID=353) to work on /opt/airflow/dags/script.py
[2023-11-06T13:59:30.911+0000] {processor.py:829} INFO - Processing file /opt/airflow/dags/script.py for tasks to queue
[2023-11-06T13:59:30.913+0000] {logging_mixin.py:151} INFO - [2023-11-06T13:59:30.912+0000] {dagbag.py:536} INFO - Filling up the DagBag from /opt/airflow/dags/script.py
[2023-11-06T13:59:31.124+0000] {processor.py:839} INFO - DAG(s) dict_keys(['traffic_data']) retrieved from /opt/airflow/dags/script.py
[2023-11-06T13:59:31.143+0000] {logging_mixin.py:151} INFO - [2023-11-06T13:59:31.143+0000] {dag.py:2941} INFO - Sync 1 DAGs
[2023-11-06T13:59:31.218+0000] {processor.py:179} INFO - Processing /opt/airflow/dags/script.py took 0.314 seconds
[2023-11-06T14:00:01.377+0000] {processor.py:157} INFO - Started process (PID=363) to work on /opt/airflow/dags/script.py
[2023-11-06T14:00:01.379+0000] {processor.py:829} INFO - Processing file /opt/airflow/dags/script.py for tasks to queue
[2023-11-06T14:00:01.386+0000] {logging_mixin.py:151} INFO - [2023-11-06T14:00:01.383+0000] {dagbag.py:536} INFO - Filling up the DagBag from /opt/airflow/dags/script.py
[2023-11-06T14:00:01.598+0000] {processor.py:839} INFO - DAG(s) dict_keys(['traffic_data']) retrieved from /opt/airflow/dags/script.py
[2023-11-06T14:00:02.479+0000] {logging_mixin.py:151} INFO - [2023-11-06T14:00:02.479+0000] {dag.py:2941} INFO - Sync 1 DAGs
[2023-11-06T14:00:02.589+0000] {processor.py:179} INFO - Processing /opt/airflow/dags/script.py took 1.217 seconds
[2023-11-06T14:00:33.237+0000] {processor.py:157} INFO - Started process (PID=373) to work on /opt/airflow/dags/script.py
[2023-11-06T14:00:33.238+0000] {processor.py:829} INFO - Processing file /opt/airflow/dags/script.py for tasks to queue
[2023-11-06T14:00:33.240+0000] {logging_mixin.py:151} INFO - [2023-11-06T14:00:33.239+0000] {dagbag.py:536} INFO - Filling up the DagBag from /opt/airflow/dags/script.py
[2023-11-06T14:00:33.375+0000] {processor.py:839} INFO - DAG(s) dict_keys(['traffic_data']) retrieved from /opt/airflow/dags/script.py
[2023-11-06T14:00:33.413+0000] {logging_mixin.py:151} INFO - [2023-11-06T14:00:33.412+0000] {dag.py:2941} INFO - Sync 1 DAGs
[2023-11-06T14:00:33.636+0000] {processor.py:179} INFO - Processing /opt/airflow/dags/script.py took 0.403 seconds
[2023-11-06T14:01:04.107+0000] {processor.py:157} INFO - Started process (PID=383) to work on /opt/airflow/dags/script.py
[2023-11-06T14:01:04.107+0000] {processor.py:829} INFO - Processing file /opt/airflow/dags/script.py for tasks to queue
[2023-11-06T14:01:04.108+0000] {logging_mixin.py:151} INFO - [2023-11-06T14:01:04.108+0000] {dagbag.py:536} INFO - Filling up the DagBag from /opt/airflow/dags/script.py
[2023-11-06T14:01:04.488+0000] {processor.py:839} INFO - DAG(s) dict_keys(['traffic_data']) retrieved from /opt/airflow/dags/script.py
[2023-11-06T14:01:04.504+0000] {logging_mixin.py:151} INFO - [2023-11-06T14:01:04.503+0000] {dag.py:2941} INFO - Sync 1 DAGs
[2023-11-06T14:01:04.571+0000] {processor.py:179} INFO - Processing /opt/airflow/dags/script.py took 0.469 seconds
[2023-11-06T14:01:34.698+0000] {processor.py:157} INFO - Started process (PID=397) to work on /opt/airflow/dags/script.py
[2023-11-06T14:01:34.700+0000] {processor.py:829} INFO - Processing file /opt/airflow/dags/script.py for tasks to queue
[2023-11-06T14:01:34.702+0000] {logging_mixin.py:151} INFO - [2023-11-06T14:01:34.701+0000] {dagbag.py:536} INFO - Filling up the DagBag from /opt/airflow/dags/script.py
[2023-11-06T14:01:34.882+0000] {processor.py:839} INFO - DAG(s) dict_keys(['traffic_data']) retrieved from /opt/airflow/dags/script.py
[2023-11-06T14:01:35.278+0000] {logging_mixin.py:151} INFO - [2023-11-06T14:01:35.278+0000] {dag.py:2941} INFO - Sync 1 DAGs
[2023-11-06T14:01:35.400+0000] {processor.py:179} INFO - Processing /opt/airflow/dags/script.py took 0.707 seconds
[2023-11-06T14:02:05.542+0000] {processor.py:157} INFO - Started process (PID=407) to work on /opt/airflow/dags/script.py
[2023-11-06T14:02:05.543+0000] {processor.py:829} INFO - Processing file /opt/airflow/dags/script.py for tasks to queue
[2023-11-06T14:02:05.543+0000] {logging_mixin.py:151} INFO - [2023-11-06T14:02:05.543+0000] {dagbag.py:536} INFO - Filling up the DagBag from /opt/airflow/dags/script.py
[2023-11-06T14:02:05.676+0000] {processor.py:839} INFO - DAG(s) dict_keys(['traffic_data']) retrieved from /opt/airflow/dags/script.py
[2023-11-06T14:02:05.713+0000] {logging_mixin.py:151} INFO - [2023-11-06T14:02:05.712+0000] {dag.py:2941} INFO - Sync 1 DAGs
[2023-11-06T14:02:05.948+0000] {processor.py:179} INFO - Processing /opt/airflow/dags/script.py took 0.411 seconds
[2023-11-06T14:02:36.524+0000] {processor.py:157} INFO - Started process (PID=417) to work on /opt/airflow/dags/script.py
[2023-11-06T14:02:36.526+0000] {processor.py:829} INFO - Processing file /opt/airflow/dags/script.py for tasks to queue
[2023-11-06T14:02:36.527+0000] {logging_mixin.py:151} INFO - [2023-11-06T14:02:36.527+0000] {dagbag.py:536} INFO - Filling up the DagBag from /opt/airflow/dags/script.py
[2023-11-06T14:02:36.712+0000] {processor.py:839} INFO - DAG(s) dict_keys(['traffic_data']) retrieved from /opt/airflow/dags/script.py
[2023-11-06T14:02:36.730+0000] {logging_mixin.py:151} INFO - [2023-11-06T14:02:36.729+0000] {dag.py:2941} INFO - Sync 1 DAGs
[2023-11-06T14:02:37.320+0000] {processor.py:179} INFO - Processing /opt/airflow/dags/script.py took 0.801 seconds
[2023-11-06T14:03:07.516+0000] {processor.py:157} INFO - Started process (PID=427) to work on /opt/airflow/dags/script.py
[2023-11-06T14:03:07.517+0000] {processor.py:829} INFO - Processing file /opt/airflow/dags/script.py for tasks to queue
[2023-11-06T14:03:07.518+0000] {logging_mixin.py:151} INFO - [2023-11-06T14:03:07.517+0000] {dagbag.py:536} INFO - Filling up the DagBag from /opt/airflow/dags/script.py
[2023-11-06T14:03:07.689+0000] {processor.py:839} INFO - DAG(s) dict_keys(['traffic_data']) retrieved from /opt/airflow/dags/script.py
[2023-11-06T14:03:08.079+0000] {logging_mixin.py:151} INFO - [2023-11-06T14:03:08.079+0000] {dag.py:2941} INFO - Sync 1 DAGs
[2023-11-06T14:03:08.146+0000] {processor.py:179} INFO - Processing /opt/airflow/dags/script.py took 0.633 seconds
[2023-11-06T14:03:38.775+0000] {processor.py:157} INFO - Started process (PID=438) to work on /opt/airflow/dags/script.py
[2023-11-06T14:03:38.776+0000] {processor.py:829} INFO - Processing file /opt/airflow/dags/script.py for tasks to queue
[2023-11-06T14:03:38.778+0000] {logging_mixin.py:151} INFO - [2023-11-06T14:03:38.777+0000] {dagbag.py:536} INFO - Filling up the DagBag from /opt/airflow/dags/script.py
[2023-11-06T14:03:39.003+0000] {processor.py:839} INFO - DAG(s) dict_keys(['traffic_data']) retrieved from /opt/airflow/dags/script.py
[2023-11-06T14:03:39.056+0000] {logging_mixin.py:151} INFO - [2023-11-06T14:03:39.056+0000] {dag.py:2941} INFO - Sync 1 DAGs
[2023-11-06T14:03:39.229+0000] {processor.py:179} INFO - Processing /opt/airflow/dags/script.py took 0.460 seconds
[2023-11-06T14:04:09.423+0000] {processor.py:157} INFO - Started process (PID=449) to work on /opt/airflow/dags/script.py
[2023-11-06T14:04:09.424+0000] {processor.py:829} INFO - Processing file /opt/airflow/dags/script.py for tasks to queue
[2023-11-06T14:04:09.425+0000] {logging_mixin.py:151} INFO - [2023-11-06T14:04:09.425+0000] {dagbag.py:536} INFO - Filling up the DagBag from /opt/airflow/dags/script.py
[2023-11-06T14:04:09.543+0000] {processor.py:839} INFO - DAG(s) dict_keys(['traffic_data']) retrieved from /opt/airflow/dags/script.py
[2023-11-06T14:04:09.558+0000] {logging_mixin.py:151} INFO - [2023-11-06T14:04:09.558+0000] {dag.py:2941} INFO - Sync 1 DAGs
[2023-11-06T14:04:09.613+0000] {processor.py:179} INFO - Processing /opt/airflow/dags/script.py took 0.195 seconds
[2023-11-06T14:04:39.938+0000] {processor.py:157} INFO - Started process (PID=459) to work on /opt/airflow/dags/script.py
[2023-11-06T14:04:39.939+0000] {processor.py:829} INFO - Processing file /opt/airflow/dags/script.py for tasks to queue
[2023-11-06T14:04:39.941+0000] {logging_mixin.py:151} INFO - [2023-11-06T14:04:39.940+0000] {dagbag.py:536} INFO - Filling up the DagBag from /opt/airflow/dags/script.py
[2023-11-06T14:04:40.084+0000] {processor.py:839} INFO - DAG(s) dict_keys(['traffic_data']) retrieved from /opt/airflow/dags/script.py
[2023-11-06T14:04:40.428+0000] {logging_mixin.py:151} INFO - [2023-11-06T14:04:40.428+0000] {dag.py:2941} INFO - Sync 1 DAGs
[2023-11-06T14:04:40.514+0000] {processor.py:179} INFO - Processing /opt/airflow/dags/script.py took 0.580 seconds
[2023-11-06T14:05:10.827+0000] {processor.py:157} INFO - Started process (PID=470) to work on /opt/airflow/dags/script.py
[2023-11-06T14:05:10.828+0000] {processor.py:829} INFO - Processing file /opt/airflow/dags/script.py for tasks to queue
[2023-11-06T14:05:10.830+0000] {logging_mixin.py:151} INFO - [2023-11-06T14:05:10.829+0000] {dagbag.py:536} INFO - Filling up the DagBag from /opt/airflow/dags/script.py
[2023-11-06T14:05:10.951+0000] {processor.py:839} INFO - DAG(s) dict_keys(['traffic_data']) retrieved from /opt/airflow/dags/script.py
[2023-11-06T14:05:10.985+0000] {logging_mixin.py:151} INFO - [2023-11-06T14:05:10.985+0000] {dag.py:2941} INFO - Sync 1 DAGs
[2023-11-06T14:05:11.252+0000] {processor.py:179} INFO - Processing /opt/airflow/dags/script.py took 0.429 seconds
[2023-11-06T14:05:41.679+0000] {processor.py:157} INFO - Started process (PID=480) to work on /opt/airflow/dags/script.py
[2023-11-06T14:05:41.680+0000] {processor.py:829} INFO - Processing file /opt/airflow/dags/script.py for tasks to queue
[2023-11-06T14:05:41.682+0000] {logging_mixin.py:151} INFO - [2023-11-06T14:05:41.681+0000] {dagbag.py:536} INFO - Filling up the DagBag from /opt/airflow/dags/script.py
[2023-11-06T14:05:42.100+0000] {processor.py:839} INFO - DAG(s) dict_keys(['traffic_data']) retrieved from /opt/airflow/dags/script.py
[2023-11-06T14:05:42.127+0000] {logging_mixin.py:151} INFO - [2023-11-06T14:05:42.126+0000] {dag.py:2941} INFO - Sync 1 DAGs
[2023-11-06T14:05:42.298+0000] {processor.py:179} INFO - Processing /opt/airflow/dags/script.py took 0.624 seconds
[2023-11-06T14:06:12.532+0000] {processor.py:157} INFO - Started process (PID=491) to work on /opt/airflow/dags/script.py
[2023-11-06T14:06:12.534+0000] {processor.py:829} INFO - Processing file /opt/airflow/dags/script.py for tasks to queue
[2023-11-06T14:06:12.535+0000] {logging_mixin.py:151} INFO - [2023-11-06T14:06:12.534+0000] {dagbag.py:536} INFO - Filling up the DagBag from /opt/airflow/dags/script.py
[2023-11-06T14:06:12.727+0000] {processor.py:839} INFO - DAG(s) dict_keys(['traffic_data']) retrieved from /opt/airflow/dags/script.py
[2023-11-06T14:06:13.249+0000] {logging_mixin.py:151} INFO - [2023-11-06T14:06:13.249+0000] {dag.py:2941} INFO - Sync 1 DAGs
[2023-11-06T14:06:13.341+0000] {processor.py:179} INFO - Processing /opt/airflow/dags/script.py took 0.814 seconds
[2023-11-06T14:06:43.863+0000] {processor.py:157} INFO - Started process (PID=501) to work on /opt/airflow/dags/script.py
[2023-11-06T14:06:43.864+0000] {processor.py:829} INFO - Processing file /opt/airflow/dags/script.py for tasks to queue
[2023-11-06T14:06:43.865+0000] {logging_mixin.py:151} INFO - [2023-11-06T14:06:43.865+0000] {dagbag.py:536} INFO - Filling up the DagBag from /opt/airflow/dags/script.py
[2023-11-06T14:06:44.091+0000] {processor.py:839} INFO - DAG(s) dict_keys(['traffic_data']) retrieved from /opt/airflow/dags/script.py
[2023-11-06T14:06:44.135+0000] {logging_mixin.py:151} INFO - [2023-11-06T14:06:44.134+0000] {dag.py:2941} INFO - Sync 1 DAGs
[2023-11-06T14:06:44.514+0000] {processor.py:179} INFO - Processing /opt/airflow/dags/script.py took 0.656 seconds
[2023-11-06T14:07:14.698+0000] {processor.py:157} INFO - Started process (PID=514) to work on /opt/airflow/dags/script.py
[2023-11-06T14:07:14.699+0000] {processor.py:829} INFO - Processing file /opt/airflow/dags/script.py for tasks to queue
[2023-11-06T14:07:14.700+0000] {logging_mixin.py:151} INFO - [2023-11-06T14:07:14.700+0000] {dagbag.py:536} INFO - Filling up the DagBag from /opt/airflow/dags/script.py
[2023-11-06T14:07:14.838+0000] {processor.py:839} INFO - DAG(s) dict_keys(['traffic_data']) retrieved from /opt/airflow/dags/script.py
[2023-11-06T14:07:14.858+0000] {logging_mixin.py:151} INFO - [2023-11-06T14:07:14.858+0000] {dag.py:2941} INFO - Sync 1 DAGs
[2023-11-06T14:07:15.117+0000] {processor.py:179} INFO - Processing /opt/airflow/dags/script.py took 0.423 seconds
[2023-11-06T14:07:45.660+0000] {processor.py:157} INFO - Started process (PID=524) to work on /opt/airflow/dags/script.py
[2023-11-06T14:07:45.661+0000] {processor.py:829} INFO - Processing file /opt/airflow/dags/script.py for tasks to queue
[2023-11-06T14:07:45.662+0000] {logging_mixin.py:151} INFO - [2023-11-06T14:07:45.661+0000] {dagbag.py:536} INFO - Filling up the DagBag from /opt/airflow/dags/script.py
[2023-11-06T14:07:45.794+0000] {processor.py:839} INFO - DAG(s) dict_keys(['traffic_data']) retrieved from /opt/airflow/dags/script.py
[2023-11-06T14:07:46.135+0000] {logging_mixin.py:151} INFO - [2023-11-06T14:07:46.134+0000] {dag.py:2941} INFO - Sync 1 DAGs
[2023-11-06T14:07:46.201+0000] {processor.py:179} INFO - Processing /opt/airflow/dags/script.py took 0.545 seconds
[2023-11-06T14:08:16.457+0000] {processor.py:157} INFO - Started process (PID=534) to work on /opt/airflow/dags/script.py
[2023-11-06T14:08:16.459+0000] {processor.py:829} INFO - Processing file /opt/airflow/dags/script.py for tasks to queue
[2023-11-06T14:08:16.460+0000] {logging_mixin.py:151} INFO - [2023-11-06T14:08:16.460+0000] {dagbag.py:536} INFO - Filling up the DagBag from /opt/airflow/dags/script.py
[2023-11-06T14:08:16.801+0000] {processor.py:839} INFO - DAG(s) dict_keys(['traffic_data']) retrieved from /opt/airflow/dags/script.py
[2023-11-06T14:08:16.844+0000] {logging_mixin.py:151} INFO - [2023-11-06T14:08:16.843+0000] {dag.py:2941} INFO - Sync 1 DAGs
[2023-11-06T14:08:16.886+0000] {logging_mixin.py:151} INFO - [2023-11-06T14:08:16.886+0000] {dag.py:3722} INFO - Setting next_dagrun for traffic_data to 2023-11-06T14:07:16.886210+00:00, run_after=2023-11-06T14:08:16.886210+00:00
[2023-11-06T14:08:16.918+0000] {processor.py:179} INFO - Processing /opt/airflow/dags/script.py took 0.465 seconds
[2023-11-06T14:08:47.122+0000] {processor.py:157} INFO - Started process (PID=548) to work on /opt/airflow/dags/script.py
[2023-11-06T14:08:47.123+0000] {processor.py:829} INFO - Processing file /opt/airflow/dags/script.py for tasks to queue
[2023-11-06T14:08:47.125+0000] {logging_mixin.py:151} INFO - [2023-11-06T14:08:47.124+0000] {dagbag.py:536} INFO - Filling up the DagBag from /opt/airflow/dags/script.py
[2023-11-06T14:08:47.267+0000] {processor.py:839} INFO - DAG(s) dict_keys(['traffic_data']) retrieved from /opt/airflow/dags/script.py
[2023-11-06T14:08:47.287+0000] {logging_mixin.py:151} INFO - [2023-11-06T14:08:47.286+0000] {dag.py:2941} INFO - Sync 1 DAGs
[2023-11-06T14:08:47.363+0000] {processor.py:179} INFO - Processing /opt/airflow/dags/script.py took 0.246 seconds
[2023-11-06T14:09:17.806+0000] {processor.py:157} INFO - Started process (PID=558) to work on /opt/airflow/dags/script.py
[2023-11-06T14:09:17.808+0000] {processor.py:829} INFO - Processing file /opt/airflow/dags/script.py for tasks to queue
[2023-11-06T14:09:17.809+0000] {logging_mixin.py:151} INFO - [2023-11-06T14:09:17.808+0000] {dagbag.py:536} INFO - Filling up the DagBag from /opt/airflow/dags/script.py
[2023-11-06T14:09:17.947+0000] {processor.py:839} INFO - DAG(s) dict_keys(['traffic_data']) retrieved from /opt/airflow/dags/script.py
[2023-11-06T14:09:18.248+0000] {logging_mixin.py:151} INFO - [2023-11-06T14:09:18.248+0000] {dag.py:2941} INFO - Sync 1 DAGs
[2023-11-06T14:09:18.318+0000] {processor.py:179} INFO - Processing /opt/airflow/dags/script.py took 0.517 seconds
[2023-11-06T14:09:48.345+0000] {processor.py:157} INFO - Started process (PID=568) to work on /opt/airflow/dags/script.py
[2023-11-06T14:09:48.345+0000] {processor.py:829} INFO - Processing file /opt/airflow/dags/script.py for tasks to queue
[2023-11-06T14:09:48.346+0000] {logging_mixin.py:151} INFO - [2023-11-06T14:09:48.346+0000] {dagbag.py:536} INFO - Filling up the DagBag from /opt/airflow/dags/script.py
[2023-11-06T14:09:48.473+0000] {processor.py:839} INFO - DAG(s) dict_keys(['traffic_data']) retrieved from /opt/airflow/dags/script.py
[2023-11-06T14:09:48.505+0000] {logging_mixin.py:151} INFO - [2023-11-06T14:09:48.504+0000] {dag.py:2941} INFO - Sync 1 DAGs
[2023-11-06T14:09:48.763+0000] {processor.py:179} INFO - Processing /opt/airflow/dags/script.py took 0.422 seconds
[2023-11-06T14:10:19.380+0000] {processor.py:157} INFO - Started process (PID=578) to work on /opt/airflow/dags/script.py
[2023-11-06T14:10:19.382+0000] {processor.py:829} INFO - Processing file /opt/airflow/dags/script.py for tasks to queue
[2023-11-06T14:10:19.383+0000] {logging_mixin.py:151} INFO - [2023-11-06T14:10:19.382+0000] {dagbag.py:536} INFO - Filling up the DagBag from /opt/airflow/dags/script.py
[2023-11-06T14:10:19.516+0000] {processor.py:839} INFO - DAG(s) dict_keys(['traffic_data']) retrieved from /opt/airflow/dags/script.py
[2023-11-06T14:10:19.531+0000] {logging_mixin.py:151} INFO - [2023-11-06T14:10:19.531+0000] {dag.py:2941} INFO - Sync 1 DAGs
[2023-11-06T14:10:19.801+0000] {processor.py:179} INFO - Processing /opt/airflow/dags/script.py took 0.426 seconds
[2023-11-06T14:10:50.186+0000] {processor.py:157} INFO - Started process (PID=588) to work on /opt/airflow/dags/script.py
[2023-11-06T14:10:50.188+0000] {processor.py:829} INFO - Processing file /opt/airflow/dags/script.py for tasks to queue
[2023-11-06T14:10:50.189+0000] {logging_mixin.py:151} INFO - [2023-11-06T14:10:50.188+0000] {dagbag.py:536} INFO - Filling up the DagBag from /opt/airflow/dags/script.py
[2023-11-06T14:10:50.576+0000] {processor.py:839} INFO - DAG(s) dict_keys(['traffic_data']) retrieved from /opt/airflow/dags/script.py
[2023-11-06T14:10:50.805+0000] {logging_mixin.py:151} INFO - [2023-11-06T14:10:50.804+0000] {dag.py:2941} INFO - Sync 1 DAGs
[2023-11-06T14:10:50.919+0000] {processor.py:179} INFO - Processing /opt/airflow/dags/script.py took 0.739 seconds
[2023-11-06T14:29:03.236+0000] {processor.py:157} INFO - Started process (PID=43) to work on /opt/airflow/dags/script.py
[2023-11-06T14:29:03.315+0000] {processor.py:829} INFO - Processing file /opt/airflow/dags/script.py for tasks to queue
[2023-11-06T14:29:03.415+0000] {logging_mixin.py:151} INFO - [2023-11-06T14:29:03.402+0000] {dagbag.py:536} INFO - Filling up the DagBag from /opt/airflow/dags/script.py
[2023-11-06T14:29:04.910+0000] {processor.py:839} INFO - DAG(s) dict_keys(['traffic_data']) retrieved from /opt/airflow/dags/script.py
[2023-11-06T14:29:05.481+0000] {logging_mixin.py:151} INFO - [2023-11-06T14:29:05.480+0000] {dag.py:2941} INFO - Sync 1 DAGs
[2023-11-06T14:29:07.662+0000] {processor.py:179} INFO - Processing /opt/airflow/dags/script.py took 4.798 seconds
[2023-11-06T14:29:38.941+0000] {processor.py:157} INFO - Started process (PID=68) to work on /opt/airflow/dags/script.py
[2023-11-06T14:29:38.965+0000] {processor.py:829} INFO - Processing file /opt/airflow/dags/script.py for tasks to queue
[2023-11-06T14:29:39.308+0000] {logging_mixin.py:151} INFO - [2023-11-06T14:29:39.229+0000] {dagbag.py:536} INFO - Filling up the DagBag from /opt/airflow/dags/script.py
[2023-11-06T14:29:42.983+0000] {processor.py:839} INFO - DAG(s) dict_keys(['traffic_data']) retrieved from /opt/airflow/dags/script.py
[2023-11-06T14:29:53.494+0000] {logging_mixin.py:151} INFO - [2023-11-06T14:29:53.493+0000] {dag.py:2941} INFO - Sync 1 DAGs
[2023-11-06T14:29:53.738+0000] {processor.py:179} INFO - Processing /opt/airflow/dags/script.py took 15.016 seconds
[2023-11-06T14:30:23.904+0000] {processor.py:157} INFO - Started process (PID=79) to work on /opt/airflow/dags/script.py
[2023-11-06T14:30:23.911+0000] {processor.py:829} INFO - Processing file /opt/airflow/dags/script.py for tasks to queue
[2023-11-06T14:30:23.920+0000] {logging_mixin.py:151} INFO - [2023-11-06T14:30:23.919+0000] {dagbag.py:536} INFO - Filling up the DagBag from /opt/airflow/dags/script.py
[2023-11-06T14:30:24.483+0000] {processor.py:839} INFO - DAG(s) dict_keys(['traffic_data']) retrieved from /opt/airflow/dags/script.py
[2023-11-06T14:30:24.582+0000] {logging_mixin.py:151} INFO - [2023-11-06T14:30:24.581+0000] {dag.py:2941} INFO - Sync 1 DAGs
[2023-11-06T14:30:24.771+0000] {processor.py:179} INFO - Processing /opt/airflow/dags/script.py took 0.876 seconds
[2023-11-06T14:30:55.658+0000] {processor.py:157} INFO - Started process (PID=89) to work on /opt/airflow/dags/script.py
[2023-11-06T14:30:55.660+0000] {processor.py:829} INFO - Processing file /opt/airflow/dags/script.py for tasks to queue
[2023-11-06T14:30:55.667+0000] {logging_mixin.py:151} INFO - [2023-11-06T14:30:55.664+0000] {dagbag.py:536} INFO - Filling up the DagBag from /opt/airflow/dags/script.py
[2023-11-06T14:30:55.974+0000] {processor.py:839} INFO - DAG(s) dict_keys(['traffic_data']) retrieved from /opt/airflow/dags/script.py
[2023-11-06T14:30:56.531+0000] {logging_mixin.py:151} INFO - [2023-11-06T14:30:56.531+0000] {dag.py:2941} INFO - Sync 1 DAGs
[2023-11-06T14:30:56.666+0000] {processor.py:179} INFO - Processing /opt/airflow/dags/script.py took 1.029 seconds
[2023-11-06T14:31:27.072+0000] {processor.py:157} INFO - Started process (PID=99) to work on /opt/airflow/dags/script.py
[2023-11-06T14:31:27.074+0000] {processor.py:829} INFO - Processing file /opt/airflow/dags/script.py for tasks to queue
[2023-11-06T14:31:27.077+0000] {logging_mixin.py:151} INFO - [2023-11-06T14:31:27.077+0000] {dagbag.py:536} INFO - Filling up the DagBag from /opt/airflow/dags/script.py
[2023-11-06T14:31:27.316+0000] {processor.py:839} INFO - DAG(s) dict_keys(['traffic_data']) retrieved from /opt/airflow/dags/script.py
[2023-11-06T14:31:27.338+0000] {logging_mixin.py:151} INFO - [2023-11-06T14:31:27.337+0000] {dag.py:2941} INFO - Sync 1 DAGs
[2023-11-06T14:31:27.758+0000] {processor.py:179} INFO - Processing /opt/airflow/dags/script.py took 0.695 seconds
[2023-11-06T14:31:59.491+0000] {processor.py:157} INFO - Started process (PID=113) to work on /opt/airflow/dags/script.py
[2023-11-06T14:31:59.495+0000] {processor.py:829} INFO - Processing file /opt/airflow/dags/script.py for tasks to queue
[2023-11-06T14:31:59.501+0000] {logging_mixin.py:151} INFO - [2023-11-06T14:31:59.500+0000] {dagbag.py:536} INFO - Filling up the DagBag from /opt/airflow/dags/script.py
[2023-11-06T14:31:59.933+0000] {processor.py:839} INFO - DAG(s) dict_keys(['traffic_data']) retrieved from /opt/airflow/dags/script.py
[2023-11-06T14:32:00.575+0000] {logging_mixin.py:151} INFO - [2023-11-06T14:32:00.574+0000] {dag.py:2941} INFO - Sync 1 DAGs
[2023-11-06T14:32:00.725+0000] {processor.py:179} INFO - Processing /opt/airflow/dags/script.py took 1.546 seconds
[2023-11-06T14:32:31.288+0000] {processor.py:157} INFO - Started process (PID=123) to work on /opt/airflow/dags/script.py
[2023-11-06T14:32:31.307+0000] {processor.py:829} INFO - Processing file /opt/airflow/dags/script.py for tasks to queue
[2023-11-06T14:32:31.312+0000] {logging_mixin.py:151} INFO - [2023-11-06T14:32:31.311+0000] {dagbag.py:536} INFO - Filling up the DagBag from /opt/airflow/dags/script.py
[2023-11-06T14:32:32.253+0000] {processor.py:839} INFO - DAG(s) dict_keys(['traffic_data']) retrieved from /opt/airflow/dags/script.py
[2023-11-06T14:32:32.434+0000] {logging_mixin.py:151} INFO - [2023-11-06T14:32:32.433+0000] {dag.py:2941} INFO - Sync 1 DAGs
[2023-11-06T14:32:32.665+0000] {processor.py:179} INFO - Processing /opt/airflow/dags/script.py took 1.384 seconds
[2023-11-06T14:33:03.119+0000] {processor.py:157} INFO - Started process (PID=132) to work on /opt/airflow/dags/script.py
[2023-11-06T14:33:03.120+0000] {processor.py:829} INFO - Processing file /opt/airflow/dags/script.py for tasks to queue
[2023-11-06T14:33:03.123+0000] {logging_mixin.py:151} INFO - [2023-11-06T14:33:03.122+0000] {dagbag.py:536} INFO - Filling up the DagBag from /opt/airflow/dags/script.py
[2023-11-06T14:33:03.317+0000] {processor.py:839} INFO - DAG(s) dict_keys(['traffic_data']) retrieved from /opt/airflow/dags/script.py
[2023-11-06T14:33:05.708+0000] {logging_mixin.py:151} INFO - [2023-11-06T14:33:05.708+0000] {dag.py:2941} INFO - Sync 1 DAGs
[2023-11-06T14:33:05.749+0000] {logging_mixin.py:151} INFO - [2023-11-06T14:33:05.749+0000] {dag.py:3722} INFO - Setting next_dagrun for traffic_data to 2023-11-06T14:32:05.748483+00:00, run_after=2023-11-06T14:33:05.748483+00:00
[2023-11-06T14:33:05.800+0000] {processor.py:179} INFO - Processing /opt/airflow/dags/script.py took 2.687 seconds
[2023-11-06T14:33:36.281+0000] {processor.py:157} INFO - Started process (PID=143) to work on /opt/airflow/dags/script.py
[2023-11-06T14:33:36.282+0000] {processor.py:829} INFO - Processing file /opt/airflow/dags/script.py for tasks to queue
[2023-11-06T14:33:36.285+0000] {logging_mixin.py:151} INFO - [2023-11-06T14:33:36.285+0000] {dagbag.py:536} INFO - Filling up the DagBag from /opt/airflow/dags/script.py
[2023-11-06T14:33:36.446+0000] {processor.py:839} INFO - DAG(s) dict_keys(['traffic_data']) retrieved from /opt/airflow/dags/script.py
[2023-11-06T14:33:36.466+0000] {logging_mixin.py:151} INFO - [2023-11-06T14:33:36.466+0000] {dag.py:2941} INFO - Sync 1 DAGs
[2023-11-06T14:33:36.546+0000] {processor.py:179} INFO - Processing /opt/airflow/dags/script.py took 0.271 seconds
[2023-11-06T14:46:37.991+0000] {processor.py:157} INFO - Started process (PID=60) to work on /opt/airflow/dags/script.py
[2023-11-06T14:46:38.090+0000] {processor.py:829} INFO - Processing file /opt/airflow/dags/script.py for tasks to queue
[2023-11-06T14:46:38.186+0000] {logging_mixin.py:151} INFO - [2023-11-06T14:46:38.147+0000] {dagbag.py:536} INFO - Filling up the DagBag from /opt/airflow/dags/script.py
[2023-11-06T14:48:00.579+0000] {processor.py:157} INFO - Started process (PID=83) to work on /opt/airflow/dags/script.py
[2023-11-06T14:48:00.586+0000] {processor.py:829} INFO - Processing file /opt/airflow/dags/script.py for tasks to queue
[2023-11-06T14:48:00.619+0000] {logging_mixin.py:151} INFO - [2023-11-06T14:48:00.604+0000] {dagbag.py:536} INFO - Filling up the DagBag from /opt/airflow/dags/script.py
[2023-11-06T14:48:36.870+0000] {logging_mixin.py:151} INFO - [2023-11-06T14:48:36.863+0000] {timeout.py:68} ERROR - Process timed out, PID: 83
[2023-11-06T14:48:36.876+0000] {logging_mixin.py:151} WARNING - Exception ignored in: <function WeakKeyDictionary.__init__.<locals>.remove at 0x7f3b816cb4c0>
[2023-11-06T14:48:36.883+0000] {logging_mixin.py:151} WARNING - Traceback (most recent call last):
[2023-11-06T14:48:36.887+0000] {logging_mixin.py:151} WARNING -   File "/usr/local/lib/python3.8/weakref.py", line 345, in remove
[2023-11-06T14:48:36.892+0000] {logging_mixin.py:151} WARNING -     def remove(k, selfref=ref(self)):
[2023-11-06T14:48:36.896+0000] {logging_mixin.py:151} WARNING -   File "/home/airflow/.local/lib/python3.8/site-packages/airflow/utils/timeout.py", line 69, in handle_timeout
[2023-11-06T14:48:36.900+0000] {logging_mixin.py:151} WARNING -     raise AirflowTaskTimeout(self.error_message)
[2023-11-06T14:48:36.903+0000] {logging_mixin.py:151} WARNING - airflow.exceptions.AirflowTaskTimeout: DagBag import timeout for /opt/airflow/dags/script.py after 30.0s.
Please take a look at these docs to improve your DAG import time:
* https://airflow.apache.org/docs/apache-airflow/2.7.2/best-practices.html#top-level-python-code
* https://airflow.apache.org/docs/apache-airflow/2.7.2/best-practices.html#reducing-dag-complexity, PID: 83
[2023-11-06T14:48:37.003+0000] {processor.py:839} INFO - DAG(s) dict_keys(['traffic_data']) retrieved from /opt/airflow/dags/script.py
[2023-11-06T14:48:39.704+0000] {logging_mixin.py:151} INFO - [2023-11-06T14:48:39.703+0000] {dag.py:2941} INFO - Sync 1 DAGs
[2023-11-06T14:48:40.217+0000] {logging_mixin.py:151} INFO - [2023-11-06T14:48:40.216+0000] {dag.py:3722} INFO - Setting next_dagrun for traffic_data to 2023-11-06T14:47:40.215912+00:00, run_after=2023-11-06T14:48:40.215912+00:00
[2023-11-06T14:48:40.457+0000] {processor.py:179} INFO - Processing /opt/airflow/dags/script.py took 39.844 seconds
[2023-11-06T14:49:11.862+0000] {processor.py:157} INFO - Started process (PID=111) to work on /opt/airflow/dags/script.py
[2023-11-06T14:49:11.866+0000] {processor.py:829} INFO - Processing file /opt/airflow/dags/script.py for tasks to queue
[2023-11-06T14:49:11.881+0000] {logging_mixin.py:151} INFO - [2023-11-06T14:49:11.877+0000] {dagbag.py:536} INFO - Filling up the DagBag from /opt/airflow/dags/script.py
[2023-11-06T14:49:13.189+0000] {processor.py:839} INFO - DAG(s) dict_keys(['traffic_data']) retrieved from /opt/airflow/dags/script.py
[2023-11-06T14:49:13.234+0000] {logging_mixin.py:151} INFO - [2023-11-06T14:49:13.234+0000] {dag.py:2941} INFO - Sync 1 DAGs
[2023-11-06T14:49:13.370+0000] {processor.py:179} INFO - Processing /opt/airflow/dags/script.py took 1.522 seconds
[2023-11-06T14:49:44.005+0000] {processor.py:157} INFO - Started process (PID=120) to work on /opt/airflow/dags/script.py
[2023-11-06T14:49:44.007+0000] {processor.py:829} INFO - Processing file /opt/airflow/dags/script.py for tasks to queue
[2023-11-06T14:49:44.009+0000] {logging_mixin.py:151} INFO - [2023-11-06T14:49:44.009+0000] {dagbag.py:536} INFO - Filling up the DagBag from /opt/airflow/dags/script.py
[2023-11-06T14:49:44.457+0000] {processor.py:839} INFO - DAG(s) dict_keys(['traffic_data']) retrieved from /opt/airflow/dags/script.py
[2023-11-06T14:49:44.478+0000] {logging_mixin.py:151} INFO - [2023-11-06T14:49:44.478+0000] {dag.py:2941} INFO - Sync 1 DAGs
[2023-11-06T14:49:44.561+0000] {processor.py:179} INFO - Processing /opt/airflow/dags/script.py took 0.564 seconds
[2023-11-06T14:50:15.062+0000] {processor.py:157} INFO - Started process (PID=134) to work on /opt/airflow/dags/script.py
[2023-11-06T14:50:15.068+0000] {processor.py:829} INFO - Processing file /opt/airflow/dags/script.py for tasks to queue
[2023-11-06T14:50:15.094+0000] {logging_mixin.py:151} INFO - [2023-11-06T14:50:15.080+0000] {dagbag.py:536} INFO - Filling up the DagBag from /opt/airflow/dags/script.py
[2023-11-06T14:50:25.921+0000] {processor.py:839} INFO - DAG(s) dict_keys(['traffic_data']) retrieved from /opt/airflow/dags/script.py
[2023-11-06T14:50:34.091+0000] {logging_mixin.py:151} INFO - [2023-11-06T14:50:34.090+0000] {dag.py:2941} INFO - Sync 1 DAGs
[2023-11-06T14:50:34.606+0000] {processor.py:179} INFO - Processing /opt/airflow/dags/script.py took 19.540 seconds
[2023-11-06T14:51:05.502+0000] {processor.py:157} INFO - Started process (PID=144) to work on /opt/airflow/dags/script.py
[2023-11-06T14:51:05.525+0000] {processor.py:829} INFO - Processing file /opt/airflow/dags/script.py for tasks to queue
[2023-11-06T14:51:05.552+0000] {logging_mixin.py:151} INFO - [2023-11-06T14:51:05.543+0000] {dagbag.py:536} INFO - Filling up the DagBag from /opt/airflow/dags/script.py
[2023-11-06T14:51:46.773+0000] {logging_mixin.py:151} INFO - [2023-11-06T14:51:46.749+0000] {timeout.py:68} ERROR - Process timed out, PID: 144
[2023-11-06T14:51:46.789+0000] {logging_mixin.py:151} WARNING - Exception ignored in: <function WeakKeyDictionary.__init__.<locals>.remove at 0x7f3b816cb4c0>
[2023-11-06T14:51:46.792+0000] {logging_mixin.py:151} WARNING - Traceback (most recent call last):
[2023-11-06T14:51:46.793+0000] {logging_mixin.py:151} WARNING -   File "/usr/local/lib/python3.8/weakref.py", line 345, in remove
[2023-11-06T14:51:46.819+0000] {logging_mixin.py:151} WARNING -     def remove(k, selfref=ref(self)):
[2023-11-06T14:51:46.823+0000] {logging_mixin.py:151} WARNING -   File "/home/airflow/.local/lib/python3.8/site-packages/airflow/utils/timeout.py", line 69, in handle_timeout
[2023-11-06T14:51:46.825+0000] {logging_mixin.py:151} WARNING -     raise AirflowTaskTimeout(self.error_message)
[2023-11-06T14:51:46.842+0000] {logging_mixin.py:151} WARNING - airflow.exceptions.AirflowTaskTimeout: DagBag import timeout for /opt/airflow/dags/script.py after 30.0s.
Please take a look at these docs to improve your DAG import time:
* https://airflow.apache.org/docs/apache-airflow/2.7.2/best-practices.html#top-level-python-code
* https://airflow.apache.org/docs/apache-airflow/2.7.2/best-practices.html#reducing-dag-complexity, PID: 144
[2023-11-06T14:51:47.171+0000] {processor.py:839} INFO - DAG(s) dict_keys(['traffic_data']) retrieved from /opt/airflow/dags/script.py
[2023-11-06T14:51:47.385+0000] {logging_mixin.py:151} INFO - [2023-11-06T14:51:47.384+0000] {dag.py:2941} INFO - Sync 1 DAGs
[2023-11-06T14:51:47.663+0000] {processor.py:179} INFO - Processing /opt/airflow/dags/script.py took 40.988 seconds
[2023-11-06T14:51:53.298+0000] {processor.py:157} INFO - Started process (PID=154) to work on /opt/airflow/dags/script.py
[2023-11-06T14:51:53.304+0000] {processor.py:829} INFO - Processing file /opt/airflow/dags/script.py for tasks to queue
[2023-11-06T14:51:53.312+0000] {logging_mixin.py:151} INFO - [2023-11-06T14:51:53.309+0000] {dagbag.py:536} INFO - Filling up the DagBag from /opt/airflow/dags/script.py
[2023-11-06T14:51:54.914+0000] {processor.py:839} INFO - DAG(s) dict_keys(['traffic_data']) retrieved from /opt/airflow/dags/script.py
[2023-11-06T14:51:55.018+0000] {logging_mixin.py:151} INFO - [2023-11-06T14:51:55.017+0000] {taskinstance.py:1939} ERROR - {'DAG Id': 'traffic_data', 'Task Id': 'load_data_to_logstash', 'Run Id': 'scheduled__2023-11-06T14:49:36.538363+00:00', 'Hostname': 'd0738550126e', 'External Executor Id': 'cef847be-0d7e-4646-8bda-5d6e8956276f'}
[2023-11-06T14:51:55.105+0000] {logging_mixin.py:151} INFO - [2023-11-06T14:51:55.104+0000] {taskinstance.py:1400} INFO - Marking task as FAILED. dag_id=traffic_data, task_id=load_data_to_logstash, execution_date=20231106T144936, start_date=20231106T145056, end_date=20231106T145155
[2023-11-06T14:51:55.147+0000] {processor.py:790} INFO - Executed failure callback for <TaskInstance: traffic_data.load_data_to_logstash scheduled__2023-11-06T14:49:36.538363+00:00 [failed]> in state failed
[2023-11-06T14:51:55.167+0000] {logging_mixin.py:151} INFO - [2023-11-06T14:51:55.166+0000] {dag.py:2941} INFO - Sync 1 DAGs
[2023-11-06T14:51:55.318+0000] {processor.py:179} INFO - Processing /opt/airflow/dags/script.py took 2.107 seconds
[2023-11-06T14:52:26.146+0000] {processor.py:157} INFO - Started process (PID=164) to work on /opt/airflow/dags/script.py
[2023-11-06T14:52:26.154+0000] {processor.py:829} INFO - Processing file /opt/airflow/dags/script.py for tasks to queue
[2023-11-06T14:52:26.166+0000] {logging_mixin.py:151} INFO - [2023-11-06T14:52:26.163+0000] {dagbag.py:536} INFO - Filling up the DagBag from /opt/airflow/dags/script.py
[2023-11-06T14:52:36.895+0000] {processor.py:839} INFO - DAG(s) dict_keys(['traffic_data']) retrieved from /opt/airflow/dags/script.py
[2023-11-06T14:52:37.818+0000] {logging_mixin.py:151} INFO - [2023-11-06T14:52:37.815+0000] {dag.py:2941} INFO - Sync 1 DAGs
[2023-11-06T14:52:38.172+0000] {processor.py:179} INFO - Processing /opt/airflow/dags/script.py took 12.061 seconds
[2023-11-06T14:53:08.481+0000] {processor.py:157} INFO - Started process (PID=174) to work on /opt/airflow/dags/script.py
[2023-11-06T14:53:08.526+0000] {processor.py:829} INFO - Processing file /opt/airflow/dags/script.py for tasks to queue
[2023-11-06T14:53:08.552+0000] {logging_mixin.py:151} INFO - [2023-11-06T14:53:08.549+0000] {dagbag.py:536} INFO - Filling up the DagBag from /opt/airflow/dags/script.py
[2023-11-06T14:54:31.073+0000] {processor.py:157} INFO - Started process (PID=183) to work on /opt/airflow/dags/script.py
[2023-11-06T14:54:31.089+0000] {processor.py:829} INFO - Processing file /opt/airflow/dags/script.py for tasks to queue
[2023-11-06T14:54:31.120+0000] {logging_mixin.py:151} INFO - [2023-11-06T14:54:31.107+0000] {dagbag.py:536} INFO - Filling up the DagBag from /opt/airflow/dags/script.py
[2023-11-06T14:54:41.039+0000] {processor.py:839} INFO - DAG(s) dict_keys(['traffic_data']) retrieved from /opt/airflow/dags/script.py
[2023-11-06T14:54:42.582+0000] {logging_mixin.py:151} INFO - [2023-11-06T14:54:42.581+0000] {dag.py:2941} INFO - Sync 1 DAGs
[2023-11-06T14:54:42.764+0000] {processor.py:179} INFO - Processing /opt/airflow/dags/script.py took 11.902 seconds
[2023-11-06T14:55:13.766+0000] {processor.py:157} INFO - Started process (PID=200) to work on /opt/airflow/dags/script.py
[2023-11-06T14:55:13.779+0000] {processor.py:829} INFO - Processing file /opt/airflow/dags/script.py for tasks to queue
[2023-11-06T14:55:13.810+0000] {logging_mixin.py:151} INFO - [2023-11-06T14:55:13.795+0000] {dagbag.py:536} INFO - Filling up the DagBag from /opt/airflow/dags/script.py
[2023-11-06T14:55:27.077+0000] {processor.py:839} INFO - DAG(s) dict_keys(['traffic_data']) retrieved from /opt/airflow/dags/script.py
[2023-11-06T14:55:28.649+0000] {logging_mixin.py:151} INFO - [2023-11-06T14:55:28.648+0000] {dag.py:2941} INFO - Sync 1 DAGs
[2023-11-06T14:55:29.008+0000] {processor.py:179} INFO - Processing /opt/airflow/dags/script.py took 15.410 seconds
[2023-11-06T14:55:59.537+0000] {processor.py:157} INFO - Started process (PID=209) to work on /opt/airflow/dags/script.py
[2023-11-06T14:55:59.570+0000] {processor.py:829} INFO - Processing file /opt/airflow/dags/script.py for tasks to queue
[2023-11-06T14:55:59.583+0000] {logging_mixin.py:151} INFO - [2023-11-06T14:55:59.580+0000] {dagbag.py:536} INFO - Filling up the DagBag from /opt/airflow/dags/script.py
[2023-11-06T14:56:16.686+0000] {processor.py:839} INFO - DAG(s) dict_keys(['traffic_data']) retrieved from /opt/airflow/dags/script.py
[2023-11-06T14:56:18.275+0000] {logging_mixin.py:151} INFO - [2023-11-06T14:56:18.270+0000] {dag.py:2941} INFO - Sync 1 DAGs
[2023-11-06T14:56:18.738+0000] {processor.py:179} INFO - Processing /opt/airflow/dags/script.py took 19.294 seconds
[2023-11-06T14:57:52.012+0000] {processor.py:157} INFO - Started process (PID=220) to work on /opt/airflow/dags/script.py
[2023-11-06T14:57:52.292+0000] {processor.py:829} INFO - Processing file /opt/airflow/dags/script.py for tasks to queue
[2023-11-06T14:57:53.059+0000] {logging_mixin.py:151} INFO - [2023-11-06T14:57:52.885+0000] {dagbag.py:536} INFO - Filling up the DagBag from /opt/airflow/dags/script.py
[2023-11-06T14:59:09.430+0000] {processor.py:157} INFO - Started process (PID=244) to work on /opt/airflow/dags/script.py
[2023-11-06T14:59:09.443+0000] {processor.py:829} INFO - Processing file /opt/airflow/dags/script.py for tasks to queue
[2023-11-06T14:59:09.490+0000] {logging_mixin.py:151} INFO - [2023-11-06T14:59:09.462+0000] {dagbag.py:536} INFO - Filling up the DagBag from /opt/airflow/dags/script.py
[2023-11-06T14:59:23.633+0000] {processor.py:839} INFO - DAG(s) dict_keys(['traffic_data']) retrieved from /opt/airflow/dags/script.py
[2023-11-06T14:59:24.295+0000] {logging_mixin.py:151} INFO - [2023-11-06T14:59:24.295+0000] {dag.py:2941} INFO - Sync 1 DAGs
[2023-11-06T14:59:24.731+0000] {processor.py:179} INFO - Processing /opt/airflow/dags/script.py took 15.128 seconds
[2023-11-06T14:59:55.341+0000] {processor.py:157} INFO - Started process (PID=254) to work on /opt/airflow/dags/script.py
[2023-11-06T14:59:55.362+0000] {processor.py:829} INFO - Processing file /opt/airflow/dags/script.py for tasks to queue
[2023-11-06T14:59:55.380+0000] {logging_mixin.py:151} INFO - [2023-11-06T14:59:55.374+0000] {dagbag.py:536} INFO - Filling up the DagBag from /opt/airflow/dags/script.py
[2023-11-06T15:00:05.103+0000] {processor.py:839} INFO - DAG(s) dict_keys(['traffic_data']) retrieved from /opt/airflow/dags/script.py
[2023-11-06T15:00:07.106+0000] {logging_mixin.py:151} INFO - [2023-11-06T15:00:07.106+0000] {dag.py:2941} INFO - Sync 1 DAGs
[2023-11-06T15:00:07.513+0000] {processor.py:179} INFO - Processing /opt/airflow/dags/script.py took 12.315 seconds
[2023-11-06T15:00:38.045+0000] {processor.py:157} INFO - Started process (PID=273) to work on /opt/airflow/dags/script.py
[2023-11-06T15:00:38.051+0000] {processor.py:829} INFO - Processing file /opt/airflow/dags/script.py for tasks to queue
[2023-11-06T15:00:38.058+0000] {logging_mixin.py:151} INFO - [2023-11-06T15:00:38.055+0000] {dagbag.py:536} INFO - Filling up the DagBag from /opt/airflow/dags/script.py
[2023-11-06T15:01:34.450+0000] {logging_mixin.py:151} INFO - [2023-11-06T15:01:25.679+0000] {timeout.py:68} ERROR - Process timed out, PID: 273
[2023-11-06T15:01:34.683+0000] {logging_mixin.py:151} WARNING - Exception ignored in: <function WeakKeyDictionary.__init__.<locals>.remove at 0x7f3b816cb4c0>
[2023-11-06T15:01:34.692+0000] {logging_mixin.py:151} WARNING - Traceback (most recent call last):
[2023-11-06T15:01:34.697+0000] {logging_mixin.py:151} WARNING -   File "/usr/local/lib/python3.8/weakref.py", line 345, in remove
[2023-11-06T15:01:34.806+0000] {logging_mixin.py:151} WARNING -     def remove(k, selfref=ref(self)):
[2023-11-06T15:01:34.808+0000] {logging_mixin.py:151} WARNING -   File "/home/airflow/.local/lib/python3.8/site-packages/airflow/utils/timeout.py", line 69, in handle_timeout
[2023-11-06T15:01:34.867+0000] {logging_mixin.py:151} WARNING -     raise AirflowTaskTimeout(self.error_message)
[2023-11-06T15:01:34.873+0000] {logging_mixin.py:151} WARNING - airflow.exceptions.AirflowTaskTimeout: DagBag import timeout for /opt/airflow/dags/script.py after 30.0s.
Please take a look at these docs to improve your DAG import time:
* https://airflow.apache.org/docs/apache-airflow/2.7.2/best-practices.html#top-level-python-code
* https://airflow.apache.org/docs/apache-airflow/2.7.2/best-practices.html#reducing-dag-complexity, PID: 273
[2023-11-06T15:01:39.580+0000] {processor.py:839} INFO - DAG(s) dict_keys(['traffic_data']) retrieved from /opt/airflow/dags/script.py
