[2023-11-06T13:03:05.162+0000] {processor.py:157} INFO - Started process (PID=67) to work on /opt/airflow/dags/script2.py
[2023-11-06T13:03:05.164+0000] {processor.py:829} INFO - Processing file /opt/airflow/dags/script2.py for tasks to queue
[2023-11-06T13:03:05.169+0000] {logging_mixin.py:151} INFO - [2023-11-06T13:03:05.169+0000] {dagbag.py:536} INFO - Filling up the DagBag from /opt/airflow/dags/script2.py
[2023-11-06T13:03:05.632+0000] {processor.py:839} INFO - DAG(s) dict_keys(['traffic_data']) retrieved from /opt/airflow/dags/script2.py
[2023-11-06T13:03:05.676+0000] {logging_mixin.py:151} INFO - [2023-11-06T13:03:05.675+0000] {dag.py:2941} INFO - Sync 1 DAGs
[2023-11-06T13:03:05.901+0000] {processor.py:179} INFO - Processing /opt/airflow/dags/script2.py took 0.749 seconds
[2023-11-06T13:03:07.902+0000] {processor.py:157} INFO - Started process (PID=68) to work on /opt/airflow/dags/script2.py
[2023-11-06T13:03:07.952+0000] {processor.py:829} INFO - Processing file /opt/airflow/dags/script2.py for tasks to queue
[2023-11-06T13:03:07.957+0000] {logging_mixin.py:151} INFO - [2023-11-06T13:03:07.956+0000] {dagbag.py:536} INFO - Filling up the DagBag from /opt/airflow/dags/script2.py
[2023-11-06T13:03:08.336+0000] {processor.py:839} INFO - DAG(s) dict_keys(['traffic_data']) retrieved from /opt/airflow/dags/script2.py
[2023-11-06T13:03:08.427+0000] {logging_mixin.py:151} INFO - [2023-11-06T13:03:08.427+0000] {taskinstance.py:1939} ERROR - {'DAG Id': 'traffic_data', 'Task Id': 'load_data_to_logstash', 'Run Id': 'scheduled__2023-11-04T17:51:58.731788+00:00', 'Hostname': '0616bbdaf328', 'External Executor Id': '1c4a04e1-54f3-47be-83ed-5a66af11ad83'}
[2023-11-06T13:03:08.615+0000] {logging_mixin.py:151} INFO - [2023-11-06T13:03:08.614+0000] {taskinstance.py:1400} INFO - Marking task as FAILED. dag_id=traffic_data, task_id=load_data_to_logstash, execution_date=20231104T175158, start_date=20231104T175417, end_date=20231106T130308
[2023-11-06T13:03:08.738+0000] {processor.py:790} INFO - Executed failure callback for <TaskInstance: traffic_data.load_data_to_logstash scheduled__2023-11-04T17:51:58.731788+00:00 [failed]> in state failed
[2023-11-06T13:03:08.763+0000] {logging_mixin.py:151} INFO - [2023-11-06T13:03:08.762+0000] {dag.py:2941} INFO - Sync 1 DAGs
[2023-11-06T13:03:09.108+0000] {processor.py:179} INFO - Processing /opt/airflow/dags/script2.py took 1.213 seconds
[2023-11-06T13:04:00.800+0000] {processor.py:157} INFO - Started process (PID=86) to work on /opt/airflow/dags/script2.py
[2023-11-06T13:04:00.835+0000] {processor.py:829} INFO - Processing file /opt/airflow/dags/script2.py for tasks to queue
[2023-11-06T13:04:00.922+0000] {logging_mixin.py:151} INFO - [2023-11-06T13:04:00.919+0000] {dagbag.py:536} INFO - Filling up the DagBag from /opt/airflow/dags/script2.py
[2023-11-06T13:04:02.468+0000] {processor.py:839} INFO - DAG(s) dict_keys(['traffic_data']) retrieved from /opt/airflow/dags/script2.py
[2023-11-06T13:04:07.664+0000] {logging_mixin.py:151} INFO - [2023-11-06T13:04:07.658+0000] {dag.py:2941} INFO - Sync 1 DAGs
[2023-11-06T13:05:23.555+0000] {processor.py:157} INFO - Started process (PID=103) to work on /opt/airflow/dags/script2.py
[2023-11-06T13:05:23.779+0000] {processor.py:829} INFO - Processing file /opt/airflow/dags/script2.py for tasks to queue
[2023-11-06T13:05:24.552+0000] {logging_mixin.py:151} INFO - [2023-11-06T13:05:24.492+0000] {dagbag.py:536} INFO - Filling up the DagBag from /opt/airflow/dags/script2.py
[2023-11-06T13:05:28.654+0000] {processor.py:839} INFO - DAG(s) dict_keys(['traffic_data']) retrieved from /opt/airflow/dags/script2.py
[2023-11-06T13:05:32.506+0000] {logging_mixin.py:151} INFO - [2023-11-06T13:05:32.505+0000] {dag.py:2941} INFO - Sync 1 DAGs
[2023-11-06T13:05:34.998+0000] {processor.py:179} INFO - Processing /opt/airflow/dags/script2.py took 11.956 seconds
[2023-11-06T13:06:08.064+0000] {processor.py:157} INFO - Started process (PID=114) to work on /opt/airflow/dags/script2.py
[2023-11-06T13:06:08.074+0000] {processor.py:829} INFO - Processing file /opt/airflow/dags/script2.py for tasks to queue
[2023-11-06T13:06:08.172+0000] {logging_mixin.py:151} INFO - [2023-11-06T13:06:08.166+0000] {dagbag.py:536} INFO - Filling up the DagBag from /opt/airflow/dags/script2.py
[2023-11-06T13:06:14.889+0000] {processor.py:839} INFO - DAG(s) dict_keys(['traffic_data']) retrieved from /opt/airflow/dags/script2.py
[2023-11-06T13:06:17.661+0000] {logging_mixin.py:151} INFO - [2023-11-06T13:06:17.659+0000] {dag.py:2941} INFO - Sync 1 DAGs
[2023-11-06T13:06:21.557+0000] {processor.py:179} INFO - Processing /opt/airflow/dags/script2.py took 14.089 seconds
[2023-11-06T13:07:01.803+0000] {processor.py:157} INFO - Started process (PID=133) to work on /opt/airflow/dags/script2.py
[2023-11-06T13:07:01.810+0000] {processor.py:829} INFO - Processing file /opt/airflow/dags/script2.py for tasks to queue
[2023-11-06T13:07:01.875+0000] {logging_mixin.py:151} INFO - [2023-11-06T13:07:01.870+0000] {dagbag.py:536} INFO - Filling up the DagBag from /opt/airflow/dags/script2.py
[2023-11-06T13:07:04.435+0000] {processor.py:839} INFO - DAG(s) dict_keys(['traffic_data']) retrieved from /opt/airflow/dags/script2.py
[2023-11-06T13:07:05.278+0000] {logging_mixin.py:151} INFO - [2023-11-06T13:07:05.276+0000] {dag.py:2941} INFO - Sync 1 DAGs
[2023-11-06T13:07:12.816+0000] {processor.py:179} INFO - Processing /opt/airflow/dags/script2.py took 11.095 seconds
[2023-11-06T13:07:43.226+0000] {processor.py:157} INFO - Started process (PID=143) to work on /opt/airflow/dags/script2.py
[2023-11-06T13:07:43.229+0000] {processor.py:829} INFO - Processing file /opt/airflow/dags/script2.py for tasks to queue
[2023-11-06T13:07:43.236+0000] {logging_mixin.py:151} INFO - [2023-11-06T13:07:43.235+0000] {dagbag.py:536} INFO - Filling up the DagBag from /opt/airflow/dags/script2.py
[2023-11-06T13:07:43.588+0000] {processor.py:839} INFO - DAG(s) dict_keys(['traffic_data']) retrieved from /opt/airflow/dags/script2.py
[2023-11-06T13:07:43.721+0000] {logging_mixin.py:151} INFO - [2023-11-06T13:07:43.721+0000] {dag.py:2941} INFO - Sync 1 DAGs
[2023-11-06T13:07:43.908+0000] {processor.py:179} INFO - Processing /opt/airflow/dags/script2.py took 0.742 seconds
[2023-11-06T13:08:14.408+0000] {processor.py:157} INFO - Started process (PID=152) to work on /opt/airflow/dags/script2.py
[2023-11-06T13:08:14.429+0000] {processor.py:829} INFO - Processing file /opt/airflow/dags/script2.py for tasks to queue
[2023-11-06T13:08:14.478+0000] {logging_mixin.py:151} INFO - [2023-11-06T13:08:14.475+0000] {dagbag.py:536} INFO - Filling up the DagBag from /opt/airflow/dags/script2.py
[2023-11-06T13:08:15.679+0000] {processor.py:839} INFO - DAG(s) dict_keys(['traffic_data']) retrieved from /opt/airflow/dags/script2.py
[2023-11-06T13:08:16.979+0000] {logging_mixin.py:151} INFO - [2023-11-06T13:08:16.978+0000] {dag.py:2941} INFO - Sync 1 DAGs
[2023-11-06T13:08:17.253+0000] {processor.py:179} INFO - Processing /opt/airflow/dags/script2.py took 2.900 seconds
[2023-11-06T13:08:48.796+0000] {processor.py:157} INFO - Started process (PID=163) to work on /opt/airflow/dags/script2.py
[2023-11-06T13:08:50.559+0000] {processor.py:829} INFO - Processing file /opt/airflow/dags/script2.py for tasks to queue
[2023-11-06T13:08:50.564+0000] {logging_mixin.py:151} INFO - [2023-11-06T13:08:50.563+0000] {dagbag.py:536} INFO - Filling up the DagBag from /opt/airflow/dags/script2.py
[2023-11-06T13:08:55.287+0000] {processor.py:839} INFO - DAG(s) dict_keys(['traffic_data']) retrieved from /opt/airflow/dags/script2.py
[2023-11-06T13:08:55.515+0000] {logging_mixin.py:151} INFO - [2023-11-06T13:08:55.514+0000] {dag.py:2941} INFO - Sync 1 DAGs
[2023-11-06T13:08:55.986+0000] {processor.py:179} INFO - Processing /opt/airflow/dags/script2.py took 7.253 seconds
[2023-11-06T13:09:26.235+0000] {processor.py:157} INFO - Started process (PID=172) to work on /opt/airflow/dags/script2.py
[2023-11-06T13:09:26.236+0000] {processor.py:829} INFO - Processing file /opt/airflow/dags/script2.py for tasks to queue
[2023-11-06T13:09:26.240+0000] {logging_mixin.py:151} INFO - [2023-11-06T13:09:26.239+0000] {dagbag.py:536} INFO - Filling up the DagBag from /opt/airflow/dags/script2.py
[2023-11-06T13:09:26.495+0000] {processor.py:839} INFO - DAG(s) dict_keys(['traffic_data']) retrieved from /opt/airflow/dags/script2.py
[2023-11-06T13:09:26.915+0000] {logging_mixin.py:151} INFO - [2023-11-06T13:09:26.915+0000] {dag.py:2941} INFO - Sync 1 DAGs
[2023-11-06T13:09:28.205+0000] {processor.py:179} INFO - Processing /opt/airflow/dags/script2.py took 1.980 seconds
[2023-11-06T13:09:58.916+0000] {processor.py:157} INFO - Started process (PID=190) to work on /opt/airflow/dags/script2.py
[2023-11-06T13:09:58.919+0000] {processor.py:829} INFO - Processing file /opt/airflow/dags/script2.py for tasks to queue
[2023-11-06T13:09:58.928+0000] {logging_mixin.py:151} INFO - [2023-11-06T13:09:58.927+0000] {dagbag.py:536} INFO - Filling up the DagBag from /opt/airflow/dags/script2.py
[2023-11-06T13:09:59.216+0000] {processor.py:839} INFO - DAG(s) dict_keys(['traffic_data']) retrieved from /opt/airflow/dags/script2.py
[2023-11-06T13:09:59.399+0000] {logging_mixin.py:151} INFO - [2023-11-06T13:09:59.398+0000] {dag.py:2941} INFO - Sync 1 DAGs
[2023-11-06T13:09:59.604+0000] {processor.py:179} INFO - Processing /opt/airflow/dags/script2.py took 0.705 seconds
[2023-11-06T13:10:30.323+0000] {processor.py:157} INFO - Started process (PID=205) to work on /opt/airflow/dags/script2.py
[2023-11-06T13:10:30.327+0000] {processor.py:829} INFO - Processing file /opt/airflow/dags/script2.py for tasks to queue
[2023-11-06T13:10:30.341+0000] {logging_mixin.py:151} INFO - [2023-11-06T13:10:30.340+0000] {dagbag.py:536} INFO - Filling up the DagBag from /opt/airflow/dags/script2.py
[2023-11-06T13:10:30.678+0000] {processor.py:839} INFO - DAG(s) dict_keys(['traffic_data']) retrieved from /opt/airflow/dags/script2.py
[2023-11-06T13:10:30.736+0000] {logging_mixin.py:151} INFO - [2023-11-06T13:10:30.735+0000] {dag.py:2941} INFO - Sync 1 DAGs
[2023-11-06T13:10:30.884+0000] {processor.py:179} INFO - Processing /opt/airflow/dags/script2.py took 0.581 seconds
[2023-11-06T13:11:01.087+0000] {processor.py:157} INFO - Started process (PID=215) to work on /opt/airflow/dags/script2.py
[2023-11-06T13:11:01.091+0000] {processor.py:829} INFO - Processing file /opt/airflow/dags/script2.py for tasks to queue
[2023-11-06T13:11:01.100+0000] {logging_mixin.py:151} INFO - [2023-11-06T13:11:01.099+0000] {dagbag.py:536} INFO - Filling up the DagBag from /opt/airflow/dags/script2.py
[2023-11-06T13:11:01.528+0000] {processor.py:839} INFO - DAG(s) dict_keys(['traffic_data']) retrieved from /opt/airflow/dags/script2.py
[2023-11-06T13:11:01.910+0000] {logging_mixin.py:151} INFO - [2023-11-06T13:11:01.910+0000] {dag.py:2941} INFO - Sync 1 DAGs
[2023-11-06T13:11:05.934+0000] {processor.py:179} INFO - Processing /opt/airflow/dags/script2.py took 4.862 seconds
[2023-11-06T13:11:36.234+0000] {processor.py:157} INFO - Started process (PID=225) to work on /opt/airflow/dags/script2.py
[2023-11-06T13:11:36.237+0000] {processor.py:829} INFO - Processing file /opt/airflow/dags/script2.py for tasks to queue
[2023-11-06T13:11:36.244+0000] {logging_mixin.py:151} INFO - [2023-11-06T13:11:36.244+0000] {dagbag.py:536} INFO - Filling up the DagBag from /opt/airflow/dags/script2.py
[2023-11-06T13:11:37.341+0000] {processor.py:839} INFO - DAG(s) dict_keys(['traffic_data']) retrieved from /opt/airflow/dags/script2.py
[2023-11-06T13:11:37.478+0000] {logging_mixin.py:151} INFO - [2023-11-06T13:11:37.478+0000] {dag.py:2941} INFO - Sync 1 DAGs
[2023-11-06T13:11:37.974+0000] {processor.py:179} INFO - Processing /opt/airflow/dags/script2.py took 1.751 seconds
[2023-11-06T13:12:08.822+0000] {processor.py:157} INFO - Started process (PID=235) to work on /opt/airflow/dags/script2.py
[2023-11-06T13:12:08.833+0000] {processor.py:829} INFO - Processing file /opt/airflow/dags/script2.py for tasks to queue
[2023-11-06T13:12:08.868+0000] {logging_mixin.py:151} INFO - [2023-11-06T13:12:08.865+0000] {dagbag.py:536} INFO - Filling up the DagBag from /opt/airflow/dags/script2.py
[2023-11-06T13:12:09.713+0000] {processor.py:839} INFO - DAG(s) dict_keys(['traffic_data']) retrieved from /opt/airflow/dags/script2.py
[2023-11-06T13:12:09.886+0000] {logging_mixin.py:151} INFO - [2023-11-06T13:12:09.885+0000] {dag.py:2941} INFO - Sync 1 DAGs
[2023-11-06T13:12:10.125+0000] {processor.py:179} INFO - Processing /opt/airflow/dags/script2.py took 1.346 seconds
[2023-11-06T13:12:40.425+0000] {processor.py:157} INFO - Started process (PID=245) to work on /opt/airflow/dags/script2.py
[2023-11-06T13:12:40.426+0000] {processor.py:829} INFO - Processing file /opt/airflow/dags/script2.py for tasks to queue
[2023-11-06T13:12:40.444+0000] {logging_mixin.py:151} INFO - [2023-11-06T13:12:40.442+0000] {dagbag.py:536} INFO - Filling up the DagBag from /opt/airflow/dags/script2.py
[2023-11-06T13:12:40.991+0000] {processor.py:839} INFO - DAG(s) dict_keys(['traffic_data']) retrieved from /opt/airflow/dags/script2.py
[2023-11-06T13:12:41.956+0000] {logging_mixin.py:151} INFO - [2023-11-06T13:12:41.955+0000] {dag.py:2941} INFO - Sync 1 DAGs
[2023-11-06T13:12:42.112+0000] {processor.py:179} INFO - Processing /opt/airflow/dags/script2.py took 1.703 seconds
[2023-11-06T13:13:12.553+0000] {processor.py:157} INFO - Started process (PID=255) to work on /opt/airflow/dags/script2.py
[2023-11-06T13:13:12.586+0000] {processor.py:829} INFO - Processing file /opt/airflow/dags/script2.py for tasks to queue
[2023-11-06T13:13:12.682+0000] {logging_mixin.py:151} INFO - [2023-11-06T13:13:12.678+0000] {dagbag.py:536} INFO - Filling up the DagBag from /opt/airflow/dags/script2.py
[2023-11-06T13:13:14.644+0000] {processor.py:839} INFO - DAG(s) dict_keys(['traffic_data']) retrieved from /opt/airflow/dags/script2.py
[2023-11-06T13:13:15.431+0000] {logging_mixin.py:151} INFO - [2023-11-06T13:13:15.430+0000] {dag.py:2941} INFO - Sync 1 DAGs
[2023-11-06T13:13:15.969+0000] {processor.py:179} INFO - Processing /opt/airflow/dags/script2.py took 3.435 seconds
[2023-11-06T13:13:46.182+0000] {processor.py:157} INFO - Started process (PID=266) to work on /opt/airflow/dags/script2.py
[2023-11-06T13:13:46.224+0000] {processor.py:829} INFO - Processing file /opt/airflow/dags/script2.py for tasks to queue
[2023-11-06T13:13:46.231+0000] {logging_mixin.py:151} INFO - [2023-11-06T13:13:46.230+0000] {dagbag.py:536} INFO - Filling up the DagBag from /opt/airflow/dags/script2.py
[2023-11-06T13:13:46.553+0000] {processor.py:839} INFO - DAG(s) dict_keys(['traffic_data']) retrieved from /opt/airflow/dags/script2.py
[2023-11-06T13:13:47.421+0000] {logging_mixin.py:151} INFO - [2023-11-06T13:13:47.421+0000] {dag.py:2941} INFO - Sync 1 DAGs
[2023-11-06T13:13:54.978+0000] {processor.py:179} INFO - Processing /opt/airflow/dags/script2.py took 8.818 seconds
[2023-11-06T13:14:25.191+0000] {processor.py:157} INFO - Started process (PID=277) to work on /opt/airflow/dags/script2.py
[2023-11-06T13:14:25.195+0000] {processor.py:829} INFO - Processing file /opt/airflow/dags/script2.py for tasks to queue
[2023-11-06T13:14:25.219+0000] {logging_mixin.py:151} INFO - [2023-11-06T13:14:25.217+0000] {dagbag.py:536} INFO - Filling up the DagBag from /opt/airflow/dags/script2.py
[2023-11-06T13:14:25.659+0000] {processor.py:839} INFO - DAG(s) dict_keys(['traffic_data']) retrieved from /opt/airflow/dags/script2.py
[2023-11-06T13:14:25.837+0000] {logging_mixin.py:151} INFO - [2023-11-06T13:14:25.836+0000] {dag.py:2941} INFO - Sync 1 DAGs
[2023-11-06T13:14:26.062+0000] {processor.py:179} INFO - Processing /opt/airflow/dags/script2.py took 0.903 seconds
[2023-11-06T13:14:56.145+0000] {processor.py:157} INFO - Started process (PID=287) to work on /opt/airflow/dags/script2.py
[2023-11-06T13:14:56.150+0000] {processor.py:829} INFO - Processing file /opt/airflow/dags/script2.py for tasks to queue
[2023-11-06T13:14:56.167+0000] {logging_mixin.py:151} INFO - [2023-11-06T13:14:56.163+0000] {dagbag.py:536} INFO - Filling up the DagBag from /opt/airflow/dags/script2.py
[2023-11-06T13:14:56.420+0000] {processor.py:839} INFO - DAG(s) dict_keys(['traffic_data']) retrieved from /opt/airflow/dags/script2.py
[2023-11-06T13:14:57.158+0000] {logging_mixin.py:151} INFO - [2023-11-06T13:14:57.158+0000] {dag.py:2941} INFO - Sync 1 DAGs
[2023-11-06T13:14:57.206+0000] {logging_mixin.py:151} INFO - [2023-11-06T13:14:57.206+0000] {dag.py:3722} INFO - Setting next_dagrun for traffic_data to 2023-11-06T13:13:57.205262+00:00, run_after=2023-11-06T13:14:57.205262+00:00
[2023-11-06T13:14:57.256+0000] {processor.py:179} INFO - Processing /opt/airflow/dags/script2.py took 1.124 seconds
[2023-11-06T13:15:27.738+0000] {processor.py:157} INFO - Started process (PID=298) to work on /opt/airflow/dags/script2.py
[2023-11-06T13:15:27.740+0000] {processor.py:829} INFO - Processing file /opt/airflow/dags/script2.py for tasks to queue
[2023-11-06T13:15:27.745+0000] {logging_mixin.py:151} INFO - [2023-11-06T13:15:27.745+0000] {dagbag.py:536} INFO - Filling up the DagBag from /opt/airflow/dags/script2.py
[2023-11-06T13:15:28.070+0000] {processor.py:839} INFO - DAG(s) dict_keys(['traffic_data']) retrieved from /opt/airflow/dags/script2.py
[2023-11-06T13:15:28.128+0000] {logging_mixin.py:151} INFO - [2023-11-06T13:15:28.127+0000] {dag.py:2941} INFO - Sync 1 DAGs
[2023-11-06T13:15:28.241+0000] {processor.py:179} INFO - Processing /opt/airflow/dags/script2.py took 0.510 seconds
[2023-11-06T13:15:58.321+0000] {processor.py:157} INFO - Started process (PID=310) to work on /opt/airflow/dags/script2.py
[2023-11-06T13:15:58.322+0000] {processor.py:829} INFO - Processing file /opt/airflow/dags/script2.py for tasks to queue
[2023-11-06T13:15:58.327+0000] {logging_mixin.py:151} INFO - [2023-11-06T13:15:58.326+0000] {dagbag.py:536} INFO - Filling up the DagBag from /opt/airflow/dags/script2.py
[2023-11-06T13:15:58.730+0000] {processor.py:839} INFO - DAG(s) dict_keys(['traffic_data']) retrieved from /opt/airflow/dags/script2.py
[2023-11-06T13:15:58.844+0000] {logging_mixin.py:151} INFO - [2023-11-06T13:15:58.844+0000] {dag.py:2941} INFO - Sync 1 DAGs
[2023-11-06T13:15:59.238+0000] {processor.py:179} INFO - Processing /opt/airflow/dags/script2.py took 0.925 seconds
[2023-11-06T13:16:29.778+0000] {processor.py:157} INFO - Started process (PID=319) to work on /opt/airflow/dags/script2.py
[2023-11-06T13:16:29.780+0000] {processor.py:829} INFO - Processing file /opt/airflow/dags/script2.py for tasks to queue
[2023-11-06T13:16:29.786+0000] {logging_mixin.py:151} INFO - [2023-11-06T13:16:29.785+0000] {dagbag.py:536} INFO - Filling up the DagBag from /opt/airflow/dags/script2.py
[2023-11-06T13:16:30.310+0000] {processor.py:839} INFO - DAG(s) dict_keys(['traffic_data']) retrieved from /opt/airflow/dags/script2.py
[2023-11-06T13:16:30.636+0000] {logging_mixin.py:151} INFO - [2023-11-06T13:16:30.636+0000] {dag.py:2941} INFO - Sync 1 DAGs
[2023-11-06T13:16:43.874+0000] {processor.py:179} INFO - Processing /opt/airflow/dags/script2.py took 14.075 seconds
[2023-11-06T13:17:14.241+0000] {processor.py:157} INFO - Started process (PID=337) to work on /opt/airflow/dags/script2.py
[2023-11-06T13:17:14.242+0000] {processor.py:829} INFO - Processing file /opt/airflow/dags/script2.py for tasks to queue
[2023-11-06T13:17:14.248+0000] {logging_mixin.py:151} INFO - [2023-11-06T13:17:14.247+0000] {dagbag.py:536} INFO - Filling up the DagBag from /opt/airflow/dags/script2.py
[2023-11-06T13:17:16.128+0000] {processor.py:839} INFO - DAG(s) dict_keys(['traffic_data']) retrieved from /opt/airflow/dags/script2.py
[2023-11-06T13:17:16.578+0000] {logging_mixin.py:151} INFO - [2023-11-06T13:17:16.578+0000] {dag.py:2941} INFO - Sync 1 DAGs
[2023-11-06T13:17:17.218+0000] {processor.py:179} INFO - Processing /opt/airflow/dags/script2.py took 3.007 seconds
[2023-11-06T13:17:47.991+0000] {processor.py:157} INFO - Started process (PID=346) to work on /opt/airflow/dags/script2.py
[2023-11-06T13:17:48.034+0000] {processor.py:829} INFO - Processing file /opt/airflow/dags/script2.py for tasks to queue
[2023-11-06T13:17:48.179+0000] {logging_mixin.py:151} INFO - [2023-11-06T13:17:48.168+0000] {dagbag.py:536} INFO - Filling up the DagBag from /opt/airflow/dags/script2.py
[2023-11-06T13:17:49.893+0000] {processor.py:839} INFO - DAG(s) dict_keys(['traffic_data']) retrieved from /opt/airflow/dags/script2.py
[2023-11-06T13:18:10.278+0000] {logging_mixin.py:151} INFO - [2023-11-06T13:18:10.275+0000] {dag.py:2941} INFO - Sync 1 DAGs
[2023-11-06T13:18:10.550+0000] {processor.py:179} INFO - Processing /opt/airflow/dags/script2.py took 22.768 seconds
[2023-11-06T13:18:40.747+0000] {processor.py:157} INFO - Started process (PID=358) to work on /opt/airflow/dags/script2.py
[2023-11-06T13:18:40.748+0000] {processor.py:829} INFO - Processing file /opt/airflow/dags/script2.py for tasks to queue
[2023-11-06T13:18:40.754+0000] {logging_mixin.py:151} INFO - [2023-11-06T13:18:40.754+0000] {dagbag.py:536} INFO - Filling up the DagBag from /opt/airflow/dags/script2.py
[2023-11-06T13:18:41.029+0000] {processor.py:839} INFO - DAG(s) dict_keys(['traffic_data']) retrieved from /opt/airflow/dags/script2.py
[2023-11-06T13:18:41.050+0000] {logging_mixin.py:151} INFO - [2023-11-06T13:18:41.050+0000] {dag.py:2941} INFO - Sync 1 DAGs
[2023-11-06T13:18:41.143+0000] {processor.py:179} INFO - Processing /opt/airflow/dags/script2.py took 0.404 seconds
[2023-11-06T13:19:11.800+0000] {processor.py:157} INFO - Started process (PID=368) to work on /opt/airflow/dags/script2.py
[2023-11-06T13:19:11.813+0000] {processor.py:829} INFO - Processing file /opt/airflow/dags/script2.py for tasks to queue
[2023-11-06T13:19:11.842+0000] {logging_mixin.py:151} INFO - [2023-11-06T13:19:11.839+0000] {dagbag.py:536} INFO - Filling up the DagBag from /opt/airflow/dags/script2.py
[2023-11-06T13:19:12.300+0000] {processor.py:839} INFO - DAG(s) dict_keys(['traffic_data']) retrieved from /opt/airflow/dags/script2.py
[2023-11-06T13:19:12.770+0000] {logging_mixin.py:151} INFO - [2023-11-06T13:19:12.769+0000] {dag.py:2941} INFO - Sync 1 DAGs
[2023-11-06T13:19:15.047+0000] {processor.py:179} INFO - Processing /opt/airflow/dags/script2.py took 3.296 seconds
[2023-11-06T13:19:45.614+0000] {processor.py:157} INFO - Started process (PID=385) to work on /opt/airflow/dags/script2.py
[2023-11-06T13:19:45.616+0000] {processor.py:829} INFO - Processing file /opt/airflow/dags/script2.py for tasks to queue
[2023-11-06T13:19:45.620+0000] {logging_mixin.py:151} INFO - [2023-11-06T13:19:45.619+0000] {dagbag.py:536} INFO - Filling up the DagBag from /opt/airflow/dags/script2.py
[2023-11-06T13:19:45.910+0000] {processor.py:839} INFO - DAG(s) dict_keys(['traffic_data']) retrieved from /opt/airflow/dags/script2.py
[2023-11-06T13:19:45.970+0000] {logging_mixin.py:151} INFO - [2023-11-06T13:19:45.968+0000] {dag.py:2941} INFO - Sync 1 DAGs
[2023-11-06T13:19:46.084+0000] {processor.py:179} INFO - Processing /opt/airflow/dags/script2.py took 0.478 seconds
[2023-11-06T13:20:16.291+0000] {processor.py:157} INFO - Started process (PID=395) to work on /opt/airflow/dags/script2.py
[2023-11-06T13:20:16.292+0000] {processor.py:829} INFO - Processing file /opt/airflow/dags/script2.py for tasks to queue
[2023-11-06T13:20:16.296+0000] {logging_mixin.py:151} INFO - [2023-11-06T13:20:16.296+0000] {dagbag.py:536} INFO - Filling up the DagBag from /opt/airflow/dags/script2.py
[2023-11-06T13:20:16.536+0000] {processor.py:839} INFO - DAG(s) dict_keys(['traffic_data']) retrieved from /opt/airflow/dags/script2.py
[2023-11-06T13:20:16.557+0000] {logging_mixin.py:151} INFO - [2023-11-06T13:20:16.556+0000] {dag.py:2941} INFO - Sync 1 DAGs
[2023-11-06T13:20:16.643+0000] {processor.py:179} INFO - Processing /opt/airflow/dags/script2.py took 0.359 seconds
[2023-11-06T13:20:46.899+0000] {processor.py:157} INFO - Started process (PID=417) to work on /opt/airflow/dags/script2.py
[2023-11-06T13:20:46.902+0000] {processor.py:829} INFO - Processing file /opt/airflow/dags/script2.py for tasks to queue
[2023-11-06T13:20:46.908+0000] {logging_mixin.py:151} INFO - [2023-11-06T13:20:46.907+0000] {dagbag.py:536} INFO - Filling up the DagBag from /opt/airflow/dags/script2.py
[2023-11-06T13:20:47.115+0000] {processor.py:839} INFO - DAG(s) dict_keys(['traffic_data']) retrieved from /opt/airflow/dags/script2.py
[2023-11-06T13:20:47.573+0000] {logging_mixin.py:151} INFO - [2023-11-06T13:20:47.573+0000] {dag.py:2941} INFO - Sync 1 DAGs
[2023-11-06T13:20:47.676+0000] {processor.py:179} INFO - Processing /opt/airflow/dags/script2.py took 0.785 seconds
[2023-11-06T13:21:18.305+0000] {processor.py:157} INFO - Started process (PID=428) to work on /opt/airflow/dags/script2.py
[2023-11-06T13:21:18.307+0000] {processor.py:829} INFO - Processing file /opt/airflow/dags/script2.py for tasks to queue
[2023-11-06T13:21:18.311+0000] {logging_mixin.py:151} INFO - [2023-11-06T13:21:18.311+0000] {dagbag.py:536} INFO - Filling up the DagBag from /opt/airflow/dags/script2.py
[2023-11-06T13:21:18.639+0000] {processor.py:839} INFO - DAG(s) dict_keys(['traffic_data']) retrieved from /opt/airflow/dags/script2.py
[2023-11-06T13:21:18.694+0000] {logging_mixin.py:151} INFO - [2023-11-06T13:21:18.693+0000] {dag.py:2941} INFO - Sync 1 DAGs
[2023-11-06T13:21:18.791+0000] {processor.py:179} INFO - Processing /opt/airflow/dags/script2.py took 0.493 seconds
[2023-11-06T13:21:49.108+0000] {processor.py:157} INFO - Started process (PID=438) to work on /opt/airflow/dags/script2.py
[2023-11-06T13:21:49.133+0000] {processor.py:829} INFO - Processing file /opt/airflow/dags/script2.py for tasks to queue
[2023-11-06T13:21:49.226+0000] {logging_mixin.py:151} INFO - [2023-11-06T13:21:49.221+0000] {dagbag.py:536} INFO - Filling up the DagBag from /opt/airflow/dags/script2.py
[2023-11-06T13:21:50.406+0000] {processor.py:839} INFO - DAG(s) dict_keys(['traffic_data']) retrieved from /opt/airflow/dags/script2.py
[2023-11-06T13:21:50.536+0000] {logging_mixin.py:151} INFO - [2023-11-06T13:21:50.533+0000] {dag.py:2941} INFO - Sync 1 DAGs
[2023-11-06T13:21:50.919+0000] {processor.py:179} INFO - Processing /opt/airflow/dags/script2.py took 1.912 seconds
[2023-11-06T13:22:20.986+0000] {processor.py:157} INFO - Started process (PID=449) to work on /opt/airflow/dags/script2.py
[2023-11-06T13:22:20.987+0000] {processor.py:829} INFO - Processing file /opt/airflow/dags/script2.py for tasks to queue
[2023-11-06T13:22:20.991+0000] {logging_mixin.py:151} INFO - [2023-11-06T13:22:20.990+0000] {dagbag.py:536} INFO - Filling up the DagBag from /opt/airflow/dags/script2.py
[2023-11-06T13:22:21.238+0000] {processor.py:839} INFO - DAG(s) dict_keys(['traffic_data']) retrieved from /opt/airflow/dags/script2.py
[2023-11-06T13:22:24.348+0000] {logging_mixin.py:151} INFO - [2023-11-06T13:22:24.347+0000] {dag.py:2941} INFO - Sync 1 DAGs
[2023-11-06T13:22:24.444+0000] {processor.py:179} INFO - Processing /opt/airflow/dags/script2.py took 3.463 seconds
[2023-11-06T13:22:54.907+0000] {processor.py:157} INFO - Started process (PID=460) to work on /opt/airflow/dags/script2.py
[2023-11-06T13:22:54.911+0000] {processor.py:829} INFO - Processing file /opt/airflow/dags/script2.py for tasks to queue
[2023-11-06T13:22:54.916+0000] {logging_mixin.py:151} INFO - [2023-11-06T13:22:54.916+0000] {dagbag.py:536} INFO - Filling up the DagBag from /opt/airflow/dags/script2.py
[2023-11-06T13:22:55.330+0000] {processor.py:839} INFO - DAG(s) dict_keys(['traffic_data']) retrieved from /opt/airflow/dags/script2.py
[2023-11-06T13:22:55.381+0000] {logging_mixin.py:151} INFO - [2023-11-06T13:22:55.380+0000] {dag.py:2941} INFO - Sync 1 DAGs
[2023-11-06T13:22:55.497+0000] {processor.py:179} INFO - Processing /opt/airflow/dags/script2.py took 0.604 seconds
[2023-11-06T13:23:25.925+0000] {processor.py:157} INFO - Started process (PID=471) to work on /opt/airflow/dags/script2.py
[2023-11-06T13:23:25.929+0000] {processor.py:829} INFO - Processing file /opt/airflow/dags/script2.py for tasks to queue
[2023-11-06T13:23:25.936+0000] {logging_mixin.py:151} INFO - [2023-11-06T13:23:25.935+0000] {dagbag.py:536} INFO - Filling up the DagBag from /opt/airflow/dags/script2.py
[2023-11-06T13:23:26.226+0000] {processor.py:839} INFO - DAG(s) dict_keys(['traffic_data']) retrieved from /opt/airflow/dags/script2.py
[2023-11-06T13:23:26.252+0000] {logging_mixin.py:151} INFO - [2023-11-06T13:23:26.252+0000] {dag.py:2941} INFO - Sync 1 DAGs
[2023-11-06T13:23:26.366+0000] {processor.py:179} INFO - Processing /opt/airflow/dags/script2.py took 0.452 seconds
[2023-11-06T13:23:56.409+0000] {processor.py:157} INFO - Started process (PID=483) to work on /opt/airflow/dags/script2.py
[2023-11-06T13:23:56.412+0000] {processor.py:829} INFO - Processing file /opt/airflow/dags/script2.py for tasks to queue
[2023-11-06T13:23:56.415+0000] {logging_mixin.py:151} INFO - [2023-11-06T13:23:56.415+0000] {dagbag.py:536} INFO - Filling up the DagBag from /opt/airflow/dags/script2.py
[2023-11-06T13:23:56.717+0000] {processor.py:839} INFO - DAG(s) dict_keys(['traffic_data']) retrieved from /opt/airflow/dags/script2.py
[2023-11-06T13:23:57.169+0000] {logging_mixin.py:151} INFO - [2023-11-06T13:23:57.169+0000] {dag.py:2941} INFO - Sync 1 DAGs
[2023-11-06T13:23:57.288+0000] {processor.py:179} INFO - Processing /opt/airflow/dags/script2.py took 0.886 seconds
[2023-11-06T13:24:27.997+0000] {processor.py:157} INFO - Started process (PID=494) to work on /opt/airflow/dags/script2.py
[2023-11-06T13:24:27.999+0000] {processor.py:829} INFO - Processing file /opt/airflow/dags/script2.py for tasks to queue
[2023-11-06T13:24:28.007+0000] {logging_mixin.py:151} INFO - [2023-11-06T13:24:28.006+0000] {dagbag.py:536} INFO - Filling up the DagBag from /opt/airflow/dags/script2.py
[2023-11-06T13:24:28.224+0000] {processor.py:839} INFO - DAG(s) dict_keys(['traffic_data']) retrieved from /opt/airflow/dags/script2.py
[2023-11-06T13:24:28.762+0000] {logging_mixin.py:151} INFO - [2023-11-06T13:24:28.761+0000] {dag.py:2941} INFO - Sync 1 DAGs
[2023-11-06T13:24:28.851+0000] {processor.py:179} INFO - Processing /opt/airflow/dags/script2.py took 0.862 seconds
[2023-11-06T13:24:58.966+0000] {processor.py:157} INFO - Started process (PID=509) to work on /opt/airflow/dags/script2.py
[2023-11-06T13:24:58.968+0000] {processor.py:829} INFO - Processing file /opt/airflow/dags/script2.py for tasks to queue
[2023-11-06T13:24:58.973+0000] {logging_mixin.py:151} INFO - [2023-11-06T13:24:58.972+0000] {dagbag.py:536} INFO - Filling up the DagBag from /opt/airflow/dags/script2.py
[2023-11-06T13:24:59.270+0000] {processor.py:839} INFO - DAG(s) dict_keys(['traffic_data']) retrieved from /opt/airflow/dags/script2.py
[2023-11-06T13:24:59.300+0000] {logging_mixin.py:151} INFO - [2023-11-06T13:24:59.299+0000] {dag.py:2941} INFO - Sync 1 DAGs
[2023-11-06T13:24:59.404+0000] {processor.py:179} INFO - Processing /opt/airflow/dags/script2.py took 0.444 seconds
[2023-11-06T13:25:29.600+0000] {processor.py:157} INFO - Started process (PID=518) to work on /opt/airflow/dags/script2.py
[2023-11-06T13:25:29.603+0000] {processor.py:829} INFO - Processing file /opt/airflow/dags/script2.py for tasks to queue
[2023-11-06T13:25:29.610+0000] {logging_mixin.py:151} INFO - [2023-11-06T13:25:29.609+0000] {dagbag.py:536} INFO - Filling up the DagBag from /opt/airflow/dags/script2.py
[2023-11-06T13:25:29.895+0000] {processor.py:839} INFO - DAG(s) dict_keys(['traffic_data']) retrieved from /opt/airflow/dags/script2.py
[2023-11-06T13:25:32.333+0000] {logging_mixin.py:151} INFO - [2023-11-06T13:25:32.333+0000] {dag.py:2941} INFO - Sync 1 DAGs
[2023-11-06T13:25:32.471+0000] {processor.py:179} INFO - Processing /opt/airflow/dags/script2.py took 2.880 seconds
[2023-11-06T13:26:02.606+0000] {processor.py:157} INFO - Started process (PID=529) to work on /opt/airflow/dags/script2.py
[2023-11-06T13:26:02.616+0000] {processor.py:829} INFO - Processing file /opt/airflow/dags/script2.py for tasks to queue
[2023-11-06T13:26:02.653+0000] {logging_mixin.py:151} INFO - [2023-11-06T13:26:02.651+0000] {dagbag.py:536} INFO - Filling up the DagBag from /opt/airflow/dags/script2.py
[2023-11-06T13:26:03.988+0000] {processor.py:839} INFO - DAG(s) dict_keys(['traffic_data']) retrieved from /opt/airflow/dags/script2.py
[2023-11-06T13:26:04.914+0000] {logging_mixin.py:151} INFO - [2023-11-06T13:26:04.913+0000] {dag.py:2941} INFO - Sync 1 DAGs
[2023-11-06T13:26:15.101+0000] {processor.py:179} INFO - Processing /opt/airflow/dags/script2.py took 12.521 seconds
[2023-11-06T13:26:45.668+0000] {processor.py:157} INFO - Started process (PID=539) to work on /opt/airflow/dags/script2.py
[2023-11-06T13:26:45.674+0000] {processor.py:829} INFO - Processing file /opt/airflow/dags/script2.py for tasks to queue
[2023-11-06T13:26:45.707+0000] {logging_mixin.py:151} INFO - [2023-11-06T13:26:45.705+0000] {dagbag.py:536} INFO - Filling up the DagBag from /opt/airflow/dags/script2.py
[2023-11-06T13:26:46.509+0000] {processor.py:839} INFO - DAG(s) dict_keys(['traffic_data']) retrieved from /opt/airflow/dags/script2.py
[2023-11-06T13:26:46.947+0000] {logging_mixin.py:151} INFO - [2023-11-06T13:26:46.945+0000] {dag.py:2941} INFO - Sync 1 DAGs
[2023-11-06T13:26:53.511+0000] {processor.py:179} INFO - Processing /opt/airflow/dags/script2.py took 7.877 seconds
[2023-11-06T13:27:23.648+0000] {processor.py:157} INFO - Started process (PID=548) to work on /opt/airflow/dags/script2.py
[2023-11-06T13:27:23.649+0000] {processor.py:829} INFO - Processing file /opt/airflow/dags/script2.py for tasks to queue
[2023-11-06T13:27:23.655+0000] {logging_mixin.py:151} INFO - [2023-11-06T13:27:23.655+0000] {dagbag.py:536} INFO - Filling up the DagBag from /opt/airflow/dags/script2.py
[2023-11-06T13:27:24.256+0000] {processor.py:839} INFO - DAG(s) dict_keys(['traffic_data']) retrieved from /opt/airflow/dags/script2.py
[2023-11-06T13:27:26.102+0000] {logging_mixin.py:151} INFO - [2023-11-06T13:27:26.101+0000] {dag.py:2941} INFO - Sync 1 DAGs
[2023-11-06T13:27:26.316+0000] {processor.py:179} INFO - Processing /opt/airflow/dags/script2.py took 2.681 seconds
[2023-11-06T13:27:56.477+0000] {processor.py:157} INFO - Started process (PID=566) to work on /opt/airflow/dags/script2.py
[2023-11-06T13:27:56.487+0000] {processor.py:829} INFO - Processing file /opt/airflow/dags/script2.py for tasks to queue
[2023-11-06T13:27:56.501+0000] {logging_mixin.py:151} INFO - [2023-11-06T13:27:56.499+0000] {dagbag.py:536} INFO - Filling up the DagBag from /opt/airflow/dags/script2.py
[2023-11-06T13:27:57.725+0000] {processor.py:839} INFO - DAG(s) dict_keys(['traffic_data']) retrieved from /opt/airflow/dags/script2.py
[2023-11-06T13:27:58.376+0000] {logging_mixin.py:151} INFO - [2023-11-06T13:27:58.376+0000] {dag.py:2941} INFO - Sync 1 DAGs
[2023-11-06T13:27:58.680+0000] {processor.py:179} INFO - Processing /opt/airflow/dags/script2.py took 2.211 seconds
[2023-11-06T13:28:29.334+0000] {processor.py:157} INFO - Started process (PID=576) to work on /opt/airflow/dags/script2.py
[2023-11-06T13:28:29.337+0000] {processor.py:829} INFO - Processing file /opt/airflow/dags/script2.py for tasks to queue
[2023-11-06T13:28:29.342+0000] {logging_mixin.py:151} INFO - [2023-11-06T13:28:29.341+0000] {dagbag.py:536} INFO - Filling up the DagBag from /opt/airflow/dags/script2.py
[2023-11-06T13:28:31.632+0000] {processor.py:839} INFO - DAG(s) dict_keys(['traffic_data']) retrieved from /opt/airflow/dags/script2.py
[2023-11-06T13:28:35.175+0000] {logging_mixin.py:151} INFO - [2023-11-06T13:28:35.174+0000] {dag.py:2941} INFO - Sync 1 DAGs
[2023-11-06T13:28:35.277+0000] {processor.py:179} INFO - Processing /opt/airflow/dags/script2.py took 5.951 seconds
[2023-11-06T13:29:05.586+0000] {processor.py:157} INFO - Started process (PID=587) to work on /opt/airflow/dags/script2.py
[2023-11-06T13:29:05.588+0000] {processor.py:829} INFO - Processing file /opt/airflow/dags/script2.py for tasks to queue
[2023-11-06T13:29:05.593+0000] {logging_mixin.py:151} INFO - [2023-11-06T13:29:05.592+0000] {dagbag.py:536} INFO - Filling up the DagBag from /opt/airflow/dags/script2.py
[2023-11-06T13:29:05.977+0000] {processor.py:839} INFO - DAG(s) dict_keys(['traffic_data']) retrieved from /opt/airflow/dags/script2.py
[2023-11-06T13:29:06.074+0000] {logging_mixin.py:151} INFO - [2023-11-06T13:29:06.072+0000] {dag.py:2941} INFO - Sync 1 DAGs
[2023-11-06T13:29:06.613+0000] {processor.py:179} INFO - Processing /opt/airflow/dags/script2.py took 1.038 seconds
[2023-11-06T13:29:36.843+0000] {processor.py:157} INFO - Started process (PID=597) to work on /opt/airflow/dags/script2.py
[2023-11-06T13:29:36.845+0000] {processor.py:829} INFO - Processing file /opt/airflow/dags/script2.py for tasks to queue
[2023-11-06T13:29:36.850+0000] {logging_mixin.py:151} INFO - [2023-11-06T13:29:36.850+0000] {dagbag.py:536} INFO - Filling up the DagBag from /opt/airflow/dags/script2.py
[2023-11-06T13:29:37.158+0000] {processor.py:839} INFO - DAG(s) dict_keys(['traffic_data']) retrieved from /opt/airflow/dags/script2.py
[2023-11-06T13:29:37.272+0000] {logging_mixin.py:151} INFO - [2023-11-06T13:29:37.270+0000] {dag.py:2941} INFO - Sync 1 DAGs
[2023-11-06T13:29:39.077+0000] {logging_mixin.py:151} INFO - [2023-11-06T13:29:39.077+0000] {dag.py:3722} INFO - Setting next_dagrun for traffic_data to 2023-11-06T13:28:39.077052+00:00, run_after=2023-11-06T13:29:39.077052+00:00
[2023-11-06T13:29:39.122+0000] {processor.py:179} INFO - Processing /opt/airflow/dags/script2.py took 2.288 seconds
[2023-11-06T13:30:09.407+0000] {processor.py:157} INFO - Started process (PID=606) to work on /opt/airflow/dags/script2.py
[2023-11-06T13:30:09.411+0000] {processor.py:829} INFO - Processing file /opt/airflow/dags/script2.py for tasks to queue
[2023-11-06T13:30:09.424+0000] {logging_mixin.py:151} INFO - [2023-11-06T13:30:09.423+0000] {dagbag.py:536} INFO - Filling up the DagBag from /opt/airflow/dags/script2.py
[2023-11-06T13:30:09.763+0000] {processor.py:839} INFO - DAG(s) dict_keys(['traffic_data']) retrieved from /opt/airflow/dags/script2.py
[2023-11-06T13:30:11.985+0000] {logging_mixin.py:151} INFO - [2023-11-06T13:30:11.985+0000] {dag.py:2941} INFO - Sync 1 DAGs
[2023-11-06T13:30:12.128+0000] {processor.py:179} INFO - Processing /opt/airflow/dags/script2.py took 2.740 seconds
[2023-11-06T13:30:42.520+0000] {processor.py:157} INFO - Started process (PID=616) to work on /opt/airflow/dags/script2.py
[2023-11-06T13:30:42.523+0000] {processor.py:829} INFO - Processing file /opt/airflow/dags/script2.py for tasks to queue
[2023-11-06T13:30:42.529+0000] {logging_mixin.py:151} INFO - [2023-11-06T13:30:42.528+0000] {dagbag.py:536} INFO - Filling up the DagBag from /opt/airflow/dags/script2.py
[2023-11-06T13:30:42.884+0000] {processor.py:839} INFO - DAG(s) dict_keys(['traffic_data']) retrieved from /opt/airflow/dags/script2.py
[2023-11-06T13:30:43.001+0000] {logging_mixin.py:151} INFO - [2023-11-06T13:30:43.000+0000] {dag.py:2941} INFO - Sync 1 DAGs
[2023-11-06T13:30:43.240+0000] {processor.py:179} INFO - Processing /opt/airflow/dags/script2.py took 0.735 seconds
[2023-11-06T13:31:13.711+0000] {processor.py:157} INFO - Started process (PID=626) to work on /opt/airflow/dags/script2.py
[2023-11-06T13:31:13.738+0000] {processor.py:829} INFO - Processing file /opt/airflow/dags/script2.py for tasks to queue
[2023-11-06T13:31:13.820+0000] {logging_mixin.py:151} INFO - [2023-11-06T13:31:13.816+0000] {dagbag.py:536} INFO - Filling up the DagBag from /opt/airflow/dags/script2.py
[2023-11-06T13:31:15.384+0000] {processor.py:839} INFO - DAG(s) dict_keys(['traffic_data']) retrieved from /opt/airflow/dags/script2.py
[2023-11-06T13:31:21.109+0000] {logging_mixin.py:151} INFO - [2023-11-06T13:31:21.107+0000] {dag.py:2941} INFO - Sync 1 DAGs
[2023-11-06T13:31:22.129+0000] {processor.py:179} INFO - Processing /opt/airflow/dags/script2.py took 8.579 seconds
[2023-11-06T13:31:53.667+0000] {processor.py:157} INFO - Started process (PID=637) to work on /opt/airflow/dags/script2.py
[2023-11-06T13:31:53.671+0000] {processor.py:829} INFO - Processing file /opt/airflow/dags/script2.py for tasks to queue
[2023-11-06T13:31:53.686+0000] {logging_mixin.py:151} INFO - [2023-11-06T13:31:53.685+0000] {dagbag.py:536} INFO - Filling up the DagBag from /opt/airflow/dags/script2.py
[2023-11-06T13:31:54.470+0000] {processor.py:839} INFO - DAG(s) dict_keys(['traffic_data']) retrieved from /opt/airflow/dags/script2.py
[2023-11-06T13:31:54.861+0000] {logging_mixin.py:151} INFO - [2023-11-06T13:31:54.859+0000] {dag.py:2941} INFO - Sync 1 DAGs
[2023-11-06T13:32:08.293+0000] {processor.py:179} INFO - Processing /opt/airflow/dags/script2.py took 14.661 seconds
[2023-11-06T13:32:39.016+0000] {processor.py:157} INFO - Started process (PID=658) to work on /opt/airflow/dags/script2.py
[2023-11-06T13:32:39.021+0000] {processor.py:829} INFO - Processing file /opt/airflow/dags/script2.py for tasks to queue
[2023-11-06T13:32:39.070+0000] {logging_mixin.py:151} INFO - [2023-11-06T13:32:39.069+0000] {dagbag.py:536} INFO - Filling up the DagBag from /opt/airflow/dags/script2.py
[2023-11-06T13:32:39.818+0000] {processor.py:839} INFO - DAG(s) dict_keys(['traffic_data']) retrieved from /opt/airflow/dags/script2.py
[2023-11-06T13:32:52.681+0000] {logging_mixin.py:151} INFO - [2023-11-06T13:32:52.679+0000] {dag.py:2941} INFO - Sync 1 DAGs
[2023-11-06T13:32:52.816+0000] {processor.py:179} INFO - Processing /opt/airflow/dags/script2.py took 13.702 seconds
[2023-11-06T13:33:22.943+0000] {processor.py:157} INFO - Started process (PID=668) to work on /opt/airflow/dags/script2.py
[2023-11-06T13:33:22.946+0000] {processor.py:829} INFO - Processing file /opt/airflow/dags/script2.py for tasks to queue
[2023-11-06T13:33:22.969+0000] {logging_mixin.py:151} INFO - [2023-11-06T13:33:22.967+0000] {dagbag.py:536} INFO - Filling up the DagBag from /opt/airflow/dags/script2.py
[2023-11-06T13:33:23.445+0000] {processor.py:839} INFO - DAG(s) dict_keys(['traffic_data']) retrieved from /opt/airflow/dags/script2.py
[2023-11-06T13:33:23.563+0000] {logging_mixin.py:151} INFO - [2023-11-06T13:33:23.563+0000] {dag.py:2941} INFO - Sync 1 DAGs
[2023-11-06T13:33:23.691+0000] {processor.py:179} INFO - Processing /opt/airflow/dags/script2.py took 0.767 seconds
[2023-11-06T13:33:53.770+0000] {processor.py:157} INFO - Started process (PID=680) to work on /opt/airflow/dags/script2.py
[2023-11-06T13:33:53.782+0000] {processor.py:829} INFO - Processing file /opt/airflow/dags/script2.py for tasks to queue
[2023-11-06T13:33:53.814+0000] {logging_mixin.py:151} INFO - [2023-11-06T13:33:53.812+0000] {dagbag.py:536} INFO - Filling up the DagBag from /opt/airflow/dags/script2.py
[2023-11-06T13:33:54.263+0000] {processor.py:839} INFO - DAG(s) dict_keys(['traffic_data']) retrieved from /opt/airflow/dags/script2.py
[2023-11-06T13:33:56.173+0000] {logging_mixin.py:151} INFO - [2023-11-06T13:33:56.173+0000] {dag.py:2941} INFO - Sync 1 DAGs
[2023-11-06T13:33:56.323+0000] {processor.py:179} INFO - Processing /opt/airflow/dags/script2.py took 2.568 seconds
[2023-11-06T13:34:26.599+0000] {processor.py:157} INFO - Started process (PID=690) to work on /opt/airflow/dags/script2.py
[2023-11-06T13:34:26.602+0000] {processor.py:829} INFO - Processing file /opt/airflow/dags/script2.py for tasks to queue
[2023-11-06T13:34:26.608+0000] {logging_mixin.py:151} INFO - [2023-11-06T13:34:26.607+0000] {dagbag.py:536} INFO - Filling up the DagBag from /opt/airflow/dags/script2.py
[2023-11-06T13:34:26.862+0000] {processor.py:839} INFO - DAG(s) dict_keys(['traffic_data']) retrieved from /opt/airflow/dags/script2.py
[2023-11-06T13:34:26.914+0000] {logging_mixin.py:151} INFO - [2023-11-06T13:34:26.914+0000] {dag.py:2941} INFO - Sync 1 DAGs
[2023-11-06T13:34:28.662+0000] {processor.py:179} INFO - Processing /opt/airflow/dags/script2.py took 2.073 seconds
[2023-11-06T13:34:59.457+0000] {processor.py:157} INFO - Started process (PID=700) to work on /opt/airflow/dags/script2.py
[2023-11-06T13:34:59.464+0000] {processor.py:829} INFO - Processing file /opt/airflow/dags/script2.py for tasks to queue
[2023-11-06T13:34:59.524+0000] {logging_mixin.py:151} INFO - [2023-11-06T13:34:59.518+0000] {dagbag.py:536} INFO - Filling up the DagBag from /opt/airflow/dags/script2.py
[2023-11-06T13:35:00.143+0000] {processor.py:839} INFO - DAG(s) dict_keys(['traffic_data']) retrieved from /opt/airflow/dags/script2.py
[2023-11-06T13:35:02.471+0000] {logging_mixin.py:151} INFO - [2023-11-06T13:35:02.459+0000] {dag.py:2941} INFO - Sync 1 DAGs
[2023-11-06T13:35:02.780+0000] {processor.py:179} INFO - Processing /opt/airflow/dags/script2.py took 3.432 seconds
[2023-11-06T13:35:33.448+0000] {processor.py:157} INFO - Started process (PID=717) to work on /opt/airflow/dags/script2.py
[2023-11-06T13:35:33.452+0000] {processor.py:829} INFO - Processing file /opt/airflow/dags/script2.py for tasks to queue
[2023-11-06T13:35:33.455+0000] {logging_mixin.py:151} INFO - [2023-11-06T13:35:33.455+0000] {dagbag.py:536} INFO - Filling up the DagBag from /opt/airflow/dags/script2.py
[2023-11-06T13:35:34.107+0000] {processor.py:839} INFO - DAG(s) dict_keys(['traffic_data']) retrieved from /opt/airflow/dags/script2.py
[2023-11-06T13:35:34.171+0000] {logging_mixin.py:151} INFO - [2023-11-06T13:35:34.171+0000] {dag.py:2941} INFO - Sync 1 DAGs
[2023-11-06T13:35:34.304+0000] {processor.py:179} INFO - Processing /opt/airflow/dags/script2.py took 0.863 seconds
[2023-11-06T13:36:04.579+0000] {processor.py:157} INFO - Started process (PID=728) to work on /opt/airflow/dags/script2.py
[2023-11-06T13:36:04.582+0000] {processor.py:829} INFO - Processing file /opt/airflow/dags/script2.py for tasks to queue
[2023-11-06T13:36:04.588+0000] {logging_mixin.py:151} INFO - [2023-11-06T13:36:04.587+0000] {dagbag.py:536} INFO - Filling up the DagBag from /opt/airflow/dags/script2.py
[2023-11-06T13:36:05.188+0000] {processor.py:839} INFO - DAG(s) dict_keys(['traffic_data']) retrieved from /opt/airflow/dags/script2.py
[2023-11-06T13:36:06.541+0000] {logging_mixin.py:151} INFO - [2023-11-06T13:36:06.541+0000] {dag.py:2941} INFO - Sync 1 DAGs
[2023-11-06T13:36:06.745+0000] {processor.py:179} INFO - Processing /opt/airflow/dags/script2.py took 2.177 seconds
[2023-11-06T13:36:39.645+0000] {processor.py:157} INFO - Started process (PID=739) to work on /opt/airflow/dags/script2.py
[2023-11-06T13:36:39.676+0000] {processor.py:829} INFO - Processing file /opt/airflow/dags/script2.py for tasks to queue
[2023-11-06T13:36:39.734+0000] {logging_mixin.py:151} INFO - [2023-11-06T13:36:39.733+0000] {dagbag.py:536} INFO - Filling up the DagBag from /opt/airflow/dags/script2.py
[2023-11-06T13:36:40.100+0000] {processor.py:839} INFO - DAG(s) dict_keys(['traffic_data']) retrieved from /opt/airflow/dags/script2.py
[2023-11-06T13:36:40.122+0000] {logging_mixin.py:151} INFO - [2023-11-06T13:36:40.122+0000] {dag.py:2941} INFO - Sync 1 DAGs
[2023-11-06T13:36:40.210+0000] {processor.py:179} INFO - Processing /opt/airflow/dags/script2.py took 0.602 seconds
[2023-11-06T13:37:10.882+0000] {processor.py:157} INFO - Started process (PID=749) to work on /opt/airflow/dags/script2.py
[2023-11-06T13:37:10.885+0000] {processor.py:829} INFO - Processing file /opt/airflow/dags/script2.py for tasks to queue
[2023-11-06T13:37:10.890+0000] {logging_mixin.py:151} INFO - [2023-11-06T13:37:10.889+0000] {dagbag.py:536} INFO - Filling up the DagBag from /opt/airflow/dags/script2.py
[2023-11-06T13:37:11.229+0000] {processor.py:839} INFO - DAG(s) dict_keys(['traffic_data']) retrieved from /opt/airflow/dags/script2.py
[2023-11-06T13:37:11.839+0000] {logging_mixin.py:151} INFO - [2023-11-06T13:37:11.838+0000] {dag.py:2941} INFO - Sync 1 DAGs
[2023-11-06T13:37:11.926+0000] {processor.py:179} INFO - Processing /opt/airflow/dags/script2.py took 1.055 seconds
[2023-11-06T13:38:01.282+0000] {processor.py:157} INFO - Started process (PID=759) to work on /opt/airflow/dags/script2.py
[2023-11-06T13:38:01.316+0000] {processor.py:829} INFO - Processing file /opt/airflow/dags/script2.py for tasks to queue
[2023-11-06T13:38:01.405+0000] {logging_mixin.py:151} INFO - [2023-11-06T13:38:01.378+0000] {dagbag.py:536} INFO - Filling up the DagBag from /opt/airflow/dags/script2.py
[2023-11-06T13:38:02.995+0000] {processor.py:839} INFO - DAG(s) dict_keys(['traffic_data']) retrieved from /opt/airflow/dags/script2.py
[2023-11-06T13:38:03.049+0000] {logging_mixin.py:151} INFO - [2023-11-06T13:38:03.049+0000] {dag.py:2941} INFO - Sync 1 DAGs
[2023-11-06T13:38:13.666+0000] {logging_mixin.py:151} INFO - [2023-11-06T13:38:13.666+0000] {process_utils.py:259} INFO - Waiting up to 5 seconds for processes to exit...
[2023-11-06T13:38:13.668+0000] {logging_mixin.py:151} WARNING - Exception ignored in: <function _collection_gced at 0x7ff07310bee0>
[2023-11-06T13:38:13.670+0000] {logging_mixin.py:151} WARNING - Traceback (most recent call last):
[2023-11-06T13:38:13.687+0000] {logging_mixin.py:151} WARNING -   File "/home/airflow/.local/lib/python3.8/site-packages/sqlalchemy/event/registry.py", line 53, in _collection_gced
[2023-11-06T13:38:13.688+0000] {logging_mixin.py:151} WARNING -     def _collection_gced(ref):
[2023-11-06T13:38:13.689+0000] {logging_mixin.py:151} WARNING -   File "/home/airflow/.local/lib/python3.8/site-packages/airflow/dag_processing/manager.py", line 470, in _exit_gracefully
[2023-11-06T13:38:13.692+0000] {logging_mixin.py:151} WARNING -     self.log.debug("Current Stacktrace is: %s", "\n".join(map(str, inspect.stack())))
[2023-11-06T13:38:13.693+0000] {logging_mixin.py:151} WARNING -   File "/usr/local/lib/python3.8/inspect.py", line 1526, in stack
[2023-11-06T13:38:13.695+0000] {logging_mixin.py:151} WARNING -     return getouterframes(sys._getframe(1), context)
[2023-11-06T13:38:13.695+0000] {logging_mixin.py:151} WARNING -   File "/usr/local/lib/python3.8/inspect.py", line 1503, in getouterframes
[2023-11-06T13:38:13.697+0000] {logging_mixin.py:151} WARNING -     frameinfo = (frame,) + getframeinfo(frame, context)
[2023-11-06T13:38:13.697+0000] {logging_mixin.py:151} WARNING -   File "/usr/local/lib/python3.8/inspect.py", line 1473, in getframeinfo
[2023-11-06T13:38:13.698+0000] {logging_mixin.py:151} WARNING -     filename = getsourcefile(frame) or getfile(frame)
[2023-11-06T13:38:13.699+0000] {logging_mixin.py:151} WARNING -   File "/usr/local/lib/python3.8/inspect.py", line 708, in getsourcefile
[2023-11-06T13:38:13.699+0000] {logging_mixin.py:151} WARNING -     if getattr(getmodule(object, filename), '__loader__', None) is not None:
[2023-11-06T13:38:13.699+0000] {logging_mixin.py:151} WARNING -   File "/usr/local/lib/python3.8/inspect.py", line 744, in getmodule
[2023-11-06T13:38:13.700+0000] {logging_mixin.py:151} WARNING -     for modname, module in sys.modules.copy().items():
[2023-11-06T13:38:13.701+0000] {logging_mixin.py:151} WARNING -   File "/home/airflow/.local/lib/python3.8/site-packages/airflow/dag_processing/manager.py", line 474, in _exit_gracefully
[2023-11-06T13:38:13.702+0000] {logging_mixin.py:151} WARNING -     sys.exit(os.EX_OK)
[2023-11-06T13:38:13.702+0000] {logging_mixin.py:151} WARNING - SystemExit: 0
[2023-11-06T13:45:20.031+0000] {processor.py:157} INFO - Started process (PID=41) to work on /opt/airflow/dags/script2.py
[2023-11-06T13:45:20.033+0000] {processor.py:829} INFO - Processing file /opt/airflow/dags/script2.py for tasks to queue
[2023-11-06T13:45:20.048+0000] {logging_mixin.py:151} INFO - [2023-11-06T13:45:20.047+0000] {dagbag.py:536} INFO - Filling up the DagBag from /opt/airflow/dags/script2.py
[2023-11-06T13:45:20.431+0000] {processor.py:839} INFO - DAG(s) dict_keys(['traffic_data']) retrieved from /opt/airflow/dags/script2.py
[2023-11-06T13:45:21.546+0000] {logging_mixin.py:151} INFO - [2023-11-06T13:45:21.545+0000] {dag.py:2941} INFO - Sync 1 DAGs
[2023-11-06T13:45:21.695+0000] {processor.py:179} INFO - Processing /opt/airflow/dags/script2.py took 1.672 seconds
[2023-11-06T13:45:52.684+0000] {processor.py:157} INFO - Started process (PID=52) to work on /opt/airflow/dags/script2.py
[2023-11-06T13:45:52.717+0000] {processor.py:829} INFO - Processing file /opt/airflow/dags/script2.py for tasks to queue
[2023-11-06T13:45:52.847+0000] {logging_mixin.py:151} INFO - [2023-11-06T13:45:52.795+0000] {dagbag.py:536} INFO - Filling up the DagBag from /opt/airflow/dags/script2.py
[2023-11-06T13:45:54.489+0000] {processor.py:839} INFO - DAG(s) dict_keys(['traffic_data']) retrieved from /opt/airflow/dags/script2.py
[2023-11-06T13:45:55.357+0000] {logging_mixin.py:151} INFO - [2023-11-06T13:45:55.357+0000] {dag.py:2941} INFO - Sync 1 DAGs
[2023-11-06T13:45:55.887+0000] {processor.py:179} INFO - Processing /opt/airflow/dags/script2.py took 3.381 seconds
[2023-11-06T13:46:26.433+0000] {processor.py:157} INFO - Started process (PID=62) to work on /opt/airflow/dags/script2.py
[2023-11-06T13:46:26.443+0000] {processor.py:829} INFO - Processing file /opt/airflow/dags/script2.py for tasks to queue
[2023-11-06T13:46:26.477+0000] {logging_mixin.py:151} INFO - [2023-11-06T13:46:26.471+0000] {dagbag.py:536} INFO - Filling up the DagBag from /opt/airflow/dags/script2.py
[2023-11-06T13:46:27.488+0000] {processor.py:839} INFO - DAG(s) dict_keys(['traffic_data']) retrieved from /opt/airflow/dags/script2.py
[2023-11-06T13:46:31.146+0000] {logging_mixin.py:151} INFO - [2023-11-06T13:46:31.146+0000] {dag.py:2941} INFO - Sync 1 DAGs
[2023-11-06T13:46:31.266+0000] {processor.py:179} INFO - Processing /opt/airflow/dags/script2.py took 4.907 seconds
[2023-11-06T13:47:08.771+0000] {processor.py:157} INFO - Started process (PID=73) to work on /opt/airflow/dags/script2.py
[2023-11-06T13:47:08.774+0000] {processor.py:829} INFO - Processing file /opt/airflow/dags/script2.py for tasks to queue
[2023-11-06T13:47:08.782+0000] {logging_mixin.py:151} INFO - [2023-11-06T13:47:08.779+0000] {dagbag.py:536} INFO - Filling up the DagBag from /opt/airflow/dags/script2.py
[2023-11-06T13:47:09.287+0000] {processor.py:839} INFO - DAG(s) dict_keys(['traffic_data']) retrieved from /opt/airflow/dags/script2.py
[2023-11-06T13:47:09.340+0000] {logging_mixin.py:151} INFO - [2023-11-06T13:47:09.339+0000] {dag.py:2941} INFO - Sync 1 DAGs
[2023-11-06T13:47:09.543+0000] {processor.py:179} INFO - Processing /opt/airflow/dags/script2.py took 0.791 seconds
[2023-11-06T13:47:40.123+0000] {processor.py:157} INFO - Started process (PID=83) to work on /opt/airflow/dags/script2.py
[2023-11-06T13:47:40.124+0000] {processor.py:829} INFO - Processing file /opt/airflow/dags/script2.py for tasks to queue
[2023-11-06T13:47:40.126+0000] {logging_mixin.py:151} INFO - [2023-11-06T13:47:40.126+0000] {dagbag.py:536} INFO - Filling up the DagBag from /opt/airflow/dags/script2.py
[2023-11-06T13:47:40.254+0000] {processor.py:839} INFO - DAG(s) dict_keys(['traffic_data']) retrieved from /opt/airflow/dags/script2.py
[2023-11-06T13:47:40.658+0000] {logging_mixin.py:151} INFO - [2023-11-06T13:47:40.658+0000] {dag.py:2941} INFO - Sync 1 DAGs
[2023-11-06T13:47:40.724+0000] {processor.py:179} INFO - Processing /opt/airflow/dags/script2.py took 0.605 seconds
[2023-11-06T13:48:11.640+0000] {processor.py:157} INFO - Started process (PID=100) to work on /opt/airflow/dags/script2.py
[2023-11-06T13:48:11.641+0000] {processor.py:829} INFO - Processing file /opt/airflow/dags/script2.py for tasks to queue
[2023-11-06T13:48:11.644+0000] {logging_mixin.py:151} INFO - [2023-11-06T13:48:11.644+0000] {dagbag.py:536} INFO - Filling up the DagBag from /opt/airflow/dags/script2.py
[2023-11-06T13:48:11.855+0000] {processor.py:839} INFO - DAG(s) dict_keys(['traffic_data']) retrieved from /opt/airflow/dags/script2.py
[2023-11-06T13:48:11.871+0000] {logging_mixin.py:151} INFO - [2023-11-06T13:48:11.871+0000] {dag.py:2941} INFO - Sync 1 DAGs
[2023-11-06T13:48:12.118+0000] {processor.py:179} INFO - Processing /opt/airflow/dags/script2.py took 0.483 seconds
[2023-11-06T13:48:42.499+0000] {processor.py:157} INFO - Started process (PID=118) to work on /opt/airflow/dags/script2.py
[2023-11-06T13:48:42.500+0000] {processor.py:829} INFO - Processing file /opt/airflow/dags/script2.py for tasks to queue
[2023-11-06T13:48:42.504+0000] {logging_mixin.py:151} INFO - [2023-11-06T13:48:42.503+0000] {dagbag.py:536} INFO - Filling up the DagBag from /opt/airflow/dags/script2.py
[2023-11-06T13:48:42.715+0000] {processor.py:839} INFO - DAG(s) dict_keys(['traffic_data']) retrieved from /opt/airflow/dags/script2.py
[2023-11-06T13:48:43.383+0000] {logging_mixin.py:151} INFO - [2023-11-06T13:48:43.382+0000] {dag.py:2941} INFO - Sync 1 DAGs
[2023-11-06T13:48:43.440+0000] {processor.py:179} INFO - Processing /opt/airflow/dags/script2.py took 0.946 seconds
[2023-11-06T13:49:14.109+0000] {processor.py:157} INFO - Started process (PID=129) to work on /opt/airflow/dags/script2.py
[2023-11-06T13:49:14.111+0000] {processor.py:829} INFO - Processing file /opt/airflow/dags/script2.py for tasks to queue
[2023-11-06T13:49:14.113+0000] {logging_mixin.py:151} INFO - [2023-11-06T13:49:14.113+0000] {dagbag.py:536} INFO - Filling up the DagBag from /opt/airflow/dags/script2.py
[2023-11-06T13:49:14.303+0000] {processor.py:839} INFO - DAG(s) dict_keys(['traffic_data']) retrieved from /opt/airflow/dags/script2.py
[2023-11-06T13:49:14.322+0000] {logging_mixin.py:151} INFO - [2023-11-06T13:49:14.321+0000] {dag.py:2941} INFO - Sync 1 DAGs
[2023-11-06T13:49:14.391+0000] {processor.py:179} INFO - Processing /opt/airflow/dags/script2.py took 0.287 seconds
[2023-11-06T13:49:44.996+0000] {processor.py:157} INFO - Started process (PID=139) to work on /opt/airflow/dags/script2.py
[2023-11-06T13:49:44.997+0000] {processor.py:829} INFO - Processing file /opt/airflow/dags/script2.py for tasks to queue
[2023-11-06T13:49:45.001+0000] {logging_mixin.py:151} INFO - [2023-11-06T13:49:45.000+0000] {dagbag.py:536} INFO - Filling up the DagBag from /opt/airflow/dags/script2.py
[2023-11-06T13:49:45.228+0000] {processor.py:839} INFO - DAG(s) dict_keys(['traffic_data']) retrieved from /opt/airflow/dags/script2.py
[2023-11-06T13:49:45.579+0000] {logging_mixin.py:151} INFO - [2023-11-06T13:49:45.578+0000] {dag.py:2941} INFO - Sync 1 DAGs
[2023-11-06T13:49:45.649+0000] {processor.py:179} INFO - Processing /opt/airflow/dags/script2.py took 0.664 seconds
[2023-11-06T13:50:20.180+0000] {processor.py:157} INFO - Started process (PID=150) to work on /opt/airflow/dags/script2.py
[2023-11-06T13:50:20.182+0000] {processor.py:829} INFO - Processing file /opt/airflow/dags/script2.py for tasks to queue
[2023-11-06T13:50:20.187+0000] {logging_mixin.py:151} INFO - [2023-11-06T13:50:20.186+0000] {dagbag.py:536} INFO - Filling up the DagBag from /opt/airflow/dags/script2.py
[2023-11-06T13:50:20.509+0000] {processor.py:839} INFO - DAG(s) dict_keys(['traffic_data']) retrieved from /opt/airflow/dags/script2.py
[2023-11-06T13:50:20.576+0000] {logging_mixin.py:151} INFO - [2023-11-06T13:50:20.574+0000] {dag.py:2941} INFO - Sync 1 DAGs
[2023-11-06T13:50:21.174+0000] {processor.py:179} INFO - Processing /opt/airflow/dags/script2.py took 1.005 seconds
[2023-11-06T13:50:52.128+0000] {processor.py:157} INFO - Started process (PID=161) to work on /opt/airflow/dags/script2.py
[2023-11-06T13:50:52.129+0000] {processor.py:829} INFO - Processing file /opt/airflow/dags/script2.py for tasks to queue
[2023-11-06T13:50:52.131+0000] {logging_mixin.py:151} INFO - [2023-11-06T13:50:52.131+0000] {dagbag.py:536} INFO - Filling up the DagBag from /opt/airflow/dags/script2.py
[2023-11-06T13:50:52.296+0000] {processor.py:839} INFO - DAG(s) dict_keys(['traffic_data']) retrieved from /opt/airflow/dags/script2.py
[2023-11-06T13:50:52.333+0000] {logging_mixin.py:151} INFO - [2023-11-06T13:50:52.333+0000] {dag.py:2941} INFO - Sync 1 DAGs
[2023-11-06T13:50:52.625+0000] {processor.py:179} INFO - Processing /opt/airflow/dags/script2.py took 0.501 seconds
[2023-11-06T13:51:22.885+0000] {processor.py:157} INFO - Started process (PID=171) to work on /opt/airflow/dags/script2.py
[2023-11-06T13:51:22.887+0000] {processor.py:829} INFO - Processing file /opt/airflow/dags/script2.py for tasks to queue
[2023-11-06T13:51:22.891+0000] {logging_mixin.py:151} INFO - [2023-11-06T13:51:22.890+0000] {dagbag.py:536} INFO - Filling up the DagBag from /opt/airflow/dags/script2.py
[2023-11-06T13:51:23.136+0000] {processor.py:839} INFO - DAG(s) dict_keys(['traffic_data']) retrieved from /opt/airflow/dags/script2.py
[2023-11-06T13:51:23.607+0000] {logging_mixin.py:151} INFO - [2023-11-06T13:51:23.606+0000] {dag.py:2941} INFO - Sync 1 DAGs
[2023-11-06T13:51:23.682+0000] {processor.py:179} INFO - Processing /opt/airflow/dags/script2.py took 0.803 seconds
[2023-11-06T13:51:53.731+0000] {processor.py:157} INFO - Started process (PID=181) to work on /opt/airflow/dags/script2.py
[2023-11-06T13:51:53.732+0000] {processor.py:829} INFO - Processing file /opt/airflow/dags/script2.py for tasks to queue
[2023-11-06T13:51:53.736+0000] {logging_mixin.py:151} INFO - [2023-11-06T13:51:53.735+0000] {dagbag.py:536} INFO - Filling up the DagBag from /opt/airflow/dags/script2.py
[2023-11-06T13:51:53.947+0000] {processor.py:839} INFO - DAG(s) dict_keys(['traffic_data']) retrieved from /opt/airflow/dags/script2.py
[2023-11-06T13:51:54.003+0000] {logging_mixin.py:151} INFO - [2023-11-06T13:51:54.002+0000] {dag.py:2941} INFO - Sync 1 DAGs
[2023-11-06T13:51:54.197+0000] {processor.py:179} INFO - Processing /opt/airflow/dags/script2.py took 0.471 seconds
[2023-11-06T13:52:49.420+0000] {processor.py:157} INFO - Started process (PID=200) to work on /opt/airflow/dags/script2.py
[2023-11-06T13:52:49.426+0000] {processor.py:829} INFO - Processing file /opt/airflow/dags/script2.py for tasks to queue
[2023-11-06T13:52:49.475+0000] {logging_mixin.py:151} INFO - [2023-11-06T13:52:49.471+0000] {dagbag.py:536} INFO - Filling up the DagBag from /opt/airflow/dags/script2.py
[2023-11-06T13:52:50.087+0000] {processor.py:839} INFO - DAG(s) dict_keys(['traffic_data']) retrieved from /opt/airflow/dags/script2.py
[2023-11-06T13:52:52.657+0000] {logging_mixin.py:151} INFO - [2023-11-06T13:52:52.657+0000] {dag.py:2941} INFO - Sync 1 DAGs
[2023-11-06T13:52:52.753+0000] {processor.py:179} INFO - Processing /opt/airflow/dags/script2.py took 3.414 seconds
[2023-11-06T13:53:23.018+0000] {processor.py:157} INFO - Started process (PID=216) to work on /opt/airflow/dags/script2.py
[2023-11-06T13:53:23.020+0000] {processor.py:829} INFO - Processing file /opt/airflow/dags/script2.py for tasks to queue
[2023-11-06T13:53:23.021+0000] {logging_mixin.py:151} INFO - [2023-11-06T13:53:23.021+0000] {dagbag.py:536} INFO - Filling up the DagBag from /opt/airflow/dags/script2.py
[2023-11-06T13:53:23.180+0000] {processor.py:839} INFO - DAG(s) dict_keys(['traffic_data']) retrieved from /opt/airflow/dags/script2.py
[2023-11-06T13:53:23.450+0000] {logging_mixin.py:151} INFO - [2023-11-06T13:53:23.450+0000] {dag.py:2941} INFO - Sync 1 DAGs
[2023-11-06T13:53:23.542+0000] {processor.py:179} INFO - Processing /opt/airflow/dags/script2.py took 0.532 seconds
[2023-11-06T13:53:53.851+0000] {processor.py:157} INFO - Started process (PID=226) to work on /opt/airflow/dags/script2.py
[2023-11-06T13:53:53.853+0000] {processor.py:829} INFO - Processing file /opt/airflow/dags/script2.py for tasks to queue
[2023-11-06T13:53:53.855+0000] {logging_mixin.py:151} INFO - [2023-11-06T13:53:53.854+0000] {dagbag.py:536} INFO - Filling up the DagBag from /opt/airflow/dags/script2.py
[2023-11-06T13:53:54.050+0000] {processor.py:839} INFO - DAG(s) dict_keys(['traffic_data']) retrieved from /opt/airflow/dags/script2.py
[2023-11-06T13:53:54.080+0000] {logging_mixin.py:151} INFO - [2023-11-06T13:53:54.079+0000] {dag.py:2941} INFO - Sync 1 DAGs
[2023-11-06T13:53:54.170+0000] {processor.py:179} INFO - Processing /opt/airflow/dags/script2.py took 0.327 seconds
[2023-11-06T13:54:24.437+0000] {processor.py:157} INFO - Started process (PID=244) to work on /opt/airflow/dags/script2.py
[2023-11-06T13:54:24.439+0000] {processor.py:829} INFO - Processing file /opt/airflow/dags/script2.py for tasks to queue
[2023-11-06T13:54:24.444+0000] {logging_mixin.py:151} INFO - [2023-11-06T13:54:24.441+0000] {dagbag.py:536} INFO - Filling up the DagBag from /opt/airflow/dags/script2.py
[2023-11-06T13:54:24.704+0000] {processor.py:839} INFO - DAG(s) dict_keys(['traffic_data']) retrieved from /opt/airflow/dags/script2.py
[2023-11-06T13:54:25.822+0000] {logging_mixin.py:151} INFO - [2023-11-06T13:54:25.822+0000] {dag.py:2941} INFO - Sync 1 DAGs
[2023-11-06T13:54:25.941+0000] {processor.py:179} INFO - Processing /opt/airflow/dags/script2.py took 1.516 seconds
[2023-11-06T13:54:56.323+0000] {processor.py:157} INFO - Started process (PID=257) to work on /opt/airflow/dags/script2.py
[2023-11-06T13:54:56.326+0000] {processor.py:829} INFO - Processing file /opt/airflow/dags/script2.py for tasks to queue
[2023-11-06T13:54:56.328+0000] {logging_mixin.py:151} INFO - [2023-11-06T13:54:56.327+0000] {dagbag.py:536} INFO - Filling up the DagBag from /opt/airflow/dags/script2.py
[2023-11-06T13:54:56.673+0000] {processor.py:839} INFO - DAG(s) dict_keys(['traffic_data']) retrieved from /opt/airflow/dags/script2.py
[2023-11-06T13:54:56.723+0000] {logging_mixin.py:151} INFO - [2023-11-06T13:54:56.722+0000] {dag.py:2941} INFO - Sync 1 DAGs
[2023-11-06T13:54:57.053+0000] {processor.py:179} INFO - Processing /opt/airflow/dags/script2.py took 0.748 seconds
[2023-11-06T13:55:27.252+0000] {processor.py:157} INFO - Started process (PID=270) to work on /opt/airflow/dags/script2.py
[2023-11-06T13:55:27.276+0000] {processor.py:829} INFO - Processing file /opt/airflow/dags/script2.py for tasks to queue
[2023-11-06T13:55:27.281+0000] {logging_mixin.py:151} INFO - [2023-11-06T13:55:27.280+0000] {dagbag.py:536} INFO - Filling up the DagBag from /opt/airflow/dags/script2.py
[2023-11-06T13:55:28.107+0000] {processor.py:839} INFO - DAG(s) dict_keys(['traffic_data']) retrieved from /opt/airflow/dags/script2.py
[2023-11-06T13:55:28.591+0000] {logging_mixin.py:151} INFO - [2023-11-06T13:55:28.590+0000] {dag.py:2941} INFO - Sync 1 DAGs
[2023-11-06T13:55:32.630+0000] {processor.py:179} INFO - Processing /opt/airflow/dags/script2.py took 5.462 seconds
[2023-11-06T13:56:03.123+0000] {processor.py:157} INFO - Started process (PID=281) to work on /opt/airflow/dags/script2.py
[2023-11-06T13:56:03.124+0000] {processor.py:829} INFO - Processing file /opt/airflow/dags/script2.py for tasks to queue
[2023-11-06T13:56:03.125+0000] {logging_mixin.py:151} INFO - [2023-11-06T13:56:03.125+0000] {dagbag.py:536} INFO - Filling up the DagBag from /opt/airflow/dags/script2.py
[2023-11-06T13:56:03.268+0000] {processor.py:839} INFO - DAG(s) dict_keys(['traffic_data']) retrieved from /opt/airflow/dags/script2.py
[2023-11-06T13:56:03.690+0000] {logging_mixin.py:151} INFO - [2023-11-06T13:56:03.690+0000] {dag.py:2941} INFO - Sync 1 DAGs
[2023-11-06T13:56:03.765+0000] {processor.py:179} INFO - Processing /opt/airflow/dags/script2.py took 0.646 seconds
[2023-11-06T13:56:33.813+0000] {processor.py:157} INFO - Started process (PID=292) to work on /opt/airflow/dags/script2.py
[2023-11-06T13:56:33.814+0000] {processor.py:829} INFO - Processing file /opt/airflow/dags/script2.py for tasks to queue
[2023-11-06T13:56:33.816+0000] {logging_mixin.py:151} INFO - [2023-11-06T13:56:33.815+0000] {dagbag.py:536} INFO - Filling up the DagBag from /opt/airflow/dags/script2.py
[2023-11-06T13:56:34.021+0000] {processor.py:839} INFO - DAG(s) dict_keys(['traffic_data']) retrieved from /opt/airflow/dags/script2.py
[2023-11-06T13:56:34.060+0000] {logging_mixin.py:151} INFO - [2023-11-06T13:56:34.059+0000] {dag.py:2941} INFO - Sync 1 DAGs
[2023-11-06T13:56:34.131+0000] {processor.py:179} INFO - Processing /opt/airflow/dags/script2.py took 0.323 seconds
[2023-11-06T13:57:04.730+0000] {processor.py:157} INFO - Started process (PID=304) to work on /opt/airflow/dags/script2.py
[2023-11-06T13:57:04.733+0000] {processor.py:829} INFO - Processing file /opt/airflow/dags/script2.py for tasks to queue
[2023-11-06T13:57:04.735+0000] {logging_mixin.py:151} INFO - [2023-11-06T13:57:04.734+0000] {dagbag.py:536} INFO - Filling up the DagBag from /opt/airflow/dags/script2.py
[2023-11-06T13:57:05.024+0000] {processor.py:839} INFO - DAG(s) dict_keys(['traffic_data']) retrieved from /opt/airflow/dags/script2.py
[2023-11-06T13:57:05.050+0000] {logging_mixin.py:151} INFO - [2023-11-06T13:57:05.050+0000] {dag.py:2941} INFO - Sync 1 DAGs
[2023-11-06T13:57:05.143+0000] {processor.py:179} INFO - Processing /opt/airflow/dags/script2.py took 0.419 seconds
[2023-11-06T13:57:35.359+0000] {processor.py:157} INFO - Started process (PID=314) to work on /opt/airflow/dags/script2.py
[2023-11-06T13:57:35.360+0000] {processor.py:829} INFO - Processing file /opt/airflow/dags/script2.py for tasks to queue
[2023-11-06T13:57:35.363+0000] {logging_mixin.py:151} INFO - [2023-11-06T13:57:35.362+0000] {dagbag.py:536} INFO - Filling up the DagBag from /opt/airflow/dags/script2.py
[2023-11-06T13:57:35.533+0000] {processor.py:839} INFO - DAG(s) dict_keys(['traffic_data']) retrieved from /opt/airflow/dags/script2.py
[2023-11-06T13:57:35.918+0000] {logging_mixin.py:151} INFO - [2023-11-06T13:57:35.918+0000] {dag.py:2941} INFO - Sync 1 DAGs
[2023-11-06T13:57:36.024+0000] {processor.py:179} INFO - Processing /opt/airflow/dags/script2.py took 0.670 seconds
[2023-11-06T13:58:06.341+0000] {processor.py:157} INFO - Started process (PID=323) to work on /opt/airflow/dags/script2.py
[2023-11-06T13:58:06.343+0000] {processor.py:829} INFO - Processing file /opt/airflow/dags/script2.py for tasks to queue
[2023-11-06T13:58:06.344+0000] {logging_mixin.py:151} INFO - [2023-11-06T13:58:06.344+0000] {dagbag.py:536} INFO - Filling up the DagBag from /opt/airflow/dags/script2.py
[2023-11-06T13:58:06.486+0000] {processor.py:839} INFO - DAG(s) dict_keys(['traffic_data']) retrieved from /opt/airflow/dags/script2.py
[2023-11-06T13:58:06.525+0000] {logging_mixin.py:151} INFO - [2023-11-06T13:58:06.524+0000] {dag.py:2941} INFO - Sync 1 DAGs
[2023-11-06T13:58:06.769+0000] {processor.py:179} INFO - Processing /opt/airflow/dags/script2.py took 0.432 seconds
[2023-11-06T13:58:37.081+0000] {processor.py:157} INFO - Started process (PID=334) to work on /opt/airflow/dags/script2.py
[2023-11-06T13:58:37.082+0000] {processor.py:829} INFO - Processing file /opt/airflow/dags/script2.py for tasks to queue
[2023-11-06T13:58:37.083+0000] {logging_mixin.py:151} INFO - [2023-11-06T13:58:37.083+0000] {dagbag.py:536} INFO - Filling up the DagBag from /opt/airflow/dags/script2.py
[2023-11-06T13:58:37.316+0000] {processor.py:839} INFO - DAG(s) dict_keys(['traffic_data']) retrieved from /opt/airflow/dags/script2.py
[2023-11-06T13:58:37.341+0000] {logging_mixin.py:151} INFO - [2023-11-06T13:58:37.340+0000] {dag.py:2941} INFO - Sync 1 DAGs
[2023-11-06T13:58:37.514+0000] {processor.py:179} INFO - Processing /opt/airflow/dags/script2.py took 0.436 seconds
[2023-11-06T13:59:07.654+0000] {processor.py:157} INFO - Started process (PID=344) to work on /opt/airflow/dags/script2.py
[2023-11-06T13:59:07.662+0000] {processor.py:829} INFO - Processing file /opt/airflow/dags/script2.py for tasks to queue
[2023-11-06T13:59:07.664+0000] {logging_mixin.py:151} INFO - [2023-11-06T13:59:07.664+0000] {dagbag.py:536} INFO - Filling up the DagBag from /opt/airflow/dags/script2.py
[2023-11-06T13:59:08.211+0000] {processor.py:839} INFO - DAG(s) dict_keys(['traffic_data']) retrieved from /opt/airflow/dags/script2.py
[2023-11-06T13:59:09.392+0000] {logging_mixin.py:151} INFO - [2023-11-06T13:59:09.391+0000] {dag.py:2941} INFO - Sync 1 DAGs
[2023-11-06T13:59:09.481+0000] {processor.py:179} INFO - Processing /opt/airflow/dags/script2.py took 1.853 seconds
[2023-11-06T13:59:40.017+0000] {processor.py:157} INFO - Started process (PID=354) to work on /opt/airflow/dags/script2.py
[2023-11-06T13:59:40.018+0000] {processor.py:829} INFO - Processing file /opt/airflow/dags/script2.py for tasks to queue
[2023-11-06T13:59:40.019+0000] {logging_mixin.py:151} INFO - [2023-11-06T13:59:40.019+0000] {dagbag.py:536} INFO - Filling up the DagBag from /opt/airflow/dags/script2.py
[2023-11-06T13:59:40.147+0000] {processor.py:839} INFO - DAG(s) dict_keys(['traffic_data']) retrieved from /opt/airflow/dags/script2.py
[2023-11-06T13:59:40.184+0000] {logging_mixin.py:151} INFO - [2023-11-06T13:59:40.184+0000] {dag.py:2941} INFO - Sync 1 DAGs
[2023-11-06T13:59:40.597+0000] {processor.py:179} INFO - Processing /opt/airflow/dags/script2.py took 0.583 seconds
[2023-11-06T14:00:10.662+0000] {processor.py:157} INFO - Started process (PID=364) to work on /opt/airflow/dags/script2.py
[2023-11-06T14:00:10.662+0000] {processor.py:829} INFO - Processing file /opt/airflow/dags/script2.py for tasks to queue
[2023-11-06T14:00:10.664+0000] {logging_mixin.py:151} INFO - [2023-11-06T14:00:10.663+0000] {dagbag.py:536} INFO - Filling up the DagBag from /opt/airflow/dags/script2.py
[2023-11-06T14:00:10.787+0000] {processor.py:839} INFO - DAG(s) dict_keys(['traffic_data']) retrieved from /opt/airflow/dags/script2.py
[2023-11-06T14:00:10.803+0000] {logging_mixin.py:151} INFO - [2023-11-06T14:00:10.803+0000] {dag.py:2941} INFO - Sync 1 DAGs
[2023-11-06T14:00:11.041+0000] {processor.py:179} INFO - Processing /opt/airflow/dags/script2.py took 0.384 seconds
[2023-11-06T14:00:41.332+0000] {processor.py:157} INFO - Started process (PID=374) to work on /opt/airflow/dags/script2.py
[2023-11-06T14:00:41.334+0000] {processor.py:829} INFO - Processing file /opt/airflow/dags/script2.py for tasks to queue
[2023-11-06T14:00:41.336+0000] {logging_mixin.py:151} INFO - [2023-11-06T14:00:41.335+0000] {dagbag.py:536} INFO - Filling up the DagBag from /opt/airflow/dags/script2.py
[2023-11-06T14:00:41.489+0000] {processor.py:839} INFO - DAG(s) dict_keys(['traffic_data']) retrieved from /opt/airflow/dags/script2.py
[2023-11-06T14:00:41.865+0000] {logging_mixin.py:151} INFO - [2023-11-06T14:00:41.864+0000] {dag.py:2941} INFO - Sync 1 DAGs
[2023-11-06T14:00:41.947+0000] {processor.py:179} INFO - Processing /opt/airflow/dags/script2.py took 0.619 seconds
[2023-11-06T14:01:12.331+0000] {processor.py:157} INFO - Started process (PID=384) to work on /opt/airflow/dags/script2.py
[2023-11-06T14:01:12.332+0000] {processor.py:829} INFO - Processing file /opt/airflow/dags/script2.py for tasks to queue
[2023-11-06T14:01:12.333+0000] {logging_mixin.py:151} INFO - [2023-11-06T14:01:12.333+0000] {dagbag.py:536} INFO - Filling up the DagBag from /opt/airflow/dags/script2.py
[2023-11-06T14:01:12.458+0000] {processor.py:839} INFO - DAG(s) dict_keys(['traffic_data']) retrieved from /opt/airflow/dags/script2.py
[2023-11-06T14:01:12.493+0000] {logging_mixin.py:151} INFO - [2023-11-06T14:01:12.493+0000] {dag.py:2941} INFO - Sync 1 DAGs
[2023-11-06T14:01:12.552+0000] {processor.py:179} INFO - Processing /opt/airflow/dags/script2.py took 0.224 seconds
[2023-11-06T14:01:42.829+0000] {processor.py:157} INFO - Started process (PID=398) to work on /opt/airflow/dags/script2.py
[2023-11-06T14:01:42.830+0000] {processor.py:829} INFO - Processing file /opt/airflow/dags/script2.py for tasks to queue
[2023-11-06T14:01:42.831+0000] {logging_mixin.py:151} INFO - [2023-11-06T14:01:42.831+0000] {dagbag.py:536} INFO - Filling up the DagBag from /opt/airflow/dags/script2.py
[2023-11-06T14:01:43.024+0000] {processor.py:839} INFO - DAG(s) dict_keys(['traffic_data']) retrieved from /opt/airflow/dags/script2.py
[2023-11-06T14:01:43.046+0000] {logging_mixin.py:151} INFO - [2023-11-06T14:01:43.046+0000] {dag.py:2941} INFO - Sync 1 DAGs
[2023-11-06T14:01:43.138+0000] {processor.py:179} INFO - Processing /opt/airflow/dags/script2.py took 0.313 seconds
[2023-11-06T14:02:13.595+0000] {processor.py:157} INFO - Started process (PID=408) to work on /opt/airflow/dags/script2.py
[2023-11-06T14:02:13.599+0000] {processor.py:829} INFO - Processing file /opt/airflow/dags/script2.py for tasks to queue
[2023-11-06T14:02:13.601+0000] {logging_mixin.py:151} INFO - [2023-11-06T14:02:13.600+0000] {dagbag.py:536} INFO - Filling up the DagBag from /opt/airflow/dags/script2.py
[2023-11-06T14:02:13.757+0000] {processor.py:839} INFO - DAG(s) dict_keys(['traffic_data']) retrieved from /opt/airflow/dags/script2.py
[2023-11-06T14:02:14.159+0000] {logging_mixin.py:151} INFO - [2023-11-06T14:02:14.159+0000] {dag.py:2941} INFO - Sync 1 DAGs
[2023-11-06T14:02:14.235+0000] {processor.py:179} INFO - Processing /opt/airflow/dags/script2.py took 0.644 seconds
[2023-11-06T14:02:44.383+0000] {processor.py:157} INFO - Started process (PID=418) to work on /opt/airflow/dags/script2.py
[2023-11-06T14:02:44.385+0000] {processor.py:829} INFO - Processing file /opt/airflow/dags/script2.py for tasks to queue
[2023-11-06T14:02:44.386+0000] {logging_mixin.py:151} INFO - [2023-11-06T14:02:44.385+0000] {dagbag.py:536} INFO - Filling up the DagBag from /opt/airflow/dags/script2.py
[2023-11-06T14:02:44.532+0000] {processor.py:839} INFO - DAG(s) dict_keys(['traffic_data']) retrieved from /opt/airflow/dags/script2.py
[2023-11-06T14:02:44.643+0000] {logging_mixin.py:151} INFO - [2023-11-06T14:02:44.643+0000] {dag.py:2941} INFO - Sync 1 DAGs
[2023-11-06T14:02:45.139+0000] {processor.py:179} INFO - Processing /opt/airflow/dags/script2.py took 0.760 seconds
[2023-11-06T14:03:15.211+0000] {processor.py:157} INFO - Started process (PID=428) to work on /opt/airflow/dags/script2.py
[2023-11-06T14:03:15.211+0000] {processor.py:829} INFO - Processing file /opt/airflow/dags/script2.py for tasks to queue
[2023-11-06T14:03:15.212+0000] {logging_mixin.py:151} INFO - [2023-11-06T14:03:15.212+0000] {dagbag.py:536} INFO - Filling up the DagBag from /opt/airflow/dags/script2.py
[2023-11-06T14:03:15.351+0000] {processor.py:839} INFO - DAG(s) dict_keys(['traffic_data']) retrieved from /opt/airflow/dags/script2.py
[2023-11-06T14:03:15.367+0000] {logging_mixin.py:151} INFO - [2023-11-06T14:03:15.367+0000] {dag.py:2941} INFO - Sync 1 DAGs
[2023-11-06T14:03:15.608+0000] {processor.py:179} INFO - Processing /opt/airflow/dags/script2.py took 0.402 seconds
[2023-11-06T14:03:46.166+0000] {processor.py:157} INFO - Started process (PID=439) to work on /opt/airflow/dags/script2.py
[2023-11-06T14:03:46.168+0000] {processor.py:829} INFO - Processing file /opt/airflow/dags/script2.py for tasks to queue
[2023-11-06T14:03:46.169+0000] {logging_mixin.py:151} INFO - [2023-11-06T14:03:46.168+0000] {dagbag.py:536} INFO - Filling up the DagBag from /opt/airflow/dags/script2.py
[2023-11-06T14:03:46.310+0000] {processor.py:839} INFO - DAG(s) dict_keys(['traffic_data']) retrieved from /opt/airflow/dags/script2.py
[2023-11-06T14:03:46.765+0000] {logging_mixin.py:151} INFO - [2023-11-06T14:03:46.765+0000] {dag.py:2941} INFO - Sync 1 DAGs
[2023-11-06T14:03:46.832+0000] {processor.py:179} INFO - Processing /opt/airflow/dags/script2.py took 0.669 seconds
[2023-11-06T14:04:17.473+0000] {processor.py:157} INFO - Started process (PID=450) to work on /opt/airflow/dags/script2.py
[2023-11-06T14:04:17.474+0000] {processor.py:829} INFO - Processing file /opt/airflow/dags/script2.py for tasks to queue
[2023-11-06T14:04:17.475+0000] {logging_mixin.py:151} INFO - [2023-11-06T14:04:17.475+0000] {dagbag.py:536} INFO - Filling up the DagBag from /opt/airflow/dags/script2.py
[2023-11-06T14:04:17.676+0000] {processor.py:839} INFO - DAG(s) dict_keys(['traffic_data']) retrieved from /opt/airflow/dags/script2.py
[2023-11-06T14:04:17.720+0000] {logging_mixin.py:151} INFO - [2023-11-06T14:04:17.719+0000] {dag.py:2941} INFO - Sync 1 DAGs
[2023-11-06T14:04:17.792+0000] {processor.py:179} INFO - Processing /opt/airflow/dags/script2.py took 0.323 seconds
[2023-11-06T14:04:48.276+0000] {processor.py:157} INFO - Started process (PID=460) to work on /opt/airflow/dags/script2.py
[2023-11-06T14:04:48.278+0000] {processor.py:829} INFO - Processing file /opt/airflow/dags/script2.py for tasks to queue
[2023-11-06T14:04:48.279+0000] {logging_mixin.py:151} INFO - [2023-11-06T14:04:48.278+0000] {dagbag.py:536} INFO - Filling up the DagBag from /opt/airflow/dags/script2.py
[2023-11-06T14:04:48.403+0000] {processor.py:839} INFO - DAG(s) dict_keys(['traffic_data']) retrieved from /opt/airflow/dags/script2.py
[2023-11-06T14:04:48.418+0000] {logging_mixin.py:151} INFO - [2023-11-06T14:04:48.417+0000] {dag.py:2941} INFO - Sync 1 DAGs
[2023-11-06T14:04:48.674+0000] {processor.py:179} INFO - Processing /opt/airflow/dags/script2.py took 0.401 seconds
[2023-11-06T14:05:18.938+0000] {processor.py:157} INFO - Started process (PID=478) to work on /opt/airflow/dags/script2.py
[2023-11-06T14:05:18.941+0000] {processor.py:829} INFO - Processing file /opt/airflow/dags/script2.py for tasks to queue
[2023-11-06T14:05:18.944+0000] {logging_mixin.py:151} INFO - [2023-11-06T14:05:18.943+0000] {dagbag.py:536} INFO - Filling up the DagBag from /opt/airflow/dags/script2.py
[2023-11-06T14:05:19.406+0000] {processor.py:839} INFO - DAG(s) dict_keys(['traffic_data']) retrieved from /opt/airflow/dags/script2.py
[2023-11-06T14:05:19.882+0000] {logging_mixin.py:151} INFO - [2023-11-06T14:05:19.881+0000] {dag.py:2941} INFO - Sync 1 DAGs
[2023-11-06T14:05:20.015+0000] {processor.py:179} INFO - Processing /opt/airflow/dags/script2.py took 1.098 seconds
[2023-11-06T14:05:50.257+0000] {processor.py:157} INFO - Started process (PID=489) to work on /opt/airflow/dags/script2.py
[2023-11-06T14:05:50.259+0000] {processor.py:829} INFO - Processing file /opt/airflow/dags/script2.py for tasks to queue
[2023-11-06T14:05:50.264+0000] {logging_mixin.py:151} INFO - [2023-11-06T14:05:50.263+0000] {dagbag.py:536} INFO - Filling up the DagBag from /opt/airflow/dags/script2.py
[2023-11-06T14:05:50.962+0000] {processor.py:839} INFO - DAG(s) dict_keys(['traffic_data']) retrieved from /opt/airflow/dags/script2.py
[2023-11-06T14:05:51.021+0000] {logging_mixin.py:151} INFO - [2023-11-06T14:05:51.020+0000] {dag.py:2941} INFO - Sync 1 DAGs
[2023-11-06T14:05:51.111+0000] {processor.py:179} INFO - Processing /opt/airflow/dags/script2.py took 0.859 seconds
[2023-11-06T14:06:21.424+0000] {processor.py:157} INFO - Started process (PID=499) to work on /opt/airflow/dags/script2.py
[2023-11-06T14:06:21.425+0000] {processor.py:829} INFO - Processing file /opt/airflow/dags/script2.py for tasks to queue
[2023-11-06T14:06:21.426+0000] {logging_mixin.py:151} INFO - [2023-11-06T14:06:21.426+0000] {dagbag.py:536} INFO - Filling up the DagBag from /opt/airflow/dags/script2.py
[2023-11-06T14:06:21.627+0000] {processor.py:839} INFO - DAG(s) dict_keys(['traffic_data']) retrieved from /opt/airflow/dags/script2.py
[2023-11-06T14:06:21.646+0000] {logging_mixin.py:151} INFO - [2023-11-06T14:06:21.645+0000] {dag.py:2941} INFO - Sync 1 DAGs
[2023-11-06T14:06:21.720+0000] {processor.py:179} INFO - Processing /opt/airflow/dags/script2.py took 0.302 seconds
[2023-11-06T14:06:52.266+0000] {processor.py:157} INFO - Started process (PID=508) to work on /opt/airflow/dags/script2.py
[2023-11-06T14:06:52.298+0000] {processor.py:829} INFO - Processing file /opt/airflow/dags/script2.py for tasks to queue
[2023-11-06T14:06:52.301+0000] {logging_mixin.py:151} INFO - [2023-11-06T14:06:52.300+0000] {dagbag.py:536} INFO - Filling up the DagBag from /opt/airflow/dags/script2.py
[2023-11-06T14:06:52.988+0000] {processor.py:839} INFO - DAG(s) dict_keys(['traffic_data']) retrieved from /opt/airflow/dags/script2.py
[2023-11-06T14:06:55.020+0000] {logging_mixin.py:151} INFO - [2023-11-06T14:06:55.018+0000] {dag.py:2941} INFO - Sync 1 DAGs
[2023-11-06T14:06:55.554+0000] {processor.py:179} INFO - Processing /opt/airflow/dags/script2.py took 3.298 seconds
[2023-11-06T14:07:26.052+0000] {processor.py:157} INFO - Started process (PID=522) to work on /opt/airflow/dags/script2.py
[2023-11-06T14:07:26.053+0000] {processor.py:829} INFO - Processing file /opt/airflow/dags/script2.py for tasks to queue
[2023-11-06T14:07:26.055+0000] {logging_mixin.py:151} INFO - [2023-11-06T14:07:26.054+0000] {dagbag.py:536} INFO - Filling up the DagBag from /opt/airflow/dags/script2.py
[2023-11-06T14:07:26.239+0000] {processor.py:839} INFO - DAG(s) dict_keys(['traffic_data']) retrieved from /opt/airflow/dags/script2.py
[2023-11-06T14:07:26.276+0000] {logging_mixin.py:151} INFO - [2023-11-06T14:07:26.276+0000] {dag.py:2941} INFO - Sync 1 DAGs
[2023-11-06T14:07:26.528+0000] {processor.py:179} INFO - Processing /opt/airflow/dags/script2.py took 0.483 seconds
[2023-11-06T14:07:56.868+0000] {processor.py:157} INFO - Started process (PID=532) to work on /opt/airflow/dags/script2.py
[2023-11-06T14:07:56.870+0000] {processor.py:829} INFO - Processing file /opt/airflow/dags/script2.py for tasks to queue
[2023-11-06T14:07:56.871+0000] {logging_mixin.py:151} INFO - [2023-11-06T14:07:56.871+0000] {dagbag.py:536} INFO - Filling up the DagBag from /opt/airflow/dags/script2.py
[2023-11-06T14:07:57.028+0000] {processor.py:839} INFO - DAG(s) dict_keys(['traffic_data']) retrieved from /opt/airflow/dags/script2.py
[2023-11-06T14:07:57.048+0000] {logging_mixin.py:151} INFO - [2023-11-06T14:07:57.047+0000] {dag.py:2941} INFO - Sync 1 DAGs
[2023-11-06T14:07:57.331+0000] {processor.py:179} INFO - Processing /opt/airflow/dags/script2.py took 0.474 seconds
[2023-11-06T14:08:27.996+0000] {processor.py:157} INFO - Started process (PID=546) to work on /opt/airflow/dags/script2.py
[2023-11-06T14:08:27.998+0000] {processor.py:829} INFO - Processing file /opt/airflow/dags/script2.py for tasks to queue
[2023-11-06T14:08:27.999+0000] {logging_mixin.py:151} INFO - [2023-11-06T14:08:27.998+0000] {dagbag.py:536} INFO - Filling up the DagBag from /opt/airflow/dags/script2.py
[2023-11-06T14:08:28.354+0000] {processor.py:839} INFO - DAG(s) dict_keys(['traffic_data']) retrieved from /opt/airflow/dags/script2.py
[2023-11-06T14:08:28.520+0000] {logging_mixin.py:151} INFO - [2023-11-06T14:08:28.520+0000] {dag.py:2941} INFO - Sync 1 DAGs
[2023-11-06T14:08:28.585+0000] {processor.py:179} INFO - Processing /opt/airflow/dags/script2.py took 0.594 seconds
[2023-11-06T14:08:59.428+0000] {processor.py:157} INFO - Started process (PID=556) to work on /opt/airflow/dags/script2.py
[2023-11-06T14:08:59.431+0000] {processor.py:829} INFO - Processing file /opt/airflow/dags/script2.py for tasks to queue
[2023-11-06T14:08:59.432+0000] {logging_mixin.py:151} INFO - [2023-11-06T14:08:59.432+0000] {dagbag.py:536} INFO - Filling up the DagBag from /opt/airflow/dags/script2.py
[2023-11-06T14:08:59.584+0000] {processor.py:839} INFO - DAG(s) dict_keys(['traffic_data']) retrieved from /opt/airflow/dags/script2.py
[2023-11-06T14:08:59.622+0000] {logging_mixin.py:151} INFO - [2023-11-06T14:08:59.622+0000] {dag.py:2941} INFO - Sync 1 DAGs
[2023-11-06T14:08:59.693+0000] {processor.py:179} INFO - Processing /opt/airflow/dags/script2.py took 0.268 seconds
[2023-11-06T14:09:30.029+0000] {processor.py:157} INFO - Started process (PID=566) to work on /opt/airflow/dags/script2.py
[2023-11-06T14:09:30.030+0000] {processor.py:829} INFO - Processing file /opt/airflow/dags/script2.py for tasks to queue
[2023-11-06T14:09:30.031+0000] {logging_mixin.py:151} INFO - [2023-11-06T14:09:30.031+0000] {dagbag.py:536} INFO - Filling up the DagBag from /opt/airflow/dags/script2.py
[2023-11-06T14:09:30.148+0000] {processor.py:839} INFO - DAG(s) dict_keys(['traffic_data']) retrieved from /opt/airflow/dags/script2.py
[2023-11-06T14:09:30.164+0000] {logging_mixin.py:151} INFO - [2023-11-06T14:09:30.164+0000] {dag.py:2941} INFO - Sync 1 DAGs
[2023-11-06T14:09:30.228+0000] {processor.py:179} INFO - Processing /opt/airflow/dags/script2.py took 0.203 seconds
[2023-11-06T14:10:00.689+0000] {processor.py:157} INFO - Started process (PID=576) to work on /opt/airflow/dags/script2.py
[2023-11-06T14:10:00.690+0000] {processor.py:829} INFO - Processing file /opt/airflow/dags/script2.py for tasks to queue
[2023-11-06T14:10:00.691+0000] {logging_mixin.py:151} INFO - [2023-11-06T14:10:00.691+0000] {dagbag.py:536} INFO - Filling up the DagBag from /opt/airflow/dags/script2.py
[2023-11-06T14:10:00.820+0000] {processor.py:839} INFO - DAG(s) dict_keys(['traffic_data']) retrieved from /opt/airflow/dags/script2.py
[2023-11-06T14:10:01.161+0000] {logging_mixin.py:151} INFO - [2023-11-06T14:10:01.160+0000] {dag.py:2941} INFO - Sync 1 DAGs
[2023-11-06T14:10:01.226+0000] {processor.py:179} INFO - Processing /opt/airflow/dags/script2.py took 0.542 seconds
[2023-11-06T14:10:31.500+0000] {processor.py:157} INFO - Started process (PID=586) to work on /opt/airflow/dags/script2.py
[2023-11-06T14:10:31.502+0000] {processor.py:829} INFO - Processing file /opt/airflow/dags/script2.py for tasks to queue
[2023-11-06T14:10:31.503+0000] {logging_mixin.py:151} INFO - [2023-11-06T14:10:31.503+0000] {dagbag.py:536} INFO - Filling up the DagBag from /opt/airflow/dags/script2.py
[2023-11-06T14:10:31.917+0000] {processor.py:839} INFO - DAG(s) dict_keys(['traffic_data']) retrieved from /opt/airflow/dags/script2.py
[2023-11-06T14:10:31.958+0000] {logging_mixin.py:151} INFO - [2023-11-06T14:10:31.958+0000] {dag.py:2941} INFO - Sync 1 DAGs
[2023-11-06T14:10:32.044+0000] {processor.py:179} INFO - Processing /opt/airflow/dags/script2.py took 0.554 seconds
[2023-11-06T14:29:07.549+0000] {processor.py:157} INFO - Started process (PID=59) to work on /opt/airflow/dags/script2.py
[2023-11-06T14:29:07.561+0000] {processor.py:829} INFO - Processing file /opt/airflow/dags/script2.py for tasks to queue
[2023-11-06T14:29:07.591+0000] {logging_mixin.py:151} INFO - [2023-11-06T14:29:07.588+0000] {dagbag.py:536} INFO - Filling up the DagBag from /opt/airflow/dags/script2.py
[2023-11-06T14:29:08.011+0000] {processor.py:839} INFO - DAG(s) dict_keys(['traffic_data']) retrieved from /opt/airflow/dags/script2.py
[2023-11-06T14:29:10.141+0000] {logging_mixin.py:151} INFO - [2023-11-06T14:29:10.141+0000] {dag.py:2941} INFO - Sync 1 DAGs
[2023-11-06T14:29:10.358+0000] {processor.py:179} INFO - Processing /opt/airflow/dags/script2.py took 2.824 seconds
[2023-11-06T14:29:46.076+0000] {processor.py:157} INFO - Started process (PID=69) to work on /opt/airflow/dags/script2.py
[2023-11-06T14:29:46.091+0000] {processor.py:829} INFO - Processing file /opt/airflow/dags/script2.py for tasks to queue
[2023-11-06T14:29:46.097+0000] {logging_mixin.py:151} INFO - [2023-11-06T14:29:46.096+0000] {dagbag.py:536} INFO - Filling up the DagBag from /opt/airflow/dags/script2.py
[2023-11-06T14:29:46.961+0000] {processor.py:839} INFO - DAG(s) dict_keys(['traffic_data']) retrieved from /opt/airflow/dags/script2.py
[2023-11-06T14:29:47.071+0000] {logging_mixin.py:151} INFO - [2023-11-06T14:29:47.071+0000] {dag.py:2941} INFO - Sync 1 DAGs
[2023-11-06T14:29:47.311+0000] {processor.py:179} INFO - Processing /opt/airflow/dags/script2.py took 1.262 seconds
[2023-11-06T14:30:17.851+0000] {processor.py:157} INFO - Started process (PID=78) to work on /opt/airflow/dags/script2.py
[2023-11-06T14:30:17.857+0000] {processor.py:829} INFO - Processing file /opt/airflow/dags/script2.py for tasks to queue
[2023-11-06T14:30:17.864+0000] {logging_mixin.py:151} INFO - [2023-11-06T14:30:17.863+0000] {dagbag.py:536} INFO - Filling up the DagBag from /opt/airflow/dags/script2.py
[2023-11-06T14:30:18.239+0000] {processor.py:839} INFO - DAG(s) dict_keys(['traffic_data']) retrieved from /opt/airflow/dags/script2.py
[2023-11-06T14:30:19.629+0000] {logging_mixin.py:151} INFO - [2023-11-06T14:30:19.628+0000] {dag.py:2941} INFO - Sync 1 DAGs
[2023-11-06T14:30:19.739+0000] {processor.py:179} INFO - Processing /opt/airflow/dags/script2.py took 1.902 seconds
[2023-11-06T14:30:50.444+0000] {processor.py:157} INFO - Started process (PID=88) to work on /opt/airflow/dags/script2.py
[2023-11-06T14:30:50.456+0000] {processor.py:829} INFO - Processing file /opt/airflow/dags/script2.py for tasks to queue
[2023-11-06T14:30:50.483+0000] {logging_mixin.py:151} INFO - [2023-11-06T14:30:50.481+0000] {dagbag.py:536} INFO - Filling up the DagBag from /opt/airflow/dags/script2.py
[2023-11-06T14:30:51.298+0000] {processor.py:839} INFO - DAG(s) dict_keys(['traffic_data']) retrieved from /opt/airflow/dags/script2.py
[2023-11-06T14:30:51.845+0000] {logging_mixin.py:151} INFO - [2023-11-06T14:30:51.844+0000] {dag.py:2941} INFO - Sync 1 DAGs
[2023-11-06T14:30:55.583+0000] {processor.py:179} INFO - Processing /opt/airflow/dags/script2.py took 5.227 seconds
[2023-11-06T14:31:26.019+0000] {processor.py:157} INFO - Started process (PID=98) to work on /opt/airflow/dags/script2.py
[2023-11-06T14:31:26.040+0000] {processor.py:829} INFO - Processing file /opt/airflow/dags/script2.py for tasks to queue
[2023-11-06T14:31:26.064+0000] {logging_mixin.py:151} INFO - [2023-11-06T14:31:26.061+0000] {dagbag.py:536} INFO - Filling up the DagBag from /opt/airflow/dags/script2.py
[2023-11-06T14:31:26.392+0000] {processor.py:839} INFO - DAG(s) dict_keys(['traffic_data']) retrieved from /opt/airflow/dags/script2.py
[2023-11-06T14:31:27.127+0000] {logging_mixin.py:151} INFO - [2023-11-06T14:31:27.126+0000] {dag.py:2941} INFO - Sync 1 DAGs
[2023-11-06T14:31:27.233+0000] {processor.py:179} INFO - Processing /opt/airflow/dags/script2.py took 1.252 seconds
[2023-11-06T14:31:57.484+0000] {processor.py:157} INFO - Started process (PID=112) to work on /opt/airflow/dags/script2.py
[2023-11-06T14:31:57.486+0000] {processor.py:829} INFO - Processing file /opt/airflow/dags/script2.py for tasks to queue
[2023-11-06T14:31:57.490+0000] {logging_mixin.py:151} INFO - [2023-11-06T14:31:57.490+0000] {dagbag.py:536} INFO - Filling up the DagBag from /opt/airflow/dags/script2.py
[2023-11-06T14:31:57.819+0000] {processor.py:839} INFO - DAG(s) dict_keys(['traffic_data']) retrieved from /opt/airflow/dags/script2.py
[2023-11-06T14:31:57.914+0000] {logging_mixin.py:151} INFO - [2023-11-06T14:31:57.913+0000] {dag.py:2941} INFO - Sync 1 DAGs
[2023-11-06T14:31:59.758+0000] {processor.py:179} INFO - Processing /opt/airflow/dags/script2.py took 2.281 seconds
[2023-11-06T14:32:30.174+0000] {processor.py:157} INFO - Started process (PID=122) to work on /opt/airflow/dags/script2.py
[2023-11-06T14:32:30.177+0000] {processor.py:829} INFO - Processing file /opt/airflow/dags/script2.py for tasks to queue
[2023-11-06T14:32:30.185+0000] {logging_mixin.py:151} INFO - [2023-11-06T14:32:30.184+0000] {dagbag.py:536} INFO - Filling up the DagBag from /opt/airflow/dags/script2.py
[2023-11-06T14:32:30.812+0000] {processor.py:839} INFO - DAG(s) dict_keys(['traffic_data']) retrieved from /opt/airflow/dags/script2.py
[2023-11-06T14:32:34.030+0000] {logging_mixin.py:151} INFO - [2023-11-06T14:32:34.029+0000] {dag.py:2941} INFO - Sync 1 DAGs
[2023-11-06T14:32:34.137+0000] {processor.py:179} INFO - Processing /opt/airflow/dags/script2.py took 3.996 seconds
[2023-11-06T14:33:04.288+0000] {processor.py:157} INFO - Started process (PID=133) to work on /opt/airflow/dags/script2.py
[2023-11-06T14:33:04.289+0000] {processor.py:829} INFO - Processing file /opt/airflow/dags/script2.py for tasks to queue
[2023-11-06T14:33:04.295+0000] {logging_mixin.py:151} INFO - [2023-11-06T14:33:04.293+0000] {dagbag.py:536} INFO - Filling up the DagBag from /opt/airflow/dags/script2.py
[2023-11-06T14:33:04.993+0000] {processor.py:839} INFO - DAG(s) dict_keys(['traffic_data']) retrieved from /opt/airflow/dags/script2.py
[2023-11-06T14:33:05.087+0000] {logging_mixin.py:151} INFO - [2023-11-06T14:33:05.086+0000] {dag.py:2941} INFO - Sync 1 DAGs
[2023-11-06T14:33:05.271+0000] {processor.py:179} INFO - Processing /opt/airflow/dags/script2.py took 0.991 seconds
[2023-11-06T14:33:35.563+0000] {processor.py:157} INFO - Started process (PID=142) to work on /opt/airflow/dags/script2.py
[2023-11-06T14:33:35.564+0000] {processor.py:829} INFO - Processing file /opt/airflow/dags/script2.py for tasks to queue
[2023-11-06T14:33:35.568+0000] {logging_mixin.py:151} INFO - [2023-11-06T14:33:35.567+0000] {dagbag.py:536} INFO - Filling up the DagBag from /opt/airflow/dags/script2.py
[2023-11-06T14:33:35.754+0000] {processor.py:839} INFO - DAG(s) dict_keys(['traffic_data']) retrieved from /opt/airflow/dags/script2.py
[2023-11-06T14:33:36.158+0000] {logging_mixin.py:151} INFO - [2023-11-06T14:33:36.157+0000] {dag.py:2941} INFO - Sync 1 DAGs
[2023-11-06T14:33:36.243+0000] {processor.py:179} INFO - Processing /opt/airflow/dags/script2.py took 0.687 seconds
[2023-11-06T14:47:30.673+0000] {processor.py:157} INFO - Started process (PID=75) to work on /opt/airflow/dags/script2.py
[2023-11-06T14:47:30.704+0000] {processor.py:829} INFO - Processing file /opt/airflow/dags/script2.py for tasks to queue
[2023-11-06T14:47:30.734+0000] {logging_mixin.py:151} INFO - [2023-11-06T14:47:30.720+0000] {dagbag.py:536} INFO - Filling up the DagBag from /opt/airflow/dags/script2.py
[2023-11-06T14:47:42.101+0000] {processor.py:839} INFO - DAG(s) dict_keys(['traffic_data']) retrieved from /opt/airflow/dags/script2.py
[2023-11-06T14:47:42.256+0000] {logging_mixin.py:151} INFO - [2023-11-06T14:47:42.253+0000] {taskinstance.py:1939} ERROR - {'DAG Id': 'traffic_data', 'Task Id': 'extract_data', 'Run Id': 'scheduled__2023-11-06T14:35:20.963796+00:00', 'Hostname': '0616bbdaf328', 'External Executor Id': '89251215-f565-4d45-8f08-96b74f2e7799'}
[2023-11-06T14:47:42.398+0000] {logging_mixin.py:151} INFO - [2023-11-06T14:47:42.397+0000] {taskinstance.py:1400} INFO - Marking task as UP_FOR_RETRY. dag_id=traffic_data, task_id=extract_data, execution_date=20231106T143520, start_date=20231106T143704, end_date=20231106T144742
[2023-11-06T14:47:42.498+0000] {processor.py:790} INFO - Executed failure callback for <TaskInstance: traffic_data.extract_data scheduled__2023-11-06T14:35:20.963796+00:00 [up_for_retry]> in state up_for_retry
[2023-11-06T14:47:42.512+0000] {logging_mixin.py:151} INFO - [2023-11-06T14:47:42.512+0000] {taskinstance.py:1939} ERROR - {'DAG Id': 'traffic_data', 'Task Id': 'extract_data', 'Run Id': 'scheduled__2023-11-06T14:35:20.963796+00:00', 'Hostname': '0616bbdaf328', 'External Executor Id': '89251215-f565-4d45-8f08-96b74f2e7799'}
[2023-11-06T14:47:42.535+0000] {logging_mixin.py:151} INFO - [2023-11-06T14:47:42.534+0000] {taskinstance.py:1400} INFO - Marking task as FAILED. dag_id=traffic_data, task_id=extract_data, execution_date=20231106T143520, start_date=20231106T143704, end_date=20231106T144742
[2023-11-06T14:47:42.547+0000] {processor.py:790} INFO - Executed failure callback for <TaskInstance: traffic_data.extract_data scheduled__2023-11-06T14:35:20.963796+00:00 [failed]> in state failed
[2023-11-06T14:47:42.557+0000] {logging_mixin.py:151} INFO - [2023-11-06T14:47:42.556+0000] {taskinstance.py:1939} ERROR - {'DAG Id': 'traffic_data', 'Task Id': 'extract_data', 'Run Id': 'scheduled__2023-11-06T14:35:20.963796+00:00', 'Hostname': '0616bbdaf328', 'External Executor Id': '89251215-f565-4d45-8f08-96b74f2e7799'}
[2023-11-06T14:47:42.593+0000] {logging_mixin.py:151} INFO - [2023-11-06T14:47:42.592+0000] {taskinstance.py:1400} INFO - Marking task as FAILED. dag_id=traffic_data, task_id=extract_data, execution_date=20231106T143520, start_date=20231106T143704, end_date=20231106T144742
[2023-11-06T14:47:42.614+0000] {processor.py:790} INFO - Executed failure callback for <TaskInstance: traffic_data.extract_data scheduled__2023-11-06T14:35:20.963796+00:00 [failed]> in state failed
[2023-11-06T14:47:42.623+0000] {logging_mixin.py:151} INFO - [2023-11-06T14:47:42.622+0000] {taskinstance.py:1939} ERROR - {'DAG Id': 'traffic_data', 'Task Id': 'extract_data', 'Run Id': 'scheduled__2023-11-06T14:35:20.963796+00:00', 'Hostname': '0616bbdaf328', 'External Executor Id': '89251215-f565-4d45-8f08-96b74f2e7799'}
[2023-11-06T14:47:42.652+0000] {logging_mixin.py:151} INFO - [2023-11-06T14:47:42.652+0000] {taskinstance.py:1400} INFO - Marking task as FAILED. dag_id=traffic_data, task_id=extract_data, execution_date=20231106T143520, start_date=20231106T143704, end_date=20231106T144742
[2023-11-06T14:47:42.671+0000] {processor.py:790} INFO - Executed failure callback for <TaskInstance: traffic_data.extract_data scheduled__2023-11-06T14:35:20.963796+00:00 [failed]> in state failed
[2023-11-06T14:47:42.680+0000] {logging_mixin.py:151} INFO - [2023-11-06T14:47:42.679+0000] {taskinstance.py:1939} ERROR - {'DAG Id': 'traffic_data', 'Task Id': 'extract_data', 'Run Id': 'scheduled__2023-11-06T14:35:20.963796+00:00', 'Hostname': '0616bbdaf328', 'External Executor Id': '89251215-f565-4d45-8f08-96b74f2e7799'}
[2023-11-06T14:47:42.701+0000] {logging_mixin.py:151} INFO - [2023-11-06T14:47:42.700+0000] {taskinstance.py:1400} INFO - Marking task as FAILED. dag_id=traffic_data, task_id=extract_data, execution_date=20231106T143520, start_date=20231106T143704, end_date=20231106T144742
[2023-11-06T14:47:42.711+0000] {processor.py:790} INFO - Executed failure callback for <TaskInstance: traffic_data.extract_data scheduled__2023-11-06T14:35:20.963796+00:00 [failed]> in state failed
[2023-11-06T14:47:44.619+0000] {logging_mixin.py:151} INFO - [2023-11-06T14:47:44.618+0000] {dag.py:2941} INFO - Sync 1 DAGs
[2023-11-06T14:47:45.187+0000] {processor.py:179} INFO - Processing /opt/airflow/dags/script2.py took 15.071 seconds
[2023-11-06T14:48:41.369+0000] {processor.py:157} INFO - Started process (PID=91) to work on /opt/airflow/dags/script2.py
[2023-11-06T14:48:41.374+0000] {processor.py:829} INFO - Processing file /opt/airflow/dags/script2.py for tasks to queue
[2023-11-06T14:48:41.404+0000] {logging_mixin.py:151} INFO - [2023-11-06T14:48:41.392+0000] {dagbag.py:536} INFO - Filling up the DagBag from /opt/airflow/dags/script2.py
[2023-11-06T14:48:48.420+0000] {processor.py:839} INFO - DAG(s) dict_keys(['traffic_data']) retrieved from /opt/airflow/dags/script2.py
[2023-11-06T14:48:48.510+0000] {logging_mixin.py:151} INFO - [2023-11-06T14:48:48.509+0000] {taskinstance.py:1939} ERROR - {'DAG Id': 'traffic_data', 'Task Id': 'extract_data', 'Run Id': 'scheduled__2023-11-06T14:35:20.963796+00:00', 'Hostname': '0616bbdaf328', 'External Executor Id': '89251215-f565-4d45-8f08-96b74f2e7799'}
[2023-11-06T14:48:49.003+0000] {logging_mixin.py:151} INFO - [2023-11-06T14:48:49.003+0000] {taskinstance.py:1400} INFO - Marking task as FAILED. dag_id=traffic_data, task_id=extract_data, execution_date=20231106T143520, start_date=20231106T143704, end_date=20231106T144848
[2023-11-06T14:48:49.122+0000] {processor.py:790} INFO - Executed failure callback for <TaskInstance: traffic_data.extract_data scheduled__2023-11-06T14:35:20.963796+00:00 [failed]> in state failed
[2023-11-06T14:48:49.155+0000] {logging_mixin.py:151} INFO - [2023-11-06T14:48:49.154+0000] {dag.py:2941} INFO - Sync 1 DAGs
[2023-11-06T14:48:49.409+0000] {processor.py:179} INFO - Processing /opt/airflow/dags/script2.py took 8.191 seconds
[2023-11-06T14:49:19.575+0000] {processor.py:157} INFO - Started process (PID=112) to work on /opt/airflow/dags/script2.py
[2023-11-06T14:49:19.577+0000] {processor.py:829} INFO - Processing file /opt/airflow/dags/script2.py for tasks to queue
[2023-11-06T14:49:19.580+0000] {logging_mixin.py:151} INFO - [2023-11-06T14:49:19.579+0000] {dagbag.py:536} INFO - Filling up the DagBag from /opt/airflow/dags/script2.py
[2023-11-06T14:49:20.437+0000] {processor.py:839} INFO - DAG(s) dict_keys(['traffic_data']) retrieved from /opt/airflow/dags/script2.py
[2023-11-06T14:49:20.753+0000] {logging_mixin.py:151} INFO - [2023-11-06T14:49:20.752+0000] {dag.py:2941} INFO - Sync 1 DAGs
[2023-11-06T14:49:20.896+0000] {processor.py:179} INFO - Processing /opt/airflow/dags/script2.py took 1.326 seconds
[2023-11-06T14:49:51.457+0000] {processor.py:157} INFO - Started process (PID=121) to work on /opt/airflow/dags/script2.py
[2023-11-06T14:49:51.460+0000] {processor.py:829} INFO - Processing file /opt/airflow/dags/script2.py for tasks to queue
[2023-11-06T14:49:51.463+0000] {logging_mixin.py:151} INFO - [2023-11-06T14:49:51.462+0000] {dagbag.py:536} INFO - Filling up the DagBag from /opt/airflow/dags/script2.py
[2023-11-06T14:49:51.931+0000] {processor.py:839} INFO - DAG(s) dict_keys(['traffic_data']) retrieved from /opt/airflow/dags/script2.py
[2023-11-06T14:49:51.982+0000] {logging_mixin.py:151} INFO - [2023-11-06T14:49:51.982+0000] {dag.py:2941} INFO - Sync 1 DAGs
[2023-11-06T14:49:52.065+0000] {processor.py:179} INFO - Processing /opt/airflow/dags/script2.py took 0.612 seconds
[2023-11-06T14:50:32.802+0000] {processor.py:157} INFO - Started process (PID=135) to work on /opt/airflow/dags/script2.py
[2023-11-06T14:50:32.810+0000] {processor.py:829} INFO - Processing file /opt/airflow/dags/script2.py for tasks to queue
[2023-11-06T14:50:32.843+0000] {logging_mixin.py:151} INFO - [2023-11-06T14:50:32.833+0000] {dagbag.py:536} INFO - Filling up the DagBag from /opt/airflow/dags/script2.py
[2023-11-06T14:50:41.447+0000] {processor.py:839} INFO - DAG(s) dict_keys(['traffic_data']) retrieved from /opt/airflow/dags/script2.py
[2023-11-06T14:50:41.627+0000] {logging_mixin.py:151} INFO - [2023-11-06T14:50:41.604+0000] {dag.py:2941} INFO - Sync 1 DAGs
[2023-11-06T14:50:41.869+0000] {processor.py:179} INFO - Processing /opt/airflow/dags/script2.py took 9.088 seconds
[2023-11-06T14:51:47.826+0000] {processor.py:157} INFO - Started process (PID=153) to work on /opt/airflow/dags/script2.py
[2023-11-06T14:51:47.832+0000] {processor.py:829} INFO - Processing file /opt/airflow/dags/script2.py for tasks to queue
[2023-11-06T14:51:47.851+0000] {logging_mixin.py:151} INFO - [2023-11-06T14:51:47.839+0000] {dagbag.py:536} INFO - Filling up the DagBag from /opt/airflow/dags/script2.py
[2023-11-06T14:51:53.052+0000] {processor.py:839} INFO - DAG(s) dict_keys(['traffic_data']) retrieved from /opt/airflow/dags/script2.py
[2023-11-06T14:51:53.140+0000] {logging_mixin.py:151} INFO - [2023-11-06T14:51:53.139+0000] {taskinstance.py:1939} ERROR - {'DAG Id': 'traffic_data', 'Task Id': 'load_data_to_logstash', 'Run Id': 'scheduled__2023-11-06T14:49:36.538363+00:00', 'Hostname': 'd0738550126e', 'External Executor Id': 'cef847be-0d7e-4646-8bda-5d6e8956276f'}
[2023-11-06T14:51:53.214+0000] {logging_mixin.py:151} INFO - [2023-11-06T14:51:53.214+0000] {taskinstance.py:1400} INFO - Marking task as UP_FOR_RETRY. dag_id=traffic_data, task_id=load_data_to_logstash, execution_date=20231106T144936, start_date=20231106T145056, end_date=20231106T145153
[2023-11-06T14:51:53.295+0000] {processor.py:790} INFO - Executed failure callback for <TaskInstance: traffic_data.load_data_to_logstash scheduled__2023-11-06T14:49:36.538363+00:00 [up_for_retry]> in state up_for_retry
[2023-11-06T14:51:54.301+0000] {logging_mixin.py:151} INFO - [2023-11-06T14:51:54.296+0000] {dag.py:2941} INFO - Sync 1 DAGs
[2023-11-06T14:51:54.493+0000] {processor.py:179} INFO - Processing /opt/airflow/dags/script2.py took 6.727 seconds
[2023-11-06T14:52:24.873+0000] {processor.py:157} INFO - Started process (PID=163) to work on /opt/airflow/dags/script2.py
[2023-11-06T14:52:24.885+0000] {processor.py:829} INFO - Processing file /opt/airflow/dags/script2.py for tasks to queue
[2023-11-06T14:52:24.890+0000] {logging_mixin.py:151} INFO - [2023-11-06T14:52:24.889+0000] {dagbag.py:536} INFO - Filling up the DagBag from /opt/airflow/dags/script2.py
[2023-11-06T14:52:36.892+0000] {processor.py:839} INFO - DAG(s) dict_keys(['traffic_data']) retrieved from /opt/airflow/dags/script2.py
[2023-11-06T14:52:36.997+0000] {logging_mixin.py:151} INFO - [2023-11-06T14:52:36.996+0000] {dag.py:2941} INFO - Sync 1 DAGs
[2023-11-06T14:52:37.262+0000] {processor.py:179} INFO - Processing /opt/airflow/dags/script2.py took 12.421 seconds
[2023-11-06T14:53:08.488+0000] {processor.py:157} INFO - Started process (PID=173) to work on /opt/airflow/dags/script2.py
[2023-11-06T14:53:08.511+0000] {processor.py:829} INFO - Processing file /opt/airflow/dags/script2.py for tasks to queue
[2023-11-06T14:53:08.553+0000] {logging_mixin.py:151} INFO - [2023-11-06T14:53:08.548+0000] {dagbag.py:536} INFO - Filling up the DagBag from /opt/airflow/dags/script2.py
[2023-11-06T14:54:43.097+0000] {processor.py:157} INFO - Started process (PID=191) to work on /opt/airflow/dags/script2.py
[2023-11-06T14:54:43.106+0000] {processor.py:829} INFO - Processing file /opt/airflow/dags/script2.py for tasks to queue
[2023-11-06T14:54:43.128+0000] {logging_mixin.py:151} INFO - [2023-11-06T14:54:43.118+0000] {dagbag.py:536} INFO - Filling up the DagBag from /opt/airflow/dags/script2.py
[2023-11-06T14:54:54.174+0000] {processor.py:839} INFO - DAG(s) dict_keys(['traffic_data']) retrieved from /opt/airflow/dags/script2.py
[2023-11-06T14:54:54.242+0000] {logging_mixin.py:151} INFO - [2023-11-06T14:54:54.241+0000] {dag.py:2941} INFO - Sync 1 DAGs
[2023-11-06T14:54:54.457+0000] {processor.py:179} INFO - Processing /opt/airflow/dags/script2.py took 11.496 seconds
[2023-11-06T14:55:29.872+0000] {processor.py:157} INFO - Started process (PID=201) to work on /opt/airflow/dags/script2.py
[2023-11-06T14:55:29.893+0000] {processor.py:829} INFO - Processing file /opt/airflow/dags/script2.py for tasks to queue
[2023-11-06T14:55:29.932+0000] {logging_mixin.py:151} INFO - [2023-11-06T14:55:29.915+0000] {dagbag.py:536} INFO - Filling up the DagBag from /opt/airflow/dags/script2.py
[2023-11-06T14:55:38.634+0000] {processor.py:839} INFO - DAG(s) dict_keys(['traffic_data']) retrieved from /opt/airflow/dags/script2.py
[2023-11-06T14:55:42.243+0000] {logging_mixin.py:151} INFO - [2023-11-06T14:55:42.208+0000] {dag.py:2941} INFO - Sync 1 DAGs
[2023-11-06T14:55:45.511+0000] {processor.py:179} INFO - Processing /opt/airflow/dags/script2.py took 15.891 seconds
[2023-11-06T14:56:18.154+0000] {processor.py:157} INFO - Started process (PID=211) to work on /opt/airflow/dags/script2.py
[2023-11-06T14:56:18.186+0000] {processor.py:829} INFO - Processing file /opt/airflow/dags/script2.py for tasks to queue
[2023-11-06T14:56:18.277+0000] {logging_mixin.py:151} INFO - [2023-11-06T14:56:18.238+0000] {dagbag.py:536} INFO - Filling up the DagBag from /opt/airflow/dags/script2.py
[2023-11-06T14:56:41.313+0000] {processor.py:839} INFO - DAG(s) dict_keys(['traffic_data']) retrieved from /opt/airflow/dags/script2.py
[2023-11-06T14:58:39.650+0000] {processor.py:157} INFO - Started process (PID=236) to work on /opt/airflow/dags/script2.py
[2023-11-06T14:58:39.661+0000] {processor.py:829} INFO - Processing file /opt/airflow/dags/script2.py for tasks to queue
[2023-11-06T14:58:39.705+0000] {logging_mixin.py:151} INFO - [2023-11-06T14:58:39.682+0000] {dagbag.py:536} INFO - Filling up the DagBag from /opt/airflow/dags/script2.py
[2023-11-06T14:58:58.638+0000] {processor.py:839} INFO - DAG(s) dict_keys(['traffic_data']) retrieved from /opt/airflow/dags/script2.py
[2023-11-06T14:58:59.576+0000] {logging_mixin.py:151} INFO - [2023-11-06T14:58:59.575+0000] {dag.py:2941} INFO - Sync 1 DAGs
[2023-11-06T14:58:59.734+0000] {processor.py:179} INFO - Processing /opt/airflow/dags/script2.py took 20.248 seconds
[2023-11-06T14:59:30.169+0000] {processor.py:157} INFO - Started process (PID=246) to work on /opt/airflow/dags/script2.py
[2023-11-06T14:59:30.177+0000] {processor.py:829} INFO - Processing file /opt/airflow/dags/script2.py for tasks to queue
[2023-11-06T14:59:30.187+0000] {logging_mixin.py:151} INFO - [2023-11-06T14:59:30.185+0000] {dagbag.py:536} INFO - Filling up the DagBag from /opt/airflow/dags/script2.py
[2023-11-06T14:59:32.611+0000] {processor.py:839} INFO - DAG(s) dict_keys(['traffic_data']) retrieved from /opt/airflow/dags/script2.py
[2023-11-06T14:59:32.707+0000] {logging_mixin.py:151} INFO - [2023-11-06T14:59:32.706+0000] {dag.py:2941} INFO - Sync 1 DAGs
[2023-11-06T14:59:32.921+0000] {processor.py:179} INFO - Processing /opt/airflow/dags/script2.py took 2.786 seconds
[2023-11-06T15:00:06.731+0000] {processor.py:157} INFO - Started process (PID=264) to work on /opt/airflow/dags/script2.py
[2023-11-06T15:00:06.734+0000] {processor.py:829} INFO - Processing file /opt/airflow/dags/script2.py for tasks to queue
[2023-11-06T15:00:06.739+0000] {logging_mixin.py:151} INFO - [2023-11-06T15:00:06.738+0000] {dagbag.py:536} INFO - Filling up the DagBag from /opt/airflow/dags/script2.py
[2023-11-06T15:00:08.363+0000] {processor.py:839} INFO - DAG(s) dict_keys(['traffic_data']) retrieved from /opt/airflow/dags/script2.py
[2023-11-06T15:00:08.443+0000] {logging_mixin.py:151} INFO - [2023-11-06T15:00:08.442+0000] {dag.py:2941} INFO - Sync 1 DAGs
[2023-11-06T15:00:08.664+0000] {processor.py:179} INFO - Processing /opt/airflow/dags/script2.py took 1.946 seconds
[2023-11-06T15:01:43.848+0000] {processor.py:157} INFO - Started process (PID=274) to work on /opt/airflow/dags/script2.py
[2023-11-06T15:01:43.996+0000] {processor.py:829} INFO - Processing file /opt/airflow/dags/script2.py for tasks to queue
[2023-11-06T15:01:44.368+0000] {logging_mixin.py:151} INFO - [2023-11-06T15:01:44.132+0000] {dagbag.py:536} INFO - Filling up the DagBag from /opt/airflow/dags/script2.py
[2023-11-06T15:02:05.531+0000] {processor.py:839} INFO - DAG(s) dict_keys(['traffic_data']) retrieved from /opt/airflow/dags/script2.py
[2023-11-06T15:02:08.544+0000] {logging_mixin.py:151} INFO - [2023-11-06T15:02:08.543+0000] {dag.py:2941} INFO - Sync 1 DAGs
[2023-11-06T15:02:08.799+0000] {processor.py:179} INFO - Processing /opt/airflow/dags/script2.py took 27.286 seconds
