[2023-11-03T15:21:29.445+0000] {manager.py:487} INFO - Processing files using up to 2 processes at a time 
[2023-11-03T15:21:29.463+0000] {manager.py:488} INFO - Process each file at most once every 30 seconds
[2023-11-03T15:21:29.464+0000] {manager.py:489} INFO - Checking for new files in /opt/airflow/dags every 300 seconds
[2023-11-03T15:21:29.468+0000] {manager.py:755} INFO - Searching for files in /opt/airflow/dags
[2023-11-03T15:21:29.488+0000] {manager.py:758} INFO - There are 0 files in /opt/airflow/dags
[2023-11-03T15:26:29.988+0000] {manager.py:755} INFO - Searching for files in /opt/airflow/dags
[2023-11-03T15:26:30.921+0000] {manager.py:758} INFO - There are 0 files in /opt/airflow/dags
[2023-11-03T15:26:51.770+0000] {manager.py:469} INFO - Exiting gracefully upon receiving signal 15
[2023-11-03T15:31:24.070+0000] {manager.py:487} INFO - Processing files using up to 2 processes at a time 
[2023-11-03T15:31:24.076+0000] {manager.py:488} INFO - Process each file at most once every 30 seconds
[2023-11-03T15:31:24.077+0000] {manager.py:489} INFO - Checking for new files in /opt/airflow/dags every 300 seconds
[2023-11-03T15:31:24.080+0000] {manager.py:755} INFO - Searching for files in /opt/airflow/dags
[2023-11-03T15:31:24.089+0000] {manager.py:758} INFO - There are 0 files in /opt/airflow/dags
[2023-11-03T15:34:13.392+0000] {manager.py:469} INFO - Exiting gracefully upon receiving signal 15
[2023-11-03T15:36:44.452+0000] {manager.py:487} INFO - Processing files using up to 2 processes at a time 
[2023-11-03T15:36:44.455+0000] {manager.py:488} INFO - Process each file at most once every 30 seconds
[2023-11-03T15:36:44.455+0000] {manager.py:489} INFO - Checking for new files in /opt/airflow/dags every 300 seconds
[2023-11-03T15:36:44.456+0000] {manager.py:755} INFO - Searching for files in /opt/airflow/dags
[2023-11-03T15:36:44.458+0000] {manager.py:758} INFO - There are 0 files in /opt/airflow/dags
[2023-11-03T15:41:44.474+0000] {manager.py:755} INFO - Searching for files in /opt/airflow/dags
[2023-11-03T15:41:44.715+0000] {manager.py:758} INFO - There are 0 files in /opt/airflow/dags
[2023-11-03T15:46:44.556+0000] {manager.py:755} INFO - Searching for files in /opt/airflow/dags
[2023-11-03T15:46:44.795+0000] {manager.py:758} INFO - There are 1 files in /opt/airflow/dags
[2023-11-03T15:46:50.815+0000] {manager.py:887} INFO - 
================================================================================
DAG File Processing Stats

File Path                      PID  Runtime      # DAGs    # Errors  Last Runtime    Last Run
---------------------------  -----  ---------  --------  ----------  --------------  ----------
/opt/airflow/dags/script.py    184  5.16s             0           0
================================================================================
[2023-11-03T15:47:21.167+0000] {manager.py:887} INFO - 
================================================================================
DAG File Processing Stats

File Path                    PID    Runtime      # DAGs    # Errors  Last Runtime    Last Run
---------------------------  -----  ---------  --------  ----------  --------------  -------------------
/opt/airflow/dags/script.py                           1           0  6.16s           2023-11-03T15:46:51
================================================================================
[2023-11-03T15:47:51.830+0000] {manager.py:887} INFO - 
================================================================================
DAG File Processing Stats

File Path                    PID    Runtime      # DAGs    # Errors  Last Runtime    Last Run
---------------------------  -----  ---------  --------  ----------  --------------  -------------------
/opt/airflow/dags/script.py                           1           0  2.85s           2023-11-03T15:47:25
================================================================================
[2023-11-03T15:49:13.494+0000] {manager.py:887} INFO - 
================================================================================
DAG File Processing Stats

File Path                      PID  Runtime      # DAGs    # Errors  Last Runtime    Last Run
---------------------------  -----  ---------  --------  ----------  --------------  -------------------
/opt/airflow/dags/script.py    201  5.17s             1           0  1.67s           2023-11-03T15:47:57
================================================================================
[2023-11-03T15:49:44.793+0000] {manager.py:887} INFO - 
================================================================================
DAG File Processing Stats

File Path                    PID    Runtime      # DAGs    # Errors  Last Runtime    Last Run
---------------------------  -----  ---------  --------  ----------  --------------  -------------------
/opt/airflow/dags/script.py                           1           0  39.25s          2023-11-03T15:49:36
================================================================================
[2023-11-03T15:50:14.757+0000] {manager.py:887} INFO - 
================================================================================
DAG File Processing Stats

File Path                    PID    Runtime      # DAGs    # Errors  Last Runtime    Last Run
---------------------------  -----  ---------  --------  ----------  --------------  -------------------
/opt/airflow/dags/script.py                           1           0  0.84s           2023-11-03T15:50:07
================================================================================
[2023-11-03T15:50:44.941+0000] {manager.py:887} INFO - 
================================================================================
DAG File Processing Stats

File Path                    PID    Runtime      # DAGs    # Errors  Last Runtime    Last Run
---------------------------  -----  ---------  --------  ----------  --------------  -------------------
/opt/airflow/dags/script.py                           1           0  1.97s           2023-11-03T15:50:39
================================================================================
[2023-11-03T15:51:15.241+0000] {manager.py:887} INFO - 
================================================================================
DAG File Processing Stats

File Path                    PID    Runtime      # DAGs    # Errors  Last Runtime    Last Run
---------------------------  -----  ---------  --------  ----------  --------------  -------------------
/opt/airflow/dags/script.py                           1           0  0.94s           2023-11-03T15:51:11
================================================================================
[2023-11-03T15:51:44.722+0000] {manager.py:755} INFO - Searching for files in /opt/airflow/dags
[2023-11-03T15:51:44.733+0000] {manager.py:758} INFO - There are 1 files in /opt/airflow/dags
[2023-11-03T15:51:45.822+0000] {manager.py:887} INFO - 
================================================================================
DAG File Processing Stats

File Path                    PID    Runtime      # DAGs    # Errors  Last Runtime    Last Run
---------------------------  -----  ---------  --------  ----------  --------------  -------------------
/opt/airflow/dags/script.py                           1           0  0.67s           2023-11-03T15:51:42
================================================================================
[2023-11-03T15:52:16.014+0000] {manager.py:887} INFO - 
================================================================================
DAG File Processing Stats

File Path                    PID    Runtime      # DAGs    # Errors  Last Runtime    Last Run
---------------------------  -----  ---------  --------  ----------  --------------  -------------------
/opt/airflow/dags/script.py                           1           0  2.50s           2023-11-03T15:52:14
================================================================================
[2023-11-03T15:52:46.121+0000] {manager.py:887} INFO - 
================================================================================
DAG File Processing Stats

File Path                      PID  Runtime      # DAGs    # Errors  Last Runtime    Last Run
---------------------------  -----  ---------  --------  ----------  --------------  -------------------
/opt/airflow/dags/script.py    255  1.05s             1           0  2.50s           2023-11-03T15:52:14
================================================================================
[2023-11-03T15:53:16.503+0000] {manager.py:887} INFO - 
================================================================================
DAG File Processing Stats

File Path                    PID    Runtime      # DAGs    # Errors  Last Runtime    Last Run
---------------------------  -----  ---------  --------  ----------  --------------  -------------------
/opt/airflow/dags/script.py                           1           0  1.77s           2023-11-03T15:52:46
================================================================================
[2023-11-03T15:53:46.661+0000] {manager.py:887} INFO - 
================================================================================
DAG File Processing Stats

File Path                    PID    Runtime      # DAGs    # Errors  Last Runtime    Last Run
---------------------------  -----  ---------  --------  ----------  --------------  -------------------
/opt/airflow/dags/script.py                           1           0  0.18s           2023-11-03T15:53:46
================================================================================
[2023-11-03T15:54:16.724+0000] {manager.py:887} INFO - 
================================================================================
DAG File Processing Stats

File Path                      PID  Runtime      # DAGs    # Errors  Last Runtime    Last Run
---------------------------  -----  ---------  --------  ----------  --------------  -------------------
/opt/airflow/dags/script.py    281  0.01s             1           0  0.18s           2023-11-03T15:53:46
================================================================================
[2023-11-03T15:54:47.164+0000] {manager.py:887} INFO - 
================================================================================
DAG File Processing Stats

File Path                      PID  Runtime      # DAGs    # Errors  Last Runtime    Last Run
---------------------------  -----  ---------  --------  ----------  --------------  -------------------
/opt/airflow/dags/script.py    289  0.02s             1           0  0.26s           2023-11-03T15:54:16
================================================================================
[2023-11-03T15:55:17.353+0000] {manager.py:887} INFO - 
================================================================================
DAG File Processing Stats

File Path                    PID    Runtime      # DAGs    # Errors  Last Runtime    Last Run
---------------------------  -----  ---------  --------  ----------  --------------  -------------------
/opt/airflow/dags/script.py                           1           0  0.61s           2023-11-03T15:54:47
================================================================================
[2023-11-03T15:55:47.423+0000] {manager.py:887} INFO - 
================================================================================
DAG File Processing Stats

File Path                    PID    Runtime      # DAGs    # Errors  Last Runtime    Last Run
---------------------------  -----  ---------  --------  ----------  --------------  -------------------
/opt/airflow/dags/script.py                           1           0  0.21s           2023-11-03T15:55:18
================================================================================
[2023-11-03T15:56:17.693+0000] {manager.py:887} INFO - 
================================================================================
DAG File Processing Stats

File Path                    PID    Runtime      # DAGs    # Errors  Last Runtime    Last Run
---------------------------  -----  ---------  --------  ----------  --------------  -------------------
/opt/airflow/dags/script.py                           1           0  0.82s           2023-11-03T15:56:15
================================================================================
[2023-11-03T15:56:44.877+0000] {manager.py:755} INFO - Searching for files in /opt/airflow/dags
[2023-11-03T15:56:44.886+0000] {manager.py:758} INFO - There are 1 files in /opt/airflow/dags
[2023-11-03T15:56:48.013+0000] {manager.py:887} INFO - 
================================================================================
DAG File Processing Stats

File Path                    PID    Runtime      # DAGs    # Errors  Last Runtime    Last Run
---------------------------  -----  ---------  --------  ----------  --------------  -------------------
/opt/airflow/dags/script.py                           1           0  0.28s           2023-11-03T15:56:46
================================================================================
[2023-11-03T15:57:18.900+0000] {manager.py:887} INFO - 
================================================================================
DAG File Processing Stats

File Path                    PID    Runtime      # DAGs    # Errors  Last Runtime    Last Run
---------------------------  -----  ---------  --------  ----------  --------------  -------------------
/opt/airflow/dags/script.py                           1           0  0.28s           2023-11-03T15:57:14
================================================================================
[2023-11-03T15:57:49.176+0000] {manager.py:887} INFO - 
================================================================================
DAG File Processing Stats

File Path                    PID    Runtime      # DAGs    # Errors  Last Runtime    Last Run
---------------------------  -----  ---------  --------  ----------  --------------  -------------------
/opt/airflow/dags/script.py                           1           0  0.18s           2023-11-03T15:57:21
================================================================================
[2023-11-03T15:58:19.620+0000] {manager.py:887} INFO - 
================================================================================
DAG File Processing Stats

File Path                    PID    Runtime      # DAGs    # Errors  Last Runtime    Last Run
---------------------------  -----  ---------  --------  ----------  --------------  -------------------
/opt/airflow/dags/script.py                           1           0  0.19s           2023-11-03T15:57:54
================================================================================
[2023-11-03T15:58:49.838+0000] {manager.py:887} INFO - 
================================================================================
DAG File Processing Stats

File Path                    PID    Runtime      # DAGs    # Errors  Last Runtime    Last Run
---------------------------  -----  ---------  --------  ----------  --------------  -------------------
/opt/airflow/dags/script.py                           1           0  0.26s           2023-11-03T15:58:24
================================================================================
[2023-11-03T15:59:20.323+0000] {manager.py:887} INFO - 
================================================================================
DAG File Processing Stats

File Path                    PID    Runtime      # DAGs    # Errors  Last Runtime    Last Run
---------------------------  -----  ---------  --------  ----------  --------------  -------------------
/opt/airflow/dags/script.py                           1           0  0.32s           2023-11-03T15:58:55
================================================================================
[2023-11-03T15:59:50.414+0000] {manager.py:887} INFO - 
================================================================================
DAG File Processing Stats

File Path                    PID    Runtime      # DAGs    # Errors  Last Runtime    Last Run
---------------------------  -----  ---------  --------  ----------  --------------  -------------------
/opt/airflow/dags/script.py                           1           0  0.37s           2023-11-03T15:59:26
================================================================================
[2023-11-03T16:00:20.615+0000] {manager.py:887} INFO - 
================================================================================
DAG File Processing Stats

File Path                    PID    Runtime      # DAGs    # Errors  Last Runtime    Last Run
---------------------------  -----  ---------  --------  ----------  --------------  -------------------
/opt/airflow/dags/script.py                           1           0  1.73s           2023-11-03T15:59:57
================================================================================
[2023-11-03T16:00:50.700+0000] {manager.py:887} INFO - 
================================================================================
DAG File Processing Stats

File Path                    PID    Runtime      # DAGs    # Errors  Last Runtime    Last Run
---------------------------  -----  ---------  --------  ----------  --------------  -------------------
/opt/airflow/dags/script.py                           1           0  0.50s           2023-11-03T16:00:28
================================================================================
[2023-11-03T16:01:20.968+0000] {manager.py:887} INFO - 
================================================================================
DAG File Processing Stats

File Path                    PID    Runtime      # DAGs    # Errors  Last Runtime    Last Run
---------------------------  -----  ---------  --------  ----------  --------------  -------------------
/opt/airflow/dags/script.py                           1           0  0.87s           2023-11-03T16:00:59
================================================================================
[2023-11-03T16:01:45.176+0000] {manager.py:755} INFO - Searching for files in /opt/airflow/dags
[2023-11-03T16:01:45.227+0000] {manager.py:758} INFO - There are 1 files in /opt/airflow/dags
[2023-11-03T16:01:51.627+0000] {manager.py:887} INFO - 
================================================================================
DAG File Processing Stats

File Path                      PID  Runtime      # DAGs    # Errors  Last Runtime    Last Run
---------------------------  -----  ---------  --------  ----------  --------------  -------------------
/opt/airflow/dags/script.py    400  21.79s            1           0  0.87s           2023-11-03T16:00:59
================================================================================
[2023-11-03T16:02:22.191+0000] {manager.py:887} INFO - 
================================================================================
DAG File Processing Stats

File Path                      PID  Runtime      # DAGs    # Errors  Last Runtime    Last Run
---------------------------  -----  ---------  --------  ----------  --------------  -------------------
/opt/airflow/dags/script.py    408  15.97s            1           0  26.66s          2023-11-03T16:01:56
================================================================================
[2023-11-03T16:02:54.387+0000] {manager.py:887} INFO - 
================================================================================
DAG File Processing Stats

File Path                    PID    Runtime      # DAGs    # Errors  Last Runtime    Last Run
---------------------------  -----  ---------  --------  ----------  --------------  -------------------
/opt/airflow/dags/script.py                           1           0  1.63s           2023-11-03T16:02:39
================================================================================
[2023-11-03T16:03:23.991+0000] {manager.py:887} INFO - 
================================================================================
DAG File Processing Stats

File Path                    PID    Runtime      # DAGs    # Errors  Last Runtime    Last Run
---------------------------  -----  ---------  --------  ----------  --------------  -------------------
/opt/airflow/dags/script.py                           1           0  0.73s           2023-11-03T16:03:10
================================================================================
[2023-11-03T16:03:53.801+0000] {manager.py:887} INFO - 
================================================================================
DAG File Processing Stats

File Path                    PID    Runtime      # DAGs    # Errors  Last Runtime    Last Run
---------------------------  -----  ---------  --------  ----------  --------------  -------------------
/opt/airflow/dags/script.py                           1           0  0.41s           2023-11-03T16:03:36
================================================================================
[2023-11-03T16:04:24.112+0000] {manager.py:887} INFO - 
================================================================================
DAG File Processing Stats

File Path                    PID    Runtime      # DAGs    # Errors  Last Runtime    Last Run
---------------------------  -----  ---------  --------  ----------  --------------  -------------------
/opt/airflow/dags/script.py                           1           0  0.71s           2023-11-03T16:04:23
================================================================================
[2023-11-03T16:04:54.528+0000] {manager.py:887} INFO - 
================================================================================
DAG File Processing Stats

File Path                    PID    Runtime      # DAGs    # Errors  Last Runtime    Last Run
---------------------------  -----  ---------  --------  ----------  --------------  -------------------
/opt/airflow/dags/script.py                           1           0  0.44s           2023-11-03T16:04:37
================================================================================
[2023-11-03T16:05:25.258+0000] {manager.py:887} INFO - 
================================================================================
DAG File Processing Stats

File Path                    PID    Runtime      # DAGs    # Errors  Last Runtime    Last Run
---------------------------  -----  ---------  --------  ----------  --------------  -------------------
/opt/airflow/dags/script.py                           1           0  0.42s           2023-11-03T16:05:22
================================================================================
[2023-11-03T16:05:55.429+0000] {manager.py:887} INFO - 
================================================================================
DAG File Processing Stats

File Path                    PID    Runtime      # DAGs    # Errors  Last Runtime    Last Run
---------------------------  -----  ---------  --------  ----------  --------------  -------------------
/opt/airflow/dags/script.py                           1           0  0.66s           2023-11-03T16:05:55
================================================================================
[2023-11-03T16:06:26.333+0000] {manager.py:887} INFO - 
================================================================================
DAG File Processing Stats

File Path                      PID  Runtime      # DAGs    # Errors  Last Runtime    Last Run
---------------------------  -----  ---------  --------  ----------  --------------  -------------------
/opt/airflow/dags/script.py    466  0.02s             1           0  0.66s           2023-11-03T16:05:55
================================================================================
[2023-11-03T16:06:51.413+0000] {manager.py:755} INFO - Searching for files in /opt/airflow/dags
[2023-11-03T16:06:51.439+0000] {manager.py:758} INFO - There are 1 files in /opt/airflow/dags
[2023-11-03T16:06:57.243+0000] {manager.py:887} INFO - 
================================================================================
DAG File Processing Stats

File Path                    PID    Runtime      # DAGs    # Errors  Last Runtime    Last Run
---------------------------  -----  ---------  --------  ----------  --------------  -------------------
/opt/airflow/dags/script.py                           1           0  25.83s          2023-11-03T16:06:52
================================================================================
[2023-11-03T16:07:33.384+0000] {manager.py:887} INFO - 
================================================================================
DAG File Processing Stats

File Path                      PID  Runtime      # DAGs    # Errors  Last Runtime    Last Run
---------------------------  -----  ---------  --------  ----------  --------------  -------------------
/opt/airflow/dags/script.py    467  10.38s            1           0  25.83s          2023-11-03T16:06:52
================================================================================
[2023-11-03T16:07:56.440+0000] {manager.py:469} INFO - Exiting gracefully upon receiving signal 15
[2023-11-03T16:07:56.444+0000] {manager.py:469} INFO - Exiting gracefully upon receiving signal 15
[2023-11-03T16:08:13.128+0000] {manager.py:469} INFO - Exiting gracefully upon receiving signal 15
[2023-11-03T16:09:16.640+0000] {manager.py:487} INFO - Processing files using up to 2 processes at a time 
[2023-11-03T16:09:16.651+0000] {manager.py:488} INFO - Process each file at most once every 30 seconds
[2023-11-03T16:09:16.651+0000] {manager.py:489} INFO - Checking for new files in /opt/airflow/dags every 300 seconds
[2023-11-03T16:09:16.652+0000] {manager.py:755} INFO - Searching for files in /opt/airflow/dags
[2023-11-03T16:09:16.659+0000] {manager.py:758} INFO - There are 1 files in /opt/airflow/dags
[2023-11-03T16:09:17.425+0000] {manager.py:887} INFO - 
================================================================================
DAG File Processing Stats

File Path                      PID  Runtime      # DAGs    # Errors  Last Runtime    Last Run
---------------------------  -----  ---------  --------  ----------  --------------  ----------
/opt/airflow/dags/script.py     40  0.48s             0           0
================================================================================
[2023-11-03T16:09:47.769+0000] {manager.py:887} INFO - 
================================================================================
DAG File Processing Stats

File Path                    PID    Runtime      # DAGs    # Errors  Last Runtime    Last Run
---------------------------  -----  ---------  --------  ----------  --------------  -------------------
/opt/airflow/dags/script.py                           1           0  1.25s           2023-11-03T16:09:18
================================================================================
[2023-11-03T16:10:06.891+0000] {manager.py:469} INFO - Exiting gracefully upon receiving signal 15
[2023-11-03T16:11:06.094+0000] {manager.py:487} INFO - Processing files using up to 2 processes at a time 
[2023-11-03T16:11:06.096+0000] {manager.py:488} INFO - Process each file at most once every 30 seconds
[2023-11-03T16:11:06.097+0000] {manager.py:489} INFO - Checking for new files in /opt/airflow/dags every 300 seconds
[2023-11-03T16:11:06.098+0000] {manager.py:755} INFO - Searching for files in /opt/airflow/dags
[2023-11-03T16:11:06.109+0000] {manager.py:758} INFO - There are 1 files in /opt/airflow/dags
[2023-11-03T16:11:06.403+0000] {manager.py:887} INFO - 
================================================================================
DAG File Processing Stats

File Path                      PID  Runtime      # DAGs    # Errors  Last Runtime    Last Run
---------------------------  -----  ---------  --------  ----------  --------------  ----------
/opt/airflow/dags/script.py     38  0.08s             0           0
================================================================================
[2023-11-03T16:11:36.475+0000] {manager.py:887} INFO - 
================================================================================
DAG File Processing Stats

File Path                      PID  Runtime      # DAGs    # Errors  Last Runtime    Last Run
---------------------------  -----  ---------  --------  ----------  --------------  -------------------
/opt/airflow/dags/script.py     41  5.53s             1           0  4.32s           2023-11-03T16:11:18
================================================================================
[2023-11-03T16:12:03.022+0000] {manager.py:1025} ERROR - Processor for /opt/airflow/dags/script.py exited with return code 1.
[2023-11-03T16:12:07.134+0000] {manager.py:887} INFO - 
================================================================================
DAG File Processing Stats

File Path                    PID    Runtime      # DAGs    # Errors  Last Runtime    Last Run
---------------------------  -----  ---------  --------  ----------  --------------  -------------------
/opt/airflow/dags/script.py                           0          -1  32.08s          2023-11-03T16:12:03
================================================================================
[2023-11-03T16:12:10.307+0000] {manager.py:469} INFO - Exiting gracefully upon receiving signal 15
[2023-11-03T16:13:56.122+0000] {manager.py:487} INFO - Processing files using up to 2 processes at a time 
[2023-11-03T16:13:56.131+0000] {manager.py:488} INFO - Process each file at most once every 30 seconds
[2023-11-03T16:13:56.132+0000] {manager.py:489} INFO - Checking for new files in /opt/airflow/dags every 300 seconds
[2023-11-03T16:13:56.135+0000] {manager.py:755} INFO - Searching for files in /opt/airflow/dags
[2023-11-03T16:13:56.154+0000] {manager.py:758} INFO - There are 1 files in /opt/airflow/dags
[2023-11-03T16:14:06.272+0000] {manager.py:765} ERROR - Error removing old import errors
Traceback (most recent call last):
  File "/home/airflow/.local/lib/python3.8/site-packages/sqlalchemy/engine/base.py", line 3371, in _wrap_pool_connect
    return fn()
  File "/home/airflow/.local/lib/python3.8/site-packages/sqlalchemy/pool/base.py", line 327, in connect
    return _ConnectionFairy._checkout(self)
  File "/home/airflow/.local/lib/python3.8/site-packages/sqlalchemy/pool/base.py", line 894, in _checkout
    fairy = _ConnectionRecord.checkout(pool)
  File "/home/airflow/.local/lib/python3.8/site-packages/sqlalchemy/pool/base.py", line 493, in checkout
    rec = pool._do_get()
  File "/home/airflow/.local/lib/python3.8/site-packages/sqlalchemy/pool/impl.py", line 146, in _do_get
    self._dec_overflow()
  File "/home/airflow/.local/lib/python3.8/site-packages/sqlalchemy/util/langhelpers.py", line 70, in __exit__
    compat.raise_(
  File "/home/airflow/.local/lib/python3.8/site-packages/sqlalchemy/util/compat.py", line 211, in raise_
    raise exception
  File "/home/airflow/.local/lib/python3.8/site-packages/sqlalchemy/pool/impl.py", line 143, in _do_get
    return self._create_connection()
  File "/home/airflow/.local/lib/python3.8/site-packages/sqlalchemy/pool/base.py", line 273, in _create_connection
    return _ConnectionRecord(self)
  File "/home/airflow/.local/lib/python3.8/site-packages/sqlalchemy/pool/base.py", line 388, in __init__
    self.__connect()
  File "/home/airflow/.local/lib/python3.8/site-packages/sqlalchemy/pool/base.py", line 691, in __connect
    pool.logger.debug("Error on connect(): %s", e)
  File "/home/airflow/.local/lib/python3.8/site-packages/sqlalchemy/util/langhelpers.py", line 70, in __exit__
    compat.raise_(
  File "/home/airflow/.local/lib/python3.8/site-packages/sqlalchemy/util/compat.py", line 211, in raise_
    raise exception
  File "/home/airflow/.local/lib/python3.8/site-packages/sqlalchemy/pool/base.py", line 686, in __connect
    self.dbapi_connection = connection = pool._invoke_creator(self)
  File "/home/airflow/.local/lib/python3.8/site-packages/sqlalchemy/engine/create.py", line 574, in connect
    return dialect.connect(*cargs, **cparams)
  File "/home/airflow/.local/lib/python3.8/site-packages/sqlalchemy/engine/default.py", line 598, in connect
    return self.dbapi.connect(*cargs, **cparams)
  File "/home/airflow/.local/lib/python3.8/site-packages/psycopg2/__init__.py", line 122, in connect
    conn = _connect(dsn, connection_factory=connection_factory, **kwasync)
psycopg2.OperationalError: could not translate host name "postgres" to address: Temporary failure in name resolution


The above exception was the direct cause of the following exception:

Traceback (most recent call last):
  File "/home/airflow/.local/lib/python3.8/site-packages/airflow/dag_processing/manager.py", line 763, in _refresh_dag_dir
    DagFileProcessorManager.clear_nonexistent_import_errors(file_paths=self._file_paths)
  File "/home/airflow/.local/lib/python3.8/site-packages/airflow/api_internal/internal_api_call.py", line 114, in wrapper
    return func(*args, **kwargs)
  File "/home/airflow/.local/lib/python3.8/site-packages/airflow/utils/session.py", line 77, in wrapper
    return func(*args, session=session, **kwargs)
  File "/home/airflow/.local/lib/python3.8/site-packages/airflow/dag_processing/manager.py", line 823, in clear_nonexistent_import_errors
    query.delete(synchronize_session="fetch")
  File "/home/airflow/.local/lib/python3.8/site-packages/sqlalchemy/orm/query.py", line 3222, in delete
    result = self.session.execute(
  File "/home/airflow/.local/lib/python3.8/site-packages/sqlalchemy/orm/session.py", line 1716, in execute
    conn = self._connection_for_bind(bind)
  File "/home/airflow/.local/lib/python3.8/site-packages/sqlalchemy/orm/session.py", line 1555, in _connection_for_bind
    return self._transaction._connection_for_bind(
  File "/home/airflow/.local/lib/python3.8/site-packages/sqlalchemy/orm/session.py", line 750, in _connection_for_bind
    conn = bind.connect()
  File "/home/airflow/.local/lib/python3.8/site-packages/sqlalchemy/future/engine.py", line 406, in connect
    return super(Engine, self).connect()
  File "/home/airflow/.local/lib/python3.8/site-packages/sqlalchemy/engine/base.py", line 3325, in connect
    return self._connection_cls(self, close_with_result=close_with_result)
  File "/home/airflow/.local/lib/python3.8/site-packages/sqlalchemy/engine/base.py", line 96, in __init__
    else engine.raw_connection()
  File "/home/airflow/.local/lib/python3.8/site-packages/sqlalchemy/engine/base.py", line 3404, in raw_connection
    return self._wrap_pool_connect(self.pool.connect, _connection)
  File "/home/airflow/.local/lib/python3.8/site-packages/sqlalchemy/engine/base.py", line 3374, in _wrap_pool_connect
    Connection._handle_dbapi_exception_noconnection(
  File "/home/airflow/.local/lib/python3.8/site-packages/sqlalchemy/engine/base.py", line 2208, in _handle_dbapi_exception_noconnection
    util.raise_(
  File "/home/airflow/.local/lib/python3.8/site-packages/sqlalchemy/util/compat.py", line 211, in raise_
    raise exception
  File "/home/airflow/.local/lib/python3.8/site-packages/sqlalchemy/engine/base.py", line 3371, in _wrap_pool_connect
    return fn()
  File "/home/airflow/.local/lib/python3.8/site-packages/sqlalchemy/pool/base.py", line 327, in connect
    return _ConnectionFairy._checkout(self)
  File "/home/airflow/.local/lib/python3.8/site-packages/sqlalchemy/pool/base.py", line 894, in _checkout
    fairy = _ConnectionRecord.checkout(pool)
  File "/home/airflow/.local/lib/python3.8/site-packages/sqlalchemy/pool/base.py", line 493, in checkout
    rec = pool._do_get()
  File "/home/airflow/.local/lib/python3.8/site-packages/sqlalchemy/pool/impl.py", line 146, in _do_get
    self._dec_overflow()
  File "/home/airflow/.local/lib/python3.8/site-packages/sqlalchemy/util/langhelpers.py", line 70, in __exit__
    compat.raise_(
  File "/home/airflow/.local/lib/python3.8/site-packages/sqlalchemy/util/compat.py", line 211, in raise_
    raise exception
  File "/home/airflow/.local/lib/python3.8/site-packages/sqlalchemy/pool/impl.py", line 143, in _do_get
    return self._create_connection()
  File "/home/airflow/.local/lib/python3.8/site-packages/sqlalchemy/pool/base.py", line 273, in _create_connection
    return _ConnectionRecord(self)
  File "/home/airflow/.local/lib/python3.8/site-packages/sqlalchemy/pool/base.py", line 388, in __init__
    self.__connect()
  File "/home/airflow/.local/lib/python3.8/site-packages/sqlalchemy/pool/base.py", line 691, in __connect
    pool.logger.debug("Error on connect(): %s", e)
  File "/home/airflow/.local/lib/python3.8/site-packages/sqlalchemy/util/langhelpers.py", line 70, in __exit__
    compat.raise_(
  File "/home/airflow/.local/lib/python3.8/site-packages/sqlalchemy/util/compat.py", line 211, in raise_
    raise exception
  File "/home/airflow/.local/lib/python3.8/site-packages/sqlalchemy/pool/base.py", line 686, in __connect
    self.dbapi_connection = connection = pool._invoke_creator(self)
  File "/home/airflow/.local/lib/python3.8/site-packages/sqlalchemy/engine/create.py", line 574, in connect
    return dialect.connect(*cargs, **cparams)
  File "/home/airflow/.local/lib/python3.8/site-packages/sqlalchemy/engine/default.py", line 598, in connect
    return self.dbapi.connect(*cargs, **cparams)
  File "/home/airflow/.local/lib/python3.8/site-packages/psycopg2/__init__.py", line 122, in connect
    conn = _connect(dsn, connection_factory=connection_factory, **kwasync)
sqlalchemy.exc.OperationalError: (psycopg2.OperationalError) could not translate host name "postgres" to address: Temporary failure in name resolution

(Background on this error at: https://sqlalche.me/e/14/e3q8)
[2023-11-03T16:16:05.771+0000] {manager.py:487} INFO - Processing files using up to 2 processes at a time 
[2023-11-03T16:16:05.772+0000] {manager.py:488} INFO - Process each file at most once every 30 seconds
[2023-11-03T16:16:05.773+0000] {manager.py:489} INFO - Checking for new files in /opt/airflow/dags every 300 seconds
[2023-11-03T16:16:05.775+0000] {manager.py:755} INFO - Searching for files in /opt/airflow/dags
[2023-11-03T16:16:05.785+0000] {manager.py:758} INFO - There are 1 files in /opt/airflow/dags
[2023-11-03T16:16:06.147+0000] {manager.py:887} INFO - 
================================================================================
DAG File Processing Stats

File Path                      PID  Runtime      # DAGs    # Errors  Last Runtime    Last Run
---------------------------  -----  ---------  --------  ----------  --------------  ----------
/opt/airflow/dags/script.py     51  0.20s             0           0
================================================================================
[2023-11-03T16:16:36.476+0000] {manager.py:887} INFO - 
================================================================================
DAG File Processing Stats

File Path                    PID    Runtime      # DAGs    # Errors  Last Runtime    Last Run
---------------------------  -----  ---------  --------  ----------  --------------  -------------------
/opt/airflow/dags/script.py                           1           0  0.99s           2023-11-03T16:16:15
================================================================================
[2023-11-03T16:17:06.707+0000] {manager.py:887} INFO - 
================================================================================
DAG File Processing Stats

File Path                    PID    Runtime      # DAGs    # Errors  Last Runtime    Last Run
---------------------------  -----  ---------  --------  ----------  --------------  -------------------
/opt/airflow/dags/script.py                           1           0  1.79s           2023-11-03T16:16:47
================================================================================
[2023-11-03T16:17:36.878+0000] {manager.py:887} INFO - 
================================================================================
DAG File Processing Stats

File Path                    PID    Runtime      # DAGs    # Errors  Last Runtime    Last Run
---------------------------  -----  ---------  --------  ----------  --------------  -------------------
/opt/airflow/dags/script.py                           1           0  0.64s           2023-11-03T16:17:18
================================================================================
[2023-11-03T16:18:06.916+0000] {manager.py:887} INFO - 
================================================================================
DAG File Processing Stats

File Path                    PID    Runtime      # DAGs    # Errors  Last Runtime    Last Run
---------------------------  -----  ---------  --------  ----------  --------------  -------------------
/opt/airflow/dags/script.py                           1           0  0.51s           2023-11-03T16:17:48
================================================================================
[2023-11-03T16:18:37.569+0000] {manager.py:887} INFO - 
================================================================================
DAG File Processing Stats

File Path                    PID    Runtime      # DAGs    # Errors  Last Runtime    Last Run
---------------------------  -----  ---------  --------  ----------  --------------  -------------------
/opt/airflow/dags/script.py                           1           0  0.60s           2023-11-03T16:18:19
================================================================================
[2023-11-03T16:19:07.811+0000] {manager.py:887} INFO - 
================================================================================
DAG File Processing Stats

File Path                    PID    Runtime      # DAGs    # Errors  Last Runtime    Last Run
---------------------------  -----  ---------  --------  ----------  --------------  -------------------
/opt/airflow/dags/script.py                           1           0  0.55s           2023-11-03T16:18:50
================================================================================
[2023-11-03T16:19:37.845+0000] {manager.py:887} INFO - 
================================================================================
DAG File Processing Stats

File Path                    PID    Runtime      # DAGs    # Errors  Last Runtime    Last Run
---------------------------  -----  ---------  --------  ----------  --------------  -------------------
/opt/airflow/dags/script.py                           1           0  0.40s           2023-11-03T16:19:20
================================================================================
[2023-11-03T16:20:08.017+0000] {manager.py:887} INFO - 
================================================================================
DAG File Processing Stats

File Path                    PID    Runtime      # DAGs    # Errors  Last Runtime    Last Run
---------------------------  -----  ---------  --------  ----------  --------------  -------------------
/opt/airflow/dags/script.py                           1           0  0.45s           2023-11-03T16:19:51
================================================================================
[2023-11-03T16:20:38.063+0000] {manager.py:887} INFO - 
================================================================================
DAG File Processing Stats

File Path                    PID    Runtime      # DAGs    # Errors  Last Runtime    Last Run
---------------------------  -----  ---------  --------  ----------  --------------  -------------------
/opt/airflow/dags/script.py                           1           0  0.45s           2023-11-03T16:20:21
================================================================================
[2023-11-03T16:21:06.218+0000] {manager.py:755} INFO - Searching for files in /opt/airflow/dags
[2023-11-03T16:21:06.220+0000] {manager.py:758} INFO - There are 1 files in /opt/airflow/dags
[2023-11-03T16:21:08.260+0000] {manager.py:887} INFO - 
================================================================================
DAG File Processing Stats

File Path                    PID    Runtime      # DAGs    # Errors  Last Runtime    Last Run
---------------------------  -----  ---------  --------  ----------  --------------  -------------------
/opt/airflow/dags/script.py                           1           0  0.42s           2023-11-03T16:20:52
================================================================================
[2023-11-03T16:21:38.793+0000] {manager.py:887} INFO - 
================================================================================
DAG File Processing Stats

File Path                    PID    Runtime      # DAGs    # Errors  Last Runtime    Last Run
---------------------------  -----  ---------  --------  ----------  --------------  -------------------
/opt/airflow/dags/script.py                           1           0  0.41s           2023-11-03T16:21:23
================================================================================
[2023-11-03T16:22:09.369+0000] {manager.py:887} INFO - 
================================================================================
DAG File Processing Stats

File Path                    PID    Runtime      # DAGs    # Errors  Last Runtime    Last Run
---------------------------  -----  ---------  --------  ----------  --------------  -------------------
/opt/airflow/dags/script.py                           1           0  0.42s           2023-11-03T16:21:53
================================================================================
[2023-11-03T16:22:39.939+0000] {manager.py:887} INFO - 
================================================================================
DAG File Processing Stats

File Path                    PID    Runtime      # DAGs    # Errors  Last Runtime    Last Run
---------------------------  -----  ---------  --------  ----------  --------------  -------------------
/opt/airflow/dags/script.py                           1           0  0.43s           2023-11-03T16:22:24
================================================================================
[2023-11-03T16:23:10.051+0000] {manager.py:887} INFO - 
================================================================================
DAG File Processing Stats

File Path                    PID    Runtime      # DAGs    # Errors  Last Runtime    Last Run
---------------------------  -----  ---------  --------  ----------  --------------  -------------------
/opt/airflow/dags/script.py                           1           0  0.52s           2023-11-03T16:22:54
================================================================================
[2023-11-03T16:23:40.227+0000] {manager.py:887} INFO - 
================================================================================
DAG File Processing Stats

File Path                    PID    Runtime      # DAGs    # Errors  Last Runtime    Last Run
---------------------------  -----  ---------  --------  ----------  --------------  -------------------
/opt/airflow/dags/script.py                           1           0  0.41s           2023-11-03T16:23:25
================================================================================
[2023-11-03T16:24:10.783+0000] {manager.py:887} INFO - 
================================================================================
DAG File Processing Stats

File Path                    PID    Runtime      # DAGs    # Errors  Last Runtime    Last Run
---------------------------  -----  ---------  --------  ----------  --------------  -------------------
/opt/airflow/dags/script.py                           1           0  0.41s           2023-11-03T16:23:56
================================================================================
[2023-11-03T16:24:40.825+0000] {manager.py:887} INFO - 
================================================================================
DAG File Processing Stats

File Path                    PID    Runtime      # DAGs    # Errors  Last Runtime    Last Run
---------------------------  -----  ---------  --------  ----------  --------------  -------------------
/opt/airflow/dags/script.py                           1           0  0.49s           2023-11-03T16:24:26
================================================================================
[2023-11-03T16:25:11.002+0000] {manager.py:887} INFO - 
================================================================================
DAG File Processing Stats

File Path                    PID    Runtime      # DAGs    # Errors  Last Runtime    Last Run
---------------------------  -----  ---------  --------  ----------  --------------  -------------------
/opt/airflow/dags/script.py                           1           0  0.45s           2023-11-03T16:24:57
================================================================================
[2023-11-03T16:25:41.150+0000] {manager.py:887} INFO - 
================================================================================
DAG File Processing Stats

File Path                    PID    Runtime      # DAGs    # Errors  Last Runtime    Last Run
---------------------------  -----  ---------  --------  ----------  --------------  -------------------
/opt/airflow/dags/script.py                           1           0  0.56s           2023-11-03T16:25:28
================================================================================
[2023-11-03T16:26:06.735+0000] {manager.py:755} INFO - Searching for files in /opt/airflow/dags
[2023-11-03T16:26:06.737+0000] {manager.py:758} INFO - There are 1 files in /opt/airflow/dags
[2023-11-03T16:26:11.797+0000] {manager.py:887} INFO - 
================================================================================
DAG File Processing Stats

File Path                    PID    Runtime      # DAGs    # Errors  Last Runtime    Last Run
---------------------------  -----  ---------  --------  ----------  --------------  -------------------
/opt/airflow/dags/script.py                           1           0  0.50s           2023-11-03T16:25:58
================================================================================
[2023-11-03T16:26:41.975+0000] {manager.py:887} INFO - 
================================================================================
DAG File Processing Stats

File Path                    PID    Runtime      # DAGs    # Errors  Last Runtime    Last Run
---------------------------  -----  ---------  --------  ----------  --------------  -------------------
/opt/airflow/dags/script.py                           1           0  0.43s           2023-11-03T16:26:29
================================================================================
[2023-11-03T16:27:12.547+0000] {manager.py:887} INFO - 
================================================================================
DAG File Processing Stats

File Path                    PID    Runtime      # DAGs    # Errors  Last Runtime    Last Run
---------------------------  -----  ---------  --------  ----------  --------------  -------------------
/opt/airflow/dags/script.py                           1           0  0.42s           2023-11-03T16:26:59
================================================================================
[2023-11-03T16:27:42.561+0000] {manager.py:887} INFO - 
================================================================================
DAG File Processing Stats

File Path                    PID    Runtime      # DAGs    # Errors  Last Runtime    Last Run
---------------------------  -----  ---------  --------  ----------  --------------  -------------------
/opt/airflow/dags/script.py                           1           0  0.45s           2023-11-03T16:27:30
================================================================================
[2023-11-03T16:28:12.728+0000] {manager.py:887} INFO - 
================================================================================
DAG File Processing Stats

File Path                    PID    Runtime      # DAGs    # Errors  Last Runtime    Last Run
---------------------------  -----  ---------  --------  ----------  --------------  -------------------
/opt/airflow/dags/script.py                           1           0  0.41s           2023-11-03T16:28:01
================================================================================
[2023-11-03T16:28:43.296+0000] {manager.py:887} INFO - 
================================================================================
DAG File Processing Stats

File Path                    PID    Runtime      # DAGs    # Errors  Last Runtime    Last Run
---------------------------  -----  ---------  --------  ----------  --------------  -------------------
/opt/airflow/dags/script.py                           1           0  0.44s           2023-11-03T16:28:31
================================================================================
[2023-11-03T16:29:13.423+0000] {manager.py:887} INFO - 
================================================================================
DAG File Processing Stats

File Path                    PID    Runtime      # DAGs    # Errors  Last Runtime    Last Run
---------------------------  -----  ---------  --------  ----------  --------------  -------------------
/opt/airflow/dags/script.py                           1           0  0.53s           2023-11-03T16:29:02
================================================================================
[2023-11-03T16:29:44.051+0000] {manager.py:887} INFO - 
================================================================================
DAG File Processing Stats

File Path                    PID    Runtime      # DAGs    # Errors  Last Runtime    Last Run
---------------------------  -----  ---------  --------  ----------  --------------  -------------------
/opt/airflow/dags/script.py                           1           0  0.64s           2023-11-03T16:29:33
================================================================================
[2023-11-03T16:30:14.370+0000] {manager.py:887} INFO - 
================================================================================
DAG File Processing Stats

File Path                    PID    Runtime      # DAGs    # Errors  Last Runtime    Last Run
---------------------------  -----  ---------  --------  ----------  --------------  -------------------
/opt/airflow/dags/script.py                           1           0  0.46s           2023-11-03T16:30:03
================================================================================
[2023-11-03T16:30:44.862+0000] {manager.py:887} INFO - 
================================================================================
DAG File Processing Stats

File Path                    PID    Runtime      # DAGs    # Errors  Last Runtime    Last Run
---------------------------  -----  ---------  --------  ----------  --------------  -------------------
/opt/airflow/dags/script.py                           1           0  0.46s           2023-11-03T16:30:34
================================================================================
[2023-11-03T16:31:06.888+0000] {manager.py:755} INFO - Searching for files in /opt/airflow/dags
[2023-11-03T16:31:06.890+0000] {manager.py:758} INFO - There are 1 files in /opt/airflow/dags
[2023-11-03T16:31:14.955+0000] {manager.py:887} INFO - 
================================================================================
DAG File Processing Stats

File Path                    PID    Runtime      # DAGs    # Errors  Last Runtime    Last Run
---------------------------  -----  ---------  --------  ----------  --------------  -------------------
/opt/airflow/dags/script.py                           1           0  0.46s           2023-11-03T16:31:04
================================================================================
[2023-11-03T16:31:45.113+0000] {manager.py:887} INFO - 
================================================================================
DAG File Processing Stats

File Path                    PID    Runtime      # DAGs    # Errors  Last Runtime    Last Run
---------------------------  -----  ---------  --------  ----------  --------------  -------------------
/opt/airflow/dags/script.py                           1           0  0.41s           2023-11-03T16:31:35
================================================================================
[2023-11-03T16:32:15.285+0000] {manager.py:887} INFO - 
================================================================================
DAG File Processing Stats

File Path                    PID    Runtime      # DAGs    # Errors  Last Runtime    Last Run
---------------------------  -----  ---------  --------  ----------  --------------  -------------------
/opt/airflow/dags/script.py                           1           0  0.61s           2023-11-03T16:32:06
================================================================================
[2023-11-03T16:32:45.461+0000] {manager.py:887} INFO - 
================================================================================
DAG File Processing Stats

File Path                    PID    Runtime      # DAGs    # Errors  Last Runtime    Last Run
---------------------------  -----  ---------  --------  ----------  --------------  -------------------
/opt/airflow/dags/script.py                           1           0  0.43s           2023-11-03T16:32:36
================================================================================
[2023-11-03T16:33:16.040+0000] {manager.py:887} INFO - 
================================================================================
DAG File Processing Stats

File Path                    PID    Runtime      # DAGs    # Errors  Last Runtime    Last Run
---------------------------  -----  ---------  --------  ----------  --------------  -------------------
/opt/airflow/dags/script.py                           1           0  0.40s           2023-11-03T16:33:07
================================================================================
[2023-11-03T16:33:46.596+0000] {manager.py:887} INFO - 
================================================================================
DAG File Processing Stats

File Path                    PID    Runtime      # DAGs    # Errors  Last Runtime    Last Run
---------------------------  -----  ---------  --------  ----------  --------------  -------------------
/opt/airflow/dags/script.py                           1           0  0.43s           2023-11-03T16:33:37
================================================================================
[2023-11-03T16:34:17.181+0000] {manager.py:887} INFO - 
================================================================================
DAG File Processing Stats

File Path                    PID    Runtime      # DAGs    # Errors  Last Runtime    Last Run
---------------------------  -----  ---------  --------  ----------  --------------  -------------------
/opt/airflow/dags/script.py                           1           0  0.40s           2023-11-03T16:34:08
================================================================================
[2023-11-03T16:34:47.738+0000] {manager.py:887} INFO - 
================================================================================
DAG File Processing Stats

File Path                    PID    Runtime      # DAGs    # Errors  Last Runtime    Last Run
---------------------------  -----  ---------  --------  ----------  --------------  -------------------
/opt/airflow/dags/script.py                           1           0  0.44s           2023-11-03T16:34:39
================================================================================
[2023-11-03T16:35:17.760+0000] {manager.py:887} INFO - 
================================================================================
DAG File Processing Stats

File Path                    PID    Runtime      # DAGs    # Errors  Last Runtime    Last Run
---------------------------  -----  ---------  --------  ----------  --------------  -------------------
/opt/airflow/dags/script.py                           1           0  0.44s           2023-11-03T16:35:09
================================================================================
[2023-11-03T16:35:47.926+0000] {manager.py:887} INFO - 
================================================================================
DAG File Processing Stats

File Path                    PID    Runtime      # DAGs    # Errors  Last Runtime    Last Run
---------------------------  -----  ---------  --------  ----------  --------------  -------------------
/opt/airflow/dags/script.py                           1           0  1.14s           2023-11-03T16:35:41
================================================================================
[2023-11-03T16:36:07.032+0000] {manager.py:755} INFO - Searching for files in /opt/airflow/dags
[2023-11-03T16:36:07.034+0000] {manager.py:758} INFO - There are 1 files in /opt/airflow/dags
[2023-11-03T16:36:18.203+0000] {manager.py:887} INFO - 
================================================================================
DAG File Processing Stats

File Path                    PID    Runtime      # DAGs    # Errors  Last Runtime    Last Run
---------------------------  -----  ---------  --------  ----------  --------------  -------------------
/opt/airflow/dags/script.py                           1           0  0.56s           2023-11-03T16:36:11
================================================================================
[2023-11-03T16:36:48.283+0000] {manager.py:887} INFO - 
================================================================================
DAG File Processing Stats

File Path                    PID    Runtime      # DAGs    # Errors  Last Runtime    Last Run
---------------------------  -----  ---------  --------  ----------  --------------  -------------------
/opt/airflow/dags/script.py                           1           0  0.45s           2023-11-03T16:36:42
================================================================================
[2023-11-03T16:37:18.458+0000] {manager.py:887} INFO - 
================================================================================
DAG File Processing Stats

File Path                    PID    Runtime      # DAGs    # Errors  Last Runtime    Last Run
---------------------------  -----  ---------  --------  ----------  --------------  -------------------
/opt/airflow/dags/script.py                           1           0  0.45s           2023-11-03T16:37:12
================================================================================
[2023-11-03T16:37:48.493+0000] {manager.py:887} INFO - 
================================================================================
DAG File Processing Stats

File Path                    PID    Runtime      # DAGs    # Errors  Last Runtime    Last Run
---------------------------  -----  ---------  --------  ----------  --------------  -------------------
/opt/airflow/dags/script.py                           1           0  0.45s           2023-11-03T16:37:43
================================================================================
[2023-11-03T16:38:18.656+0000] {manager.py:887} INFO - 
================================================================================
DAG File Processing Stats

File Path                    PID    Runtime      # DAGs    # Errors  Last Runtime    Last Run
---------------------------  -----  ---------  --------  ----------  --------------  -------------------
/opt/airflow/dags/script.py                           1           0  0.40s           2023-11-03T16:38:14
================================================================================
[2023-11-03T16:38:49.206+0000] {manager.py:887} INFO - 
================================================================================
DAG File Processing Stats

File Path                    PID    Runtime      # DAGs    # Errors  Last Runtime    Last Run
---------------------------  -----  ---------  --------  ----------  --------------  -------------------
/opt/airflow/dags/script.py                           1           0  0.41s           2023-11-03T16:38:44
================================================================================
[2023-11-03T16:39:19.787+0000] {manager.py:887} INFO - 
================================================================================
DAG File Processing Stats

File Path                    PID    Runtime      # DAGs    # Errors  Last Runtime    Last Run
---------------------------  -----  ---------  --------  ----------  --------------  -------------------
/opt/airflow/dags/script.py                           1           0  0.43s           2023-11-03T16:39:15
================================================================================
[2023-11-03T16:39:49.943+0000] {manager.py:887} INFO - 
================================================================================
DAG File Processing Stats

File Path                    PID    Runtime      # DAGs    # Errors  Last Runtime    Last Run
---------------------------  -----  ---------  --------  ----------  --------------  -------------------
/opt/airflow/dags/script.py                           1           0  0.60s           2023-11-03T16:39:45
================================================================================
[2023-11-03T16:40:20.154+0000] {manager.py:887} INFO - 
================================================================================
DAG File Processing Stats

File Path                    PID    Runtime      # DAGs    # Errors  Last Runtime    Last Run
---------------------------  -----  ---------  --------  ----------  --------------  -------------------
/opt/airflow/dags/script.py                           1           0  0.58s           2023-11-03T16:40:16
================================================================================
[2023-11-03T16:40:50.293+0000] {manager.py:887} INFO - 
================================================================================
DAG File Processing Stats

File Path                    PID    Runtime      # DAGs    # Errors  Last Runtime    Last Run
---------------------------  -----  ---------  --------  ----------  --------------  -------------------
/opt/airflow/dags/script.py                           1           0  0.44s           2023-11-03T16:40:47
================================================================================
[2023-11-03T16:41:07.384+0000] {manager.py:755} INFO - Searching for files in /opt/airflow/dags
[2023-11-03T16:41:07.386+0000] {manager.py:758} INFO - There are 1 files in /opt/airflow/dags
[2023-11-03T16:41:20.487+0000] {manager.py:887} INFO - 
================================================================================
DAG File Processing Stats

File Path                    PID    Runtime      # DAGs    # Errors  Last Runtime    Last Run
---------------------------  -----  ---------  --------  ----------  --------------  -------------------
/opt/airflow/dags/script.py                           1           0  0.42s           2023-11-03T16:41:17
================================================================================
[2023-11-03T16:41:50.536+0000] {manager.py:887} INFO - 
================================================================================
DAG File Processing Stats

File Path                    PID    Runtime      # DAGs    # Errors  Last Runtime    Last Run
---------------------------  -----  ---------  --------  ----------  --------------  -------------------
/opt/airflow/dags/script.py                           1           0  0.49s           2023-11-03T16:41:48
================================================================================
[2023-11-03T16:42:21.219+0000] {manager.py:887} INFO - 
================================================================================
DAG File Processing Stats

File Path                    PID    Runtime      # DAGs    # Errors  Last Runtime    Last Run
---------------------------  -----  ---------  --------  ----------  --------------  -------------------
/opt/airflow/dags/script.py                           1           0  0.53s           2023-11-03T16:42:19
================================================================================
[2023-11-03T16:42:51.410+0000] {manager.py:887} INFO - 
================================================================================
DAG File Processing Stats

File Path                    PID    Runtime      # DAGs    # Errors  Last Runtime    Last Run
---------------------------  -----  ---------  --------  ----------  --------------  -------------------
/opt/airflow/dags/script.py                           1           0  0.46s           2023-11-03T16:42:49
================================================================================
[2023-11-03T16:43:21.449+0000] {manager.py:887} INFO - 
================================================================================
DAG File Processing Stats

File Path                    PID    Runtime      # DAGs    # Errors  Last Runtime    Last Run
---------------------------  -----  ---------  --------  ----------  --------------  -------------------
/opt/airflow/dags/script.py                           1           0  0.45s           2023-11-03T16:43:20
================================================================================
[2023-11-03T16:43:51.619+0000] {manager.py:887} INFO - 
================================================================================
DAG File Processing Stats

File Path                    PID    Runtime      # DAGs    # Errors  Last Runtime    Last Run
---------------------------  -----  ---------  --------  ----------  --------------  -------------------
/opt/airflow/dags/script.py                           1           0  0.43s           2023-11-03T16:43:51
================================================================================
[2023-11-03T16:44:21.638+0000] {manager.py:887} INFO - 
================================================================================
DAG File Processing Stats

File Path                    PID    Runtime      # DAGs    # Errors  Last Runtime    Last Run
---------------------------  -----  ---------  --------  ----------  --------------  -------------------
/opt/airflow/dags/script.py                           1           0  0.44s           2023-11-03T16:44:21
================================================================================
[2023-11-03T16:44:51.802+0000] {manager.py:887} INFO - 
================================================================================
DAG File Processing Stats

File Path                      PID  Runtime      # DAGs    # Errors  Last Runtime    Last Run
---------------------------  -----  ---------  --------  ----------  --------------  -------------------
/opt/airflow/dags/script.py    517  0.01s             1           0  0.44s           2023-11-03T16:44:21
================================================================================
[2023-11-03T16:45:21.962+0000] {manager.py:887} INFO - 
================================================================================
DAG File Processing Stats

File Path                    PID    Runtime      # DAGs    # Errors  Last Runtime    Last Run
---------------------------  -----  ---------  --------  ----------  --------------  -------------------
/opt/airflow/dags/script.py                           1           0  0.43s           2023-11-03T16:44:52
================================================================================
[2023-11-03T16:45:52.551+0000] {manager.py:887} INFO - 
================================================================================
DAG File Processing Stats

File Path                    PID    Runtime      # DAGs    # Errors  Last Runtime    Last Run
---------------------------  -----  ---------  --------  ----------  --------------  -------------------
/opt/airflow/dags/script.py                           1           0  0.40s           2023-11-03T16:45:22
================================================================================
[2023-11-03T16:46:07.409+0000] {manager.py:755} INFO - Searching for files in /opt/airflow/dags
[2023-11-03T16:46:07.412+0000] {manager.py:758} INFO - There are 1 files in /opt/airflow/dags
[2023-11-03T16:46:23.116+0000] {manager.py:887} INFO - 
================================================================================
DAG File Processing Stats

File Path                    PID    Runtime      # DAGs    # Errors  Last Runtime    Last Run
---------------------------  -----  ---------  --------  ----------  --------------  -------------------
/opt/airflow/dags/script.py                           1           0  0.40s           2023-11-03T16:45:53
================================================================================
[2023-11-03T16:46:53.706+0000] {manager.py:887} INFO - 
================================================================================
DAG File Processing Stats

File Path                    PID    Runtime      # DAGs    # Errors  Last Runtime    Last Run
---------------------------  -----  ---------  --------  ----------  --------------  -------------------
/opt/airflow/dags/script.py                           1           0  1.34s           2023-11-03T16:46:24
================================================================================
[2023-11-03T16:47:23.876+0000] {manager.py:887} INFO - 
================================================================================
DAG File Processing Stats

File Path                    PID    Runtime      # DAGs    # Errors  Last Runtime    Last Run
---------------------------  -----  ---------  --------  ----------  --------------  -------------------
/opt/airflow/dags/script.py                           1           0  0.70s           2023-11-03T16:46:55
================================================================================
[2023-11-03T16:47:54.041+0000] {manager.py:887} INFO - 
================================================================================
DAG File Processing Stats

File Path                    PID    Runtime      # DAGs    # Errors  Last Runtime    Last Run
---------------------------  -----  ---------  --------  ----------  --------------  -------------------
/opt/airflow/dags/script.py                           1           0  0.57s           2023-11-03T16:47:26
================================================================================
[2023-11-03T16:48:24.222+0000] {manager.py:887} INFO - 
================================================================================
DAG File Processing Stats

File Path                    PID    Runtime      # DAGs    # Errors  Last Runtime    Last Run
---------------------------  -----  ---------  --------  ----------  --------------  -------------------
/opt/airflow/dags/script.py                           1           0  0.96s           2023-11-03T16:47:57
================================================================================
[2023-11-03T16:48:54.288+0000] {manager.py:887} INFO - 
================================================================================
DAG File Processing Stats

File Path                    PID    Runtime      # DAGs    # Errors  Last Runtime    Last Run
---------------------------  -----  ---------  --------  ----------  --------------  -------------------
/opt/airflow/dags/script.py                           1           0  0.43s           2023-11-03T16:48:28
================================================================================
[2023-11-03T16:49:24.471+0000] {manager.py:887} INFO - 
================================================================================
DAG File Processing Stats

File Path                    PID    Runtime      # DAGs    # Errors  Last Runtime    Last Run
---------------------------  -----  ---------  --------  ----------  --------------  -------------------
/opt/airflow/dags/script.py                           1           0  3.46s           2023-11-03T16:49:01
================================================================================
[2023-11-03T16:49:54.637+0000] {manager.py:887} INFO - 
================================================================================
DAG File Processing Stats

File Path                    PID    Runtime      # DAGs    # Errors  Last Runtime    Last Run
---------------------------  -----  ---------  --------  ----------  --------------  -------------------
/opt/airflow/dags/script.py                           1           0  0.63s           2023-11-03T16:49:32
================================================================================
[2023-11-03T16:50:24.826+0000] {manager.py:887} INFO - 
================================================================================
DAG File Processing Stats

File Path                    PID    Runtime      # DAGs    # Errors  Last Runtime    Last Run
---------------------------  -----  ---------  --------  ----------  --------------  -------------------
/opt/airflow/dags/script.py                           1           0  0.49s           2023-11-03T16:50:03
================================================================================
[2023-11-03T16:50:54.928+0000] {manager.py:887} INFO - 
================================================================================
DAG File Processing Stats

File Path                    PID    Runtime      # DAGs    # Errors  Last Runtime    Last Run
---------------------------  -----  ---------  --------  ----------  --------------  -------------------
/opt/airflow/dags/script.py                           1           0  0.48s           2023-11-03T16:50:33
================================================================================
[2023-11-03T16:51:07.466+0000] {manager.py:755} INFO - Searching for files in /opt/airflow/dags
[2023-11-03T16:51:07.468+0000] {manager.py:758} INFO - There are 1 files in /opt/airflow/dags
[2023-11-03T16:51:25.108+0000] {manager.py:887} INFO - 
================================================================================
DAG File Processing Stats

File Path                    PID    Runtime      # DAGs    # Errors  Last Runtime    Last Run
---------------------------  -----  ---------  --------  ----------  --------------  -------------------
/opt/airflow/dags/script.py                           1           0  0.47s           2023-11-03T16:51:04
================================================================================
[2023-11-03T16:51:55.141+0000] {manager.py:887} INFO - 
================================================================================
DAG File Processing Stats

File Path                    PID    Runtime      # DAGs    # Errors  Last Runtime    Last Run
---------------------------  -----  ---------  --------  ----------  --------------  -------------------
/opt/airflow/dags/script.py                           1           0  0.41s           2023-11-03T16:51:35
================================================================================
[2023-11-03T16:52:25.310+0000] {manager.py:887} INFO - 
================================================================================
DAG File Processing Stats

File Path                    PID    Runtime      # DAGs    # Errors  Last Runtime    Last Run
---------------------------  -----  ---------  --------  ----------  --------------  -------------------
/opt/airflow/dags/script.py                           1           0  0.44s           2023-11-03T16:52:05
================================================================================
[2023-11-03T16:52:55.904+0000] {manager.py:887} INFO - 
================================================================================
DAG File Processing Stats

File Path                    PID    Runtime      # DAGs    # Errors  Last Runtime    Last Run
---------------------------  -----  ---------  --------  ----------  --------------  -------------------
/opt/airflow/dags/script.py                           1           0  0.42s           2023-11-03T16:52:36
================================================================================
[2023-11-03T16:53:26.485+0000] {manager.py:887} INFO - 
================================================================================
DAG File Processing Stats

File Path                    PID    Runtime      # DAGs    # Errors  Last Runtime    Last Run
---------------------------  -----  ---------  --------  ----------  --------------  -------------------
/opt/airflow/dags/script.py                           1           0  0.42s           2023-11-03T16:53:06
================================================================================
[2023-11-03T16:53:57.052+0000] {manager.py:887} INFO - 
================================================================================
DAG File Processing Stats

File Path                    PID    Runtime      # DAGs    # Errors  Last Runtime    Last Run
---------------------------  -----  ---------  --------  ----------  --------------  -------------------
/opt/airflow/dags/script.py                           1           0  0.43s           2023-11-03T16:53:37
================================================================================
[2023-11-03T16:54:27.146+0000] {manager.py:887} INFO - 
================================================================================
DAG File Processing Stats

File Path                    PID    Runtime      # DAGs    # Errors  Last Runtime    Last Run
---------------------------  -----  ---------  --------  ----------  --------------  -------------------
/opt/airflow/dags/script.py                           1           0  0.52s           2023-11-03T16:54:08
================================================================================
[2023-11-03T16:54:57.794+0000] {manager.py:887} INFO - 
================================================================================
DAG File Processing Stats

File Path                    PID    Runtime      # DAGs    # Errors  Last Runtime    Last Run
---------------------------  -----  ---------  --------  ----------  --------------  -------------------
/opt/airflow/dags/script.py                           1           0  0.77s           2023-11-03T16:54:38
================================================================================
[2023-11-03T16:55:28.275+0000] {manager.py:887} INFO - 
================================================================================
DAG File Processing Stats

File Path                    PID    Runtime      # DAGs    # Errors  Last Runtime    Last Run
---------------------------  -----  ---------  --------  ----------  --------------  -------------------
/opt/airflow/dags/script.py                           1           0  0.54s           2023-11-03T16:55:09
================================================================================
[2023-11-03T16:55:58.309+0000] {manager.py:887} INFO - 
================================================================================
DAG File Processing Stats

File Path                    PID    Runtime      # DAGs    # Errors  Last Runtime    Last Run
---------------------------  -----  ---------  --------  ----------  --------------  -------------------
/opt/airflow/dags/script.py                           1           0  0.39s           2023-11-03T16:55:40
================================================================================
[2023-11-03T16:56:07.971+0000] {manager.py:755} INFO - Searching for files in /opt/airflow/dags
[2023-11-03T16:56:07.973+0000] {manager.py:758} INFO - There are 1 files in /opt/airflow/dags
[2023-11-03T16:56:28.474+0000] {manager.py:887} INFO - 
================================================================================
DAG File Processing Stats

File Path                    PID    Runtime      # DAGs    # Errors  Last Runtime    Last Run
---------------------------  -----  ---------  --------  ----------  --------------  -------------------
/opt/airflow/dags/script.py                           1           0  0.38s           2023-11-03T16:56:10
================================================================================
[2023-11-03T16:56:59.012+0000] {manager.py:887} INFO - 
================================================================================
DAG File Processing Stats

File Path                    PID    Runtime      # DAGs    # Errors  Last Runtime    Last Run
---------------------------  -----  ---------  --------  ----------  --------------  -------------------
/opt/airflow/dags/script.py                           1           0  0.40s           2023-11-03T16:56:41
================================================================================
[2023-11-03T16:57:29.032+0000] {manager.py:887} INFO - 
================================================================================
DAG File Processing Stats

File Path                    PID    Runtime      # DAGs    # Errors  Last Runtime    Last Run
---------------------------  -----  ---------  --------  ----------  --------------  -------------------
/opt/airflow/dags/script.py                           1           0  0.47s           2023-11-03T16:57:11
================================================================================
[2023-11-03T16:57:59.188+0000] {manager.py:887} INFO - 
================================================================================
DAG File Processing Stats

File Path                    PID    Runtime      # DAGs    # Errors  Last Runtime    Last Run
---------------------------  -----  ---------  --------  ----------  --------------  -------------------
/opt/airflow/dags/script.py                           1           0  0.45s           2023-11-03T16:57:42
================================================================================
[2023-11-03T16:58:29.332+0000] {manager.py:887} INFO - 
================================================================================
DAG File Processing Stats

File Path                    PID    Runtime      # DAGs    # Errors  Last Runtime    Last Run
---------------------------  -----  ---------  --------  ----------  --------------  -------------------
/opt/airflow/dags/script.py                           1           0  0.54s           2023-11-03T16:58:13
================================================================================
[2023-11-03T16:58:59.502+0000] {manager.py:887} INFO - 
================================================================================
DAG File Processing Stats

File Path                    PID    Runtime      # DAGs    # Errors  Last Runtime    Last Run
---------------------------  -----  ---------  --------  ----------  --------------  -------------------
/opt/airflow/dags/script.py                           1           0  0.39s           2023-11-03T16:58:43
================================================================================
[2023-11-03T16:59:30.046+0000] {manager.py:887} INFO - 
================================================================================
DAG File Processing Stats

File Path                    PID    Runtime      # DAGs    # Errors  Last Runtime    Last Run
---------------------------  -----  ---------  --------  ----------  --------------  -------------------
/opt/airflow/dags/script.py                           1           0  0.41s           2023-11-03T16:59:14
================================================================================
[2023-11-03T17:00:00.608+0000] {manager.py:887} INFO - 
================================================================================
DAG File Processing Stats

File Path                    PID    Runtime      # DAGs    # Errors  Last Runtime    Last Run
---------------------------  -----  ---------  --------  ----------  --------------  -------------------
/opt/airflow/dags/script.py                           1           0  0.42s           2023-11-03T16:59:44
================================================================================
[2023-11-03T17:00:31.184+0000] {manager.py:887} INFO - 
================================================================================
DAG File Processing Stats

File Path                    PID    Runtime      # DAGs    # Errors  Last Runtime    Last Run
---------------------------  -----  ---------  --------  ----------  --------------  -------------------
/opt/airflow/dags/script.py                           1           0  0.43s           2023-11-03T17:00:15
================================================================================
[2023-11-03T17:01:01.277+0000] {manager.py:887} INFO - 
================================================================================
DAG File Processing Stats

File Path                    PID    Runtime      # DAGs    # Errors  Last Runtime    Last Run
---------------------------  -----  ---------  --------  ----------  --------------  -------------------
/opt/airflow/dags/script.py                           1           0  0.51s           2023-11-03T17:00:46
================================================================================
[2023-11-03T17:01:08.313+0000] {manager.py:755} INFO - Searching for files in /opt/airflow/dags
[2023-11-03T17:01:08.315+0000] {manager.py:758} INFO - There are 1 files in /opt/airflow/dags
[2023-11-03T17:01:31.482+0000] {manager.py:887} INFO - 
================================================================================
DAG File Processing Stats

File Path                    PID    Runtime      # DAGs    # Errors  Last Runtime    Last Run
---------------------------  -----  ---------  --------  ----------  --------------  -------------------
/opt/airflow/dags/script.py                           1           0  0.42s           2023-11-03T17:01:16
================================================================================
[2023-11-03T17:02:01.495+0000] {manager.py:887} INFO - 
================================================================================
DAG File Processing Stats

File Path                    PID    Runtime      # DAGs    # Errors  Last Runtime    Last Run
---------------------------  -----  ---------  --------  ----------  --------------  -------------------
/opt/airflow/dags/script.py                           1           0  0.44s           2023-11-03T17:01:47
================================================================================
[2023-11-03T17:02:31.660+0000] {manager.py:887} INFO - 
================================================================================
DAG File Processing Stats

File Path                    PID    Runtime      # DAGs    # Errors  Last Runtime    Last Run
---------------------------  -----  ---------  --------  ----------  --------------  -------------------
/opt/airflow/dags/script.py                           1           0  0.41s           2023-11-03T17:02:17
================================================================================
[2023-11-03T17:03:01.791+0000] {manager.py:887} INFO - 
================================================================================
DAG File Processing Stats

File Path                    PID    Runtime      # DAGs    # Errors  Last Runtime    Last Run
---------------------------  -----  ---------  --------  ----------  --------------  -------------------
/opt/airflow/dags/script.py                           1           0  0.58s           2023-11-03T17:02:48
================================================================================
[2023-11-03T17:03:32.379+0000] {manager.py:887} INFO - 
================================================================================
DAG File Processing Stats

File Path                    PID    Runtime      # DAGs    # Errors  Last Runtime    Last Run
---------------------------  -----  ---------  --------  ----------  --------------  -------------------
/opt/airflow/dags/script.py                           1           0  0.49s           2023-11-03T17:03:19
================================================================================
[2023-11-03T17:04:02.572+0000] {manager.py:887} INFO - 
================================================================================
DAG File Processing Stats

File Path                    PID    Runtime      # DAGs    # Errors  Last Runtime    Last Run
---------------------------  -----  ---------  --------  ----------  --------------  -------------------
/opt/airflow/dags/script.py                           1           0  0.41s           2023-11-03T17:03:49
================================================================================
[2023-11-03T17:04:33.106+0000] {manager.py:887} INFO - 
================================================================================
DAG File Processing Stats

File Path                    PID    Runtime      # DAGs    # Errors  Last Runtime    Last Run
---------------------------  -----  ---------  --------  ----------  --------------  -------------------
/opt/airflow/dags/script.py                           1           0  0.42s           2023-11-03T17:04:20
================================================================================
[2023-11-03T17:05:03.691+0000] {manager.py:887} INFO - 
================================================================================
DAG File Processing Stats

File Path                    PID    Runtime      # DAGs    # Errors  Last Runtime    Last Run
---------------------------  -----  ---------  --------  ----------  --------------  -------------------
/opt/airflow/dags/script.py                           1           0  0.39s           2023-11-03T17:04:50
================================================================================
[2023-11-03T17:05:34.220+0000] {manager.py:887} INFO - 
================================================================================
DAG File Processing Stats

File Path                    PID    Runtime      # DAGs    # Errors  Last Runtime    Last Run
---------------------------  -----  ---------  --------  ----------  --------------  -------------------
/opt/airflow/dags/script.py                           1           0  0.40s           2023-11-03T17:05:21
================================================================================
[2023-11-03T17:06:04.789+0000] {manager.py:887} INFO - 
================================================================================
DAG File Processing Stats

File Path                    PID    Runtime      # DAGs    # Errors  Last Runtime    Last Run
---------------------------  -----  ---------  --------  ----------  --------------  -------------------
/opt/airflow/dags/script.py                           1           0  0.45s           2023-11-03T17:05:52
================================================================================
[2023-11-03T17:06:08.808+0000] {manager.py:755} INFO - Searching for files in /opt/airflow/dags
[2023-11-03T17:06:08.809+0000] {manager.py:758} INFO - There are 1 files in /opt/airflow/dags
[2023-11-03T17:06:34.952+0000] {manager.py:887} INFO - 
================================================================================
DAG File Processing Stats

File Path                    PID    Runtime      # DAGs    # Errors  Last Runtime    Last Run
---------------------------  -----  ---------  --------  ----------  --------------  -------------------
/opt/airflow/dags/script.py                           1           0  0.58s           2023-11-03T17:06:22
================================================================================
[2023-11-03T17:07:05.124+0000] {manager.py:887} INFO - 
================================================================================
DAG File Processing Stats

File Path                    PID    Runtime      # DAGs    # Errors  Last Runtime    Last Run
---------------------------  -----  ---------  --------  ----------  --------------  -------------------
/opt/airflow/dags/script.py                           1           0  0.40s           2023-11-03T17:06:53
================================================================================
[2023-11-03T17:07:35.349+0000] {manager.py:887} INFO - 
================================================================================
DAG File Processing Stats

File Path                    PID    Runtime      # DAGs    # Errors  Last Runtime    Last Run
---------------------------  -----  ---------  --------  ----------  --------------  -------------------
/opt/airflow/dags/script.py                           1           0  2.98s           2023-11-03T17:07:26
================================================================================
[2023-11-03T17:08:05.486+0000] {manager.py:887} INFO - 
================================================================================
DAG File Processing Stats

File Path                    PID    Runtime      # DAGs    # Errors  Last Runtime    Last Run
---------------------------  -----  ---------  --------  ----------  --------------  -------------------
/opt/airflow/dags/script.py                           1           0  0.70s           2023-11-03T17:07:57
================================================================================
[2023-11-03T17:08:35.939+0000] {manager.py:887} INFO - 
================================================================================
DAG File Processing Stats

File Path                    PID    Runtime      # DAGs    # Errors  Last Runtime    Last Run
---------------------------  -----  ---------  --------  ----------  --------------  -------------------
/opt/airflow/dags/script.py                           1           0  0.43s           2023-11-03T17:08:28
================================================================================
[2023-11-03T17:09:06.223+0000] {manager.py:887} INFO - 
================================================================================
DAG File Processing Stats

File Path                    PID    Runtime      # DAGs    # Errors  Last Runtime    Last Run
---------------------------  -----  ---------  --------  ----------  --------------  -------------------
/opt/airflow/dags/script.py                           1           0  0.43s           2023-11-03T17:08:58
================================================================================
[2023-11-03T17:09:36.693+0000] {manager.py:887} INFO - 
================================================================================
DAG File Processing Stats

File Path                    PID    Runtime      # DAGs    # Errors  Last Runtime    Last Run
---------------------------  -----  ---------  --------  ----------  --------------  -------------------
/opt/airflow/dags/script.py                           1           0  0.40s           2023-11-03T17:09:29
================================================================================
[2023-11-03T17:10:07.232+0000] {manager.py:887} INFO - 
================================================================================
DAG File Processing Stats

File Path                    PID    Runtime      # DAGs    # Errors  Last Runtime    Last Run
---------------------------  -----  ---------  --------  ----------  --------------  -------------------
/opt/airflow/dags/script.py                           1           0  0.38s           2023-11-03T17:09:59
================================================================================
[2023-11-03T17:10:37.766+0000] {manager.py:887} INFO - 
================================================================================
DAG File Processing Stats

File Path                    PID    Runtime      # DAGs    # Errors  Last Runtime    Last Run
---------------------------  -----  ---------  --------  ----------  --------------  -------------------
/opt/airflow/dags/script.py                           1           0  0.38s           2023-11-03T17:10:30
================================================================================
[2023-11-03T17:11:08.298+0000] {manager.py:887} INFO - 
================================================================================
DAG File Processing Stats

File Path                    PID    Runtime      # DAGs    # Errors  Last Runtime    Last Run
---------------------------  -----  ---------  --------  ----------  --------------  -------------------
/opt/airflow/dags/script.py                           1           0  0.39s           2023-11-03T17:11:00
================================================================================
[2023-11-03T17:11:09.304+0000] {manager.py:755} INFO - Searching for files in /opt/airflow/dags
[2023-11-03T17:11:09.306+0000] {manager.py:758} INFO - There are 1 files in /opt/airflow/dags
[2023-11-03T17:11:38.846+0000] {manager.py:887} INFO - 
================================================================================
DAG File Processing Stats

File Path                    PID    Runtime      # DAGs    # Errors  Last Runtime    Last Run
---------------------------  -----  ---------  --------  ----------  --------------  -------------------
/opt/airflow/dags/script.py                           1           0  1.38s           2023-11-03T17:11:32
================================================================================
[2023-11-03T17:12:09.032+0000] {manager.py:887} INFO - 
================================================================================
DAG File Processing Stats

File Path                    PID    Runtime      # DAGs    # Errors  Last Runtime    Last Run
---------------------------  -----  ---------  --------  ----------  --------------  -------------------
/opt/airflow/dags/script.py                           1           0  0.77s           2023-11-03T17:12:03
================================================================================
[2023-11-03T17:12:39.337+0000] {manager.py:887} INFO - 
================================================================================
DAG File Processing Stats

File Path                    PID    Runtime      # DAGs    # Errors  Last Runtime    Last Run
---------------------------  -----  ---------  --------  ----------  --------------  -------------------
/opt/airflow/dags/script.py                           1           0  0.64s           2023-11-03T17:12:33
================================================================================
[2023-11-03T17:13:09.523+0000] {manager.py:887} INFO - 
================================================================================
DAG File Processing Stats

File Path                    PID    Runtime      # DAGs    # Errors  Last Runtime    Last Run
---------------------------  -----  ---------  --------  ----------  --------------  -------------------
/opt/airflow/dags/script.py                           1           0  0.62s           2023-11-03T17:13:04
================================================================================
[2023-11-03T17:13:39.890+0000] {manager.py:887} INFO - 
================================================================================
DAG File Processing Stats

File Path                    PID    Runtime      # DAGs    # Errors  Last Runtime    Last Run
---------------------------  -----  ---------  --------  ----------  --------------  -------------------
/opt/airflow/dags/script.py                           1           0  0.80s           2023-11-03T17:13:35
================================================================================
[2023-11-03T17:14:10.045+0000] {manager.py:887} INFO - 
================================================================================
DAG File Processing Stats

File Path                    PID    Runtime      # DAGs    # Errors  Last Runtime    Last Run
---------------------------  -----  ---------  --------  ----------  --------------  -------------------
/opt/airflow/dags/script.py                           1           0  0.42s           2023-11-03T17:14:06
================================================================================
[2023-11-03T17:14:40.240+0000] {manager.py:887} INFO - 
================================================================================
DAG File Processing Stats

File Path                    PID    Runtime      # DAGs    # Errors  Last Runtime    Last Run
---------------------------  -----  ---------  --------  ----------  --------------  -------------------
/opt/airflow/dags/script.py                           1           0  0.41s           2023-11-03T17:14:36
================================================================================
[2023-11-03T17:15:10.790+0000] {manager.py:887} INFO - 
================================================================================
DAG File Processing Stats

File Path                    PID    Runtime      # DAGs    # Errors  Last Runtime    Last Run
---------------------------  -----  ---------  --------  ----------  --------------  -------------------
/opt/airflow/dags/script.py                           1           0  0.40s           2023-11-03T17:15:07
================================================================================
[2023-11-03T17:15:41.340+0000] {manager.py:887} INFO - 
================================================================================
DAG File Processing Stats

File Path                    PID    Runtime      # DAGs    # Errors  Last Runtime    Last Run
---------------------------  -----  ---------  --------  ----------  --------------  -------------------
/opt/airflow/dags/script.py                           1           0  0.38s           2023-11-03T17:15:37
================================================================================
[2023-11-03T17:16:09.406+0000] {manager.py:755} INFO - Searching for files in /opt/airflow/dags
[2023-11-03T17:16:09.418+0000] {manager.py:758} INFO - There are 1 files in /opt/airflow/dags
[2023-11-03T17:16:11.507+0000] {manager.py:887} INFO - 
================================================================================
DAG File Processing Stats

File Path                    PID    Runtime      # DAGs    # Errors  Last Runtime    Last Run
---------------------------  -----  ---------  --------  ----------  --------------  -------------------
/opt/airflow/dags/script.py                           1           0  0.53s           2023-11-03T17:16:08
================================================================================
[2023-11-03T17:16:42.047+0000] {manager.py:887} INFO - 
================================================================================
DAG File Processing Stats

File Path                    PID    Runtime      # DAGs    # Errors  Last Runtime    Last Run
---------------------------  -----  ---------  --------  ----------  --------------  -------------------
/opt/airflow/dags/script.py                           1           0  0.71s           2023-11-03T17:16:39
================================================================================
[2023-11-03T17:17:12.531+0000] {manager.py:887} INFO - 
================================================================================
DAG File Processing Stats

File Path                    PID    Runtime      # DAGs    # Errors  Last Runtime    Last Run
---------------------------  -----  ---------  --------  ----------  --------------  -------------------
/opt/airflow/dags/script.py                           1           0  0.42s           2023-11-03T17:17:09
================================================================================
[2023-11-03T17:17:43.119+0000] {manager.py:887} INFO - 
================================================================================
DAG File Processing Stats

File Path                    PID    Runtime      # DAGs    # Errors  Last Runtime    Last Run
---------------------------  -----  ---------  --------  ----------  --------------  -------------------
/opt/airflow/dags/script.py                           1           0  0.40s           2023-11-03T17:17:40
================================================================================
[2023-11-03T17:18:13.686+0000] {manager.py:887} INFO - 
================================================================================
DAG File Processing Stats

File Path                    PID    Runtime      # DAGs    # Errors  Last Runtime    Last Run
---------------------------  -----  ---------  --------  ----------  --------------  -------------------
/opt/airflow/dags/script.py                           1           0  0.39s           2023-11-03T17:18:11
================================================================================
[2023-11-03T17:18:43.718+0000] {manager.py:887} INFO - 
================================================================================
DAG File Processing Stats

File Path                    PID    Runtime      # DAGs    # Errors  Last Runtime    Last Run
---------------------------  -----  ---------  --------  ----------  --------------  -------------------
/opt/airflow/dags/script.py                           1           0  0.50s           2023-11-03T17:18:41
================================================================================
[2023-11-03T17:19:13.885+0000] {manager.py:887} INFO - 
================================================================================
DAG File Processing Stats

File Path                    PID    Runtime      # DAGs    # Errors  Last Runtime    Last Run
---------------------------  -----  ---------  --------  ----------  --------------  -------------------
/opt/airflow/dags/script.py                           1           0  0.50s           2023-11-03T17:19:12
================================================================================
[2023-11-03T17:19:44.047+0000] {manager.py:887} INFO - 
================================================================================
DAG File Processing Stats

File Path                      PID  Runtime      # DAGs    # Errors  Last Runtime    Last Run
---------------------------  -----  ---------  --------  ----------  --------------  -------------------
/opt/airflow/dags/script.py   1074  1.52s             1           0  0.50s           2023-11-03T17:19:12
================================================================================
[2023-11-03T17:20:14.704+0000] {manager.py:887} INFO - 
================================================================================
DAG File Processing Stats

File Path                    PID    Runtime      # DAGs    # Errors  Last Runtime    Last Run
---------------------------  -----  ---------  --------  ----------  --------------  -------------------
/opt/airflow/dags/script.py                           1           0  3.34s           2023-11-03T17:19:45
================================================================================
[2023-11-03T17:20:44.877+0000] {manager.py:887} INFO - 
================================================================================
DAG File Processing Stats

File Path                    PID    Runtime      # DAGs    # Errors  Last Runtime    Last Run
---------------------------  -----  ---------  --------  ----------  --------------  -------------------
/opt/airflow/dags/script.py                           1           0  0.74s           2023-11-03T17:20:16
================================================================================
[2023-11-03T17:21:09.424+0000] {manager.py:755} INFO - Searching for files in /opt/airflow/dags
[2023-11-03T17:21:09.426+0000] {manager.py:758} INFO - There are 1 files in /opt/airflow/dags
[2023-11-03T17:21:15.055+0000] {manager.py:887} INFO - 
================================================================================
DAG File Processing Stats

File Path                    PID    Runtime      # DAGs    # Errors  Last Runtime    Last Run
---------------------------  -----  ---------  --------  ----------  --------------  -------------------
/opt/airflow/dags/script.py                           1           0  0.42s           2023-11-03T17:20:47
================================================================================
[2023-11-03T17:21:45.061+0000] {manager.py:887} INFO - 
================================================================================
DAG File Processing Stats

File Path                    PID    Runtime      # DAGs    # Errors  Last Runtime    Last Run
---------------------------  -----  ---------  --------  ----------  --------------  -------------------
/opt/airflow/dags/script.py                           1           0  0.42s           2023-11-03T17:21:17
================================================================================
[2023-11-03T17:22:15.224+0000] {manager.py:887} INFO - 
================================================================================
DAG File Processing Stats

File Path                    PID    Runtime      # DAGs    # Errors  Last Runtime    Last Run
---------------------------  -----  ---------  --------  ----------  --------------  -------------------
/opt/airflow/dags/script.py                           1           0  0.47s           2023-11-03T17:21:48
================================================================================
[2023-11-03T17:22:45.396+0000] {manager.py:887} INFO - 
================================================================================
DAG File Processing Stats

File Path                    PID    Runtime      # DAGs    # Errors  Last Runtime    Last Run
---------------------------  -----  ---------  --------  ----------  --------------  -------------------
/opt/airflow/dags/script.py                           1           0  0.53s           2023-11-03T17:22:19
================================================================================
[2023-11-03T17:23:15.574+0000] {manager.py:887} INFO - 
================================================================================
DAG File Processing Stats

File Path                    PID    Runtime      # DAGs    # Errors  Last Runtime    Last Run
---------------------------  -----  ---------  --------  ----------  --------------  -------------------
/opt/airflow/dags/script.py                           1           0  0.40s           2023-11-03T17:22:49
================================================================================
[2023-11-03T17:23:45.589+0000] {manager.py:887} INFO - 
================================================================================
DAG File Processing Stats

File Path                    PID    Runtime      # DAGs    # Errors  Last Runtime    Last Run
---------------------------  -----  ---------  --------  ----------  --------------  -------------------
/opt/airflow/dags/script.py                           1           0  0.47s           2023-11-03T17:23:20
================================================================================
[2023-11-03T17:24:16.289+0000] {manager.py:887} INFO - 
================================================================================
DAG File Processing Stats

File Path                    PID    Runtime      # DAGs    # Errors  Last Runtime    Last Run
---------------------------  -----  ---------  --------  ----------  --------------  -------------------
/opt/airflow/dags/script.py                           1           0  0.64s           2023-11-03T17:23:51
================================================================================
[2023-11-03T17:24:46.534+0000] {manager.py:887} INFO - 
================================================================================
DAG File Processing Stats

File Path                    PID    Runtime      # DAGs    # Errors  Last Runtime    Last Run
---------------------------  -----  ---------  --------  ----------  --------------  -------------------
/opt/airflow/dags/script.py                           1           0  0.60s           2023-11-03T17:24:21
================================================================================
[2023-11-03T17:25:16.609+0000] {manager.py:887} INFO - 
================================================================================
DAG File Processing Stats

File Path                    PID    Runtime      # DAGs    # Errors  Last Runtime    Last Run
---------------------------  -----  ---------  --------  ----------  --------------  -------------------
/opt/airflow/dags/script.py                           1           0  0.41s           2023-11-03T17:24:52
================================================================================
[2023-11-03T17:25:46.772+0000] {manager.py:887} INFO - 
================================================================================
DAG File Processing Stats

File Path                    PID    Runtime      # DAGs    # Errors  Last Runtime    Last Run
---------------------------  -----  ---------  --------  ----------  --------------  -------------------
/opt/airflow/dags/script.py                           1           0  0.45s           2023-11-03T17:25:23
================================================================================
[2023-11-03T17:26:09.904+0000] {manager.py:755} INFO - Searching for files in /opt/airflow/dags
[2023-11-03T17:26:09.906+0000] {manager.py:758} INFO - There are 1 files in /opt/airflow/dags
[2023-11-03T17:26:16.972+0000] {manager.py:887} INFO - 
================================================================================
DAG File Processing Stats

File Path                    PID    Runtime      # DAGs    # Errors  Last Runtime    Last Run
---------------------------  -----  ---------  --------  ----------  --------------  -------------------
/opt/airflow/dags/script.py                           1           0  0.79s           2023-11-03T17:25:54
================================================================================
[2023-11-03T17:26:47.296+0000] {manager.py:887} INFO - 
================================================================================
DAG File Processing Stats

File Path                    PID    Runtime      # DAGs    # Errors  Last Runtime    Last Run
---------------------------  -----  ---------  --------  ----------  --------------  -------------------
/opt/airflow/dags/script.py                           1           0  0.55s           2023-11-03T17:26:24
================================================================================
[2023-11-03T17:27:17.405+0000] {manager.py:887} INFO - 
================================================================================
DAG File Processing Stats

File Path                    PID    Runtime      # DAGs    # Errors  Last Runtime    Last Run
---------------------------  -----  ---------  --------  ----------  --------------  -------------------
/opt/airflow/dags/script.py                           1           0  0.41s           2023-11-03T17:26:55
================================================================================
[2023-11-03T17:27:47.578+0000] {manager.py:887} INFO - 
================================================================================
DAG File Processing Stats

File Path                    PID    Runtime      # DAGs    # Errors  Last Runtime    Last Run
---------------------------  -----  ---------  --------  ----------  --------------  -------------------
/opt/airflow/dags/script.py                           1           0  0.39s           2023-11-03T17:27:25
================================================================================
[2023-11-03T17:28:18.117+0000] {manager.py:887} INFO - 
================================================================================
DAG File Processing Stats

File Path                    PID    Runtime      # DAGs    # Errors  Last Runtime    Last Run
---------------------------  -----  ---------  --------  ----------  --------------  -------------------
/opt/airflow/dags/script.py                           1           0  0.40s           2023-11-03T17:27:56
================================================================================
[2023-11-03T17:28:48.679+0000] {manager.py:887} INFO - 
================================================================================
DAG File Processing Stats

File Path                    PID    Runtime      # DAGs    # Errors  Last Runtime    Last Run
---------------------------  -----  ---------  --------  ----------  --------------  -------------------
/opt/airflow/dags/script.py                           1           0  0.39s           2023-11-03T17:28:26
================================================================================
[2023-11-03T17:29:19.227+0000] {manager.py:887} INFO - 
================================================================================
DAG File Processing Stats

File Path                    PID    Runtime      # DAGs    # Errors  Last Runtime    Last Run
---------------------------  -----  ---------  --------  ----------  --------------  -------------------
/opt/airflow/dags/script.py                           1           0  0.44s           2023-11-03T17:28:57
================================================================================
[2023-11-03T17:29:49.393+0000] {manager.py:887} INFO - 
================================================================================
DAG File Processing Stats

File Path                    PID    Runtime      # DAGs    # Errors  Last Runtime    Last Run
---------------------------  -----  ---------  --------  ----------  --------------  -------------------
/opt/airflow/dags/script.py                           1           0  0.68s           2023-11-03T17:29:28
================================================================================
[2023-11-03T17:30:19.625+0000] {manager.py:887} INFO - 
================================================================================
DAG File Processing Stats

File Path                    PID    Runtime      # DAGs    # Errors  Last Runtime    Last Run
---------------------------  -----  ---------  --------  ----------  --------------  -------------------
/opt/airflow/dags/script.py                           1           0  0.45s           2023-11-03T17:29:58
================================================================================
[2023-11-03T17:30:50.161+0000] {manager.py:887} INFO - 
================================================================================
DAG File Processing Stats

File Path                    PID    Runtime      # DAGs    # Errors  Last Runtime    Last Run
---------------------------  -----  ---------  --------  ----------  --------------  -------------------
/opt/airflow/dags/script.py                           1           0  0.42s           2023-11-03T17:30:29
================================================================================
[2023-11-03T17:31:10.266+0000] {manager.py:755} INFO - Searching for files in /opt/airflow/dags
[2023-11-03T17:31:10.268+0000] {manager.py:758} INFO - There are 1 files in /opt/airflow/dags
[2023-11-03T17:31:20.354+0000] {manager.py:887} INFO - 
================================================================================
DAG File Processing Stats

File Path                    PID    Runtime      # DAGs    # Errors  Last Runtime    Last Run
---------------------------  -----  ---------  --------  ----------  --------------  -------------------
/opt/airflow/dags/script.py                           1           0  0.66s           2023-11-03T17:31:00
================================================================================
[2023-11-03T17:31:50.535+0000] {manager.py:887} INFO - 
================================================================================
DAG File Processing Stats

File Path                    PID    Runtime      # DAGs    # Errors  Last Runtime    Last Run
---------------------------  -----  ---------  --------  ----------  --------------  -------------------
/opt/airflow/dags/script.py                           1           0  0.41s           2023-11-03T17:31:30
================================================================================
[2023-11-03T17:32:21.097+0000] {manager.py:887} INFO - 
================================================================================
DAG File Processing Stats

File Path                    PID    Runtime      # DAGs    # Errors  Last Runtime    Last Run
---------------------------  -----  ---------  --------  ----------  --------------  -------------------
/opt/airflow/dags/script.py                           1           0  0.43s           2023-11-03T17:32:01
================================================================================
[2023-11-03T17:32:51.260+0000] {manager.py:887} INFO - 
================================================================================
DAG File Processing Stats

File Path                    PID    Runtime      # DAGs    # Errors  Last Runtime    Last Run
---------------------------  -----  ---------  --------  ----------  --------------  -------------------
/opt/airflow/dags/script.py                           1           0  0.93s           2023-11-03T17:32:32
================================================================================
[2023-11-03T17:33:21.290+0000] {manager.py:887} INFO - 
================================================================================
DAG File Processing Stats

File Path                    PID    Runtime      # DAGs    # Errors  Last Runtime    Last Run
---------------------------  -----  ---------  --------  ----------  --------------  -------------------
/opt/airflow/dags/script.py                           1           0  0.53s           2023-11-03T17:33:03
================================================================================
[2023-11-03T17:33:51.459+0000] {manager.py:887} INFO - 
================================================================================
DAG File Processing Stats

File Path                    PID    Runtime      # DAGs    # Errors  Last Runtime    Last Run
---------------------------  -----  ---------  --------  ----------  --------------  -------------------
/opt/airflow/dags/script.py                           1           0  0.43s           2023-11-03T17:33:33
================================================================================
[2023-11-03T17:34:21.645+0000] {manager.py:887} INFO - 
================================================================================
DAG File Processing Stats

File Path                    PID    Runtime      # DAGs    # Errors  Last Runtime    Last Run
---------------------------  -----  ---------  --------  ----------  --------------  -------------------
/opt/airflow/dags/script.py                           1           0  1.00s           2023-11-03T17:34:04
================================================================================
[2023-11-03T17:34:52.186+0000] {manager.py:887} INFO - 
================================================================================
DAG File Processing Stats

File Path                    PID    Runtime      # DAGs    # Errors  Last Runtime    Last Run
---------------------------  -----  ---------  --------  ----------  --------------  -------------------
/opt/airflow/dags/script.py                           1           0  0.44s           2023-11-03T17:34:35
================================================================================
[2023-11-03T17:35:22.204+0000] {manager.py:887} INFO - 
================================================================================
DAG File Processing Stats

File Path                    PID    Runtime      # DAGs    # Errors  Last Runtime    Last Run
---------------------------  -----  ---------  --------  ----------  --------------  -------------------
/opt/airflow/dags/script.py                           1           0  0.43s           2023-11-03T17:35:06
================================================================================
[2023-11-03T17:35:52.358+0000] {manager.py:887} INFO - 
================================================================================
DAG File Processing Stats

File Path                    PID    Runtime      # DAGs    # Errors  Last Runtime    Last Run
---------------------------  -----  ---------  --------  ----------  --------------  -------------------
/opt/airflow/dags/script.py                           1           0  0.52s           2023-11-03T17:35:36
================================================================================
[2023-11-03T17:36:10.401+0000] {manager.py:755} INFO - Searching for files in /opt/airflow/dags
[2023-11-03T17:36:10.403+0000] {manager.py:758} INFO - There are 1 files in /opt/airflow/dags
[2023-11-03T17:36:22.481+0000] {manager.py:887} INFO - 
================================================================================
DAG File Processing Stats

File Path                    PID    Runtime      # DAGs    # Errors  Last Runtime    Last Run
---------------------------  -----  ---------  --------  ----------  --------------  -------------------
/opt/airflow/dags/script.py                           1           0  0.43s           2023-11-03T17:36:07
================================================================================
[2023-11-03T17:36:52.642+0000] {manager.py:887} INFO - 
================================================================================
DAG File Processing Stats

File Path                    PID    Runtime      # DAGs    # Errors  Last Runtime    Last Run
---------------------------  -----  ---------  --------  ----------  --------------  -------------------
/opt/airflow/dags/script.py                           1           0  0.40s           2023-11-03T17:36:37
================================================================================
[2023-11-03T17:37:23.188+0000] {manager.py:887} INFO - 
================================================================================
DAG File Processing Stats

File Path                    PID    Runtime      # DAGs    # Errors  Last Runtime    Last Run
---------------------------  -----  ---------  --------  ----------  --------------  -------------------
/opt/airflow/dags/script.py                           1           0  0.46s           2023-11-03T17:37:08
================================================================================
[2023-11-03T17:37:53.246+0000] {manager.py:887} INFO - 
================================================================================
DAG File Processing Stats

File Path                    PID    Runtime      # DAGs    # Errors  Last Runtime    Last Run
---------------------------  -----  ---------  --------  ----------  --------------  -------------------
/opt/airflow/dags/script.py                           1           0  0.44s           2023-11-03T17:37:39
================================================================================
[2023-11-03T17:38:23.412+0000] {manager.py:887} INFO - 
================================================================================
DAG File Processing Stats

File Path                    PID    Runtime      # DAGs    # Errors  Last Runtime    Last Run
---------------------------  -----  ---------  --------  ----------  --------------  -------------------
/opt/airflow/dags/script.py                           1           0  0.44s           2023-11-03T17:38:09
================================================================================
[2023-11-04T12:26:45.906+0000] {manager.py:487} INFO - Processing files using up to 2 processes at a time 
[2023-11-04T12:26:45.919+0000] {manager.py:488} INFO - Process each file at most once every 30 seconds
[2023-11-04T12:26:45.919+0000] {manager.py:489} INFO - Checking for new files in /opt/airflow/dags every 300 seconds
[2023-11-04T12:26:45.922+0000] {manager.py:755} INFO - Searching for files in /opt/airflow/dags
[2023-11-04T12:26:45.952+0000] {manager.py:758} INFO - There are 1 files in /opt/airflow/dags
[2023-11-04T12:26:48.009+0000] {manager.py:887} INFO - 
================================================================================
DAG File Processing Stats

File Path                      PID  Runtime      # DAGs    # Errors  Last Runtime    Last Run
---------------------------  -----  ---------  --------  ----------  --------------  ----------
/opt/airflow/dags/script.py     45  1.33s             0           0
================================================================================
[2023-11-04T12:27:18.823+0000] {manager.py:887} INFO - 
================================================================================
DAG File Processing Stats

File Path                    PID    Runtime      # DAGs    # Errors  Last Runtime    Last Run
---------------------------  -----  ---------  --------  ----------  --------------  -------------------
/opt/airflow/dags/script.py                           1           0  6.45s           2023-11-04T12:26:53
================================================================================
[2023-11-04T12:27:49.460+0000] {manager.py:887} INFO - 
================================================================================
DAG File Processing Stats

File Path                    PID    Runtime      # DAGs    # Errors  Last Runtime    Last Run
---------------------------  -----  ---------  --------  ----------  --------------  -------------------
/opt/airflow/dags/script.py                           1           0  6.56s           2023-11-04T12:27:30
================================================================================
[2023-11-04T12:28:09.869+0000] {manager.py:469} INFO - Exiting gracefully upon receiving signal 15
[2023-11-04T12:28:09.869+0000] {manager.py:469} INFO - Exiting gracefully upon receiving signal 15
[2023-11-04T12:28:18.249+0000] {manager.py:469} INFO - Exiting gracefully upon receiving signal 15
[2023-11-04T12:33:18.262+0000] {manager.py:487} INFO - Processing files using up to 2 processes at a time 
[2023-11-04T12:33:18.266+0000] {manager.py:488} INFO - Process each file at most once every 30 seconds
[2023-11-04T12:33:18.267+0000] {manager.py:489} INFO - Checking for new files in /opt/airflow/dags every 300 seconds
[2023-11-04T12:33:18.268+0000] {manager.py:755} INFO - Searching for files in /opt/airflow/dags
[2023-11-04T12:33:18.277+0000] {manager.py:758} INFO - There are 1 files in /opt/airflow/dags
[2023-11-04T12:33:18.945+0000] {manager.py:887} INFO - 
================================================================================
DAG File Processing Stats

File Path                      PID  Runtime      # DAGs    # Errors  Last Runtime    Last Run
---------------------------  -----  ---------  --------  ----------  --------------  ----------
/opt/airflow/dags/script.py     45  0.39s             0           0
================================================================================
[2023-11-04T12:33:49.947+0000] {manager.py:887} INFO - 
================================================================================
DAG File Processing Stats

File Path                    PID    Runtime      # DAGs    # Errors  Last Runtime    Last Run
---------------------------  -----  ---------  --------  ----------  --------------  -------------------
/opt/airflow/dags/script.py                           1           0  4.22s           2023-11-04T12:33:22
================================================================================
[2023-11-04T12:34:20.304+0000] {manager.py:887} INFO - 
================================================================================
DAG File Processing Stats

File Path                    PID    Runtime      # DAGs    # Errors  Last Runtime    Last Run
---------------------------  -----  ---------  --------  ----------  --------------  -------------------
/opt/airflow/dags/script.py                           1           0  10.54s          2023-11-04T12:34:06
================================================================================
[2023-11-04T12:34:51.488+0000] {manager.py:887} INFO - 
================================================================================
DAG File Processing Stats

File Path                    PID    Runtime      # DAGs    # Errors  Last Runtime    Last Run
---------------------------  -----  ---------  --------  ----------  --------------  -------------------
/opt/airflow/dags/script.py                           1           0  1.42s           2023-11-04T12:34:38
================================================================================
[2023-11-04T12:35:21.931+0000] {manager.py:887} INFO - 
================================================================================
DAG File Processing Stats

File Path                    PID    Runtime      # DAGs    # Errors  Last Runtime    Last Run
---------------------------  -----  ---------  --------  ----------  --------------  -------------------
/opt/airflow/dags/script.py                           1           0  2.01s           2023-11-04T12:35:10
================================================================================
[2023-11-04T12:35:52.662+0000] {manager.py:887} INFO - 
================================================================================
DAG File Processing Stats

File Path                    PID    Runtime      # DAGs    # Errors  Last Runtime    Last Run
---------------------------  -----  ---------  --------  ----------  --------------  -------------------
/opt/airflow/dags/script.py                           1           0  1.24s           2023-11-04T12:35:42
================================================================================
[2023-11-04T12:36:23.255+0000] {manager.py:887} INFO - 
================================================================================
DAG File Processing Stats

File Path                    PID    Runtime      # DAGs    # Errors  Last Runtime    Last Run
---------------------------  -----  ---------  --------  ----------  --------------  -------------------
/opt/airflow/dags/script.py                           1           0  1.22s           2023-11-04T12:36:14
================================================================================
[2023-11-04T12:36:53.570+0000] {manager.py:887} INFO - 
================================================================================
DAG File Processing Stats

File Path                    PID    Runtime      # DAGs    # Errors  Last Runtime    Last Run
---------------------------  -----  ---------  --------  ----------  --------------  -------------------
/opt/airflow/dags/script.py                           1           0  4.84s           2023-11-04T12:36:50
================================================================================
[2023-11-04T12:37:23.628+0000] {manager.py:887} INFO - 
================================================================================
DAG File Processing Stats

File Path                    PID    Runtime      # DAGs    # Errors  Last Runtime    Last Run
---------------------------  -----  ---------  --------  ----------  --------------  -------------------
/opt/airflow/dags/script.py                           1           0  0.91s           2023-11-04T12:37:21
================================================================================
[2023-11-04T12:37:54.107+0000] {manager.py:887} INFO - 
================================================================================
DAG File Processing Stats

File Path                    PID    Runtime      # DAGs    # Errors  Last Runtime    Last Run
---------------------------  -----  ---------  --------  ----------  --------------  -------------------
/opt/airflow/dags/script.py                           1           0  1.56s           2023-11-04T12:37:53
================================================================================
[2023-11-04T12:38:18.301+0000] {manager.py:755} INFO - Searching for files in /opt/airflow/dags
[2023-11-04T12:38:18.311+0000] {manager.py:758} INFO - There are 1 files in /opt/airflow/dags
[2023-11-04T12:38:24.333+0000] {manager.py:887} INFO - 
================================================================================
DAG File Processing Stats

File Path                    PID    Runtime      # DAGs    # Errors  Last Runtime    Last Run
---------------------------  -----  ---------  --------  ----------  --------------  -------------------
/opt/airflow/dags/script.py                           1           0  0.56s           2023-11-04T12:38:24
================================================================================
[2023-11-04T12:38:54.579+0000] {manager.py:887} INFO - 
================================================================================
DAG File Processing Stats

File Path                      PID  Runtime      # DAGs    # Errors  Last Runtime    Last Run
---------------------------  -----  ---------  --------  ----------  --------------  -------------------
/opt/airflow/dags/script.py    133  0.01s             1           0  0.56s           2023-11-04T12:38:24
================================================================================
[2023-11-04T12:39:25.306+0000] {manager.py:887} INFO - 
================================================================================
DAG File Processing Stats

File Path                      PID  Runtime      # DAGs    # Errors  Last Runtime    Last Run
---------------------------  -----  ---------  --------  ----------  --------------  -------------------
/opt/airflow/dags/script.py    141  0.02s             1           0  0.54s           2023-11-04T12:38:55
================================================================================
[2023-11-04T12:39:55.575+0000] {manager.py:887} INFO - 
================================================================================
DAG File Processing Stats

File Path                    PID    Runtime      # DAGs    # Errors  Last Runtime    Last Run
---------------------------  -----  ---------  --------  ----------  --------------  -------------------
/opt/airflow/dags/script.py                           1           0  0.47s           2023-11-04T12:39:25
================================================================================
[2023-11-04T12:40:25.711+0000] {manager.py:887} INFO - 
================================================================================
DAG File Processing Stats

File Path                    PID    Runtime      # DAGs    # Errors  Last Runtime    Last Run
---------------------------  -----  ---------  --------  ----------  --------------  -------------------
/opt/airflow/dags/script.py                           1           0  0.49s           2023-11-04T12:39:56
================================================================================
[2023-11-04T12:40:56.028+0000] {manager.py:887} INFO - 
================================================================================
DAG File Processing Stats

File Path                    PID    Runtime      # DAGs    # Errors  Last Runtime    Last Run
---------------------------  -----  ---------  --------  ----------  --------------  -------------------
/opt/airflow/dags/script.py                           1           0  1.44s           2023-11-04T12:40:28
================================================================================
[2023-11-04T12:41:26.612+0000] {manager.py:887} INFO - 
================================================================================
DAG File Processing Stats

File Path                    PID    Runtime      # DAGs    # Errors  Last Runtime    Last Run
---------------------------  -----  ---------  --------  ----------  --------------  -------------------
/opt/airflow/dags/script.py                           1           0  0.38s           2023-11-04T12:40:58
================================================================================
[2023-11-04T12:41:56.811+0000] {manager.py:887} INFO - 
================================================================================
DAG File Processing Stats

File Path                    PID    Runtime      # DAGs    # Errors  Last Runtime    Last Run
---------------------------  -----  ---------  --------  ----------  --------------  -------------------
/opt/airflow/dags/script.py                           1           0  0.57s           2023-11-04T12:41:29
================================================================================
[2023-11-04T12:42:27.479+0000] {manager.py:887} INFO - 
================================================================================
DAG File Processing Stats

File Path                    PID    Runtime      # DAGs    # Errors  Last Runtime    Last Run
---------------------------  -----  ---------  --------  ----------  --------------  -------------------
/opt/airflow/dags/script.py                           1           0  0.49s           2023-11-04T12:42:00
================================================================================
[2023-11-04T12:42:57.770+0000] {manager.py:887} INFO - 
================================================================================
DAG File Processing Stats

File Path                    PID    Runtime      # DAGs    # Errors  Last Runtime    Last Run
---------------------------  -----  ---------  --------  ----------  --------------  -------------------
/opt/airflow/dags/script.py                           1           0  1.08s           2023-11-04T12:42:31
================================================================================
[2023-11-04T12:43:18.350+0000] {manager.py:755} INFO - Searching for files in /opt/airflow/dags
[2023-11-04T12:43:18.366+0000] {manager.py:758} INFO - There are 1 files in /opt/airflow/dags
[2023-11-04T12:43:28.144+0000] {manager.py:887} INFO - 
================================================================================
DAG File Processing Stats

File Path                    PID    Runtime      # DAGs    # Errors  Last Runtime    Last Run
---------------------------  -----  ---------  --------  ----------  --------------  -------------------
/opt/airflow/dags/script.py                           1           0  1.38s           2023-11-04T12:43:03
================================================================================
[2023-11-04T12:43:58.388+0000] {manager.py:887} INFO - 
================================================================================
DAG File Processing Stats

File Path                    PID    Runtime      # DAGs    # Errors  Last Runtime    Last Run
---------------------------  -----  ---------  --------  ----------  --------------  -------------------
/opt/airflow/dags/script.py                           1           0  0.69s           2023-11-04T12:43:34
================================================================================
[2023-11-04T12:44:29.795+0000] {manager.py:887} INFO - 
================================================================================
DAG File Processing Stats

File Path                      PID  Runtime      # DAGs    # Errors  Last Runtime    Last Run
---------------------------  -----  ---------  --------  ----------  --------------  -------------------
/opt/airflow/dags/script.py    224  0.02s             1           0  0.52s           2023-11-04T12:44:04
================================================================================
[2023-11-04T12:44:59.815+0000] {manager.py:887} INFO - 
================================================================================
DAG File Processing Stats

File Path                    PID    Runtime      # DAGs    # Errors  Last Runtime    Last Run
---------------------------  -----  ---------  --------  ----------  --------------  -------------------
/opt/airflow/dags/script.py                           1           0  7.88s           2023-11-04T12:44:37
================================================================================
[2023-11-04T12:45:30.395+0000] {manager.py:887} INFO - 
================================================================================
DAG File Processing Stats

File Path                    PID    Runtime      # DAGs    # Errors  Last Runtime    Last Run
---------------------------  -----  ---------  --------  ----------  --------------  -------------------
/opt/airflow/dags/script.py                           1           0  0.44s           2023-11-04T12:45:21
================================================================================
[2023-11-04T12:46:00.709+0000] {manager.py:887} INFO - 
================================================================================
DAG File Processing Stats

File Path                    PID    Runtime      # DAGs    # Errors  Last Runtime    Last Run
---------------------------  -----  ---------  --------  ----------  --------------  -------------------
/opt/airflow/dags/script.py                           1           0  0.49s           2023-11-04T12:45:52
================================================================================
[2023-11-04T12:46:31.360+0000] {manager.py:887} INFO - 
================================================================================
DAG File Processing Stats

File Path                    PID    Runtime      # DAGs    # Errors  Last Runtime    Last Run
---------------------------  -----  ---------  --------  ----------  --------------  -------------------
/opt/airflow/dags/script.py                           1           0  0.35s           2023-11-04T12:46:22
================================================================================
[2023-11-04T12:47:01.663+0000] {manager.py:887} INFO - 
================================================================================
DAG File Processing Stats

File Path                    PID    Runtime      # DAGs    # Errors  Last Runtime    Last Run
---------------------------  -----  ---------  --------  ----------  --------------  -------------------
/opt/airflow/dags/script.py                           1           0  6.75s           2023-11-04T12:46:44
================================================================================
[2023-11-04T12:47:31.796+0000] {manager.py:887} INFO - 
================================================================================
DAG File Processing Stats

File Path                    PID    Runtime      # DAGs    # Errors  Last Runtime    Last Run
---------------------------  -----  ---------  --------  ----------  --------------  -------------------
/opt/airflow/dags/script.py                           1           0  1.53s           2023-11-04T12:47:04
================================================================================
[2023-11-04T12:48:02.087+0000] {manager.py:887} INFO - 
================================================================================
DAG File Processing Stats

File Path                    PID    Runtime      # DAGs    # Errors  Last Runtime    Last Run
---------------------------  -----  ---------  --------  ----------  --------------  -------------------
/opt/airflow/dags/script.py                           1           0  2.19s           2023-11-04T12:47:37
================================================================================
[2023-11-04T12:48:18.363+0000] {manager.py:755} INFO - Searching for files in /opt/airflow/dags
[2023-11-04T12:48:18.375+0000] {manager.py:758} INFO - There are 1 files in /opt/airflow/dags
[2023-11-04T12:48:32.582+0000] {manager.py:887} INFO - 
================================================================================
DAG File Processing Stats

File Path                    PID    Runtime      # DAGs    # Errors  Last Runtime    Last Run
---------------------------  -----  ---------  --------  ----------  --------------  -------------------
/opt/airflow/dags/script.py                           1           0  0.50s           2023-11-04T12:48:07
================================================================================
[2023-11-04T12:49:03.062+0000] {manager.py:887} INFO - 
================================================================================
DAG File Processing Stats

File Path                    PID    Runtime      # DAGs    # Errors  Last Runtime    Last Run
---------------------------  -----  ---------  --------  ----------  --------------  -------------------
/opt/airflow/dags/script.py                           1           0  6.41s           2023-11-04T12:48:44
================================================================================
[2023-11-04T12:49:33.316+0000] {manager.py:887} INFO - 
================================================================================
DAG File Processing Stats

File Path                    PID    Runtime      # DAGs    # Errors  Last Runtime    Last Run
---------------------------  -----  ---------  --------  ----------  --------------  -------------------
/opt/airflow/dags/script.py                           1           0  0.68s           2023-11-04T12:49:15
================================================================================
[2023-11-04T12:50:03.583+0000] {manager.py:887} INFO - 
================================================================================
DAG File Processing Stats

File Path                    PID    Runtime      # DAGs    # Errors  Last Runtime    Last Run
---------------------------  -----  ---------  --------  ----------  --------------  -------------------
/opt/airflow/dags/script.py                           1           0  0.55s           2023-11-04T12:49:45
================================================================================
[2023-11-04T12:50:33.865+0000] {manager.py:887} INFO - 
================================================================================
DAG File Processing Stats

File Path                    PID    Runtime      # DAGs    # Errors  Last Runtime    Last Run
---------------------------  -----  ---------  --------  ----------  --------------  -------------------
/opt/airflow/dags/script.py                           1           0  0.52s           2023-11-04T12:50:16
================================================================================
[2023-11-04T12:51:04.110+0000] {manager.py:887} INFO - 
================================================================================
DAG File Processing Stats

File Path                    PID    Runtime      # DAGs    # Errors  Last Runtime    Last Run
---------------------------  -----  ---------  --------  ----------  --------------  -------------------
/opt/airflow/dags/script.py                           1           0  0.52s           2023-11-04T12:50:47
================================================================================
[2023-11-04T12:51:34.873+0000] {manager.py:887} INFO - 
================================================================================
DAG File Processing Stats

File Path                    PID    Runtime      # DAGs    # Errors  Last Runtime    Last Run
---------------------------  -----  ---------  --------  ----------  --------------  -------------------
/opt/airflow/dags/script.py                           1           0  5.17s           2023-11-04T12:51:22
================================================================================
[2023-11-04T12:52:05.204+0000] {manager.py:887} INFO - 
================================================================================
DAG File Processing Stats

File Path                    PID    Runtime      # DAGs    # Errors  Last Runtime    Last Run
---------------------------  -----  ---------  --------  ----------  --------------  -------------------
/opt/airflow/dags/script.py                           1           0  0.66s           2023-11-04T12:51:53
================================================================================
[2023-11-04T12:52:35.464+0000] {manager.py:887} INFO - 
================================================================================
DAG File Processing Stats

File Path                    PID    Runtime      # DAGs    # Errors  Last Runtime    Last Run
---------------------------  -----  ---------  --------  ----------  --------------  -------------------
/opt/airflow/dags/script.py                           1           0  0.49s           2023-11-04T12:52:24
================================================================================
[2023-11-04T12:53:05.879+0000] {manager.py:887} INFO - 
================================================================================
DAG File Processing Stats

File Path                    PID    Runtime      # DAGs    # Errors  Last Runtime    Last Run
---------------------------  -----  ---------  --------  ----------  --------------  -------------------
/opt/airflow/dags/script.py                           0           1  0.08s           2023-11-04T12:53:04
================================================================================
[2023-11-04T12:53:18.982+0000] {manager.py:755} INFO - Searching for files in /opt/airflow/dags
[2023-11-04T12:53:18.987+0000] {manager.py:758} INFO - There are 1 files in /opt/airflow/dags
[2023-11-04T12:53:36.214+0000] {manager.py:887} INFO - 
================================================================================
DAG File Processing Stats

File Path                    PID    Runtime      # DAGs    # Errors  Last Runtime    Last Run
---------------------------  -----  ---------  --------  ----------  --------------  -------------------
/opt/airflow/dags/script.py                           0           1  0.14s           2023-11-04T12:53:35
================================================================================
[2023-11-04T12:54:06.559+0000] {manager.py:887} INFO - 
================================================================================
DAG File Processing Stats

File Path                    PID    Runtime      # DAGs    # Errors  Last Runtime    Last Run
---------------------------  -----  ---------  --------  ----------  --------------  -------------------
/opt/airflow/dags/script.py                           0           1  0.25s           2023-11-04T12:54:05
================================================================================
[2023-11-04T12:54:36.959+0000] {manager.py:887} INFO - 
================================================================================
DAG File Processing Stats

File Path                    PID    Runtime      # DAGs    # Errors  Last Runtime    Last Run
---------------------------  -----  ---------  --------  ----------  --------------  -------------------
/opt/airflow/dags/script.py                           0           1  0.14s           2023-11-04T12:54:36
================================================================================
[2023-11-04T12:55:07.070+0000] {manager.py:887} INFO - 
================================================================================
DAG File Processing Stats

File Path                    PID    Runtime      # DAGs    # Errors  Last Runtime    Last Run
---------------------------  -----  ---------  --------  ----------  --------------  -------------------
/opt/airflow/dags/script.py                           1           0  5.75s           2023-11-04T12:54:57
================================================================================
[2023-11-04T12:55:37.605+0000] {manager.py:887} INFO - 
================================================================================
DAG File Processing Stats

File Path                    PID    Runtime      # DAGs    # Errors  Last Runtime    Last Run
---------------------------  -----  ---------  --------  ----------  --------------  -------------------
/opt/airflow/dags/script.py                           1           0  0.42s           2023-11-04T12:55:28
================================================================================
[2023-11-04T12:56:07.992+0000] {manager.py:887} INFO - 
================================================================================
DAG File Processing Stats

File Path                    PID    Runtime      # DAGs    # Errors  Last Runtime    Last Run
---------------------------  -----  ---------  --------  ----------  --------------  -------------------
/opt/airflow/dags/script.py                           1           0  3.70s           2023-11-04T12:56:02
================================================================================
[2023-11-04T12:56:38.855+0000] {manager.py:887} INFO - 
================================================================================
DAG File Processing Stats

File Path                    PID    Runtime      # DAGs    # Errors  Last Runtime    Last Run
---------------------------  -----  ---------  --------  ----------  --------------  -------------------
/opt/airflow/dags/script.py                           1           0  0.63s           2023-11-04T12:56:37
================================================================================
[2023-11-04T12:57:09.101+0000] {manager.py:887} INFO - 
================================================================================
DAG File Processing Stats

File Path                    PID    Runtime      # DAGs    # Errors  Last Runtime    Last Run
---------------------------  -----  ---------  --------  ----------  --------------  -------------------
/opt/airflow/dags/script.py                           1           0  0.61s           2023-11-04T12:56:42
================================================================================
[2023-11-04T12:57:39.340+0000] {manager.py:887} INFO - 
================================================================================
DAG File Processing Stats

File Path                    PID    Runtime      # DAGs    # Errors  Last Runtime    Last Run
---------------------------  -----  ---------  --------  ----------  --------------  -------------------
/opt/airflow/dags/script.py                           1           0  0.52s           2023-11-04T12:57:13
================================================================================
[2023-11-04T12:58:09.655+0000] {manager.py:887} INFO - 
================================================================================
DAG File Processing Stats

File Path                    PID    Runtime      # DAGs    # Errors  Last Runtime    Last Run
---------------------------  -----  ---------  --------  ----------  --------------  -------------------
/opt/airflow/dags/script.py                           1           0  0.66s           2023-11-04T12:57:44
================================================================================
[2023-11-04T12:58:19.347+0000] {manager.py:755} INFO - Searching for files in /opt/airflow/dags
[2023-11-04T12:58:19.365+0000] {manager.py:758} INFO - There are 1 files in /opt/airflow/dags
[2023-11-04T12:58:39.869+0000] {manager.py:887} INFO - 
================================================================================
DAG File Processing Stats

File Path                    PID    Runtime      # DAGs    # Errors  Last Runtime    Last Run
---------------------------  -----  ---------  --------  ----------  --------------  -------------------
/opt/airflow/dags/script.py                           1           0  12.37s          2023-11-04T12:58:26
================================================================================
[2023-11-04T12:59:10.092+0000] {manager.py:887} INFO - 
================================================================================
DAG File Processing Stats

File Path                    PID    Runtime      # DAGs    # Errors  Last Runtime    Last Run
---------------------------  -----  ---------  --------  ----------  --------------  -------------------
/opt/airflow/dags/script.py                           1           0  2.97s           2023-11-04T12:59:00
================================================================================
[2023-11-04T12:59:40.133+0000] {manager.py:887} INFO - 
================================================================================
DAG File Processing Stats

File Path                    PID    Runtime      # DAGs    # Errors  Last Runtime    Last Run
---------------------------  -----  ---------  --------  ----------  --------------  -------------------
/opt/airflow/dags/script.py                           1           0  0.40s           2023-11-04T12:59:38
================================================================================
[2023-11-04T13:00:10.264+0000] {manager.py:887} INFO - 
================================================================================
DAG File Processing Stats

File Path                    PID    Runtime      # DAGs    # Errors  Last Runtime    Last Run
---------------------------  -----  ---------  --------  ----------  --------------  -------------------
/opt/airflow/dags/script.py                           1           0  0.50s           2023-11-04T12:59:54
================================================================================
[2023-11-04T13:00:41.073+0000] {manager.py:887} INFO - 
================================================================================
DAG File Processing Stats

File Path                    PID    Runtime      # DAGs    # Errors  Last Runtime    Last Run
---------------------------  -----  ---------  --------  ----------  --------------  -------------------
/opt/airflow/dags/script.py                           1           0  0.72s           2023-11-04T13:00:25
================================================================================
[2023-11-04T13:01:11.456+0000] {manager.py:887} INFO - 
================================================================================
DAG File Processing Stats

File Path                    PID    Runtime      # DAGs    # Errors  Last Runtime    Last Run
---------------------------  -----  ---------  --------  ----------  --------------  -------------------
/opt/airflow/dags/script.py                           1           0  0.57s           2023-11-04T13:00:55
================================================================================
[2023-11-04T13:01:41.712+0000] {manager.py:887} INFO - 
================================================================================
DAG File Processing Stats

File Path                    PID    Runtime      # DAGs    # Errors  Last Runtime    Last Run
---------------------------  -----  ---------  --------  ----------  --------------  -------------------
/opt/airflow/dags/script.py                           1           0  0.65s           2023-11-04T13:01:26
================================================================================
[2023-11-04T13:02:11.991+0000] {manager.py:887} INFO - 
================================================================================
DAG File Processing Stats

File Path                    PID    Runtime      # DAGs    # Errors  Last Runtime    Last Run
---------------------------  -----  ---------  --------  ----------  --------------  -------------------
/opt/airflow/dags/script.py                           1           0  3.36s           2023-11-04T13:02:00
================================================================================
[2023-11-04T13:02:42.023+0000] {manager.py:887} INFO - 
================================================================================
DAG File Processing Stats

File Path                    PID    Runtime      # DAGs    # Errors  Last Runtime    Last Run
---------------------------  -----  ---------  --------  ----------  --------------  -------------------
/opt/airflow/dags/script.py                           1           0  0.49s           2023-11-04T13:02:30
================================================================================
[2023-11-04T13:03:12.277+0000] {manager.py:887} INFO - 
================================================================================
DAG File Processing Stats

File Path                    PID    Runtime      # DAGs    # Errors  Last Runtime    Last Run
---------------------------  -----  ---------  --------  ----------  --------------  -------------------
/opt/airflow/dags/script.py                           1           0  3.22s           2023-11-04T13:03:04
================================================================================
[2023-11-04T13:03:19.541+0000] {manager.py:755} INFO - Searching for files in /opt/airflow/dags
[2023-11-04T13:03:19.548+0000] {manager.py:758} INFO - There are 1 files in /opt/airflow/dags
[2023-11-04T13:03:42.835+0000] {manager.py:887} INFO - 
================================================================================
DAG File Processing Stats

File Path                    PID    Runtime      # DAGs    # Errors  Last Runtime    Last Run
---------------------------  -----  ---------  --------  ----------  --------------  -------------------
/opt/airflow/dags/script.py                           1           0  5.60s           2023-11-04T13:03:40
================================================================================
[2023-11-04T13:04:13.090+0000] {manager.py:887} INFO - 
================================================================================
DAG File Processing Stats

File Path                    PID    Runtime      # DAGs    # Errors  Last Runtime    Last Run
---------------------------  -----  ---------  --------  ----------  --------------  -------------------
/opt/airflow/dags/script.py                           1           0  0.78s           2023-11-04T13:04:11
================================================================================
[2023-11-04T13:04:43.104+0000] {manager.py:887} INFO - 
================================================================================
DAG File Processing Stats

File Path                    PID    Runtime      # DAGs    # Errors  Last Runtime    Last Run
---------------------------  -----  ---------  --------  ----------  --------------  -------------------
/opt/airflow/dags/script.py                           1           0  0.76s           2023-11-04T13:04:42
================================================================================
[2023-11-04T13:05:13.589+0000] {manager.py:887} INFO - 
================================================================================
DAG File Processing Stats

File Path                    PID    Runtime      # DAGs    # Errors  Last Runtime    Last Run
---------------------------  -----  ---------  --------  ----------  --------------  -------------------
/opt/airflow/dags/script.py                           1           0  0.63s           2023-11-04T13:05:12
================================================================================
[2023-11-04T13:05:43.970+0000] {manager.py:887} INFO - 
================================================================================
DAG File Processing Stats

File Path                      PID  Runtime      # DAGs    # Errors  Last Runtime    Last Run
---------------------------  -----  ---------  --------  ----------  --------------  -------------------
/opt/airflow/dags/script.py    579  0.75s             1           0  0.63s           2023-11-04T13:05:12
================================================================================
[2023-11-04T13:06:14.908+0000] {manager.py:887} INFO - 
================================================================================
DAG File Processing Stats

File Path                    PID    Runtime      # DAGs    # Errors  Last Runtime    Last Run
---------------------------  -----  ---------  --------  ----------  --------------  -------------------
/opt/airflow/dags/script.py                           1           0  8.17s           2023-11-04T13:05:51
================================================================================
[2023-11-04T13:06:45.083+0000] {manager.py:887} INFO - 
================================================================================
DAG File Processing Stats

File Path                    PID    Runtime      # DAGs    # Errors  Last Runtime    Last Run
---------------------------  -----  ---------  --------  ----------  --------------  -------------------
/opt/airflow/dags/script.py                           1           0  22.35s          2023-11-04T13:06:44
================================================================================
[2023-11-04T13:07:15.449+0000] {manager.py:887} INFO - 
================================================================================
DAG File Processing Stats

File Path                      PID  Runtime      # DAGs    # Errors  Last Runtime    Last Run
---------------------------  -----  ---------  --------  ----------  --------------  -------------------
/opt/airflow/dags/script.py    601  0.15s             1           0  22.35s          2023-11-04T13:06:44
================================================================================
[2023-11-04T13:07:45.810+0000] {manager.py:887} INFO - 
================================================================================
DAG File Processing Stats

File Path                      PID  Runtime      # DAGs    # Errors  Last Runtime    Last Run
---------------------------  -----  ---------  --------  ----------  --------------  -------------------
/opt/airflow/dags/script.py    601  30.59s            1           0  22.35s          2023-11-04T13:06:44
================================================================================
[2023-11-04T13:08:15.996+0000] {manager.py:887} INFO - 
================================================================================
DAG File Processing Stats

File Path                    PID    Runtime      # DAGs    # Errors  Last Runtime    Last Run
---------------------------  -----  ---------  --------  ----------  --------------  -------------------
/opt/airflow/dags/script.py                           1           0  35.61s          2023-11-04T13:07:50
================================================================================
[2023-11-04T13:08:20.186+0000] {manager.py:755} INFO - Searching for files in /opt/airflow/dags
[2023-11-04T13:08:20.276+0000] {manager.py:758} INFO - There are 1 files in /opt/airflow/dags
[2023-11-04T13:08:46.603+0000] {manager.py:887} INFO - 
================================================================================
DAG File Processing Stats

File Path                    PID    Runtime      # DAGs    # Errors  Last Runtime    Last Run
---------------------------  -----  ---------  --------  ----------  --------------  -------------------
/opt/airflow/dags/script.py                           1           0  6.15s           2023-11-04T13:08:27
================================================================================
[2023-11-04T13:09:16.736+0000] {manager.py:887} INFO - 
================================================================================
DAG File Processing Stats

File Path                      PID  Runtime      # DAGs    # Errors  Last Runtime    Last Run
---------------------------  -----  ---------  --------  ----------  --------------  -------------------
/opt/airflow/dags/script.py    622  18.61s            1           0  6.15s           2023-11-04T13:08:27
================================================================================
[2023-11-04T13:09:47.296+0000] {manager.py:887} INFO - 
================================================================================
DAG File Processing Stats

File Path                    PID    Runtime      # DAGs    # Errors  Last Runtime    Last Run
---------------------------  -----  ---------  --------  ----------  --------------  -------------------
/opt/airflow/dags/script.py                           1           0  41.14s          2023-11-04T13:09:39
================================================================================
[2023-11-04T13:10:17.567+0000] {manager.py:887} INFO - 
================================================================================
DAG File Processing Stats

File Path                      PID  Runtime      # DAGs    # Errors  Last Runtime    Last Run
---------------------------  -----  ---------  --------  ----------  --------------  -------------------
/opt/airflow/dags/script.py    637  7.18s             1           0  41.14s          2023-11-04T13:09:39
================================================================================
[2023-11-04T13:10:48.015+0000] {manager.py:887} INFO - 
================================================================================
DAG File Processing Stats

File Path                    PID    Runtime      # DAGs    # Errors  Last Runtime    Last Run
---------------------------  -----  ---------  --------  ----------  --------------  -------------------
/opt/airflow/dags/script.py                           1           0  23.47s          2023-11-04T13:10:33
================================================================================
[2023-11-04T13:11:18.548+0000] {manager.py:887} INFO - 
================================================================================
DAG File Processing Stats

File Path                    PID    Runtime      # DAGs    # Errors  Last Runtime    Last Run
---------------------------  -----  ---------  --------  ----------  --------------  -------------------
/opt/airflow/dags/script.py                           1           0  5.16s           2023-11-04T13:11:09
================================================================================
[2023-11-04T13:11:49.079+0000] {manager.py:887} INFO - 
================================================================================
DAG File Processing Stats

File Path                      PID  Runtime      # DAGs    # Errors  Last Runtime    Last Run
---------------------------  -----  ---------  --------  ----------  --------------  -------------------
/opt/airflow/dags/script.py    662  8.54s             1           0  5.16s           2023-11-04T13:11:09
================================================================================
[2023-11-04T13:12:20.030+0000] {manager.py:887} INFO - 
================================================================================
DAG File Processing Stats

File Path                      PID  Runtime      # DAGs    # Errors  Last Runtime    Last Run
---------------------------  -----  ---------  --------  ----------  --------------  -------------------
/opt/airflow/dags/script.py    662  39.57s            1           0  5.16s           2023-11-04T13:11:09
================================================================================
[2023-11-04T13:12:50.566+0000] {manager.py:887} INFO - 
================================================================================
DAG File Processing Stats

File Path                    PID    Runtime      # DAGs    # Errors  Last Runtime    Last Run
---------------------------  -----  ---------  --------  ----------  --------------  -------------------
/opt/airflow/dags/script.py                           1           0  40.97s          2023-11-04T13:12:21
================================================================================
[2023-11-04T13:13:20.392+0000] {manager.py:755} INFO - Searching for files in /opt/airflow/dags
[2023-11-04T13:13:20.756+0000] {manager.py:758} INFO - There are 1 files in /opt/airflow/dags
[2023-11-04T13:13:21.562+0000] {manager.py:887} INFO - 
================================================================================
DAG File Processing Stats

File Path                    PID    Runtime      # DAGs    # Errors  Last Runtime    Last Run
---------------------------  -----  ---------  --------  ----------  --------------  -------------------
/opt/airflow/dags/script.py                           1           0  21.39s          2023-11-04T13:13:13
================================================================================
[2023-11-04T13:13:52.272+0000] {manager.py:887} INFO - 
================================================================================
DAG File Processing Stats

File Path                      PID  Runtime      # DAGs    # Errors  Last Runtime    Last Run
---------------------------  -----  ---------  --------  ----------  --------------  -------------------
/opt/airflow/dags/script.py    691  8.26s             1           0  21.39s          2023-11-04T13:13:13
================================================================================
[2023-11-04T13:14:23.035+0000] {manager.py:887} INFO - 
================================================================================
DAG File Processing Stats

File Path                      PID  Runtime      # DAGs    # Errors  Last Runtime    Last Run
---------------------------  -----  ---------  --------  ----------  --------------  -------------------
/opt/airflow/dags/script.py    691  38.94s            1           0  21.39s          2023-11-04T13:13:13
================================================================================
[2023-11-04T13:14:53.507+0000] {manager.py:887} INFO - 
================================================================================
DAG File Processing Stats

File Path                    PID    Runtime      # DAGs    # Errors  Last Runtime    Last Run
---------------------------  -----  ---------  --------  ----------  --------------  -------------------
/opt/airflow/dags/script.py                           1           0  43.20s          2023-11-04T13:14:27
================================================================================
[2023-11-04T13:15:23.619+0000] {manager.py:887} INFO - 
================================================================================
DAG File Processing Stats

File Path                    PID    Runtime      # DAGs    # Errors  Last Runtime    Last Run
---------------------------  -----  ---------  --------  ----------  --------------  -------------------
/opt/airflow/dags/script.py                           1           0  18.73s          2023-11-04T13:15:16
================================================================================
[2023-11-04T13:15:53.893+0000] {manager.py:887} INFO - 
================================================================================
DAG File Processing Stats

File Path                      PID  Runtime      # DAGs    # Errors  Last Runtime    Last Run
---------------------------  -----  ---------  --------  ----------  --------------  -------------------
/opt/airflow/dags/script.py    713  7.11s             1           0  18.73s          2023-11-04T13:15:16
================================================================================
[2023-11-04T13:16:24.291+0000] {manager.py:887} INFO - 
================================================================================
DAG File Processing Stats

File Path                    PID    Runtime      # DAGs    # Errors  Last Runtime    Last Run
---------------------------  -----  ---------  --------  ----------  --------------  -------------------
/opt/airflow/dags/script.py                           1           0  7.75s           2023-11-04T13:15:54
================================================================================
[2023-11-04T13:16:54.576+0000] {manager.py:887} INFO - 
================================================================================
DAG File Processing Stats

File Path                    PID    Runtime      # DAGs    # Errors  Last Runtime    Last Run
---------------------------  -----  ---------  --------  ----------  --------------  -------------------
/opt/airflow/dags/script.py                           1           0  0.99s           2023-11-04T13:16:25
================================================================================
[2023-11-04T13:17:25.015+0000] {manager.py:887} INFO - 
================================================================================
DAG File Processing Stats

File Path                    PID    Runtime      # DAGs    # Errors  Last Runtime    Last Run
---------------------------  -----  ---------  --------  ----------  --------------  -------------------
/opt/airflow/dags/script.py                           1           0  3.76s           2023-11-04T13:16:59
================================================================================
[2023-11-04T13:17:55.528+0000] {manager.py:887} INFO - 
================================================================================
DAG File Processing Stats

File Path                    PID    Runtime      # DAGs    # Errors  Last Runtime    Last Run
---------------------------  -----  ---------  --------  ----------  --------------  -------------------
/opt/airflow/dags/script.py                           1           0  10.59s          2023-11-04T13:17:40
================================================================================
[2023-11-04T13:18:20.728+0000] {manager.py:755} INFO - Searching for files in /opt/airflow/dags
[2023-11-04T13:18:20.735+0000] {manager.py:758} INFO - There are 2 files in /opt/airflow/dags
[2023-11-04T13:18:25.895+0000] {manager.py:887} INFO - 
================================================================================
DAG File Processing Stats

File Path                       PID  Runtime      # DAGs    # Errors  Last Runtime    Last Run
----------------------------  -----  ---------  --------  ----------  --------------  -------------------
/opt/airflow/dags/script2.py    761  5.05s             0           0
/opt/airflow/dags/script.py                            1           0  2.76s           2023-11-04T13:18:13
================================================================================
[2023-11-04T13:18:55.909+0000] {manager.py:887} INFO - 
================================================================================
DAG File Processing Stats

File Path                     PID    Runtime      # DAGs    # Errors  Last Runtime    Last Run
----------------------------  -----  ---------  --------  ----------  --------------  -------------------
/opt/airflow/dags/script2.py                           1           0  5.21s           2023-11-04T13:18:26
/opt/airflow/dags/script.py                            1           0  0.61s           2023-11-04T13:18:35
================================================================================
[2023-11-04T13:19:25.999+0000] {manager.py:887} INFO - 
================================================================================
DAG File Processing Stats

File Path                     PID    Runtime      # DAGs    # Errors  Last Runtime    Last Run
----------------------------  -----  ---------  --------  ----------  --------------  -------------------
/opt/airflow/dags/script2.py                           1           0  0.73s           2023-11-04T13:18:57
/opt/airflow/dags/script.py                            1           0  0.83s           2023-11-04T13:19:06
================================================================================
[2023-11-04T13:19:56.280+0000] {manager.py:887} INFO - 
================================================================================
DAG File Processing Stats

File Path                     PID    Runtime      # DAGs    # Errors  Last Runtime    Last Run
----------------------------  -----  ---------  --------  ----------  --------------  -------------------
/opt/airflow/dags/script2.py                           1           0  0.61s           2023-11-04T13:19:28
/opt/airflow/dags/script.py                            1           0  1.23s           2023-11-04T13:19:38
================================================================================
[2023-11-04T13:20:26.322+0000] {manager.py:887} INFO - 
================================================================================
DAG File Processing Stats

File Path                     PID    Runtime      # DAGs    # Errors  Last Runtime    Last Run
----------------------------  -----  ---------  --------  ----------  --------------  -------------------
/opt/airflow/dags/script2.py                           1           0  6.04s           2023-11-04T13:20:04
/opt/airflow/dags/script.py                            1           0  0.78s           2023-11-04T13:20:09
================================================================================
[2023-11-04T13:20:56.561+0000] {manager.py:887} INFO - 
================================================================================
DAG File Processing Stats

File Path                     PID    Runtime      # DAGs    # Errors  Last Runtime    Last Run
----------------------------  -----  ---------  --------  ----------  --------------  -------------------
/opt/airflow/dags/script2.py                           1           0  1.15s           2023-11-04T13:20:35
/opt/airflow/dags/script.py                            1           0  0.94s           2023-11-04T13:20:40
================================================================================
[2023-11-04T13:21:26.958+0000] {manager.py:887} INFO - 
================================================================================
DAG File Processing Stats

File Path                     PID    Runtime      # DAGs    # Errors  Last Runtime    Last Run
----------------------------  -----  ---------  --------  ----------  --------------  -------------------
/opt/airflow/dags/script2.py                           1           0  0.77s           2023-11-04T13:21:06
/opt/airflow/dags/script.py                            1           0  0.81s           2023-11-04T13:21:11
================================================================================
[2023-11-04T13:21:57.013+0000] {manager.py:887} INFO - 
================================================================================
DAG File Processing Stats

File Path                     PID    Runtime      # DAGs    # Errors  Last Runtime    Last Run
----------------------------  -----  ---------  --------  ----------  --------------  -------------------
/opt/airflow/dags/script2.py                           1           0  1.32s           2023-11-04T13:21:37
/opt/airflow/dags/script.py                            1           0  0.84s           2023-11-04T13:21:42
================================================================================
[2023-11-04T13:22:27.164+0000] {manager.py:887} INFO - 
================================================================================
DAG File Processing Stats

File Path                     PID    Runtime      # DAGs    # Errors  Last Runtime    Last Run
----------------------------  -----  ---------  --------  ----------  --------------  -------------------
/opt/airflow/dags/script2.py                           1           0  0.91s           2023-11-04T13:22:09
/opt/airflow/dags/script.py                            1           0  0.67s           2023-11-04T13:22:13
================================================================================
[2023-11-04T13:22:31.847+0000] {manager.py:469} INFO - Exiting gracefully upon receiving signal 15
[2023-11-04T13:26:03.496+0000] {manager.py:487} INFO - Processing files using up to 2 processes at a time 
[2023-11-04T13:26:03.508+0000] {manager.py:488} INFO - Process each file at most once every 30 seconds
[2023-11-04T13:26:03.514+0000] {manager.py:489} INFO - Checking for new files in /opt/airflow/dags every 300 seconds
[2023-11-04T13:26:03.515+0000] {manager.py:755} INFO - Searching for files in /opt/airflow/dags
[2023-11-04T13:26:03.542+0000] {manager.py:758} INFO - There are 2 files in /opt/airflow/dags
[2023-11-04T13:26:08.370+0000] {manager.py:887} INFO - 
================================================================================
DAG File Processing Stats

File Path                       PID  Runtime      # DAGs    # Errors  Last Runtime    Last Run
----------------------------  -----  ---------  --------  ----------  --------------  ----------
/opt/airflow/dags/script2.py     49  3.24s             0           0
/opt/airflow/dags/script.py      48  3.37s             0           0
================================================================================
[2023-11-04T13:26:39.151+0000] {manager.py:887} INFO - 
================================================================================
DAG File Processing Stats

File Path                     PID    Runtime      # DAGs    # Errors  Last Runtime    Last Run
----------------------------  -----  ---------  --------  ----------  --------------  -------------------
/opt/airflow/dags/script2.py                           1           0  15.37s          2023-11-04T13:26:20
/opt/airflow/dags/script.py                            1           0  15.40s          2023-11-04T13:26:19
================================================================================
[2023-11-04T13:27:09.908+0000] {manager.py:887} INFO - 
================================================================================
DAG File Processing Stats

File Path                     PID    Runtime      # DAGs    # Errors  Last Runtime    Last Run
----------------------------  -----  ---------  --------  ----------  --------------  -------------------
/opt/airflow/dags/script2.py                           1           0  7.86s           2023-11-04T13:26:58
/opt/airflow/dags/script.py                            1           0  8.04s           2023-11-04T13:26:58
================================================================================
[2023-11-04T13:27:39.925+0000] {manager.py:887} INFO - 
================================================================================
DAG File Processing Stats

File Path                     PID    Runtime      # DAGs    # Errors  Last Runtime    Last Run
----------------------------  -----  ---------  --------  ----------  --------------  -------------------
/opt/airflow/dags/script2.py                           1           0  6.61s           2023-11-04T13:27:36
/opt/airflow/dags/script.py                            1           0  7.07s           2023-11-04T13:27:36
================================================================================
[2023-11-04T13:28:10.741+0000] {manager.py:887} INFO - 
================================================================================
DAG File Processing Stats

File Path                       PID  Runtime      # DAGs    # Errors  Last Runtime    Last Run
----------------------------  -----  ---------  --------  ----------  --------------  -------------------
/opt/airflow/dags/script2.py     83  2.78s             1           0  6.61s           2023-11-04T13:27:36
/opt/airflow/dags/script.py      82  2.97s             1           0  7.07s           2023-11-04T13:27:36
================================================================================
[2023-11-04T13:28:41.150+0000] {manager.py:887} INFO - 
================================================================================
DAG File Processing Stats

File Path                     PID    Runtime      # DAGs    # Errors  Last Runtime    Last Run
----------------------------  -----  ---------  --------  ----------  --------------  -------------------
/opt/airflow/dags/script2.py                           1           0  14.38s          2023-11-04T13:28:22
/opt/airflow/dags/script.py                            1           0  14.57s          2023-11-04T13:28:22
================================================================================
[2023-11-04T13:29:11.903+0000] {manager.py:887} INFO - 
================================================================================
DAG File Processing Stats

File Path                     PID    Runtime      # DAGs    # Errors  Last Runtime    Last Run
----------------------------  -----  ---------  --------  ----------  --------------  -------------------
/opt/airflow/dags/script2.py                           1           0  0.47s           2023-11-04T13:28:52
/opt/airflow/dags/script.py                            1           0  0.50s           2023-11-04T13:28:52
================================================================================
[2023-11-04T13:29:42.854+0000] {manager.py:887} INFO - 
================================================================================
DAG File Processing Stats

File Path                     PID    Runtime      # DAGs    # Errors  Last Runtime    Last Run
----------------------------  -----  ---------  --------  ----------  --------------  -------------------
/opt/airflow/dags/script2.py                           1           0  0.63s           2023-11-04T13:29:23
/opt/airflow/dags/script.py                            1           0  0.67s           2023-11-04T13:29:23
================================================================================
[2023-11-04T13:30:13.150+0000] {manager.py:887} INFO - 
================================================================================
DAG File Processing Stats

File Path                     PID    Runtime      # DAGs    # Errors  Last Runtime    Last Run
----------------------------  -----  ---------  --------  ----------  --------------  -------------------
/opt/airflow/dags/script2.py                           1           0  0.59s           2023-11-04T13:29:54
/opt/airflow/dags/script.py                            1           0  0.61s           2023-11-04T13:29:54
================================================================================
[2023-11-04T13:30:43.387+0000] {manager.py:887} INFO - 
================================================================================
DAG File Processing Stats

File Path                     PID    Runtime      # DAGs    # Errors  Last Runtime    Last Run
----------------------------  -----  ---------  --------  ----------  --------------  -------------------
/opt/airflow/dags/script2.py                           1           0  0.66s           2023-11-04T13:30:25
/opt/airflow/dags/script.py                            1           0  0.68s           2023-11-04T13:30:25
================================================================================
[2023-11-04T13:31:03.855+0000] {manager.py:755} INFO - Searching for files in /opt/airflow/dags
[2023-11-04T13:31:03.870+0000] {manager.py:758} INFO - There are 2 files in /opt/airflow/dags
[2023-11-04T13:31:13.450+0000] {manager.py:887} INFO - 
================================================================================
DAG File Processing Stats

File Path                     PID    Runtime      # DAGs    # Errors  Last Runtime    Last Run
----------------------------  -----  ---------  --------  ----------  --------------  -------------------
/opt/airflow/dags/script2.py                           1           0  0.54s           2023-11-04T13:30:56
/opt/airflow/dags/script.py                            1           0  0.55s           2023-11-04T13:30:56
================================================================================
[2023-11-04T13:31:43.945+0000] {manager.py:887} INFO - 
================================================================================
DAG File Processing Stats

File Path                     PID    Runtime      # DAGs    # Errors  Last Runtime    Last Run
----------------------------  -----  ---------  --------  ----------  --------------  -------------------
/opt/airflow/dags/script2.py                           1           0  2.16s           2023-11-04T13:31:28
/opt/airflow/dags/script.py                            1           0  2.21s           2023-11-04T13:31:28
================================================================================
[2023-11-04T13:32:14.908+0000] {manager.py:887} INFO - 
================================================================================
DAG File Processing Stats

File Path                     PID    Runtime      # DAGs    # Errors  Last Runtime    Last Run
----------------------------  -----  ---------  --------  ----------  --------------  -------------------
/opt/airflow/dags/script2.py                           1           0  10.74s          2023-11-04T13:32:09
/opt/airflow/dags/script.py                            1           0  10.78s          2023-11-04T13:32:09
================================================================================
[2023-11-04T13:32:45.191+0000] {manager.py:887} INFO - 
================================================================================
DAG File Processing Stats

File Path                     PID    Runtime      # DAGs    # Errors  Last Runtime    Last Run
----------------------------  -----  ---------  --------  ----------  --------------  -------------------
/opt/airflow/dags/script2.py                           1           0  0.64s           2023-11-04T13:32:40
/opt/airflow/dags/script.py                            1           0  0.65s           2023-11-04T13:32:40
================================================================================
[2023-11-04T13:33:16.315+0000] {manager.py:887} INFO - 
================================================================================
DAG File Processing Stats

File Path                       PID  Runtime      # DAGs    # Errors  Last Runtime    Last Run
----------------------------  -----  ---------  --------  ----------  --------------  -------------------
/opt/airflow/dags/script2.py    171  5.04s             1           0  0.64s           2023-11-04T13:32:40
/opt/airflow/dags/script.py     170  5.09s             1           0  0.65s           2023-11-04T13:32:40
================================================================================
[2023-11-04T13:33:48.443+0000] {manager.py:887} INFO - 
================================================================================
DAG File Processing Stats

File Path                     PID    Runtime      # DAGs    # Errors  Last Runtime    Last Run
----------------------------  -----  ---------  --------  ----------  --------------  -------------------
/opt/airflow/dags/script2.py                           1           0  19.54s          2023-11-04T13:33:30
/opt/airflow/dags/script.py                            1           0  19.66s          2023-11-04T13:33:30
================================================================================
[2023-11-04T13:34:22.152+0000] {manager.py:887} INFO - 
================================================================================
DAG File Processing Stats

File Path                       PID  Runtime      # DAGs    # Errors  Last Runtime    Last Run
----------------------------  -----  ---------  --------  ----------  --------------  -------------------
/opt/airflow/dags/script2.py    180  21.09s            1           0  19.54s          2023-11-04T13:33:30
/opt/airflow/dags/script.py     179  21.14s            1           0  19.66s          2023-11-04T13:33:30
================================================================================
[2023-11-04T13:34:53.249+0000] {manager.py:887} INFO - 
================================================================================
DAG File Processing Stats

File Path                     PID    Runtime      # DAGs    # Errors  Last Runtime    Last Run
----------------------------  -----  ---------  --------  ----------  --------------  -------------------
/opt/airflow/dags/script2.py                           1           0  27.97s          2023-11-04T13:34:29
/opt/airflow/dags/script.py                            1           0  27.99s          2023-11-04T13:34:28
================================================================================
[2023-11-04T13:35:22.694+0000] {manager.py:887} INFO - 
================================================================================
DAG File Processing Stats

File Path                     PID    Runtime      # DAGs    # Errors  Last Runtime    Last Run
----------------------------  -----  ---------  --------  ----------  --------------  -------------------
/opt/airflow/dags/script2.py                           1           0  1.87s           2023-11-04T13:35:01
/opt/airflow/dags/script.py                            1           0  1.88s           2023-11-04T13:35:01
================================================================================
[2023-11-04T13:35:52.860+0000] {manager.py:887} INFO - 
================================================================================
DAG File Processing Stats

File Path                     PID    Runtime      # DAGs    # Errors  Last Runtime    Last Run
----------------------------  -----  ---------  --------  ----------  --------------  -------------------
/opt/airflow/dags/script2.py                           1           0  0.83s           2023-11-04T13:35:32
/opt/airflow/dags/script.py                            1           0  0.86s           2023-11-04T13:35:32
================================================================================
[2023-11-04T13:36:04.233+0000] {manager.py:755} INFO - Searching for files in /opt/airflow/dags
[2023-11-04T13:36:04.254+0000] {manager.py:758} INFO - There are 2 files in /opt/airflow/dags
[2023-11-04T13:36:23.391+0000] {manager.py:887} INFO - 
================================================================================
DAG File Processing Stats

File Path                     PID    Runtime      # DAGs    # Errors  Last Runtime    Last Run
----------------------------  -----  ---------  --------  ----------  --------------  -------------------
/opt/airflow/dags/script2.py                           1           0  2.01s           2023-11-04T13:36:05
/opt/airflow/dags/script.py                            1           0  2.04s           2023-11-04T13:36:05
================================================================================
[2023-11-04T13:36:54.203+0000] {manager.py:887} INFO - 
================================================================================
DAG File Processing Stats

File Path                     PID    Runtime      # DAGs    # Errors  Last Runtime    Last Run
----------------------------  -----  ---------  --------  ----------  --------------  -------------------
/opt/airflow/dags/script2.py                           1           0  0.63s           2023-11-04T13:36:36
/opt/airflow/dags/script.py                            1           0  0.63s           2023-11-04T13:36:36
================================================================================
[2023-11-04T13:37:24.614+0000] {manager.py:887} INFO - 
================================================================================
DAG File Processing Stats

File Path                     PID    Runtime      # DAGs    # Errors  Last Runtime    Last Run
----------------------------  -----  ---------  --------  ----------  --------------  -------------------
/opt/airflow/dags/script2.py                           1           0  1.22s           2023-11-04T13:37:07
/opt/airflow/dags/script.py                            1           0  1.24s           2023-11-04T13:37:07
================================================================================
[2023-11-04T13:37:54.583+0000] {manager.py:887} INFO - 
================================================================================
DAG File Processing Stats

File Path                     PID    Runtime      # DAGs    # Errors  Last Runtime    Last Run
----------------------------  -----  ---------  --------  ----------  --------------  -------------------
/opt/airflow/dags/script2.py                           1           0  0.69s           2023-11-04T13:37:38
/opt/airflow/dags/script.py                            1           0  0.75s           2023-11-04T13:37:38
================================================================================
[2023-11-04T13:38:24.865+0000] {manager.py:887} INFO - 
================================================================================
DAG File Processing Stats

File Path                     PID    Runtime      # DAGs    # Errors  Last Runtime    Last Run
----------------------------  -----  ---------  --------  ----------  --------------  -------------------
/opt/airflow/dags/script2.py                           1           0  0.57s           2023-11-04T13:38:09
/opt/airflow/dags/script.py                            1           0  0.58s           2023-11-04T13:38:09
================================================================================
[2023-11-04T13:38:55.131+0000] {manager.py:887} INFO - 
================================================================================
DAG File Processing Stats

File Path                     PID    Runtime      # DAGs    # Errors  Last Runtime    Last Run
----------------------------  -----  ---------  --------  ----------  --------------  -------------------
/opt/airflow/dags/script2.py                           1           0  0.79s           2023-11-04T13:38:40
/opt/airflow/dags/script.py                            1           0  0.80s           2023-11-04T13:38:40
================================================================================
[2023-11-04T13:39:25.410+0000] {manager.py:887} INFO - 
================================================================================
DAG File Processing Stats

File Path                     PID    Runtime      # DAGs    # Errors  Last Runtime    Last Run
----------------------------  -----  ---------  --------  ----------  --------------  -------------------
/opt/airflow/dags/script2.py                           1           0  1.80s           2023-11-04T13:39:12
/opt/airflow/dags/script.py                            1           0  1.84s           2023-11-04T13:39:12
================================================================================
[2023-11-04T13:39:55.779+0000] {manager.py:887} INFO - 
================================================================================
DAG File Processing Stats

File Path                     PID    Runtime      # DAGs    # Errors  Last Runtime    Last Run
----------------------------  -----  ---------  --------  ----------  --------------  -------------------
/opt/airflow/dags/script2.py                           1           0  0.60s           2023-11-04T13:39:43
/opt/airflow/dags/script.py                            1           0  0.63s           2023-11-04T13:39:43
================================================================================
[2023-11-04T13:40:26.427+0000] {manager.py:887} INFO - 
================================================================================
DAG File Processing Stats

File Path                     PID    Runtime      # DAGs    # Errors  Last Runtime    Last Run
----------------------------  -----  ---------  --------  ----------  --------------  -------------------
/opt/airflow/dags/script2.py                           1           0  0.74s           2023-11-04T13:40:14
/opt/airflow/dags/script.py                            1           0  0.78s           2023-11-04T13:40:14
================================================================================
[2023-11-04T13:40:56.874+0000] {manager.py:887} INFO - 
================================================================================
DAG File Processing Stats

File Path                     PID    Runtime      # DAGs    # Errors  Last Runtime    Last Run
----------------------------  -----  ---------  --------  ----------  --------------  -------------------
/opt/airflow/dags/script2.py                           1           0  1.14s           2023-11-04T13:40:45
/opt/airflow/dags/script.py                            1           0  1.16s           2023-11-04T13:40:45
================================================================================
[2023-11-04T13:41:04.941+0000] {manager.py:755} INFO - Searching for files in /opt/airflow/dags
[2023-11-04T13:41:04.955+0000] {manager.py:758} INFO - There are 2 files in /opt/airflow/dags
[2023-11-04T13:41:27.614+0000] {manager.py:887} INFO - 
================================================================================
DAG File Processing Stats

File Path                     PID    Runtime      # DAGs    # Errors  Last Runtime    Last Run
----------------------------  -----  ---------  --------  ----------  --------------  -------------------
/opt/airflow/dags/script2.py                           1           0  1.19s           2023-11-04T13:41:17
/opt/airflow/dags/script.py                            1           0  1.18s           2023-11-04T13:41:17
================================================================================
[2023-11-04T13:41:58.096+0000] {manager.py:887} INFO - 
================================================================================
DAG File Processing Stats

File Path                     PID    Runtime      # DAGs    # Errors  Last Runtime    Last Run
----------------------------  -----  ---------  --------  ----------  --------------  -------------------
/opt/airflow/dags/script2.py                           1           0  1.23s           2023-11-04T13:41:49
/opt/airflow/dags/script.py                            1           0  0.50s           2023-11-04T13:41:45
================================================================================
[2023-11-04T13:42:28.132+0000] {manager.py:887} INFO - 
================================================================================
DAG File Processing Stats

File Path                     PID    Runtime      # DAGs    # Errors  Last Runtime    Last Run
----------------------------  -----  ---------  --------  ----------  --------------  -------------------
/opt/airflow/dags/script2.py                           1           0  0.62s           2023-11-04T13:42:20
/opt/airflow/dags/script.py                            1           0  0.58s           2023-11-04T13:42:24
================================================================================
[2023-11-04T13:42:58.590+0000] {manager.py:887} INFO - 
================================================================================
DAG File Processing Stats

File Path                     PID    Runtime      # DAGs    # Errors  Last Runtime    Last Run
----------------------------  -----  ---------  --------  ----------  --------------  -------------------
/opt/airflow/dags/script2.py                           1           0  0.65s           2023-11-04T13:42:51
/opt/airflow/dags/script.py                            1           0  0.76s           2023-11-04T13:42:54
================================================================================
[2023-11-04T13:43:29.450+0000] {manager.py:887} INFO - 
================================================================================
DAG File Processing Stats

File Path                     PID    Runtime      # DAGs    # Errors  Last Runtime    Last Run
----------------------------  -----  ---------  --------  ----------  --------------  -------------------
/opt/airflow/dags/script2.py                           1           0  0.79s           2023-11-04T13:43:21
/opt/airflow/dags/script.py                            1           0  2.57s           2023-11-04T13:43:27
================================================================================
[2023-11-04T13:43:59.353+0000] {manager.py:887} INFO - 
================================================================================
DAG File Processing Stats

File Path                     PID    Runtime      # DAGs    # Errors  Last Runtime    Last Run
----------------------------  -----  ---------  --------  ----------  --------------  -------------------
/opt/airflow/dags/script2.py                           1           0  0.78s           2023-11-04T13:43:53
/opt/airflow/dags/script.py                            1           0  0.62s           2023-11-04T13:43:58
================================================================================
[2023-11-04T13:44:29.998+0000] {manager.py:887} INFO - 
================================================================================
DAG File Processing Stats

File Path                       PID  Runtime      # DAGs    # Errors  Last Runtime    Last Run
----------------------------  -----  ---------  --------  ----------  --------------  -------------------
/opt/airflow/dags/script2.py    364  6.39s             1           0  0.78s           2023-11-04T13:43:53
/opt/airflow/dags/script.py                            1           0  0.69s           2023-11-04T13:44:29
================================================================================
[2023-11-04T13:45:01.389+0000] {manager.py:887} INFO - 
================================================================================
DAG File Processing Stats

File Path                       PID  Runtime      # DAGs    # Errors  Last Runtime    Last Run
----------------------------  -----  ---------  --------  ----------  --------------  -------------------
/opt/airflow/dags/script2.py    367  0.02s             1           0  7.49s           2023-11-04T13:44:31
/opt/airflow/dags/script.py     366  1.84s             1           0  0.69s           2023-11-04T13:44:29
================================================================================
[2023-11-04T13:45:31.470+0000] {manager.py:887} INFO - 
================================================================================
DAG File Processing Stats

File Path                     PID    Runtime      # DAGs    # Errors  Last Runtime    Last Run
----------------------------  -----  ---------  --------  ----------  --------------  -------------------
/opt/airflow/dags/script2.py                           1           0  11.93s          2023-11-04T13:45:13
/opt/airflow/dags/script.py                            1           0  13.77s          2023-11-04T13:45:13
================================================================================
[2023-11-04T13:46:02.192+0000] {manager.py:887} INFO - 
================================================================================
DAG File Processing Stats

File Path                     PID    Runtime      # DAGs    # Errors  Last Runtime    Last Run
----------------------------  -----  ---------  --------  ----------  --------------  -------------------
/opt/airflow/dags/script2.py                           1           0  2.35s           2023-11-04T13:45:46
/opt/airflow/dags/script.py                            1           0  2.34s           2023-11-04T13:45:46
================================================================================
[2023-11-04T13:46:05.237+0000] {manager.py:755} INFO - Searching for files in /opt/airflow/dags
[2023-11-04T13:46:05.264+0000] {manager.py:758} INFO - There are 2 files in /opt/airflow/dags
[2023-11-04T13:46:32.484+0000] {manager.py:887} INFO - 
================================================================================
DAG File Processing Stats

File Path                     PID    Runtime      # DAGs    # Errors  Last Runtime    Last Run
----------------------------  -----  ---------  --------  ----------  --------------  -------------------
/opt/airflow/dags/script2.py                           1           0  0.86s           2023-11-04T13:46:17
/opt/airflow/dags/script.py                            1           0  0.87s           2023-11-04T13:46:17
================================================================================
[2023-11-04T13:47:03.146+0000] {manager.py:887} INFO - 
================================================================================
DAG File Processing Stats

File Path                     PID    Runtime      # DAGs    # Errors  Last Runtime    Last Run
----------------------------  -----  ---------  --------  ----------  --------------  -------------------
/opt/airflow/dags/script2.py                           1           0  0.76s           2023-11-04T13:46:49
/opt/airflow/dags/script.py                            1           0  0.52s           2023-11-04T13:46:36
================================================================================
[2023-11-04T13:47:33.691+0000] {manager.py:887} INFO - 
================================================================================
DAG File Processing Stats

File Path                     PID    Runtime      # DAGs    # Errors  Last Runtime    Last Run
----------------------------  -----  ---------  --------  ----------  --------------  -------------------
/opt/airflow/dags/script2.py                           1           0  0.56s           2023-11-04T13:47:19
/opt/airflow/dags/script.py                            1           0  0.61s           2023-11-04T13:47:07
================================================================================
[2023-11-04T13:48:03.706+0000] {manager.py:887} INFO - 
================================================================================
DAG File Processing Stats

File Path                     PID    Runtime      # DAGs    # Errors  Last Runtime    Last Run
----------------------------  -----  ---------  --------  ----------  --------------  -------------------
/opt/airflow/dags/script2.py                           1           0  1.54s           2023-11-04T13:47:51
/opt/airflow/dags/script.py                            1           0  0.69s           2023-11-04T13:47:38
================================================================================
[2023-11-04T13:48:34.260+0000] {manager.py:887} INFO - 
================================================================================
DAG File Processing Stats

File Path                     PID    Runtime      # DAGs    # Errors  Last Runtime    Last Run
----------------------------  -----  ---------  --------  ----------  --------------  -------------------
/opt/airflow/dags/script2.py                           1           0  0.73s           2023-11-04T13:48:23
/opt/airflow/dags/script.py                            1           0  0.59s           2023-11-04T13:48:09
================================================================================
[2023-11-04T13:49:04.550+0000] {manager.py:887} INFO - 
================================================================================
DAG File Processing Stats

File Path                     PID    Runtime      # DAGs    # Errors  Last Runtime    Last Run
----------------------------  -----  ---------  --------  ----------  --------------  -------------------
/opt/airflow/dags/script2.py                           1           0  0.64s           2023-11-04T13:48:54
/opt/airflow/dags/script.py                            1           0  0.68s           2023-11-04T13:48:40
================================================================================
[2023-11-04T13:49:35.111+0000] {manager.py:887} INFO - 
================================================================================
DAG File Processing Stats

File Path                     PID    Runtime      # DAGs    # Errors  Last Runtime    Last Run
----------------------------  -----  ---------  --------  ----------  --------------  -------------------
/opt/airflow/dags/script2.py                           1           0  0.67s           2023-11-04T13:49:25
/opt/airflow/dags/script.py                            1           0  0.70s           2023-11-04T13:49:11
================================================================================
[2023-11-04T13:50:05.613+0000] {manager.py:887} INFO - 
================================================================================
DAG File Processing Stats

File Path                     PID    Runtime      # DAGs    # Errors  Last Runtime    Last Run
----------------------------  -----  ---------  --------  ----------  --------------  -------------------
/opt/airflow/dags/script2.py                           1           0  1.46s           2023-11-04T13:49:56
/opt/airflow/dags/script.py                            1           0  0.78s           2023-11-04T13:49:42
================================================================================
[2023-11-04T13:50:35.977+0000] {manager.py:887} INFO - 
================================================================================
DAG File Processing Stats

File Path                     PID    Runtime      # DAGs    # Errors  Last Runtime    Last Run
----------------------------  -----  ---------  --------  ----------  --------------  -------------------
/opt/airflow/dags/script2.py                           1           0  0.67s           2023-11-04T13:50:27
/opt/airflow/dags/script.py                            1           0  0.68s           2023-11-04T13:50:13
================================================================================
[2023-11-04T13:51:05.508+0000] {manager.py:755} INFO - Searching for files in /opt/airflow/dags
[2023-11-04T13:51:05.529+0000] {manager.py:758} INFO - There are 2 files in /opt/airflow/dags
[2023-11-04T13:51:05.987+0000] {manager.py:887} INFO - 
================================================================================
DAG File Processing Stats

File Path                     PID    Runtime      # DAGs    # Errors  Last Runtime    Last Run
----------------------------  -----  ---------  --------  ----------  --------------  -------------------
/opt/airflow/dags/script2.py                           1           0  0.74s           2023-11-04T13:50:58
/opt/airflow/dags/script.py                            1           0  0.69s           2023-11-04T13:50:44
================================================================================
[2023-11-04T13:51:36.237+0000] {manager.py:887} INFO - 
================================================================================
DAG File Processing Stats

File Path                     PID    Runtime      # DAGs    # Errors  Last Runtime    Last Run
----------------------------  -----  ---------  --------  ----------  --------------  -------------------
/opt/airflow/dags/script2.py                           1           0  0.73s           2023-11-04T13:51:30
/opt/airflow/dags/script.py                            1           0  12.95s          2023-11-04T13:51:27
================================================================================
[2023-11-04T13:52:06.936+0000] {manager.py:887} INFO - 
================================================================================
DAG File Processing Stats

File Path                     PID    Runtime      # DAGs    # Errors  Last Runtime    Last Run
----------------------------  -----  ---------  --------  ----------  --------------  -------------------
/opt/airflow/dags/script2.py                           1           0  0.70s           2023-11-04T13:52:01
/opt/airflow/dags/script.py                            1           0  0.90s           2023-11-04T13:51:58
================================================================================
[2023-11-04T13:52:37.232+0000] {manager.py:887} INFO - 
================================================================================
DAG File Processing Stats

File Path                     PID    Runtime      # DAGs    # Errors  Last Runtime    Last Run
----------------------------  -----  ---------  --------  ----------  --------------  -------------------
/opt/airflow/dags/script2.py                           1           0  1.15s           2023-11-04T13:52:32
/opt/airflow/dags/script.py                            1           0  1.22s           2023-11-04T13:52:30
================================================================================
[2023-11-04T13:53:07.521+0000] {manager.py:887} INFO - 
================================================================================
DAG File Processing Stats

File Path                     PID    Runtime      # DAGs    # Errors  Last Runtime    Last Run
----------------------------  -----  ---------  --------  ----------  --------------  -------------------
/opt/airflow/dags/script2.py                           1           0  0.93s           2023-11-04T13:53:03
/opt/airflow/dags/script.py                            1           0  0.90s           2023-11-04T13:53:01
================================================================================
[2023-11-04T13:53:37.561+0000] {manager.py:887} INFO - 
================================================================================
DAG File Processing Stats

File Path                     PID    Runtime      # DAGs    # Errors  Last Runtime    Last Run
----------------------------  -----  ---------  --------  ----------  --------------  -------------------
/opt/airflow/dags/script2.py                           1           0  0.85s           2023-11-04T13:53:34
/opt/airflow/dags/script.py                            1           0  0.93s           2023-11-04T13:53:32
================================================================================
[2023-11-04T13:54:07.830+0000] {manager.py:887} INFO - 
================================================================================
DAG File Processing Stats

File Path                     PID    Runtime      # DAGs    # Errors  Last Runtime    Last Run
----------------------------  -----  ---------  --------  ----------  --------------  -------------------
/opt/airflow/dags/script2.py                           1           0  0.58s           2023-11-04T13:54:05
/opt/airflow/dags/script.py                            1           0  0.70s           2023-11-04T13:54:03
================================================================================
[2023-11-04T13:54:38.617+0000] {manager.py:887} INFO - 
================================================================================
DAG File Processing Stats

File Path                     PID    Runtime      # DAGs    # Errors  Last Runtime    Last Run
----------------------------  -----  ---------  --------  ----------  --------------  -------------------
/opt/airflow/dags/script2.py                           1           0  0.55s           2023-11-04T13:54:36
/opt/airflow/dags/script.py                            1           0  0.83s           2023-11-04T13:54:34
================================================================================
[2023-11-04T13:55:08.908+0000] {manager.py:887} INFO - 
================================================================================
DAG File Processing Stats

File Path                     PID    Runtime      # DAGs    # Errors  Last Runtime    Last Run
----------------------------  -----  ---------  --------  ----------  --------------  -------------------
/opt/airflow/dags/script2.py                           1           0  0.52s           2023-11-04T13:55:07
/opt/airflow/dags/script.py                            1           0  0.70s           2023-11-04T13:55:05
================================================================================
[2023-11-04T13:55:39.323+0000] {manager.py:887} INFO - 
================================================================================
DAG File Processing Stats

File Path                     PID    Runtime      # DAGs    # Errors  Last Runtime    Last Run
----------------------------  -----  ---------  --------  ----------  --------------  -------------------
/opt/airflow/dags/script2.py                           1           0  0.62s           2023-11-04T13:55:38
/opt/airflow/dags/script.py                            1           0  1.12s           2023-11-04T13:55:35
================================================================================
[2023-11-04T13:56:05.573+0000] {manager.py:755} INFO - Searching for files in /opt/airflow/dags
[2023-11-04T13:56:05.683+0000] {manager.py:758} INFO - There are 2 files in /opt/airflow/dags
[2023-11-04T13:56:09.467+0000] {manager.py:887} INFO - 
================================================================================
DAG File Processing Stats

File Path                       PID  Runtime      # DAGs    # Errors  Last Runtime    Last Run
----------------------------  -----  ---------  --------  ----------  --------------  -------------------
/opt/airflow/dags/script2.py    571  1.07s             1           0  0.62s           2023-11-04T13:55:38
/opt/airflow/dags/script.py     563  3.53s             1           0  1.12s           2023-11-04T13:55:35
================================================================================
[2023-11-04T13:56:39.895+0000] {manager.py:887} INFO - 
================================================================================
DAG File Processing Stats

File Path                     PID    Runtime      # DAGs    # Errors  Last Runtime    Last Run
----------------------------  -----  ---------  --------  ----------  --------------  -------------------
/opt/airflow/dags/script2.py                           1           0  2.42s           2023-11-04T13:56:10
/opt/airflow/dags/script.py                            1           0  4.64s           2023-11-04T13:56:10
================================================================================
[2023-11-04T13:57:10.383+0000] {manager.py:887} INFO - 
================================================================================
DAG File Processing Stats

File Path                     PID    Runtime      # DAGs    # Errors  Last Runtime    Last Run
----------------------------  -----  ---------  --------  ----------  --------------  -------------------
/opt/airflow/dags/script2.py                           1           0  0.64s           2023-11-04T13:56:41
/opt/airflow/dags/script.py                            1           0  0.65s           2023-11-04T13:56:41
================================================================================
[2023-11-04T13:57:40.792+0000] {manager.py:887} INFO - 
================================================================================
DAG File Processing Stats

File Path                     PID    Runtime      # DAGs    # Errors  Last Runtime    Last Run
----------------------------  -----  ---------  --------  ----------  --------------  -------------------
/opt/airflow/dags/script2.py                           1           0  0.71s           2023-11-04T13:57:12
/opt/airflow/dags/script.py                            1           0  0.74s           2023-11-04T13:57:12
================================================================================
[2023-11-04T13:58:11.054+0000] {manager.py:887} INFO - 
================================================================================
DAG File Processing Stats

File Path                     PID    Runtime      # DAGs    # Errors  Last Runtime    Last Run
----------------------------  -----  ---------  --------  ----------  --------------  -------------------
/opt/airflow/dags/script2.py                           1           0  0.61s           2023-11-04T13:57:43
/opt/airflow/dags/script.py                            1           0  0.62s           2023-11-04T13:57:43
================================================================================
[2023-11-04T13:58:41.538+0000] {manager.py:887} INFO - 
================================================================================
DAG File Processing Stats

File Path                     PID    Runtime      # DAGs    # Errors  Last Runtime    Last Run
----------------------------  -----  ---------  --------  ----------  --------------  -------------------
/opt/airflow/dags/script2.py                           1           0  0.59s           2023-11-04T13:58:14
/opt/airflow/dags/script.py                            1           0  0.60s           2023-11-04T13:58:14
================================================================================
[2023-11-04T13:59:11.810+0000] {manager.py:887} INFO - 
================================================================================
DAG File Processing Stats

File Path                     PID    Runtime      # DAGs    # Errors  Last Runtime    Last Run
----------------------------  -----  ---------  --------  ----------  --------------  -------------------
/opt/airflow/dags/script.py                            0           1  0.71s           2023-11-04T13:59:10
/opt/airflow/dags/script2.py                           1           0  0.76s           2023-11-04T13:58:45
================================================================================
[2023-11-04T13:59:42.290+0000] {manager.py:887} INFO - 
================================================================================
DAG File Processing Stats

File Path                     PID    Runtime      # DAGs    # Errors  Last Runtime    Last Run
----------------------------  -----  ---------  --------  ----------  --------------  -------------------
/opt/airflow/dags/script.py                            0           1  0.53s           2023-11-04T13:59:41
/opt/airflow/dags/script2.py                           1           0  0.68s           2023-11-04T13:59:16
================================================================================
[2023-11-04T14:00:12.887+0000] {manager.py:887} INFO - 
================================================================================
DAG File Processing Stats

File Path                     PID    Runtime      # DAGs    # Errors  Last Runtime    Last Run
----------------------------  -----  ---------  --------  ----------  --------------  -------------------
/opt/airflow/dags/script.py                            0           1  0.30s           2023-11-04T13:59:57
/opt/airflow/dags/script2.py                           1           0  0.66s           2023-11-04T13:59:46
================================================================================
[2023-11-04T14:00:42.937+0000] {manager.py:887} INFO - 
================================================================================
DAG File Processing Stats

File Path                     PID    Runtime      # DAGs    # Errors  Last Runtime    Last Run
----------------------------  -----  ---------  --------  ----------  --------------  -------------------
/opt/airflow/dags/script.py                            0           1  0.51s           2023-11-04T14:00:27
/opt/airflow/dags/script2.py                           1           0  0.67s           2023-11-04T14:00:17
================================================================================
[2023-11-04T14:01:06.159+0000] {manager.py:755} INFO - Searching for files in /opt/airflow/dags
[2023-11-04T14:01:06.175+0000] {manager.py:758} INFO - There are 2 files in /opt/airflow/dags
[2023-11-04T14:01:13.386+0000] {manager.py:887} INFO - 
================================================================================
DAG File Processing Stats

File Path                     PID    Runtime      # DAGs    # Errors  Last Runtime    Last Run
----------------------------  -----  ---------  --------  ----------  --------------  -------------------
/opt/airflow/dags/script.py                            0           1  0.38s           2023-11-04T14:00:59
/opt/airflow/dags/script2.py                           1           0  0.69s           2023-11-04T14:00:48
================================================================================
[2023-11-04T14:01:44.029+0000] {manager.py:887} INFO - 
================================================================================
DAG File Processing Stats

File Path                     PID    Runtime      # DAGs    # Errors  Last Runtime    Last Run
----------------------------  -----  ---------  --------  ----------  --------------  -------------------
/opt/airflow/dags/script.py                            0           1  0.36s           2023-11-04T14:01:32
/opt/airflow/dags/script2.py                           1           0  0.80s           2023-11-04T14:01:20
================================================================================
[2023-11-04T14:02:14.267+0000] {manager.py:887} INFO - 
================================================================================
DAG File Processing Stats

File Path                     PID    Runtime      # DAGs    # Errors  Last Runtime    Last Run
----------------------------  -----  ---------  --------  ----------  --------------  -------------------
/opt/airflow/dags/script.py                            0           1  0.83s           2023-11-04T14:01:52
/opt/airflow/dags/script2.py                           1           0  8.65s           2023-11-04T14:01:59
================================================================================
[2023-11-04T14:02:44.775+0000] {manager.py:887} INFO - 
================================================================================
DAG File Processing Stats

File Path                     PID    Runtime      # DAGs    # Errors  Last Runtime    Last Run
----------------------------  -----  ---------  --------  ----------  --------------  -------------------
/opt/airflow/dags/script.py                            0           1  0.56s           2023-11-04T14:02:22
/opt/airflow/dags/script2.py                           1           0  1.12s           2023-11-04T14:02:30
================================================================================
[2023-11-04T14:03:15.347+0000] {manager.py:887} INFO - 
================================================================================
DAG File Processing Stats

File Path                     PID    Runtime      # DAGs    # Errors  Last Runtime    Last Run
----------------------------  -----  ---------  --------  ----------  --------------  -------------------
/opt/airflow/dags/script.py                            0           1  1.09s           2023-11-04T14:02:54
/opt/airflow/dags/script2.py                           1           0  1.00s           2023-11-04T14:03:02
================================================================================
[2023-11-04T14:03:45.370+0000] {manager.py:887} INFO - 
================================================================================
DAG File Processing Stats

File Path                       PID  Runtime      # DAGs    # Errors  Last Runtime    Last Run
----------------------------  -----  ---------  --------  ----------  --------------  -------------------
/opt/airflow/dags/script.py     705  2.59s             0           1  1.52s           2023-11-04T14:03:17
/opt/airflow/dags/script2.py    704  13.02s            1           0  1.00s           2023-11-04T14:03:02
================================================================================
[2023-11-04T14:04:15.943+0000] {manager.py:887} INFO - 
================================================================================
DAG File Processing Stats

File Path                     PID    Runtime      # DAGs    # Errors  Last Runtime    Last Run
----------------------------  -----  ---------  --------  ----------  --------------  -------------------
/opt/airflow/dags/script.py                            0           1  5.22s           2023-11-04T14:03:47
/opt/airflow/dags/script2.py                           1           0  15.92s          2023-11-04T14:03:48
================================================================================
[2023-11-04T14:04:46.728+0000] {manager.py:887} INFO - 
================================================================================
DAG File Processing Stats

File Path                     PID    Runtime      # DAGs    # Errors  Last Runtime    Last Run
----------------------------  -----  ---------  --------  ----------  --------------  -------------------
/opt/airflow/dags/script.py                            0           1  0.13s           2023-11-04T14:04:31
/opt/airflow/dags/script2.py                           1           0  1.47s           2023-11-04T14:04:20
================================================================================
[2023-11-04T14:05:17.094+0000] {manager.py:887} INFO - 
================================================================================
DAG File Processing Stats

File Path                     PID    Runtime      # DAGs    # Errors  Last Runtime    Last Run
----------------------------  -----  ---------  --------  ----------  --------------  -------------------
/opt/airflow/dags/script.py                            0           1  0.28s           2023-11-04T14:05:02
/opt/airflow/dags/script2.py                           1           0  3.78s           2023-11-04T14:04:54
================================================================================
[2023-11-04T14:05:47.556+0000] {manager.py:887} INFO - 
================================================================================
DAG File Processing Stats

File Path                     PID    Runtime      # DAGs    # Errors  Last Runtime    Last Run
----------------------------  -----  ---------  --------  ----------  --------------  -------------------
/opt/airflow/dags/script.py                            0           1  0.22s           2023-11-04T14:05:38
/opt/airflow/dags/script2.py                           1           0  1.15s           2023-11-04T14:05:26
================================================================================
[2023-11-04T14:06:06.869+0000] {manager.py:755} INFO - Searching for files in /opt/airflow/dags
[2023-11-04T14:06:06.880+0000] {manager.py:758} INFO - There are 2 files in /opt/airflow/dags
[2023-11-04T14:06:18.138+0000] {manager.py:887} INFO - 
================================================================================
DAG File Processing Stats

File Path                     PID    Runtime      # DAGs    # Errors  Last Runtime    Last Run
----------------------------  -----  ---------  --------  ----------  --------------  -------------------
/opt/airflow/dags/script.py                            0           1  0.16s           2023-11-04T14:06:09
/opt/airflow/dags/script2.py                           1           0  1.15s           2023-11-04T14:05:57
================================================================================
[2023-11-04T14:06:48.494+0000] {manager.py:887} INFO - 
================================================================================
DAG File Processing Stats

File Path                     PID    Runtime      # DAGs    # Errors  Last Runtime    Last Run
----------------------------  -----  ---------  --------  ----------  --------------  -------------------
/opt/airflow/dags/script.py                            0           1  0.24s           2023-11-04T14:06:30
/opt/airflow/dags/script2.py                           1           0  1.00s           2023-11-04T14:06:29
================================================================================
[2023-11-04T14:07:18.884+0000] {manager.py:887} INFO - 
================================================================================
DAG File Processing Stats

File Path                     PID    Runtime      # DAGs    # Errors  Last Runtime    Last Run
----------------------------  -----  ---------  --------  ----------  --------------  -------------------
/opt/airflow/dags/script.py                            0           1  0.16s           2023-11-04T14:07:00
/opt/airflow/dags/script2.py                           1           0  1.03s           2023-11-04T14:07:00
================================================================================
[2023-11-04T14:07:49.081+0000] {manager.py:887} INFO - 
================================================================================
DAG File Processing Stats

File Path                     PID    Runtime      # DAGs    # Errors  Last Runtime    Last Run
----------------------------  -----  ---------  --------  ----------  --------------  -------------------
/opt/airflow/dags/script.py                            0           1  0.36s           2023-11-04T14:07:30
/opt/airflow/dags/script2.py                           1           0  1.84s           2023-11-04T14:07:32
================================================================================
[2023-11-04T14:08:19.791+0000] {manager.py:887} INFO - 
================================================================================
DAG File Processing Stats

File Path                     PID    Runtime      # DAGs    # Errors  Last Runtime    Last Run
----------------------------  -----  ---------  --------  ----------  --------------  -------------------
/opt/airflow/dags/script.py                            0           1  0.18s           2023-11-04T14:08:00
/opt/airflow/dags/script2.py                           1           0  1.00s           2023-11-04T14:08:04
================================================================================
[2023-11-04T14:08:50.149+0000] {manager.py:887} INFO - 
================================================================================
DAG File Processing Stats

File Path                     PID    Runtime      # DAGs    # Errors  Last Runtime    Last Run
----------------------------  -----  ---------  --------  ----------  --------------  -------------------
/opt/airflow/dags/script.py                            0           1  0.22s           2023-11-04T14:08:31
/opt/airflow/dags/script2.py                           1           0  0.91s           2023-11-04T14:08:35
================================================================================
[2023-11-04T14:09:20.530+0000] {manager.py:887} INFO - 
================================================================================
DAG File Processing Stats

File Path                     PID    Runtime      # DAGs    # Errors  Last Runtime    Last Run
----------------------------  -----  ---------  --------  ----------  --------------  -------------------
/opt/airflow/dags/script.py                            0           1  0.32s           2023-11-04T14:08:53
/opt/airflow/dags/script2.py                           1           0  1.15s           2023-11-04T14:09:07
================================================================================
[2023-11-04T14:09:51.240+0000] {manager.py:887} INFO - 
================================================================================
DAG File Processing Stats

File Path                     PID    Runtime      # DAGs    # Errors  Last Runtime    Last Run
----------------------------  -----  ---------  --------  ----------  --------------  -------------------
/opt/airflow/dags/script.py                            0           1  0.22s           2023-11-04T14:09:31
/opt/airflow/dags/script2.py                           1           0  7.51s           2023-11-04T14:09:45
================================================================================
[2023-11-04T14:10:21.654+0000] {manager.py:887} INFO - 
================================================================================
DAG File Processing Stats

File Path                     PID    Runtime      # DAGs    # Errors  Last Runtime    Last Run
----------------------------  -----  ---------  --------  ----------  --------------  -------------------
/opt/airflow/dags/script.py                            0           1  0.33s           2023-11-04T14:10:02
/opt/airflow/dags/script2.py                           1           0  1.07s           2023-11-04T14:10:16
================================================================================
[2023-11-04T14:10:52.111+0000] {manager.py:887} INFO - 
================================================================================
DAG File Processing Stats

File Path                     PID    Runtime      # DAGs    # Errors  Last Runtime    Last Run
----------------------------  -----  ---------  --------  ----------  --------------  -------------------
/opt/airflow/dags/script.py                            0           1  0.21s           2023-11-04T14:10:38
/opt/airflow/dags/script2.py                           1           0  1.07s           2023-11-04T14:10:48
================================================================================
[2023-11-04T14:11:07.307+0000] {manager.py:755} INFO - Searching for files in /opt/airflow/dags
[2023-11-04T14:11:07.317+0000] {manager.py:758} INFO - There are 2 files in /opt/airflow/dags
[2023-11-04T14:11:22.559+0000] {manager.py:887} INFO - 
================================================================================
DAG File Processing Stats

File Path                     PID    Runtime      # DAGs    # Errors  Last Runtime    Last Run
----------------------------  -----  ---------  --------  ----------  --------------  -------------------
/opt/airflow/dags/script.py                            0           1  0.14s           2023-11-04T14:11:21
/opt/airflow/dags/script2.py                           1           0  2.71s           2023-11-04T14:11:21
================================================================================
[2023-11-04T14:11:52.937+0000] {manager.py:887} INFO - 
================================================================================
DAG File Processing Stats

File Path                     PID    Runtime      # DAGs    # Errors  Last Runtime    Last Run
----------------------------  -----  ---------  --------  ----------  --------------  -------------------
/opt/airflow/dags/script2.py                           1           0  0.84s           2023-11-04T14:11:52
/opt/airflow/dags/script.py                            1           0  2.22s           2023-11-04T14:11:46
================================================================================
[2023-11-04T14:12:23.161+0000] {manager.py:887} INFO - 
================================================================================
DAG File Processing Stats

File Path                       PID  Runtime      # DAGs    # Errors  Last Runtime    Last Run
----------------------------  -----  ---------  --------  ----------  --------------  -------------------
/opt/airflow/dags/script2.py    868  0.01s             1           0  0.84s           2023-11-04T14:11:52
/opt/airflow/dags/script.py                            1           0  0.96s           2023-11-04T14:12:17
================================================================================
[2023-11-04T14:12:53.271+0000] {manager.py:887} INFO - 
================================================================================
DAG File Processing Stats

File Path                     PID    Runtime      # DAGs    # Errors  Last Runtime    Last Run
----------------------------  -----  ---------  --------  ----------  --------------  -------------------
/opt/airflow/dags/script2.py                           1           0  1.14s           2023-11-04T14:12:24
/opt/airflow/dags/script.py                            1           0  0.83s           2023-11-04T14:12:48
================================================================================
[2023-11-04T14:13:23.927+0000] {manager.py:887} INFO - 
================================================================================
DAG File Processing Stats

File Path                     PID    Runtime      # DAGs    # Errors  Last Runtime    Last Run
----------------------------  -----  ---------  --------  ----------  --------------  -------------------
/opt/airflow/dags/script2.py                           1           0  3.61s           2023-11-04T14:12:57
/opt/airflow/dags/script.py                            1           0  2.26s           2023-11-04T14:13:21
================================================================================
[2023-11-04T14:13:54.216+0000] {manager.py:887} INFO - 
================================================================================
DAG File Processing Stats

File Path                     PID    Runtime      # DAGs    # Errors  Last Runtime    Last Run
----------------------------  -----  ---------  --------  ----------  --------------  -------------------
/opt/airflow/dags/script2.py                           1           0  0.96s           2023-11-04T14:13:28
/opt/airflow/dags/script.py                            1           0  2.13s           2023-11-04T14:13:53
================================================================================
[2023-11-04T14:14:24.394+0000] {manager.py:887} INFO - 
================================================================================
DAG File Processing Stats

File Path                     PID    Runtime      # DAGs    # Errors  Last Runtime    Last Run
----------------------------  -----  ---------  --------  ----------  --------------  -------------------
/opt/airflow/dags/script2.py                           1           0  1.53s           2023-11-04T14:14:00
/opt/airflow/dags/script.py                            1           0  0.84s           2023-11-04T14:14:24
================================================================================
[2023-11-04T14:14:54.494+0000] {manager.py:887} INFO - 
================================================================================
DAG File Processing Stats

File Path                       PID  Runtime      # DAGs    # Errors  Last Runtime    Last Run
----------------------------  -----  ---------  --------  ----------  --------------  -------------------
/opt/airflow/dags/script2.py                           1           0  1.24s           2023-11-04T14:14:32
/opt/airflow/dags/script.py     913  0.01s             1           0  0.84s           2023-11-04T14:14:24
================================================================================
[2023-11-04T14:15:24.904+0000] {manager.py:887} INFO - 
================================================================================
DAG File Processing Stats

File Path                     PID    Runtime      # DAGs    # Errors  Last Runtime    Last Run
----------------------------  -----  ---------  --------  ----------  --------------  -------------------
/opt/airflow/dags/script2.py                           1           0  2.43s           2023-11-04T14:15:04
/opt/airflow/dags/script.py                            1           0  3.85s           2023-11-04T14:14:58
================================================================================
[2023-11-04T14:15:55.204+0000] {manager.py:887} INFO - 
================================================================================
DAG File Processing Stats

File Path                     PID    Runtime      # DAGs    # Errors  Last Runtime    Last Run
----------------------------  -----  ---------  --------  ----------  --------------  -------------------
/opt/airflow/dags/script2.py                           1           0  1.91s           2023-11-04T14:15:37
/opt/airflow/dags/script.py                            1           0  1.32s           2023-11-04T14:15:30
================================================================================
[2023-11-04T14:16:07.574+0000] {manager.py:755} INFO - Searching for files in /opt/airflow/dags
[2023-11-04T14:16:07.598+0000] {manager.py:758} INFO - There are 2 files in /opt/airflow/dags
[2023-11-04T14:16:25.849+0000] {manager.py:887} INFO - 
================================================================================
DAG File Processing Stats

File Path                     PID    Runtime      # DAGs    # Errors  Last Runtime    Last Run
----------------------------  -----  ---------  --------  ----------  --------------  -------------------
/opt/airflow/dags/script2.py                           1           0  9.15s           2023-11-04T14:16:17
/opt/airflow/dags/script.py                            1           0  16.10s          2023-11-04T14:16:16
================================================================================
[2023-11-04T14:16:56.250+0000] {manager.py:887} INFO - 
================================================================================
DAG File Processing Stats

File Path                       PID  Runtime      # DAGs    # Errors  Last Runtime    Last Run
----------------------------  -----  ---------  --------  ----------  --------------  -------------------
/opt/airflow/dags/script2.py    941  9.14s             1           0  9.15s           2023-11-04T14:16:17
/opt/airflow/dags/script.py     940  9.18s             1           0  16.10s          2023-11-04T14:16:16
================================================================================
[2023-11-04T14:17:27.244+0000] {manager.py:887} INFO - 
================================================================================
DAG File Processing Stats

File Path                     PID    Runtime      # DAGs    # Errors  Last Runtime    Last Run
----------------------------  -----  ---------  --------  ----------  --------------  -------------------
/opt/airflow/dags/script2.py                           1           0  18.61s          2023-11-04T14:17:05
/opt/airflow/dags/script.py                            1           0  18.07s          2023-11-04T14:17:05
================================================================================
[2023-11-04T14:18:06.450+0000] {manager.py:887} INFO - 
================================================================================
DAG File Processing Stats

File Path                       PID  Runtime      # DAGs    # Errors  Last Runtime    Last Run
----------------------------  -----  ---------  --------  ----------  --------------  -------------------
/opt/airflow/dags/script2.py    957  29.85s            1           0  18.61s          2023-11-04T14:17:05
/opt/airflow/dags/script.py     956  30.90s            1           0  18.07s          2023-11-04T14:17:05
================================================================================
[2023-11-04T14:18:38.398+0000] {manager.py:887} INFO - 
================================================================================
DAG File Processing Stats

File Path                       PID  Runtime      # DAGs    # Errors  Last Runtime    Last Run
----------------------------  -----  ---------  --------  ----------  --------------  -------------------
/opt/airflow/dags/script2.py    965  0.29s             1           0  30.44s          2023-11-04T14:18:07
/opt/airflow/dags/script.py                            1           0  32.85s          2023-11-04T14:18:08
================================================================================
[2023-11-04T14:19:08.864+0000] {manager.py:887} INFO - 
================================================================================
DAG File Processing Stats

File Path                     PID    Runtime      # DAGs    # Errors  Last Runtime    Last Run
----------------------------  -----  ---------  --------  ----------  --------------  -------------------
/opt/airflow/dags/script2.py                           1           0  17.70s          2023-11-04T14:18:55
/opt/airflow/dags/script.py                            1           0  16.56s          2023-11-04T14:18:55
================================================================================
[2023-11-04T14:19:46.294+0000] {manager.py:887} INFO - 
================================================================================
DAG File Processing Stats

File Path                       PID  Runtime      # DAGs    # Errors  Last Runtime    Last Run
----------------------------  -----  ---------  --------  ----------  --------------  -------------------
/opt/airflow/dags/script2.py    982  20.26s            1           0  17.70s          2023-11-04T14:18:55
/opt/airflow/dags/script.py     981  20.93s            1           0  16.56s          2023-11-04T14:18:55
================================================================================
[2023-11-04T14:20:13.890+0000] {manager.py:1025} ERROR - Processor for /opt/airflow/dags/script.py exited with return code 1.
[2023-11-04T14:20:14.110+0000] {manager.py:1025} ERROR - Processor for /opt/airflow/dags/script2.py exited with return code 1.
[2023-11-04T14:20:17.080+0000] {manager.py:887} INFO - 
================================================================================
DAG File Processing Stats

File Path                     PID    Runtime      # DAGs    # Errors  Last Runtime    Last Run
----------------------------  -----  ---------  --------  ----------  --------------  -------------------
/opt/airflow/dags/script2.py                           0          -1  48.08s          2023-11-04T14:20:14
/opt/airflow/dags/script.py                            0          -1  48.52s          2023-11-04T14:20:13
================================================================================
[2023-11-04T14:20:47.286+0000] {manager.py:887} INFO - 
================================================================================
DAG File Processing Stats

File Path                       PID  Runtime      # DAGs    # Errors  Last Runtime    Last Run
----------------------------  -----  ---------  --------  ----------  --------------  -------------------
/opt/airflow/dags/script2.py    991  2.93s             0          -1  48.08s          2023-11-04T14:20:14
/opt/airflow/dags/script.py     990  2.95s             0          -1  48.52s          2023-11-04T14:20:13
================================================================================
[2023-11-04T14:21:07.853+0000] {manager.py:755} INFO - Searching for files in /opt/airflow/dags
[2023-11-04T14:21:07.880+0000] {manager.py:758} INFO - There are 2 files in /opt/airflow/dags
[2023-11-04T14:21:17.012+0000] {manager.py:1025} ERROR - Processor for /opt/airflow/dags/script.py exited with return code 1.
[2023-11-04T14:21:17.938+0000] {manager.py:887} INFO - 
================================================================================
DAG File Processing Stats

File Path                       PID  Runtime      # DAGs    # Errors  Last Runtime    Last Run
----------------------------  -----  ---------  --------  ----------  --------------  -------------------
/opt/airflow/dags/script.py                            0          -1  32.69s          2023-11-04T14:21:17
/opt/airflow/dags/script2.py    999  1.04s             1           0  32.50s          2023-11-04T14:21:16
================================================================================
[2023-11-04T14:21:48.206+0000] {manager.py:887} INFO - 
================================================================================
DAG File Processing Stats

File Path                       PID  Runtime      # DAGs    # Errors  Last Runtime    Last Run
----------------------------  -----  ---------  --------  ----------  --------------  -------------------
/opt/airflow/dags/script.py    1007  1.03s             0          -1  32.69s          2023-11-04T14:21:17
/opt/airflow/dags/script2.py                           1           0  6.21s           2023-11-04T14:21:23
================================================================================
[2023-11-04T14:22:18.385+0000] {manager.py:887} INFO - 
================================================================================
DAG File Processing Stats

File Path                     PID    Runtime      # DAGs    # Errors  Last Runtime    Last Run
----------------------------  -----  ---------  --------  ----------  --------------  -------------------
/opt/airflow/dags/script2.py                           1           0  1.02s           2023-11-04T14:21:54
/opt/airflow/dags/script.py                            1           0  1.93s           2023-11-04T14:21:49
================================================================================
[2023-11-04T14:22:48.739+0000] {manager.py:887} INFO - 
================================================================================
DAG File Processing Stats

File Path                     PID    Runtime      # DAGs    # Errors  Last Runtime    Last Run
----------------------------  -----  ---------  --------  ----------  --------------  -------------------
/opt/airflow/dags/script2.py                           1           0  19.24s          2023-11-04T14:22:43
/opt/airflow/dags/script.py                            1           0  23.92s          2023-11-04T14:22:43
================================================================================
[2023-11-04T14:23:18.849+0000] {manager.py:887} INFO - 
================================================================================
DAG File Processing Stats

File Path                       PID  Runtime      # DAGs    # Errors  Last Runtime    Last Run
----------------------------  -----  ---------  --------  ----------  --------------  -------------------
/opt/airflow/dags/script2.py   1027  1.14s             1           0  19.24s          2023-11-04T14:22:43
/opt/airflow/dags/script.py    1026  1.23s             1           0  23.92s          2023-11-04T14:22:43
================================================================================
[2023-11-04T14:23:30.419+0000] {manager.py:469} INFO - Exiting gracefully upon receiving signal 15
[2023-11-04T14:23:36.549+0000] {manager.py:469} INFO - Exiting gracefully upon receiving signal 15
[2023-11-04T14:23:36.552+0000] {manager.py:469} INFO - Exiting gracefully upon receiving signal 15
[2023-11-04T14:23:37.867+0000] {manager.py:469} INFO - Exiting gracefully upon receiving signal 15
[2023-11-04T14:23:39.935+0000] {manager.py:469} INFO - Exiting gracefully upon receiving signal 15
[2023-11-04T14:23:40.804+0000] {manager.py:469} INFO - Exiting gracefully upon receiving signal 15
[2023-11-04T14:24:37.117+0000] {manager.py:487} INFO - Processing files using up to 2 processes at a time 
[2023-11-04T14:24:37.136+0000] {manager.py:488} INFO - Process each file at most once every 30 seconds
[2023-11-04T14:24:37.137+0000] {manager.py:489} INFO - Checking for new files in /opt/airflow/dags every 300 seconds
[2023-11-04T14:24:37.138+0000] {manager.py:755} INFO - Searching for files in /opt/airflow/dags
[2023-11-04T14:24:37.165+0000] {manager.py:758} INFO - There are 2 files in /opt/airflow/dags
[2023-11-04T14:24:37.804+0000] {manager.py:887} INFO - 
================================================================================
DAG File Processing Stats

File Path                       PID  Runtime      # DAGs    # Errors  Last Runtime    Last Run
----------------------------  -----  ---------  --------  ----------  --------------  ----------
/opt/airflow/dags/script2.py     40  0.20s             0           0
/opt/airflow/dags/script.py      39  0.27s             0           0
================================================================================
[2023-11-04T14:25:08.161+0000] {manager.py:887} INFO - 
================================================================================
DAG File Processing Stats

File Path                     PID    Runtime      # DAGs    # Errors  Last Runtime    Last Run
----------------------------  -----  ---------  --------  ----------  --------------  -------------------
/opt/airflow/dags/script2.py                           1           0  1.81s           2023-11-04T14:24:39
/opt/airflow/dags/script.py                            1           0  1.31s           2023-11-04T14:24:49
================================================================================
[2023-11-04T14:25:38.227+0000] {manager.py:887} INFO - 
================================================================================
DAG File Processing Stats

File Path                     PID    Runtime      # DAGs    # Errors  Last Runtime    Last Run
----------------------------  -----  ---------  --------  ----------  --------------  -------------------
/opt/airflow/dags/script2.py                           1           0  2.52s           2023-11-04T14:25:11
/opt/airflow/dags/script.py                            1           0  0.61s           2023-11-04T14:25:20
================================================================================
[2023-11-04T14:26:08.524+0000] {manager.py:887} INFO - 
================================================================================
DAG File Processing Stats

File Path                     PID    Runtime      # DAGs    # Errors  Last Runtime    Last Run
----------------------------  -----  ---------  --------  ----------  --------------  -------------------
/opt/airflow/dags/script2.py                           1           0  0.80s           2023-11-04T14:25:43
/opt/airflow/dags/script.py                            1           0  1.63s           2023-11-04T14:25:52
================================================================================
[2023-11-04T14:26:39.632+0000] {manager.py:887} INFO - 
================================================================================
DAG File Processing Stats

File Path                       PID  Runtime      # DAGs    # Errors  Last Runtime    Last Run
----------------------------  -----  ---------  --------  ----------  --------------  -------------------
/opt/airflow/dags/script2.py     67  26.31s            1           0  0.80s           2023-11-04T14:25:43
/opt/airflow/dags/script.py                            1           0  4.68s           2023-11-04T14:26:37
================================================================================
[2023-11-04T14:27:09.472+0000] {manager.py:887} INFO - 
================================================================================
DAG File Processing Stats

File Path                       PID  Runtime      # DAGs    # Errors  Last Runtime    Last Run
----------------------------  -----  ---------  --------  ----------  --------------  -------------------
/opt/airflow/dags/script2.py                           1           0  27.24s          2023-11-04T14:26:40
/opt/airflow/dags/script.py      76  1.70s             1           0  4.68s           2023-11-04T14:26:37
================================================================================
[2023-11-04T14:27:39.937+0000] {manager.py:887} INFO - 
================================================================================
DAG File Processing Stats

File Path                     PID    Runtime      # DAGs    # Errors  Last Runtime    Last Run
----------------------------  -----  ---------  --------  ----------  --------------  -------------------
/opt/airflow/dags/script2.py                           1           0  0.93s           2023-11-04T14:27:11
/opt/airflow/dags/script.py                            1           0  12.06s          2023-11-04T14:27:19
================================================================================
[2023-11-04T14:28:10.380+0000] {manager.py:887} INFO - 
================================================================================
DAG File Processing Stats

File Path                     PID    Runtime      # DAGs    # Errors  Last Runtime    Last Run
----------------------------  -----  ---------  --------  ----------  --------------  -------------------
/opt/airflow/dags/script2.py                           1           0  12.63s          2023-11-04T14:27:54
/opt/airflow/dags/script.py                            1           0  5.63s           2023-11-04T14:27:56
================================================================================
[2023-11-04T14:28:48.280+0000] {manager.py:887} INFO - 
================================================================================
DAG File Processing Stats

File Path                       PID  Runtime      # DAGs    # Errors  Last Runtime    Last Run
----------------------------  -----  ---------  --------  ----------  --------------  -------------------
/opt/airflow/dags/script2.py     95  13.26s            1           0  12.63s          2023-11-04T14:27:54
/opt/airflow/dags/script.py      94  18.38s            1           0  5.63s           2023-11-04T14:27:56
================================================================================
[2023-11-04T14:29:02.959+0000] {manager.py:469} INFO - Exiting gracefully upon receiving signal 15
[2023-11-04T14:29:02.989+0000] {manager.py:469} INFO - Exiting gracefully upon receiving signal 15
[2023-11-04T14:29:02.985+0000] {manager.py:469} INFO - Exiting gracefully upon receiving signal 15
[2023-11-04T14:29:15.647+0000] {manager.py:469} INFO - Exiting gracefully upon receiving signal 15
[2023-11-04T14:29:15.913+0000] {manager.py:469} INFO - Exiting gracefully upon receiving signal 15
[2023-11-04T14:29:16.738+0000] {manager.py:469} INFO - Exiting gracefully upon receiving signal 15
[2023-11-04T14:30:30.394+0000] {manager.py:487} INFO - Processing files using up to 2 processes at a time 
[2023-11-04T14:30:30.396+0000] {manager.py:488} INFO - Process each file at most once every 30 seconds
[2023-11-04T14:30:30.397+0000] {manager.py:489} INFO - Checking for new files in /opt/airflow/dags every 300 seconds
[2023-11-04T14:30:30.398+0000] {manager.py:755} INFO - Searching for files in /opt/airflow/dags
[2023-11-04T14:30:30.414+0000] {manager.py:758} INFO - There are 2 files in /opt/airflow/dags
[2023-11-04T14:30:31.251+0000] {manager.py:887} INFO - 
================================================================================
DAG File Processing Stats

File Path                       PID  Runtime      # DAGs    # Errors  Last Runtime    Last Run
----------------------------  -----  ---------  --------  ----------  --------------  ----------
/opt/airflow/dags/script2.py     40  0.45s             0           0
/opt/airflow/dags/script.py      39  0.47s             0           0
================================================================================
[2023-11-04T14:31:01.585+0000] {manager.py:887} INFO - 
================================================================================
DAG File Processing Stats

File Path                     PID    Runtime      # DAGs    # Errors  Last Runtime    Last Run
----------------------------  -----  ---------  --------  ----------  --------------  -------------------
/opt/airflow/dags/script2.py                           1           0  1.55s           2023-11-04T14:30:32
/opt/airflow/dags/script.py                            1           0  2.00s           2023-11-04T14:30:32
================================================================================
[2023-11-04T14:31:31.608+0000] {manager.py:887} INFO - 
================================================================================
DAG File Processing Stats

File Path                     PID    Runtime      # DAGs    # Errors  Last Runtime    Last Run
----------------------------  -----  ---------  --------  ----------  --------------  -------------------
/opt/airflow/dags/script2.py                           1           0  1.78s           2023-11-04T14:31:04
/opt/airflow/dags/script.py                            1           0  0.79s           2023-11-04T14:31:03
================================================================================
[2023-11-04T14:32:02.069+0000] {manager.py:887} INFO - 
================================================================================
DAG File Processing Stats

File Path                     PID    Runtime      # DAGs    # Errors  Last Runtime    Last Run
----------------------------  -----  ---------  --------  ----------  --------------  -------------------
/opt/airflow/dags/script2.py                           1           0  0.63s           2023-11-04T14:31:35
/opt/airflow/dags/script.py                            1           0  0.73s           2023-11-04T14:31:34
================================================================================
[2023-11-04T14:32:32.686+0000] {manager.py:887} INFO - 
================================================================================
DAG File Processing Stats

File Path                     PID    Runtime      # DAGs    # Errors  Last Runtime    Last Run
----------------------------  -----  ---------  --------  ----------  --------------  -------------------
/opt/airflow/dags/script2.py                           1           0  1.23s           2023-11-04T14:32:06
/opt/airflow/dags/script.py                            1           0  1.30s           2023-11-04T14:32:06
================================================================================
[2023-11-04T14:33:02.803+0000] {manager.py:887} INFO - 
================================================================================
DAG File Processing Stats

File Path                     PID    Runtime      # DAGs    # Errors  Last Runtime    Last Run
----------------------------  -----  ---------  --------  ----------  --------------  -------------------
/opt/airflow/dags/script2.py                           1           0  0.38s           2023-11-04T14:32:37
/opt/airflow/dags/script.py                            1           0  0.88s           2023-11-04T14:32:37
================================================================================
[2023-11-04T14:33:33.015+0000] {manager.py:887} INFO - 
================================================================================
DAG File Processing Stats

File Path                     PID    Runtime      # DAGs    # Errors  Last Runtime    Last Run
----------------------------  -----  ---------  --------  ----------  --------------  -------------------
/opt/airflow/dags/script2.py                           1           0  7.15s           2023-11-04T14:33:14
/opt/airflow/dags/script.py                            1           0  0.58s           2023-11-04T14:33:08
================================================================================
[2023-11-04T14:34:03.533+0000] {manager.py:887} INFO - 
================================================================================
DAG File Processing Stats

File Path                     PID    Runtime      # DAGs    # Errors  Last Runtime    Last Run
----------------------------  -----  ---------  --------  ----------  --------------  -------------------
/opt/airflow/dags/script2.py                           1           0  0.63s           2023-11-04T14:33:45
/opt/airflow/dags/script.py                            1           0  2.79s           2023-11-04T14:33:41
================================================================================
[2023-11-04T14:34:33.859+0000] {manager.py:887} INFO - 
================================================================================
DAG File Processing Stats

File Path                     PID    Runtime      # DAGs    # Errors  Last Runtime    Last Run
----------------------------  -----  ---------  --------  ----------  --------------  -------------------
/opt/airflow/dags/script2.py                           1           0  1.70s           2023-11-04T14:34:17
/opt/airflow/dags/script.py                            1           0  0.71s           2023-11-04T14:34:12
================================================================================
[2023-11-04T14:35:04.502+0000] {manager.py:887} INFO - 
================================================================================
DAG File Processing Stats

File Path                     PID    Runtime      # DAGs    # Errors  Last Runtime    Last Run
----------------------------  -----  ---------  --------  ----------  --------------  -------------------
/opt/airflow/dags/script2.py                           1           0  0.50s           2023-11-04T14:34:48
/opt/airflow/dags/script.py                            1           0  0.71s           2023-11-04T14:34:43
================================================================================
[2023-11-04T14:35:30.999+0000] {manager.py:755} INFO - Searching for files in /opt/airflow/dags
[2023-11-04T14:35:31.027+0000] {manager.py:758} INFO - There are 2 files in /opt/airflow/dags
[2023-11-04T14:35:35.202+0000] {manager.py:887} INFO - 
================================================================================
DAG File Processing Stats

File Path                     PID    Runtime      # DAGs    # Errors  Last Runtime    Last Run
----------------------------  -----  ---------  --------  ----------  --------------  -------------------
/opt/airflow/dags/script2.py                           1           0  0.51s           2023-11-04T14:35:19
/opt/airflow/dags/script.py                            1           0  1.26s           2023-11-04T14:35:14
================================================================================
[2023-11-04T14:36:03.226+0000] {manager.py:469} INFO - Exiting gracefully upon receiving signal 15
[2023-11-04T14:48:38.938+0000] {manager.py:487} INFO - Processing files using up to 2 processes at a time 
[2023-11-04T14:48:39.008+0000] {manager.py:488} INFO - Process each file at most once every 30 seconds
[2023-11-04T14:48:39.009+0000] {manager.py:489} INFO - Checking for new files in /opt/airflow/dags every 300 seconds
[2023-11-04T14:48:39.061+0000] {manager.py:755} INFO - Searching for files in /opt/airflow/dags
[2023-11-04T14:48:39.256+0000] {manager.py:758} INFO - There are 2 files in /opt/airflow/dags
[2023-11-04T14:48:44.754+0000] {manager.py:887} INFO - 
================================================================================
DAG File Processing Stats

File Path                       PID  Runtime      # DAGs    # Errors  Last Runtime    Last Run
----------------------------  -----  ---------  --------  ----------  --------------  ----------
/opt/airflow/dags/script2.py     64  1.85s             0           0
/opt/airflow/dags/script.py      63  1.98s             0           0
================================================================================
[2023-11-04T14:49:08.917+0000] {manager.py:1025} ERROR - Processor for /opt/airflow/dags/script.py exited with return code 1.
[2023-11-04T14:49:14.771+0000] {manager.py:887} INFO - 
================================================================================
DAG File Processing Stats

File Path                     PID    Runtime      # DAGs    # Errors  Last Runtime    Last Run
----------------------------  -----  ---------  --------  ----------  --------------  -------------------
/opt/airflow/dags/script.py                            0          -1  26.34s          2023-11-04T14:49:08
/opt/airflow/dags/script2.py                           1           0  25.59s          2023-11-04T14:49:08
================================================================================
[2023-11-04T14:49:45.266+0000] {manager.py:887} INFO - 
================================================================================
DAG File Processing Stats

File Path                       PID  Runtime      # DAGs    # Errors  Last Runtime    Last Run
----------------------------  -----  ---------  --------  ----------  --------------  -------------------
/opt/airflow/dags/script.py      73  5.19s             0          -1  26.34s          2023-11-04T14:49:08
/opt/airflow/dags/script2.py     72  6.12s             1           0  25.59s          2023-11-04T14:49:08
================================================================================
[2023-11-04T14:50:17.415+0000] {manager.py:887} INFO - 
================================================================================
DAG File Processing Stats

File Path                       PID  Runtime      # DAGs    # Errors  Last Runtime    Last Run
----------------------------  -----  ---------  --------  ----------  --------------  -------------------
/opt/airflow/dags/script.py      73  37.23s            0          -1  26.34s          2023-11-04T14:49:08
/opt/airflow/dags/script2.py     72  38.16s            1           0  25.59s          2023-11-04T14:49:08
================================================================================
[2023-11-04T14:50:29.115+0000] {manager.py:1209} ERROR - Processor for /opt/airflow/dags/script2.py with PID 72 started at 2023-11-04T14:49:39.077763+00:00 has timed out, killing it.
[2023-11-04T14:50:30.336+0000] {manager.py:1209} ERROR - Processor for /opt/airflow/dags/script.py with PID 73 started at 2023-11-04T14:49:40.015753+00:00 has timed out, killing it.
[2023-11-04T14:50:47.259+0000] {manager.py:887} INFO - 
================================================================================
DAG File Processing Stats

File Path                     PID    Runtime      # DAGs    # Errors  Last Runtime    Last Run
----------------------------  -----  ---------  --------  ----------  --------------  -------------------
/opt/airflow/dags/script2.py                           0           1  50.03s          2023-11-04T14:50:29
/opt/airflow/dags/script.py                            0           1  50.32s          2023-11-04T14:50:30
================================================================================
[2023-11-04T14:51:17.346+0000] {manager.py:887} INFO - 
================================================================================
DAG File Processing Stats

File Path                       PID  Runtime      # DAGs    # Errors  Last Runtime    Last Run
----------------------------  -----  ---------  --------  ----------  --------------  -------------------
/opt/airflow/dags/script2.py     97  17.35s            0           1  50.03s          2023-11-04T14:50:29
/opt/airflow/dags/script.py      98  16.27s            0           1  50.32s          2023-11-04T14:50:30
================================================================================
[2023-11-04T14:51:26.274+0000] {manager.py:1025} ERROR - Processor for /opt/airflow/dags/script2.py exited with return code 1.
[2023-11-04T14:51:47.542+0000] {manager.py:887} INFO - 
================================================================================
DAG File Processing Stats

File Path                     PID    Runtime      # DAGs    # Errors  Last Runtime    Last Run
----------------------------  -----  ---------  --------  ----------  --------------  -------------------
/opt/airflow/dags/script2.py                           0          -1  26.35s          2023-11-04T14:51:26
/opt/airflow/dags/script.py                            1           0  25.11s          2023-11-04T14:51:26
================================================================================
[2023-11-04T14:52:17.613+0000] {manager.py:887} INFO - 
================================================================================
DAG File Processing Stats

File Path                     PID    Runtime      # DAGs    # Errors  Last Runtime    Last Run
----------------------------  -----  ---------  --------  ----------  --------------  -------------------
/opt/airflow/dags/script2.py                           1           0  11.14s          2023-11-04T14:52:07
/opt/airflow/dags/script.py                            1           0  2.59s           2023-11-04T14:51:59
================================================================================
[2023-11-04T14:52:48.188+0000] {manager.py:887} INFO - 
================================================================================
DAG File Processing Stats

File Path                     PID    Runtime      # DAGs    # Errors  Last Runtime    Last Run
----------------------------  -----  ---------  --------  ----------  --------------  -------------------
/opt/airflow/dags/script2.py                           1           0  4.87s           2023-11-04T14:52:43
/opt/airflow/dags/script.py                            1           0  13.61s          2023-11-04T14:52:43
================================================================================
[2023-11-04T14:53:18.467+0000] {manager.py:887} INFO - 
================================================================================
DAG File Processing Stats

File Path                       PID  Runtime      # DAGs    # Errors  Last Runtime    Last Run
----------------------------  -----  ---------  --------  ----------  --------------  -------------------
/opt/airflow/dags/script2.py    131  5.06s             1           0  4.87s           2023-11-04T14:52:43
/opt/airflow/dags/script.py     132  4.90s             1           0  13.61s          2023-11-04T14:52:43
================================================================================
[2023-11-04T14:53:39.773+0000] {manager.py:755} INFO - Searching for files in /opt/airflow/dags
[2023-11-04T14:53:39.837+0000] {manager.py:758} INFO - There are 2 files in /opt/airflow/dags
[2023-11-04T14:53:49.122+0000] {manager.py:887} INFO - 
================================================================================
DAG File Processing Stats

File Path                     PID    Runtime      # DAGs    # Errors  Last Runtime    Last Run
----------------------------  -----  ---------  --------  ----------  --------------  -------------------
/opt/airflow/dags/script2.py                           1           0  6.29s           2023-11-04T14:53:19
/opt/airflow/dags/script.py                            1           0  5.74s           2023-11-04T14:53:19
================================================================================
[2023-11-04T14:54:19.379+0000] {manager.py:887} INFO - 
================================================================================
DAG File Processing Stats

File Path                     PID    Runtime      # DAGs    # Errors  Last Runtime    Last Run
----------------------------  -----  ---------  --------  ----------  --------------  -------------------
/opt/airflow/dags/script2.py                           1           0  1.20s           2023-11-04T14:53:51
/opt/airflow/dags/script.py                            1           0  3.84s           2023-11-04T14:53:54
================================================================================
[2023-11-04T14:54:49.402+0000] {manager.py:887} INFO - 
================================================================================
DAG File Processing Stats

File Path                     PID    Runtime      # DAGs    # Errors  Last Runtime    Last Run
----------------------------  -----  ---------  --------  ----------  --------------  -------------------
/opt/airflow/dags/script2.py                           1           0  5.90s           2023-11-04T14:54:27
/opt/airflow/dags/script.py                            1           0  0.64s           2023-11-04T14:54:25
================================================================================
[2023-11-04T14:55:19.552+0000] {manager.py:887} INFO - 
================================================================================
DAG File Processing Stats

File Path                     PID    Runtime      # DAGs    # Errors  Last Runtime    Last Run
----------------------------  -----  ---------  --------  ----------  --------------  -------------------
/opt/airflow/dags/script2.py                           1           0  10.08s          2023-11-04T14:55:08
/opt/airflow/dags/script.py                            1           0  12.63s          2023-11-04T14:55:08
================================================================================
[2023-11-04T14:55:49.791+0000] {manager.py:887} INFO - 
================================================================================
DAG File Processing Stats

File Path                     PID    Runtime      # DAGs    # Errors  Last Runtime    Last Run
----------------------------  -----  ---------  --------  ----------  --------------  -------------------
/opt/airflow/dags/script2.py                           1           0  2.18s           2023-11-04T14:55:40
/opt/airflow/dags/script.py                            1           0  1.90s           2023-11-04T14:55:40
================================================================================
[2023-11-04T14:56:20.333+0000] {manager.py:887} INFO - 
================================================================================
DAG File Processing Stats

File Path                     PID    Runtime      # DAGs    # Errors  Last Runtime    Last Run
----------------------------  -----  ---------  --------  ----------  --------------  -------------------
/opt/airflow/dags/script2.py                           1           0  1.23s           2023-11-04T14:56:12
/opt/airflow/dags/script.py                            1           0  1.53s           2023-11-04T14:56:12
================================================================================
[2023-11-04T14:56:50.885+0000] {manager.py:887} INFO - 
================================================================================
DAG File Processing Stats

File Path                     PID    Runtime      # DAGs    # Errors  Last Runtime    Last Run
----------------------------  -----  ---------  --------  ----------  --------------  -------------------
/opt/airflow/dags/script2.py                           1           0  1.36s           2023-11-04T14:56:43
/opt/airflow/dags/script.py                            1           0  0.49s           2023-11-04T14:56:43
================================================================================
[2023-11-04T14:57:20.913+0000] {manager.py:887} INFO - 
================================================================================
DAG File Processing Stats

File Path                     PID    Runtime      # DAGs    # Errors  Last Runtime    Last Run
----------------------------  -----  ---------  --------  ----------  --------------  -------------------
/opt/airflow/dags/script2.py                           1           0  1.58s           2023-11-04T14:57:15
/opt/airflow/dags/script.py                            1           0  3.62s           2023-11-04T14:57:17
================================================================================
[2023-11-04T14:57:51.319+0000] {manager.py:887} INFO - 
================================================================================
DAG File Processing Stats

File Path                     PID    Runtime      # DAGs    # Errors  Last Runtime    Last Run
----------------------------  -----  ---------  --------  ----------  --------------  -------------------
/opt/airflow/dags/script2.py                           1           0  4.06s           2023-11-04T14:57:50
/opt/airflow/dags/script.py                            1           0  2.38s           2023-11-04T14:57:50
================================================================================
[2023-11-04T14:58:22.322+0000] {manager.py:887} INFO - 
================================================================================
DAG File Processing Stats

File Path                       PID  Runtime      # DAGs    # Errors  Last Runtime    Last Run
----------------------------  -----  ---------  --------  ----------  --------------  -------------------
/opt/airflow/dags/script2.py    213  1.15s             1           0  4.06s           2023-11-04T14:57:50
/opt/airflow/dags/script.py     212  1.17s             1           0  2.38s           2023-11-04T14:57:50
================================================================================
[2023-11-04T14:58:40.702+0000] {manager.py:755} INFO - Searching for files in /opt/airflow/dags
[2023-11-04T14:58:40.727+0000] {manager.py:758} INFO - There are 2 files in /opt/airflow/dags
[2023-11-04T14:58:54.328+0000] {manager.py:887} INFO - 
================================================================================
DAG File Processing Stats

File Path                       PID  Runtime      # DAGs    # Errors  Last Runtime    Last Run
----------------------------  -----  ---------  --------  ----------  --------------  -------------------
/opt/airflow/dags/script2.py    213  33.18s            1           0  4.06s           2023-11-04T14:57:50
/opt/airflow/dags/script.py     212  33.20s            1           0  2.38s           2023-11-04T14:57:50
================================================================================
[2023-11-04T14:59:11.315+0000] {manager.py:1209} ERROR - Processor for /opt/airflow/dags/script.py with PID 212 started at 2023-11-04T14:58:21.122887+00:00 has timed out, killing it.
[2023-11-04T14:59:11.493+0000] {manager.py:1209} ERROR - Processor for /opt/airflow/dags/script2.py with PID 213 started at 2023-11-04T14:58:21.149296+00:00 has timed out, killing it.
[2023-11-04T14:59:24.334+0000] {manager.py:887} INFO - 
================================================================================
DAG File Processing Stats

File Path                       PID  Runtime      # DAGs    # Errors  Last Runtime    Last Run
----------------------------  -----  ---------  --------  ----------  --------------  -------------------
/opt/airflow/dags/script2.py    221  12.52s            0           1  50.15s          2023-11-04T14:59:11
/opt/airflow/dags/script.py                            0           1  50.18s          2023-11-04T14:59:11
================================================================================
[2023-11-04T14:59:53.926+0000] {manager.py:887} INFO - 
================================================================================
DAG File Processing Stats

File Path                     PID    Runtime      # DAGs    # Errors  Last Runtime    Last Run
----------------------------  -----  ---------  --------  ----------  --------------  -------------------
/opt/airflow/dags/script2.py                           1           0  23.56s          2023-11-04T14:59:35
/opt/airflow/dags/script.py                            1           0  2.88s           2023-11-04T14:59:44
================================================================================
[2023-11-04T15:00:23.910+0000] {manager.py:887} INFO - 
================================================================================
DAG File Processing Stats

File Path                     PID    Runtime      # DAGs    # Errors  Last Runtime    Last Run
----------------------------  -----  ---------  --------  ----------  --------------  -------------------
/opt/airflow/dags/script2.py                           1           0  14.09s          2023-11-04T15:00:19
/opt/airflow/dags/script.py                            1           0  6.43s           2023-11-04T15:00:21
================================================================================
[2023-11-04T15:00:54.437+0000] {manager.py:887} INFO - 
================================================================================
DAG File Processing Stats

File Path                       PID  Runtime      # DAGs    # Errors  Last Runtime    Last Run
----------------------------  -----  ---------  --------  ----------  --------------  -------------------
/opt/airflow/dags/script2.py    245  4.27s             1           0  14.09s          2023-11-04T15:00:19
/opt/airflow/dags/script.py     246  2.78s             1           0  6.43s           2023-11-04T15:00:21
================================================================================
[2023-11-04T15:01:25.071+0000] {manager.py:887} INFO - 
================================================================================
DAG File Processing Stats

File Path                     PID    Runtime      # DAGs    # Errors  Last Runtime    Last Run
----------------------------  -----  ---------  --------  ----------  --------------  -------------------
/opt/airflow/dags/script2.py                           1           0  23.27s          2023-11-04T15:01:13
/opt/airflow/dags/script.py                            1           0  20.74s          2023-11-04T15:01:12
================================================================================
[2023-11-04T15:01:55.218+0000] {manager.py:887} INFO - 
================================================================================
DAG File Processing Stats

File Path                       PID  Runtime      # DAGs    # Errors  Last Runtime    Last Run
----------------------------  -----  ---------  --------  ----------  --------------  -------------------
/opt/airflow/dags/script2.py    255  11.02s            1           0  23.27s          2023-11-04T15:01:13
/opt/airflow/dags/script.py     254  12.10s            1           0  20.74s          2023-11-04T15:01:12
================================================================================
[2023-11-04T15:02:25.211+0000] {manager.py:887} INFO - 
================================================================================
DAG File Processing Stats

File Path                     PID    Runtime      # DAGs    # Errors  Last Runtime    Last Run
----------------------------  -----  ---------  --------  ----------  --------------  -------------------
/opt/airflow/dags/script2.py                           1           0  25.87s          2023-11-04T15:02:10
/opt/airflow/dags/script.py                            1           0  28.01s          2023-11-04T15:02:11
================================================================================
[2023-11-04T15:02:55.827+0000] {manager.py:887} INFO - 
================================================================================
DAG File Processing Stats

File Path                     PID    Runtime      # DAGs    # Errors  Last Runtime    Last Run
----------------------------  -----  ---------  --------  ----------  --------------  -------------------
/opt/airflow/dags/script2.py                           1           0  6.32s           2023-11-04T15:02:46
/opt/airflow/dags/script.py                            1           0  2.43s           2023-11-04T15:02:43
================================================================================
[2023-11-04T15:03:25.890+0000] {manager.py:887} INFO - 
================================================================================
DAG File Processing Stats

File Path                     PID    Runtime      # DAGs    # Errors  Last Runtime    Last Run
----------------------------  -----  ---------  --------  ----------  --------------  -------------------
/opt/airflow/dags/script2.py                           1           0  0.30s           2023-11-04T15:03:17
/opt/airflow/dags/script.py                            1           0  0.82s           2023-11-04T15:03:14
================================================================================
[2023-11-04T15:03:40.982+0000] {manager.py:755} INFO - Searching for files in /opt/airflow/dags
[2023-11-04T15:03:40.986+0000] {manager.py:758} INFO - There are 2 files in /opt/airflow/dags
[2023-11-04T15:03:56.101+0000] {manager.py:887} INFO - 
================================================================================
DAG File Processing Stats

File Path                     PID    Runtime      # DAGs    # Errors  Last Runtime    Last Run
----------------------------  -----  ---------  --------  ----------  --------------  -------------------
/opt/airflow/dags/script2.py                           1           0  0.77s           2023-11-04T15:03:48
/opt/airflow/dags/script.py                            1           0  0.61s           2023-11-04T15:03:45
================================================================================
[2023-11-04T15:04:26.362+0000] {manager.py:887} INFO - 
================================================================================
DAG File Processing Stats

File Path                     PID    Runtime      # DAGs    # Errors  Last Runtime    Last Run
----------------------------  -----  ---------  --------  ----------  --------------  -------------------
/opt/airflow/dags/script2.py                           1           0  0.44s           2023-11-04T15:04:18
/opt/airflow/dags/script.py                            1           0  0.43s           2023-11-04T15:04:16
================================================================================
[2023-11-04T15:04:56.495+0000] {manager.py:887} INFO - 
================================================================================
DAG File Processing Stats

File Path                     PID    Runtime      # DAGs    # Errors  Last Runtime    Last Run
----------------------------  -----  ---------  --------  ----------  --------------  -------------------
/opt/airflow/dags/script2.py                           1           0  0.63s           2023-11-04T15:04:49
/opt/airflow/dags/script.py                            1           0  0.62s           2023-11-04T15:04:47
================================================================================
[2023-11-04T15:05:26.702+0000] {manager.py:887} INFO - 
================================================================================
DAG File Processing Stats

File Path                     PID    Runtime      # DAGs    # Errors  Last Runtime    Last Run
----------------------------  -----  ---------  --------  ----------  --------------  -------------------
/opt/airflow/dags/script2.py                           1           0  0.56s           2023-11-04T15:05:20
/opt/airflow/dags/script.py                            1           0  0.37s           2023-11-04T15:05:17
================================================================================
[2023-11-04T15:05:57.127+0000] {manager.py:887} INFO - 
================================================================================
DAG File Processing Stats

File Path                     PID    Runtime      # DAGs    # Errors  Last Runtime    Last Run
----------------------------  -----  ---------  --------  ----------  --------------  -------------------
/opt/airflow/dags/script2.py                           1           0  0.29s           2023-11-04T15:05:51
/opt/airflow/dags/script.py                            1           0  0.26s           2023-11-04T15:05:48
================================================================================
[2023-11-04T15:06:27.321+0000] {manager.py:887} INFO - 
================================================================================
DAG File Processing Stats

File Path                     PID    Runtime      # DAGs    # Errors  Last Runtime    Last Run
----------------------------  -----  ---------  --------  ----------  --------------  -------------------
/opt/airflow/dags/script2.py                           1           0  0.27s           2023-11-04T15:06:21
/opt/airflow/dags/script.py                            1           0  0.54s           2023-11-04T15:06:18
================================================================================
[2023-11-04T15:06:57.347+0000] {manager.py:887} INFO - 
================================================================================
DAG File Processing Stats

File Path                     PID    Runtime      # DAGs    # Errors  Last Runtime    Last Run
----------------------------  -----  ---------  --------  ----------  --------------  -------------------
/opt/airflow/dags/script2.py                           1           0  0.61s           2023-11-04T15:06:52
/opt/airflow/dags/script.py                            1           0  0.48s           2023-11-04T15:06:49
================================================================================
[2023-11-04T15:07:27.457+0000] {manager.py:887} INFO - 
================================================================================
DAG File Processing Stats

File Path                     PID    Runtime      # DAGs    # Errors  Last Runtime    Last Run
----------------------------  -----  ---------  --------  ----------  --------------  -------------------
/opt/airflow/dags/script2.py                           1           0  0.94s           2023-11-04T15:07:23
/opt/airflow/dags/script.py                            1           0  0.89s           2023-11-04T15:07:20
================================================================================
[2023-11-04T15:07:57.659+0000] {manager.py:887} INFO - 
================================================================================
DAG File Processing Stats

File Path                     PID    Runtime      # DAGs    # Errors  Last Runtime    Last Run
----------------------------  -----  ---------  --------  ----------  --------------  -------------------
/opt/airflow/dags/script2.py                           1           0  0.43s           2023-11-04T15:07:54
/opt/airflow/dags/script.py                            1           0  1.07s           2023-11-04T15:07:52
================================================================================
[2023-11-04T15:08:27.821+0000] {manager.py:887} INFO - 
================================================================================
DAG File Processing Stats

File Path                     PID    Runtime      # DAGs    # Errors  Last Runtime    Last Run
----------------------------  -----  ---------  --------  ----------  --------------  -------------------
/opt/airflow/dags/script2.py                           1           0  0.96s           2023-11-04T15:08:25
/opt/airflow/dags/script.py                            1           0  0.43s           2023-11-04T15:08:22
================================================================================
[2023-11-04T15:08:41.915+0000] {manager.py:755} INFO - Searching for files in /opt/airflow/dags
[2023-11-04T15:08:41.921+0000] {manager.py:758} INFO - There are 2 files in /opt/airflow/dags
[2023-11-04T15:08:58.401+0000] {manager.py:887} INFO - 
================================================================================
DAG File Processing Stats

File Path                     PID    Runtime      # DAGs    # Errors  Last Runtime    Last Run
----------------------------  -----  ---------  --------  ----------  --------------  -------------------
/opt/airflow/dags/script2.py                           1           0  0.56s           2023-11-04T15:08:56
/opt/airflow/dags/script.py                            1           0  0.33s           2023-11-04T15:08:53
================================================================================
[2023-11-04T15:09:28.818+0000] {manager.py:887} INFO - 
================================================================================
DAG File Processing Stats

File Path                     PID    Runtime      # DAGs    # Errors  Last Runtime    Last Run
----------------------------  -----  ---------  --------  ----------  --------------  -------------------
/opt/airflow/dags/script2.py                           1           0  0.50s           2023-11-04T15:09:27
/opt/airflow/dags/script.py                            1           0  0.77s           2023-11-04T15:09:24
================================================================================
[2023-11-04T15:09:58.904+0000] {manager.py:887} INFO - 
================================================================================
DAG File Processing Stats

File Path                     PID    Runtime      # DAGs    # Errors  Last Runtime    Last Run
----------------------------  -----  ---------  --------  ----------  --------------  -------------------
/opt/airflow/dags/script2.py                           1           0  0.55s           2023-11-04T15:09:58
/opt/airflow/dags/script.py                            1           0  0.42s           2023-11-04T15:09:54
================================================================================
[2023-11-04T15:10:29.491+0000] {manager.py:887} INFO - 
================================================================================
DAG File Processing Stats

File Path                     PID    Runtime      # DAGs    # Errors  Last Runtime    Last Run
----------------------------  -----  ---------  --------  ----------  --------------  -------------------
/opt/airflow/dags/script2.py                           1           0  0.40s           2023-11-04T15:10:28
/opt/airflow/dags/script.py                            1           0  0.41s           2023-11-04T15:10:25
================================================================================
[2023-11-04T15:10:59.741+0000] {manager.py:887} INFO - 
================================================================================
DAG File Processing Stats

File Path                     PID    Runtime      # DAGs    # Errors  Last Runtime    Last Run
----------------------------  -----  ---------  --------  ----------  --------------  -------------------
/opt/airflow/dags/script2.py                           1           0  0.26s           2023-11-04T15:10:58
/opt/airflow/dags/script.py                            1           0  0.56s           2023-11-04T15:10:56
================================================================================
[2023-11-04T15:11:30.440+0000] {manager.py:887} INFO - 
================================================================================
DAG File Processing Stats

File Path                     PID    Runtime      # DAGs    # Errors  Last Runtime    Last Run
----------------------------  -----  ---------  --------  ----------  --------------  -------------------
/opt/airflow/dags/script2.py                           1           0  0.55s           2023-11-04T15:11:29
/opt/airflow/dags/script.py                            1           0  0.52s           2023-11-04T15:11:27
================================================================================
[2023-11-04T15:12:01.153+0000] {manager.py:887} INFO - 
================================================================================
DAG File Processing Stats

File Path                     PID    Runtime      # DAGs    # Errors  Last Runtime    Last Run
----------------------------  -----  ---------  --------  ----------  --------------  -------------------
/opt/airflow/dags/script2.py                           1           0  0.44s           2023-11-04T15:12:00
/opt/airflow/dags/script.py                            1           0  0.54s           2023-11-04T15:11:58
================================================================================
[2023-11-04T15:12:31.458+0000] {manager.py:887} INFO - 
================================================================================
DAG File Processing Stats

File Path                     PID    Runtime      # DAGs    # Errors  Last Runtime    Last Run
----------------------------  -----  ---------  --------  ----------  --------------  -------------------
/opt/airflow/dags/script2.py                           1           0  0.48s           2023-11-04T15:12:30
/opt/airflow/dags/script.py                            1           0  0.63s           2023-11-04T15:12:28
================================================================================
[2023-11-04T15:13:01.515+0000] {manager.py:887} INFO - 
================================================================================
DAG File Processing Stats

File Path                       PID  Runtime      # DAGs    # Errors  Last Runtime    Last Run
----------------------------  -----  ---------  --------  ----------  --------------  -------------------
/opt/airflow/dags/script2.py    459  0.41s             1           0  0.48s           2023-11-04T15:12:30
/opt/airflow/dags/script.py                            1           0  0.42s           2023-11-04T15:12:59
================================================================================
[2023-11-04T15:13:31.759+0000] {manager.py:887} INFO - 
================================================================================
DAG File Processing Stats

File Path                       PID  Runtime      # DAGs    # Errors  Last Runtime    Last Run
----------------------------  -----  ---------  --------  ----------  --------------  -------------------
/opt/airflow/dags/script2.py    468  0.01s             1           0  0.50s           2023-11-04T15:13:01
/opt/airflow/dags/script.py                            1           0  0.44s           2023-11-04T15:13:30
================================================================================
[2023-11-04T15:13:42.048+0000] {manager.py:755} INFO - Searching for files in /opt/airflow/dags
[2023-11-04T15:13:42.050+0000] {manager.py:758} INFO - There are 2 files in /opt/airflow/dags
[2023-11-04T15:14:01.917+0000] {manager.py:887} INFO - 
================================================================================
DAG File Processing Stats

File Path                     PID    Runtime      # DAGs    # Errors  Last Runtime    Last Run
----------------------------  -----  ---------  --------  ----------  --------------  -------------------
/opt/airflow/dags/script2.py                           1           0  0.24s           2023-11-04T15:13:31
/opt/airflow/dags/script.py                            1           0  0.73s           2023-11-04T15:14:00
================================================================================
[2023-11-04T15:14:32.713+0000] {manager.py:887} INFO - 
================================================================================
DAG File Processing Stats

File Path                       PID  Runtime      # DAGs    # Errors  Last Runtime    Last Run
----------------------------  -----  ---------  --------  ----------  --------------  -------------------
/opt/airflow/dags/script2.py    486  0.00s             1           0  0.35s           2023-11-04T15:14:02
/opt/airflow/dags/script.py                            1           0  0.41s           2023-11-04T15:14:31
================================================================================
[2023-11-04T15:15:03.388+0000] {manager.py:887} INFO - 
================================================================================
DAG File Processing Stats

File Path                       PID  Runtime      # DAGs    # Errors  Last Runtime    Last Run
----------------------------  -----  ---------  --------  ----------  --------------  -------------------
/opt/airflow/dags/script2.py    495  0.01s             1           0  0.51s           2023-11-04T15:14:33
/opt/airflow/dags/script.py                            1           0  0.48s           2023-11-04T15:15:02
================================================================================
[2023-11-04T15:15:33.965+0000] {manager.py:887} INFO - 
================================================================================
DAG File Processing Stats

File Path                       PID  Runtime      # DAGs    # Errors  Last Runtime    Last Run
----------------------------  -----  ---------  --------  ----------  --------------  -------------------
/opt/airflow/dags/script2.py    505  0.01s             1           0  0.42s           2023-11-04T15:15:03
/opt/airflow/dags/script.py                            1           0  0.57s           2023-11-04T15:15:33
================================================================================
[2023-11-04T15:16:04.515+0000] {manager.py:887} INFO - 
================================================================================
DAG File Processing Stats

File Path                       PID  Runtime      # DAGs    # Errors  Last Runtime    Last Run
----------------------------  -----  ---------  --------  ----------  --------------  -------------------
/opt/airflow/dags/script2.py    514  0.01s             1           0  0.40s           2023-11-04T15:15:34
/opt/airflow/dags/script.py                            1           0  0.43s           2023-11-04T15:16:03
================================================================================
[2023-11-04T15:16:34.962+0000] {manager.py:887} INFO - 
================================================================================
DAG File Processing Stats

File Path                     PID    Runtime      # DAGs    # Errors  Last Runtime    Last Run
----------------------------  -----  ---------  --------  ----------  --------------  -------------------
/opt/airflow/dags/script2.py                           1           0  0.57s           2023-11-04T15:16:05
/opt/airflow/dags/script.py                            1           0  0.24s           2023-11-04T15:16:34
================================================================================
[2023-11-04T15:17:05.666+0000] {manager.py:887} INFO - 
================================================================================
DAG File Processing Stats

File Path                       PID  Runtime      # DAGs    # Errors  Last Runtime    Last Run
----------------------------  -----  ---------  --------  ----------  --------------  -------------------
/opt/airflow/dags/script2.py    532  0.01s             1           0  0.30s           2023-11-04T15:16:35
/opt/airflow/dags/script.py                            1           0  0.57s           2023-11-04T15:17:04
================================================================================
[2023-11-04T15:17:36.069+0000] {manager.py:887} INFO - 
================================================================================
DAG File Processing Stats

File Path                       PID  Runtime      # DAGs    # Errors  Last Runtime    Last Run
----------------------------  -----  ---------  --------  ----------  --------------  -------------------
/opt/airflow/dags/script2.py    541  0.01s             1           0  0.25s           2023-11-04T15:17:05
/opt/airflow/dags/script.py                            1           0  0.46s           2023-11-04T15:17:35
================================================================================
[2023-11-04T15:18:06.096+0000] {manager.py:887} INFO - 
================================================================================
DAG File Processing Stats

File Path                     PID    Runtime      # DAGs    # Errors  Last Runtime    Last Run
----------------------------  -----  ---------  --------  ----------  --------------  -------------------
/opt/airflow/dags/script2.py                           1           0  0.55s           2023-11-04T15:17:36
/opt/airflow/dags/script.py                            1           0  0.41s           2023-11-04T15:18:06
================================================================================
[2023-11-04T15:18:36.273+0000] {manager.py:887} INFO - 
================================================================================
DAG File Processing Stats

File Path                       PID  Runtime      # DAGs    # Errors  Last Runtime    Last Run
----------------------------  -----  ---------  --------  ----------  --------------  -------------------
/opt/airflow/dags/script2.py                           1           0  0.42s           2023-11-04T15:18:07
/opt/airflow/dags/script.py     558  0.01s             1           0  0.41s           2023-11-04T15:18:06
================================================================================
[2023-11-04T15:18:42.386+0000] {manager.py:755} INFO - Searching for files in /opt/airflow/dags
[2023-11-04T15:18:42.388+0000] {manager.py:758} INFO - There are 2 files in /opt/airflow/dags
[2023-11-04T15:19:06.546+0000] {manager.py:887} INFO - 
================================================================================
DAG File Processing Stats

File Path                     PID    Runtime      # DAGs    # Errors  Last Runtime    Last Run
----------------------------  -----  ---------  --------  ----------  --------------  -------------------
/opt/airflow/dags/script2.py                           1           0  0.45s           2023-11-04T15:18:37
/opt/airflow/dags/script.py                            1           0  0.54s           2023-11-04T15:18:36
================================================================================
[2023-11-04T15:19:36.697+0000] {manager.py:887} INFO - 
================================================================================
DAG File Processing Stats

File Path                     PID    Runtime      # DAGs    # Errors  Last Runtime    Last Run
----------------------------  -----  ---------  --------  ----------  --------------  -------------------
/opt/airflow/dags/script2.py                           1           0  0.62s           2023-11-04T15:19:08
/opt/airflow/dags/script.py                            1           0  0.29s           2023-11-04T15:19:07
================================================================================
[2023-11-04T15:20:06.798+0000] {manager.py:887} INFO - 
================================================================================
DAG File Processing Stats

File Path                     PID    Runtime      # DAGs    # Errors  Last Runtime    Last Run
----------------------------  -----  ---------  --------  ----------  --------------  -------------------
/opt/airflow/dags/script2.py                           1           0  0.44s           2023-11-04T15:19:39
/opt/airflow/dags/script.py                            1           0  0.24s           2023-11-04T15:19:37
================================================================================
[2023-11-04T15:20:36.815+0000] {manager.py:887} INFO - 
================================================================================
DAG File Processing Stats

File Path                     PID    Runtime      # DAGs    # Errors  Last Runtime    Last Run
----------------------------  -----  ---------  --------  ----------  --------------  -------------------
/opt/airflow/dags/script2.py                           1           0  0.42s           2023-11-04T15:20:09
/opt/airflow/dags/script.py                            1           0  0.54s           2023-11-04T15:20:08
================================================================================
[2023-11-04T15:21:07.138+0000] {manager.py:887} INFO - 
================================================================================
DAG File Processing Stats

File Path                     PID    Runtime      # DAGs    # Errors  Last Runtime    Last Run
----------------------------  -----  ---------  --------  ----------  --------------  -------------------
/opt/airflow/dags/script2.py                           1           0  0.52s           2023-11-04T15:20:40
/opt/airflow/dags/script.py                            1           0  0.46s           2023-11-04T15:20:38
================================================================================
[2023-11-04T15:21:37.723+0000] {manager.py:887} INFO - 
================================================================================
DAG File Processing Stats

File Path                     PID    Runtime      # DAGs    # Errors  Last Runtime    Last Run
----------------------------  -----  ---------  --------  ----------  --------------  -------------------
/opt/airflow/dags/script2.py                           1           0  0.43s           2023-11-04T15:21:10
/opt/airflow/dags/script.py                            1           0  0.41s           2023-11-04T15:21:09
================================================================================
[2023-11-04T15:22:08.634+0000] {manager.py:887} INFO - 
================================================================================
DAG File Processing Stats

File Path                     PID    Runtime      # DAGs    # Errors  Last Runtime    Last Run
----------------------------  -----  ---------  --------  ----------  --------------  -------------------
/opt/airflow/dags/script2.py                           1           0  0.46s           2023-11-04T15:21:41
/opt/airflow/dags/script.py                            1           0  0.73s           2023-11-04T15:21:40
================================================================================
[2023-11-04T15:22:39.205+0000] {manager.py:887} INFO - 
================================================================================
DAG File Processing Stats

File Path                     PID    Runtime      # DAGs    # Errors  Last Runtime    Last Run
----------------------------  -----  ---------  --------  ----------  --------------  -------------------
/opt/airflow/dags/script2.py                           1           0  0.54s           2023-11-04T15:22:12
/opt/airflow/dags/script.py                            1           0  0.39s           2023-11-04T15:22:11
================================================================================
[2023-11-04T15:23:09.623+0000] {manager.py:887} INFO - 
================================================================================
DAG File Processing Stats

File Path                     PID    Runtime      # DAGs    # Errors  Last Runtime    Last Run
----------------------------  -----  ---------  --------  ----------  --------------  -------------------
/opt/airflow/dags/script2.py                           1           0  0.42s           2023-11-04T15:22:42
/opt/airflow/dags/script.py                            1           0  0.24s           2023-11-04T15:22:41
================================================================================
[2023-11-04T15:23:40.324+0000] {manager.py:887} INFO - 
================================================================================
DAG File Processing Stats

File Path                     PID    Runtime      # DAGs    # Errors  Last Runtime    Last Run
----------------------------  -----  ---------  --------  ----------  --------------  -------------------
/opt/airflow/dags/script2.py                           1           0  0.42s           2023-11-04T15:23:13
/opt/airflow/dags/script.py                            1           0  0.52s           2023-11-04T15:23:12
================================================================================
[2023-11-04T15:23:42.559+0000] {manager.py:755} INFO - Searching for files in /opt/airflow/dags
[2023-11-04T15:23:42.561+0000] {manager.py:758} INFO - There are 2 files in /opt/airflow/dags
[2023-11-04T15:24:10.347+0000] {manager.py:887} INFO - 
================================================================================
DAG File Processing Stats

File Path                     PID    Runtime      # DAGs    # Errors  Last Runtime    Last Run
----------------------------  -----  ---------  --------  ----------  --------------  -------------------
/opt/airflow/dags/script2.py                           1           0  0.60s           2023-11-04T15:23:44
/opt/airflow/dags/script.py                            1           0  0.45s           2023-11-04T15:23:42
================================================================================
[2023-11-04T15:24:40.615+0000] {manager.py:887} INFO - 
================================================================================
DAG File Processing Stats

File Path                     PID    Runtime      # DAGs    # Errors  Last Runtime    Last Run
----------------------------  -----  ---------  --------  ----------  --------------  -------------------
/opt/airflow/dags/script2.py                           1           0  0.48s           2023-11-04T15:24:14
/opt/airflow/dags/script.py                            1           0  0.50s           2023-11-04T15:24:13
================================================================================
[2023-11-04T15:25:10.622+0000] {manager.py:887} INFO - 
================================================================================
DAG File Processing Stats

File Path                     PID    Runtime      # DAGs    # Errors  Last Runtime    Last Run
----------------------------  -----  ---------  --------  ----------  --------------  -------------------
/opt/airflow/dags/script2.py                           1           0  0.50s           2023-11-04T15:24:45
/opt/airflow/dags/script.py                            1           0  0.54s           2023-11-04T15:24:44
================================================================================
[2023-11-04T15:25:41.050+0000] {manager.py:887} INFO - 
================================================================================
DAG File Processing Stats

File Path                     PID    Runtime      # DAGs    # Errors  Last Runtime    Last Run
----------------------------  -----  ---------  --------  ----------  --------------  -------------------
/opt/airflow/dags/script2.py                           1           0  0.58s           2023-11-04T15:25:16
/opt/airflow/dags/script.py                            1           0  0.55s           2023-11-04T15:25:14
================================================================================
[2023-11-04T15:26:11.660+0000] {manager.py:887} INFO - 
================================================================================
DAG File Processing Stats

File Path                     PID    Runtime      # DAGs    # Errors  Last Runtime    Last Run
----------------------------  -----  ---------  --------  ----------  --------------  -------------------
/opt/airflow/dags/script2.py                           1           0  0.48s           2023-11-04T15:25:46
/opt/airflow/dags/script.py                            1           0  0.44s           2023-11-04T15:25:45
================================================================================
[2023-11-04T15:26:42.389+0000] {manager.py:887} INFO - 
================================================================================
DAG File Processing Stats

File Path                     PID    Runtime      # DAGs    # Errors  Last Runtime    Last Run
----------------------------  -----  ---------  --------  ----------  --------------  -------------------
/opt/airflow/dags/script2.py                           1           0  0.44s           2023-11-04T15:26:17
/opt/airflow/dags/script.py                            1           0  0.55s           2023-11-04T15:26:16
================================================================================
[2023-11-04T15:27:12.400+0000] {manager.py:887} INFO - 
================================================================================
DAG File Processing Stats

File Path                     PID    Runtime      # DAGs    # Errors  Last Runtime    Last Run
----------------------------  -----  ---------  --------  ----------  --------------  -------------------
/opt/airflow/dags/script2.py                           1           0  0.62s           2023-11-04T15:26:48
/opt/airflow/dags/script.py                            1           0  0.53s           2023-11-04T15:26:46
================================================================================
[2023-11-04T15:27:42.778+0000] {manager.py:887} INFO - 
================================================================================
DAG File Processing Stats

File Path                     PID    Runtime      # DAGs    # Errors  Last Runtime    Last Run
----------------------------  -----  ---------  --------  ----------  --------------  -------------------
/opt/airflow/dags/script2.py                           1           0  0.49s           2023-11-04T15:27:18
/opt/airflow/dags/script.py                            1           0  0.50s           2023-11-04T15:27:17
================================================================================
[2023-11-04T15:28:13.239+0000] {manager.py:887} INFO - 
================================================================================
DAG File Processing Stats

File Path                     PID    Runtime      # DAGs    # Errors  Last Runtime    Last Run
----------------------------  -----  ---------  --------  ----------  --------------  -------------------
/opt/airflow/dags/script2.py                           1           0  0.23s           2023-11-04T15:27:49
/opt/airflow/dags/script.py                            1           0  0.54s           2023-11-04T15:27:48
================================================================================
[2023-11-04T15:28:43.014+0000] {manager.py:755} INFO - Searching for files in /opt/airflow/dags
[2023-11-04T15:28:43.017+0000] {manager.py:758} INFO - There are 2 files in /opt/airflow/dags
[2023-11-04T15:28:44.047+0000] {manager.py:887} INFO - 
================================================================================
DAG File Processing Stats

File Path                     PID    Runtime      # DAGs    # Errors  Last Runtime    Last Run
----------------------------  -----  ---------  --------  ----------  --------------  -------------------
/opt/airflow/dags/script2.py                           1           0  0.51s           2023-11-04T15:28:19
/opt/airflow/dags/script.py                            1           0  0.42s           2023-11-04T15:28:18
================================================================================
[2023-11-04T15:29:14.640+0000] {manager.py:887} INFO - 
================================================================================
DAG File Processing Stats

File Path                     PID    Runtime      # DAGs    # Errors  Last Runtime    Last Run
----------------------------  -----  ---------  --------  ----------  --------------  -------------------
/opt/airflow/dags/script2.py                           1           0  0.40s           2023-11-04T15:28:50
/opt/airflow/dags/script.py                            1           0  0.40s           2023-11-04T15:28:49
================================================================================
[2023-11-04T15:29:44.827+0000] {manager.py:887} INFO - 
================================================================================
DAG File Processing Stats

File Path                     PID    Runtime      # DAGs    # Errors  Last Runtime    Last Run
----------------------------  -----  ---------  --------  ----------  --------------  -------------------
/opt/airflow/dags/script2.py                           1           0  0.43s           2023-11-04T15:29:21
/opt/airflow/dags/script.py                            1           0  0.64s           2023-11-04T15:29:20
================================================================================
[2023-11-04T15:30:14.911+0000] {manager.py:887} INFO - 
================================================================================
DAG File Processing Stats

File Path                     PID    Runtime      # DAGs    # Errors  Last Runtime    Last Run
----------------------------  -----  ---------  --------  ----------  --------------  -------------------
/opt/airflow/dags/script2.py                           1           0  0.51s           2023-11-04T15:29:51
/opt/airflow/dags/script.py                            1           0  0.46s           2023-11-04T15:29:51
================================================================================
[2023-11-04T15:30:45.235+0000] {manager.py:887} INFO - 
================================================================================
DAG File Processing Stats

File Path                     PID    Runtime      # DAGs    # Errors  Last Runtime    Last Run
----------------------------  -----  ---------  --------  ----------  --------------  -------------------
/opt/airflow/dags/script2.py                           1           0  0.42s           2023-11-04T15:30:22
/opt/airflow/dags/script.py                            1           0  0.61s           2023-11-04T15:30:22
================================================================================
[2023-11-04T15:31:15.696+0000] {manager.py:887} INFO - 
================================================================================
DAG File Processing Stats

File Path                     PID    Runtime      # DAGs    # Errors  Last Runtime    Last Run
----------------------------  -----  ---------  --------  ----------  --------------  -------------------
/opt/airflow/dags/script2.py                           1           0  1.22s           2023-11-04T15:30:53
/opt/airflow/dags/script.py                            1           0  1.29s           2023-11-04T15:30:53
================================================================================
[2023-11-04T15:31:46.537+0000] {manager.py:887} INFO - 
================================================================================
DAG File Processing Stats

File Path                     PID    Runtime      # DAGs    # Errors  Last Runtime    Last Run
----------------------------  -----  ---------  --------  ----------  --------------  -------------------
/opt/airflow/dags/script2.py                           1           0  0.51s           2023-11-04T15:31:24
/opt/airflow/dags/script.py                            1           0  0.70s           2023-11-04T15:31:24
================================================================================
[2023-11-04T15:32:17.105+0000] {manager.py:887} INFO - 
================================================================================
DAG File Processing Stats

File Path                     PID    Runtime      # DAGs    # Errors  Last Runtime    Last Run
----------------------------  -----  ---------  --------  ----------  --------------  -------------------
/opt/airflow/dags/script2.py                           1           0  1.38s           2023-11-04T15:31:55
/opt/airflow/dags/script.py                            1           0  1.43s           2023-11-04T15:31:56
================================================================================
[2023-11-04T15:32:47.884+0000] {manager.py:887} INFO - 
================================================================================
DAG File Processing Stats

File Path                     PID    Runtime      # DAGs    # Errors  Last Runtime    Last Run
----------------------------  -----  ---------  --------  ----------  --------------  -------------------
/opt/airflow/dags/script2.py                           1           0  0.58s           2023-11-04T15:32:26
/opt/airflow/dags/script.py                            1           0  0.72s           2023-11-04T15:32:26
================================================================================
[2023-11-04T15:33:18.731+0000] {manager.py:887} INFO - 
================================================================================
DAG File Processing Stats

File Path                     PID    Runtime      # DAGs    # Errors  Last Runtime    Last Run
----------------------------  -----  ---------  --------  ----------  --------------  -------------------
/opt/airflow/dags/script2.py                           1           0  0.76s           2023-11-04T15:32:57
/opt/airflow/dags/script.py                            1           0  0.67s           2023-11-04T15:32:57
================================================================================
[2023-11-04T15:33:43.438+0000] {manager.py:755} INFO - Searching for files in /opt/airflow/dags
[2023-11-04T15:33:43.440+0000] {manager.py:758} INFO - There are 2 files in /opt/airflow/dags
[2023-11-04T15:33:49.504+0000] {manager.py:887} INFO - 
================================================================================
DAG File Processing Stats

File Path                     PID    Runtime      # DAGs    # Errors  Last Runtime    Last Run
----------------------------  -----  ---------  --------  ----------  --------------  -------------------
/opt/airflow/dags/script2.py                           1           0  0.56s           2023-11-04T15:33:28
/opt/airflow/dags/script.py                            1           0  0.66s           2023-11-04T15:33:28
================================================================================
[2023-11-04T15:34:20.256+0000] {manager.py:887} INFO - 
================================================================================
DAG File Processing Stats

File Path                     PID    Runtime      # DAGs    # Errors  Last Runtime    Last Run
----------------------------  -----  ---------  --------  ----------  --------------  -------------------
/opt/airflow/dags/script2.py                           1           0  0.72s           2023-11-04T15:33:59
/opt/airflow/dags/script.py                            1           0  0.57s           2023-11-04T15:33:59
================================================================================
[2023-11-04T15:34:50.903+0000] {manager.py:887} INFO - 
================================================================================
DAG File Processing Stats

File Path                     PID    Runtime      # DAGs    # Errors  Last Runtime    Last Run
----------------------------  -----  ---------  --------  ----------  --------------  -------------------
/opt/airflow/dags/script2.py                           1           0  0.47s           2023-11-04T15:34:29
/opt/airflow/dags/script.py                            1           0  0.56s           2023-11-04T15:34:29
================================================================================
[2023-11-04T15:35:21.644+0000] {manager.py:887} INFO - 
================================================================================
DAG File Processing Stats

File Path                     PID    Runtime      # DAGs    # Errors  Last Runtime    Last Run
----------------------------  -----  ---------  --------  ----------  --------------  -------------------
/opt/airflow/dags/script2.py                           1           0  0.59s           2023-11-04T15:35:00
/opt/airflow/dags/script.py                            1           0  0.55s           2023-11-04T15:35:00
================================================================================
[2023-11-04T15:35:52.354+0000] {manager.py:887} INFO - 
================================================================================
DAG File Processing Stats

File Path                     PID    Runtime      # DAGs    # Errors  Last Runtime    Last Run
----------------------------  -----  ---------  --------  ----------  --------------  -------------------
/opt/airflow/dags/script2.py                           1           0  0.51s           2023-11-04T15:35:31
/opt/airflow/dags/script.py                            1           0  0.62s           2023-11-04T15:35:31
================================================================================
[2023-11-04T15:36:23.034+0000] {manager.py:887} INFO - 
================================================================================
DAG File Processing Stats

File Path                     PID    Runtime      # DAGs    # Errors  Last Runtime    Last Run
----------------------------  -----  ---------  --------  ----------  --------------  -------------------
/opt/airflow/dags/script2.py                           1           0  0.57s           2023-11-04T15:36:01
/opt/airflow/dags/script.py                            1           0  0.50s           2023-11-04T15:36:01
================================================================================
[2023-11-04T15:36:53.686+0000] {manager.py:887} INFO - 
================================================================================
DAG File Processing Stats

File Path                     PID    Runtime      # DAGs    # Errors  Last Runtime    Last Run
----------------------------  -----  ---------  --------  ----------  --------------  -------------------
/opt/airflow/dags/script2.py                           1           0  0.47s           2023-11-04T15:36:32
/opt/airflow/dags/script.py                            1           0  0.56s           2023-11-04T15:36:32
================================================================================
[2023-11-04T15:37:24.296+0000] {manager.py:887} INFO - 
================================================================================
DAG File Processing Stats

File Path                     PID    Runtime      # DAGs    # Errors  Last Runtime    Last Run
----------------------------  -----  ---------  --------  ----------  --------------  -------------------
/opt/airflow/dags/script2.py                           1           0  0.55s           2023-11-04T15:37:03
/opt/airflow/dags/script.py                            1           0  0.44s           2023-11-04T15:37:03
================================================================================
[2023-11-04T15:37:54.964+0000] {manager.py:887} INFO - 
================================================================================
DAG File Processing Stats

File Path                     PID    Runtime      # DAGs    # Errors  Last Runtime    Last Run
----------------------------  -----  ---------  --------  ----------  --------------  -------------------
/opt/airflow/dags/script2.py                           1           0  0.48s           2023-11-04T15:37:33
/opt/airflow/dags/script.py                            1           0  0.63s           2023-11-04T15:37:33
================================================================================
[2023-11-04T15:38:25.674+0000] {manager.py:887} INFO - 
================================================================================
DAG File Processing Stats

File Path                     PID    Runtime      # DAGs    # Errors  Last Runtime    Last Run
----------------------------  -----  ---------  --------  ----------  --------------  -------------------
/opt/airflow/dags/script2.py                           1           0  0.63s           2023-11-04T15:38:04
/opt/airflow/dags/script.py                            1           0  0.54s           2023-11-04T15:38:04
================================================================================
[2023-11-04T15:38:44.250+0000] {manager.py:755} INFO - Searching for files in /opt/airflow/dags
[2023-11-04T15:38:44.252+0000] {manager.py:758} INFO - There are 2 files in /opt/airflow/dags
[2023-11-04T15:38:56.345+0000] {manager.py:887} INFO - 
================================================================================
DAG File Processing Stats

File Path                     PID    Runtime      # DAGs    # Errors  Last Runtime    Last Run
----------------------------  -----  ---------  --------  ----------  --------------  -------------------
/opt/airflow/dags/script2.py                           1           0  0.46s           2023-11-04T15:38:35
/opt/airflow/dags/script.py                            1           0  0.57s           2023-11-04T15:38:35
================================================================================
[2023-11-04T15:39:27.107+0000] {manager.py:887} INFO - 
================================================================================
DAG File Processing Stats

File Path                     PID    Runtime      # DAGs    # Errors  Last Runtime    Last Run
----------------------------  -----  ---------  --------  ----------  --------------  -------------------
/opt/airflow/dags/script2.py                           1           0  0.72s           2023-11-04T15:39:06
/opt/airflow/dags/script.py                            1           0  0.59s           2023-11-04T15:39:05
================================================================================
[2023-11-04T15:39:57.792+0000] {manager.py:887} INFO - 
================================================================================
DAG File Processing Stats

File Path                     PID    Runtime      # DAGs    # Errors  Last Runtime    Last Run
----------------------------  -----  ---------  --------  ----------  --------------  -------------------
/opt/airflow/dags/script2.py                           1           0  0.51s           2023-11-04T15:39:36
/opt/airflow/dags/script.py                            1           0  0.62s           2023-11-04T15:39:36
================================================================================
[2023-11-04T15:40:28.418+0000] {manager.py:887} INFO - 
================================================================================
DAG File Processing Stats

File Path                     PID    Runtime      # DAGs    # Errors  Last Runtime    Last Run
----------------------------  -----  ---------  --------  ----------  --------------  -------------------
/opt/airflow/dags/script2.py                           1           0  0.55s           2023-11-04T15:40:07
/opt/airflow/dags/script.py                            1           0  0.45s           2023-11-04T15:40:07
================================================================================
[2023-11-04T15:40:58.557+0000] {manager.py:887} INFO - 
================================================================================
DAG File Processing Stats

File Path                     PID    Runtime      # DAGs    # Errors  Last Runtime    Last Run
----------------------------  -----  ---------  --------  ----------  --------------  -------------------
/opt/airflow/dags/script2.py                           1           0  0.79s           2023-11-04T15:40:38
/opt/airflow/dags/script.py                            1           0  0.99s           2023-11-04T15:40:38
================================================================================
[2023-11-04T15:41:29.118+0000] {manager.py:887} INFO - 
================================================================================
DAG File Processing Stats

File Path                     PID    Runtime      # DAGs    # Errors  Last Runtime    Last Run
----------------------------  -----  ---------  --------  ----------  --------------  -------------------
/opt/airflow/dags/script2.py                           1           0  0.56s           2023-11-04T15:41:08
/opt/airflow/dags/script.py                            1           0  0.54s           2023-11-04T15:41:09
================================================================================
[2023-11-04T15:41:59.788+0000] {manager.py:887} INFO - 
================================================================================
DAG File Processing Stats

File Path                     PID    Runtime      # DAGs    # Errors  Last Runtime    Last Run
----------------------------  -----  ---------  --------  ----------  --------------  -------------------
/opt/airflow/dags/script2.py                           1           0  0.60s           2023-11-04T15:41:39
/opt/airflow/dags/script.py                            1           0  0.50s           2023-11-04T15:41:39
================================================================================
[2023-11-04T15:42:30.448+0000] {manager.py:887} INFO - 
================================================================================
DAG File Processing Stats

File Path                     PID    Runtime      # DAGs    # Errors  Last Runtime    Last Run
----------------------------  -----  ---------  --------  ----------  --------------  -------------------
/opt/airflow/dags/script2.py                           1           0  0.48s           2023-11-04T15:42:10
/opt/airflow/dags/script.py                            1           0  0.59s           2023-11-04T15:42:10
================================================================================
[2023-11-04T15:43:01.170+0000] {manager.py:887} INFO - 
================================================================================
DAG File Processing Stats

File Path                     PID    Runtime      # DAGs    # Errors  Last Runtime    Last Run
----------------------------  -----  ---------  --------  ----------  --------------  -------------------
/opt/airflow/dags/script2.py                           1           0  0.65s           2023-11-04T15:42:41
/opt/airflow/dags/script.py                            1           0  0.55s           2023-11-04T15:42:41
================================================================================
[2023-11-04T15:43:31.801+0000] {manager.py:887} INFO - 
================================================================================
DAG File Processing Stats

File Path                     PID    Runtime      # DAGs    # Errors  Last Runtime    Last Run
----------------------------  -----  ---------  --------  ----------  --------------  -------------------
/opt/airflow/dags/script2.py                           1           0  0.44s           2023-11-04T15:43:11
/opt/airflow/dags/script.py                            1           0  0.58s           2023-11-04T15:43:11
================================================================================
[2023-11-04T15:43:44.316+0000] {manager.py:755} INFO - Searching for files in /opt/airflow/dags
[2023-11-04T15:43:44.318+0000] {manager.py:758} INFO - There are 2 files in /opt/airflow/dags
[2023-11-04T15:44:02.437+0000] {manager.py:887} INFO - 
================================================================================
DAG File Processing Stats

File Path                     PID    Runtime      # DAGs    # Errors  Last Runtime    Last Run
----------------------------  -----  ---------  --------  ----------  --------------  -------------------
/opt/airflow/dags/script2.py                           1           0  0.55s           2023-11-04T15:43:42
/opt/airflow/dags/script.py                            1           0  0.44s           2023-11-04T15:43:42
================================================================================
[2023-11-04T15:44:33.115+0000] {manager.py:887} INFO - 
================================================================================
DAG File Processing Stats

File Path                     PID    Runtime      # DAGs    # Errors  Last Runtime    Last Run
----------------------------  -----  ---------  --------  ----------  --------------  -------------------
/opt/airflow/dags/script2.py                           1           0  0.49s           2023-11-04T15:44:12
/opt/airflow/dags/script.py                            1           0  0.59s           2023-11-04T15:44:13
================================================================================
[2023-11-04T15:45:03.749+0000] {manager.py:887} INFO - 
================================================================================
DAG File Processing Stats

File Path                     PID    Runtime      # DAGs    # Errors  Last Runtime    Last Run
----------------------------  -----  ---------  --------  ----------  --------------  -------------------
/opt/airflow/dags/script2.py                           1           0  0.58s           2023-11-04T15:44:43
/opt/airflow/dags/script.py                            1           0  0.47s           2023-11-04T15:44:43
================================================================================
[2023-11-04T15:45:34.378+0000] {manager.py:887} INFO - 
================================================================================
DAG File Processing Stats

File Path                     PID    Runtime      # DAGs    # Errors  Last Runtime    Last Run
----------------------------  -----  ---------  --------  ----------  --------------  -------------------
/opt/airflow/dags/script2.py                           1           0  0.44s           2023-11-04T15:45:14
/opt/airflow/dags/script.py                            1           0  0.54s           2023-11-04T15:45:14
================================================================================
[2023-11-04T15:46:05.032+0000] {manager.py:887} INFO - 
================================================================================
DAG File Processing Stats

File Path                     PID    Runtime      # DAGs    # Errors  Last Runtime    Last Run
----------------------------  -----  ---------  --------  ----------  --------------  -------------------
/opt/airflow/dags/script2.py                           1           0  0.56s           2023-11-04T15:45:45
/opt/airflow/dags/script.py                            1           0  0.47s           2023-11-04T15:45:44
================================================================================
[2023-11-04T15:46:35.815+0000] {manager.py:887} INFO - 
================================================================================
DAG File Processing Stats

File Path                     PID    Runtime      # DAGs    # Errors  Last Runtime    Last Run
----------------------------  -----  ---------  --------  ----------  --------------  -------------------
/opt/airflow/dags/script2.py                           1           0  0.60s           2023-11-04T15:46:15
/opt/airflow/dags/script.py                            1           0  0.80s           2023-11-04T15:46:15
================================================================================
[2023-11-04T15:47:06.551+0000] {manager.py:887} INFO - 
================================================================================
DAG File Processing Stats

File Path                     PID    Runtime      # DAGs    # Errors  Last Runtime    Last Run
----------------------------  -----  ---------  --------  ----------  --------------  -------------------
/opt/airflow/dags/script2.py                           1           0  1.57s           2023-11-04T15:46:47
/opt/airflow/dags/script.py                            1           0  1.51s           2023-11-04T15:46:47
================================================================================
[2023-11-04T15:47:37.237+0000] {manager.py:887} INFO - 
================================================================================
DAG File Processing Stats

File Path                     PID    Runtime      # DAGs    # Errors  Last Runtime    Last Run
----------------------------  -----  ---------  --------  ----------  --------------  -------------------
/opt/airflow/dags/script2.py                           1           0  0.51s           2023-11-04T15:47:18
/opt/airflow/dags/script.py                            1           0  0.61s           2023-11-04T15:47:18
================================================================================
[2023-11-04T15:48:07.936+0000] {manager.py:887} INFO - 
================================================================================
DAG File Processing Stats

File Path                     PID    Runtime      # DAGs    # Errors  Last Runtime    Last Run
----------------------------  -----  ---------  --------  ----------  --------------  -------------------
/opt/airflow/dags/script2.py                           1           0  0.64s           2023-11-04T15:47:48
/opt/airflow/dags/script.py                            1           0  0.52s           2023-11-04T15:47:48
================================================================================
[2023-11-04T15:48:38.592+0000] {manager.py:887} INFO - 
================================================================================
DAG File Processing Stats

File Path                     PID    Runtime      # DAGs    # Errors  Last Runtime    Last Run
----------------------------  -----  ---------  --------  ----------  --------------  -------------------
/opt/airflow/dags/script2.py                           1           0  0.48s           2023-11-04T15:48:19
/opt/airflow/dags/script.py                            1           0  0.59s           2023-11-04T15:48:19
================================================================================
[2023-11-04T15:48:44.636+0000] {manager.py:755} INFO - Searching for files in /opt/airflow/dags
[2023-11-04T15:48:44.638+0000] {manager.py:758} INFO - There are 2 files in /opt/airflow/dags
[2023-11-04T15:49:09.287+0000] {manager.py:887} INFO - 
================================================================================
DAG File Processing Stats

File Path                     PID    Runtime      # DAGs    # Errors  Last Runtime    Last Run
----------------------------  -----  ---------  --------  ----------  --------------  -------------------
/opt/airflow/dags/script2.py                           1           0  0.57s           2023-11-04T15:48:50
/opt/airflow/dags/script.py                            1           0  0.48s           2023-11-04T15:48:50
================================================================================
[2023-11-04T15:49:39.974+0000] {manager.py:887} INFO - 
================================================================================
DAG File Processing Stats

File Path                     PID    Runtime      # DAGs    # Errors  Last Runtime    Last Run
----------------------------  -----  ---------  --------  ----------  --------------  -------------------
/opt/airflow/dags/script2.py                           1           0  4.52s           2023-11-04T15:49:24
/opt/airflow/dags/script.py                            1           0  4.77s           2023-11-04T15:49:25
================================================================================
[2023-11-04T15:50:10.846+0000] {manager.py:887} INFO - 
================================================================================
DAG File Processing Stats

File Path                     PID    Runtime      # DAGs    # Errors  Last Runtime    Last Run
----------------------------  -----  ---------  --------  ----------  --------------  -------------------
/opt/airflow/dags/script2.py                           1           0  0.69s           2023-11-04T15:49:55
/opt/airflow/dags/script.py                            1           0  0.53s           2023-11-04T15:49:55
================================================================================
[2023-11-04T15:50:41.636+0000] {manager.py:887} INFO - 
================================================================================
DAG File Processing Stats

File Path                     PID    Runtime      # DAGs    # Errors  Last Runtime    Last Run
----------------------------  -----  ---------  --------  ----------  --------------  -------------------
/opt/airflow/dags/script2.py                           1           0  0.59s           2023-11-04T15:50:26
/opt/airflow/dags/script.py                            1           0  0.69s           2023-11-04T15:50:26
================================================================================
[2023-11-04T15:51:12.377+0000] {manager.py:887} INFO - 
================================================================================
DAG File Processing Stats

File Path                     PID    Runtime      # DAGs    # Errors  Last Runtime    Last Run
----------------------------  -----  ---------  --------  ----------  --------------  -------------------
/opt/airflow/dags/script2.py                           1           0  0.73s           2023-11-04T15:50:57
/opt/airflow/dags/script.py                            1           0  0.56s           2023-11-04T15:50:57
================================================================================
[2023-11-04T15:51:43.111+0000] {manager.py:887} INFO - 
================================================================================
DAG File Processing Stats

File Path                     PID    Runtime      # DAGs    # Errors  Last Runtime    Last Run
----------------------------  -----  ---------  --------  ----------  --------------  -------------------
/opt/airflow/dags/script2.py                           1           0  0.62s           2023-11-04T15:51:28
/opt/airflow/dags/script.py                            1           0  0.56s           2023-11-04T15:51:28
================================================================================
[2023-11-04T15:52:13.884+0000] {manager.py:887} INFO - 
================================================================================
DAG File Processing Stats

File Path                     PID    Runtime      # DAGs    # Errors  Last Runtime    Last Run
----------------------------  -----  ---------  --------  ----------  --------------  -------------------
/opt/airflow/dags/script2.py                           1           0  0.45s           2023-11-04T15:51:58
/opt/airflow/dags/script.py                            1           0  0.60s           2023-11-04T15:51:58
================================================================================
[2023-11-04T15:52:44.539+0000] {manager.py:887} INFO - 
================================================================================
DAG File Processing Stats

File Path                     PID    Runtime      # DAGs    # Errors  Last Runtime    Last Run
----------------------------  -----  ---------  --------  ----------  --------------  -------------------
/opt/airflow/dags/script2.py                           1           0  0.66s           2023-11-04T15:52:29
/opt/airflow/dags/script.py                            1           0  0.47s           2023-11-04T15:52:29
================================================================================
[2023-11-04T15:53:15.255+0000] {manager.py:887} INFO - 
================================================================================
DAG File Processing Stats

File Path                     PID    Runtime      # DAGs    # Errors  Last Runtime    Last Run
----------------------------  -----  ---------  --------  ----------  --------------  -------------------
/opt/airflow/dags/script2.py                           1           0  0.44s           2023-11-04T15:53:00
/opt/airflow/dags/script.py                            1           0  0.55s           2023-11-04T15:53:00
================================================================================
[2023-11-04T15:53:45.105+0000] {manager.py:755} INFO - Searching for files in /opt/airflow/dags
[2023-11-04T15:53:45.109+0000] {manager.py:758} INFO - There are 2 files in /opt/airflow/dags
[2023-11-04T15:53:46.148+0000] {manager.py:887} INFO - 
================================================================================
DAG File Processing Stats

File Path                     PID    Runtime      # DAGs    # Errors  Last Runtime    Last Run
----------------------------  -----  ---------  --------  ----------  --------------  -------------------
/opt/airflow/dags/script2.py                           1           0  0.83s           2023-11-04T15:53:31
/opt/airflow/dags/script.py                            1           0  0.69s           2023-11-04T15:53:31
================================================================================
[2023-11-04T15:54:16.873+0000] {manager.py:887} INFO - 
================================================================================
DAG File Processing Stats

File Path                     PID    Runtime      # DAGs    # Errors  Last Runtime    Last Run
----------------------------  -----  ---------  --------  ----------  --------------  -------------------
/opt/airflow/dags/script2.py                           1           0  0.54s           2023-11-04T15:54:01
/opt/airflow/dags/script.py                            1           0  0.65s           2023-11-04T15:54:01
================================================================================
[2023-11-04T15:54:47.499+0000] {manager.py:887} INFO - 
================================================================================
DAG File Processing Stats

File Path                     PID    Runtime      # DAGs    # Errors  Last Runtime    Last Run
----------------------------  -----  ---------  --------  ----------  --------------  -------------------
/opt/airflow/dags/script2.py                           1           0  0.54s           2023-11-04T15:54:32
/opt/airflow/dags/script.py                            1           0  0.45s           2023-11-04T15:54:32
================================================================================
[2023-11-04T15:55:18.174+0000] {manager.py:887} INFO - 
================================================================================
DAG File Processing Stats

File Path                     PID    Runtime      # DAGs    # Errors  Last Runtime    Last Run
----------------------------  -----  ---------  --------  ----------  --------------  -------------------
/opt/airflow/dags/script2.py                           1           0  0.49s           2023-11-04T15:55:03
/opt/airflow/dags/script.py                            1           0  0.58s           2023-11-04T15:55:03
================================================================================
[2023-11-04T15:55:48.795+0000] {manager.py:887} INFO - 
================================================================================
DAG File Processing Stats

File Path                     PID    Runtime      # DAGs    # Errors  Last Runtime    Last Run
----------------------------  -----  ---------  --------  ----------  --------------  -------------------
/opt/airflow/dags/script2.py                           1           0  0.56s           2023-11-04T15:55:33
/opt/airflow/dags/script.py                            1           0  0.45s           2023-11-04T15:55:33
================================================================================
[2023-11-04T15:56:19.527+0000] {manager.py:887} INFO - 
================================================================================
DAG File Processing Stats

File Path                     PID    Runtime      # DAGs    # Errors  Last Runtime    Last Run
----------------------------  -----  ---------  --------  ----------  --------------  -------------------
/opt/airflow/dags/script2.py                           1           0  0.54s           2023-11-04T15:56:04
/opt/airflow/dags/script.py                            1           0  0.63s           2023-11-04T15:56:04
================================================================================
[2023-11-04T15:56:49.559+0000] {manager.py:887} INFO - 
================================================================================
DAG File Processing Stats

File Path                     PID    Runtime      # DAGs    # Errors  Last Runtime    Last Run
----------------------------  -----  ---------  --------  ----------  --------------  -------------------
/opt/airflow/dags/script2.py                           1           0  0.86s           2023-11-04T15:56:35
/opt/airflow/dags/script.py                            1           0  0.74s           2023-11-04T15:56:35
================================================================================
[2023-11-04T15:57:20.110+0000] {manager.py:887} INFO - 
================================================================================
DAG File Processing Stats

File Path                     PID    Runtime      # DAGs    # Errors  Last Runtime    Last Run
----------------------------  -----  ---------  --------  ----------  --------------  -------------------
/opt/airflow/dags/script2.py                           1           0  0.48s           2023-11-04T15:57:06
/opt/airflow/dags/script.py                            1           0  0.59s           2023-11-04T15:57:06
================================================================================
[2023-11-04T15:57:50.740+0000] {manager.py:887} INFO - 
================================================================================
DAG File Processing Stats

File Path                     PID    Runtime      # DAGs    # Errors  Last Runtime    Last Run
----------------------------  -----  ---------  --------  ----------  --------------  -------------------
/opt/airflow/dags/script2.py                           1           0  0.54s           2023-11-04T15:57:36
/opt/airflow/dags/script.py                            1           0  0.45s           2023-11-04T15:57:36
================================================================================
[2023-11-04T15:58:20.865+0000] {manager.py:887} INFO - 
================================================================================
DAG File Processing Stats

File Path                     PID    Runtime      # DAGs    # Errors  Last Runtime    Last Run
----------------------------  -----  ---------  --------  ----------  --------------  -------------------
/opt/airflow/dags/script2.py                           1           0  1.95s           2023-11-04T15:58:08
/opt/airflow/dags/script.py                            1           0  0.97s           2023-11-04T15:58:07
================================================================================
[2023-11-04T15:58:45.488+0000] {manager.py:755} INFO - Searching for files in /opt/airflow/dags
[2023-11-04T15:58:45.490+0000] {manager.py:758} INFO - There are 2 files in /opt/airflow/dags
[2023-11-04T15:58:51.548+0000] {manager.py:887} INFO - 
================================================================================
DAG File Processing Stats

File Path                     PID    Runtime      # DAGs    # Errors  Last Runtime    Last Run
----------------------------  -----  ---------  --------  ----------  --------------  -------------------
/opt/airflow/dags/script2.py                           1           0  0.55s           2023-11-04T15:58:39
/opt/airflow/dags/script.py                            1           0  0.48s           2023-11-04T15:58:38
================================================================================
[2023-11-04T15:59:22.147+0000] {manager.py:887} INFO - 
================================================================================
DAG File Processing Stats

File Path                     PID    Runtime      # DAGs    # Errors  Last Runtime    Last Run
----------------------------  -----  ---------  --------  ----------  --------------  -------------------
/opt/airflow/dags/script2.py                           1           0  0.40s           2023-11-04T15:59:10
/opt/airflow/dags/script.py                            1           0  0.41s           2023-11-04T15:59:09
================================================================================
[2023-11-04T15:59:52.369+0000] {manager.py:887} INFO - 
================================================================================
DAG File Processing Stats

File Path                     PID    Runtime      # DAGs    # Errors  Last Runtime    Last Run
----------------------------  -----  ---------  --------  ----------  --------------  -------------------
/opt/airflow/dags/script2.py                           1           0  0.41s           2023-11-04T15:59:40
/opt/airflow/dags/script.py                            1           0  0.53s           2023-11-04T15:59:39
================================================================================
[2023-11-04T16:00:22.411+0000] {manager.py:887} INFO - 
================================================================================
DAG File Processing Stats

File Path                     PID    Runtime      # DAGs    # Errors  Last Runtime    Last Run
----------------------------  -----  ---------  --------  ----------  --------------  -------------------
/opt/airflow/dags/script2.py                           1           0  0.50s           2023-11-04T16:00:11
/opt/airflow/dags/script.py                            1           0  0.48s           2023-11-04T16:00:10
================================================================================
[2023-11-04T16:00:53.153+0000] {manager.py:887} INFO - 
================================================================================
DAG File Processing Stats

File Path                     PID    Runtime      # DAGs    # Errors  Last Runtime    Last Run
----------------------------  -----  ---------  --------  ----------  --------------  -------------------
/opt/airflow/dags/script2.py                           1           0  0.68s           2023-11-04T16:00:42
/opt/airflow/dags/script.py                            1           0  0.55s           2023-11-04T16:00:41
================================================================================
[2023-11-04T16:01:23.841+0000] {manager.py:887} INFO - 
================================================================================
DAG File Processing Stats

File Path                     PID    Runtime      # DAGs    # Errors  Last Runtime    Last Run
----------------------------  -----  ---------  --------  ----------  --------------  -------------------
/opt/airflow/dags/script2.py                           1           0  0.47s           2023-11-04T16:01:12
/opt/airflow/dags/script.py                            1           0  0.52s           2023-11-04T16:01:11
================================================================================
[2023-11-04T16:01:54.432+0000] {manager.py:887} INFO - 
================================================================================
DAG File Processing Stats

File Path                     PID    Runtime      # DAGs    # Errors  Last Runtime    Last Run
----------------------------  -----  ---------  --------  ----------  --------------  -------------------
/opt/airflow/dags/script2.py                           1           0  0.53s           2023-11-04T16:01:43
/opt/airflow/dags/script.py                            1           0  0.42s           2023-11-04T16:01:42
================================================================================
[2023-11-04T16:02:24.582+0000] {manager.py:887} INFO - 
================================================================================
DAG File Processing Stats

File Path                     PID    Runtime      # DAGs    # Errors  Last Runtime    Last Run
----------------------------  -----  ---------  --------  ----------  --------------  -------------------
/opt/airflow/dags/script2.py                           1           0  0.86s           2023-11-04T16:02:14
/opt/airflow/dags/script.py                            1           0  0.62s           2023-11-04T16:02:13
================================================================================
[2023-11-04T16:02:54.939+0000] {manager.py:887} INFO - 
================================================================================
DAG File Processing Stats

File Path                     PID    Runtime      # DAGs    # Errors  Last Runtime    Last Run
----------------------------  -----  ---------  --------  ----------  --------------  -------------------
/opt/airflow/dags/script2.py                           1           0  0.43s           2023-11-04T16:02:45
/opt/airflow/dags/script.py                            1           0  0.54s           2023-11-04T16:02:43
================================================================================
[2023-11-04T16:03:25.511+0000] {manager.py:887} INFO - 
================================================================================
DAG File Processing Stats

File Path                     PID    Runtime      # DAGs    # Errors  Last Runtime    Last Run
----------------------------  -----  ---------  --------  ----------  --------------  -------------------
/opt/airflow/dags/script2.py                           1           0  0.50s           2023-11-04T16:03:15
/opt/airflow/dags/script.py                            1           0  0.39s           2023-11-04T16:03:14
================================================================================
[2023-11-04T16:03:45.920+0000] {manager.py:755} INFO - Searching for files in /opt/airflow/dags
[2023-11-04T16:03:45.923+0000] {manager.py:758} INFO - There are 2 files in /opt/airflow/dags
[2023-11-04T16:03:56.121+0000] {manager.py:887} INFO - 
================================================================================
DAG File Processing Stats

File Path                     PID    Runtime      # DAGs    # Errors  Last Runtime    Last Run
----------------------------  -----  ---------  --------  ----------  --------------  -------------------
/opt/airflow/dags/script2.py                           1           0  0.46s           2023-11-04T16:03:46
/opt/airflow/dags/script.py                            1           0  0.44s           2023-11-04T16:03:45
================================================================================
[2023-11-04T16:04:26.812+0000] {manager.py:887} INFO - 
================================================================================
DAG File Processing Stats

File Path                     PID    Runtime      # DAGs    # Errors  Last Runtime    Last Run
----------------------------  -----  ---------  --------  ----------  --------------  -------------------
/opt/airflow/dags/script2.py                           1           0  0.38s           2023-11-04T16:04:16
/opt/airflow/dags/script.py                            1           0  0.50s           2023-11-04T16:04:15
================================================================================
[2023-11-04T16:04:57.402+0000] {manager.py:887} INFO - 
================================================================================
DAG File Processing Stats

File Path                     PID    Runtime      # DAGs    # Errors  Last Runtime    Last Run
----------------------------  -----  ---------  --------  ----------  --------------  -------------------
/opt/airflow/dags/script2.py                           1           0  0.51s           2023-11-04T16:04:47
/opt/airflow/dags/script.py                            1           0  0.41s           2023-11-04T16:04:46
================================================================================
[2023-11-04T16:05:27.974+0000] {manager.py:887} INFO - 
================================================================================
DAG File Processing Stats

File Path                     PID    Runtime      # DAGs    # Errors  Last Runtime    Last Run
----------------------------  -----  ---------  --------  ----------  --------------  -------------------
/opt/airflow/dags/script2.py                           1           0  0.41s           2023-11-04T16:05:18
/opt/airflow/dags/script.py                            1           0  0.39s           2023-11-04T16:05:16
================================================================================
[2023-11-04T16:05:58.692+0000] {manager.py:887} INFO - 
================================================================================
DAG File Processing Stats

File Path                     PID    Runtime      # DAGs    # Errors  Last Runtime    Last Run
----------------------------  -----  ---------  --------  ----------  --------------  -------------------
/opt/airflow/dags/script2.py                           1           0  0.39s           2023-11-04T16:05:48
/opt/airflow/dags/script.py                            1           0  0.54s           2023-11-04T16:05:47
================================================================================
[2023-11-04T16:06:29.318+0000] {manager.py:887} INFO - 
================================================================================
DAG File Processing Stats

File Path                     PID    Runtime      # DAGs    # Errors  Last Runtime    Last Run
----------------------------  -----  ---------  --------  ----------  --------------  -------------------
/opt/airflow/dags/script2.py                           1           0  0.73s           2023-11-04T16:06:19
/opt/airflow/dags/script.py                            1           0  0.44s           2023-11-04T16:06:18
================================================================================
[2023-11-04T16:06:59.904+0000] {manager.py:887} INFO - 
================================================================================
DAG File Processing Stats

File Path                     PID    Runtime      # DAGs    # Errors  Last Runtime    Last Run
----------------------------  -----  ---------  --------  ----------  --------------  -------------------
/opt/airflow/dags/script2.py                           1           0  0.47s           2023-11-04T16:06:50
/opt/airflow/dags/script.py                            1           0  0.41s           2023-11-04T16:06:48
================================================================================
[2023-11-04T16:07:30.430+0000] {manager.py:887} INFO - 
================================================================================
DAG File Processing Stats

File Path                     PID    Runtime      # DAGs    # Errors  Last Runtime    Last Run
----------------------------  -----  ---------  --------  ----------  --------------  -------------------
/opt/airflow/dags/script2.py                           1           0  1.07s           2023-11-04T16:07:21
/opt/airflow/dags/script.py                            1           0  0.77s           2023-11-04T16:07:19
================================================================================
[2023-11-04T16:08:00.633+0000] {manager.py:887} INFO - 
================================================================================
DAG File Processing Stats

File Path                     PID    Runtime      # DAGs    # Errors  Last Runtime    Last Run
----------------------------  -----  ---------  --------  ----------  --------------  -------------------
/opt/airflow/dags/script2.py                           1           0  1.17s           2023-11-04T16:07:52
/opt/airflow/dags/script.py                            1           0  0.52s           2023-11-04T16:07:51
================================================================================
[2023-11-04T16:08:31.392+0000] {manager.py:887} INFO - 
================================================================================
DAG File Processing Stats

File Path                     PID    Runtime      # DAGs    # Errors  Last Runtime    Last Run
----------------------------  -----  ---------  --------  ----------  --------------  -------------------
/opt/airflow/dags/script2.py                           1           0  0.49s           2023-11-04T16:08:23
/opt/airflow/dags/script.py                            1           0  0.58s           2023-11-04T16:08:22
================================================================================
[2023-11-04T16:08:46.478+0000] {manager.py:755} INFO - Searching for files in /opt/airflow/dags
[2023-11-04T16:08:46.480+0000] {manager.py:758} INFO - There are 2 files in /opt/airflow/dags
[2023-11-04T16:09:02.040+0000] {manager.py:887} INFO - 
================================================================================
DAG File Processing Stats

File Path                     PID    Runtime      # DAGs    # Errors  Last Runtime    Last Run
----------------------------  -----  ---------  --------  ----------  --------------  -------------------
/opt/airflow/dags/script2.py                           1           0  0.52s           2023-11-04T16:08:54
/opt/airflow/dags/script.py                            1           0  0.44s           2023-11-04T16:08:52
================================================================================
[2023-11-04T16:09:32.642+0000] {manager.py:887} INFO - 
================================================================================
DAG File Processing Stats

File Path                     PID    Runtime      # DAGs    # Errors  Last Runtime    Last Run
----------------------------  -----  ---------  --------  ----------  --------------  -------------------
/opt/airflow/dags/script2.py                           1           0  0.43s           2023-11-04T16:09:24
/opt/airflow/dags/script.py                            1           0  0.42s           2023-11-04T16:09:23
================================================================================
[2023-11-04T16:10:02.860+0000] {manager.py:887} INFO - 
================================================================================
DAG File Processing Stats

File Path                     PID    Runtime      # DAGs    # Errors  Last Runtime    Last Run
----------------------------  -----  ---------  --------  ----------  --------------  -------------------
/opt/airflow/dags/script2.py                           1           0  0.43s           2023-11-04T16:09:55
/opt/airflow/dags/script.py                            1           0  0.64s           2023-11-04T16:09:54
================================================================================
[2023-11-04T16:10:33.146+0000] {manager.py:887} INFO - 
================================================================================
DAG File Processing Stats

File Path                     PID    Runtime      # DAGs    # Errors  Last Runtime    Last Run
----------------------------  -----  ---------  --------  ----------  --------------  -------------------
/opt/airflow/dags/script2.py                           1           0  0.71s           2023-11-04T16:10:26
/opt/airflow/dags/script.py                            1           0  0.51s           2023-11-04T16:10:25
================================================================================
[2023-11-04T16:11:03.397+0000] {manager.py:887} INFO - 
================================================================================
DAG File Processing Stats

File Path                     PID    Runtime      # DAGs    # Errors  Last Runtime    Last Run
----------------------------  -----  ---------  --------  ----------  --------------  -------------------
/opt/airflow/dags/script2.py                           1           0  0.44s           2023-11-04T16:10:56
/opt/airflow/dags/script.py                            1           0  0.70s           2023-11-04T16:10:56
================================================================================
[2023-11-04T16:11:33.469+0000] {manager.py:887} INFO - 
================================================================================
DAG File Processing Stats

File Path                     PID    Runtime      # DAGs    # Errors  Last Runtime    Last Run
----------------------------  -----  ---------  --------  ----------  --------------  -------------------
/opt/airflow/dags/script2.py                           1           0  0.86s           2023-11-04T16:11:27
/opt/airflow/dags/script.py                            1           0  0.88s           2023-11-04T16:11:27
================================================================================
[2023-11-04T16:12:04.391+0000] {manager.py:887} INFO - 
================================================================================
DAG File Processing Stats

File Path                     PID    Runtime      # DAGs    # Errors  Last Runtime    Last Run
----------------------------  -----  ---------  --------  ----------  --------------  -------------------
/opt/airflow/dags/script2.py                           1           0  0.54s           2023-11-04T16:11:58
/opt/airflow/dags/script.py                            1           0  0.73s           2023-11-04T16:11:58
================================================================================
[2023-11-04T16:12:34.597+0000] {manager.py:887} INFO - 
================================================================================
DAG File Processing Stats

File Path                     PID    Runtime      # DAGs    # Errors  Last Runtime    Last Run
----------------------------  -----  ---------  --------  ----------  --------------  -------------------
/opt/airflow/dags/script2.py                           1           0  1.03s           2023-11-04T16:12:29
/opt/airflow/dags/script.py                            1           0  0.81s           2023-11-04T16:12:29
================================================================================
[2023-11-04T16:13:05.505+0000] {manager.py:887} INFO - 
================================================================================
DAG File Processing Stats

File Path                     PID    Runtime      # DAGs    # Errors  Last Runtime    Last Run
----------------------------  -----  ---------  --------  ----------  --------------  -------------------
/opt/airflow/dags/script2.py                           1           0  0.81s           2023-11-04T16:13:00
/opt/airflow/dags/script.py                            1           0  0.95s           2023-11-04T16:13:00
================================================================================
[2023-11-04T16:13:35.560+0000] {manager.py:887} INFO - 
================================================================================
DAG File Processing Stats

File Path                     PID    Runtime      # DAGs    # Errors  Last Runtime    Last Run
----------------------------  -----  ---------  --------  ----------  --------------  -------------------
/opt/airflow/dags/script2.py                           1           0  0.87s           2023-11-04T16:13:31
/opt/airflow/dags/script.py                            1           0  0.63s           2023-11-04T16:13:31
================================================================================
[2023-11-04T16:13:46.627+0000] {manager.py:755} INFO - Searching for files in /opt/airflow/dags
[2023-11-04T16:13:46.632+0000] {manager.py:758} INFO - There are 2 files in /opt/airflow/dags
[2023-11-04T16:14:06.288+0000] {manager.py:887} INFO - 
================================================================================
DAG File Processing Stats

File Path                     PID    Runtime      # DAGs    # Errors  Last Runtime    Last Run
----------------------------  -----  ---------  --------  ----------  --------------  -------------------
/opt/airflow/dags/script2.py                           1           0  0.52s           2023-11-04T16:14:02
/opt/airflow/dags/script.py                            1           0  0.85s           2023-11-04T16:14:02
================================================================================
[2023-11-04T16:14:37.091+0000] {manager.py:887} INFO - 
================================================================================
DAG File Processing Stats

File Path                     PID    Runtime      # DAGs    # Errors  Last Runtime    Last Run
----------------------------  -----  ---------  --------  ----------  --------------  -------------------
/opt/airflow/dags/script2.py                           1           0  0.81s           2023-11-04T16:14:33
/opt/airflow/dags/script.py                            1           0  0.63s           2023-11-04T16:14:33
================================================================================
[2023-11-04T16:15:07.913+0000] {manager.py:887} INFO - 
================================================================================
DAG File Processing Stats

File Path                     PID    Runtime      # DAGs    # Errors  Last Runtime    Last Run
----------------------------  -----  ---------  --------  ----------  --------------  -------------------
/opt/airflow/dags/script2.py                           1           0  0.49s           2023-11-04T16:15:03
/opt/airflow/dags/script.py                            1           0  0.83s           2023-11-04T16:15:04
================================================================================
[2023-11-04T16:15:38.704+0000] {manager.py:887} INFO - 
================================================================================
DAG File Processing Stats

File Path                     PID    Runtime      # DAGs    # Errors  Last Runtime    Last Run
----------------------------  -----  ---------  --------  ----------  --------------  -------------------
/opt/airflow/dags/script2.py                           1           0  0.77s           2023-11-04T16:15:34
/opt/airflow/dags/script.py                            1           0  0.60s           2023-11-04T16:15:34
================================================================================
[2023-11-04T16:16:09.446+0000] {manager.py:887} INFO - 
================================================================================
DAG File Processing Stats

File Path                     PID    Runtime      # DAGs    # Errors  Last Runtime    Last Run
----------------------------  -----  ---------  --------  ----------  --------------  -------------------
/opt/airflow/dags/script2.py                           1           0  0.55s           2023-11-04T16:16:05
/opt/airflow/dags/script.py                            1           0  0.76s           2023-11-04T16:16:05
================================================================================
[2023-11-04T16:16:39.647+0000] {manager.py:887} INFO - 
================================================================================
DAG File Processing Stats

File Path                     PID    Runtime      # DAGs    # Errors  Last Runtime    Last Run
----------------------------  -----  ---------  --------  ----------  --------------  -------------------
/opt/airflow/dags/script2.py                           1           0  1.03s           2023-11-04T16:16:36
/opt/airflow/dags/script.py                            1           0  0.61s           2023-11-04T16:16:36
================================================================================
[2023-11-04T16:17:09.675+0000] {manager.py:887} INFO - 
================================================================================
DAG File Processing Stats

File Path                     PID    Runtime      # DAGs    # Errors  Last Runtime    Last Run
----------------------------  -----  ---------  --------  ----------  --------------  -------------------
/opt/airflow/dags/script2.py                           1           0  0.68s           2023-11-04T16:17:07
/opt/airflow/dags/script.py                            1           0  1.08s           2023-11-04T16:17:07
================================================================================
[2023-11-04T16:17:39.842+0000] {manager.py:887} INFO - 
================================================================================
DAG File Processing Stats

File Path                     PID    Runtime      # DAGs    # Errors  Last Runtime    Last Run
----------------------------  -----  ---------  --------  ----------  --------------  -------------------
/opt/airflow/dags/script2.py                           1           0  1.17s           2023-11-04T16:17:38
/opt/airflow/dags/script.py                            1           0  0.93s           2023-11-04T16:17:38
================================================================================
[2023-11-04T16:18:09.934+0000] {manager.py:887} INFO - 
================================================================================
DAG File Processing Stats

File Path                     PID    Runtime      # DAGs    # Errors  Last Runtime    Last Run
----------------------------  -----  ---------  --------  ----------  --------------  -------------------
/opt/airflow/dags/script2.py                           1           0  0.68s           2023-11-04T16:18:09
/opt/airflow/dags/script.py                            1           0  0.91s           2023-11-04T16:18:09
================================================================================
[2023-11-04T16:18:40.105+0000] {manager.py:887} INFO - 
================================================================================
DAG File Processing Stats

File Path                       PID  Runtime      # DAGs    # Errors  Last Runtime    Last Run
----------------------------  -----  ---------  --------  ----------  --------------  -------------------
/opt/airflow/dags/script2.py   1629  0.22s             1           0  0.68s           2023-11-04T16:18:09
/opt/airflow/dags/script.py    1630  0.01s             1           0  0.91s           2023-11-04T16:18:09
================================================================================
[2023-11-04T16:18:46.759+0000] {manager.py:755} INFO - Searching for files in /opt/airflow/dags
[2023-11-04T16:18:46.763+0000] {manager.py:758} INFO - There are 2 files in /opt/airflow/dags
[2023-11-04T16:19:10.953+0000] {manager.py:887} INFO - 
================================================================================
DAG File Processing Stats

File Path                       PID  Runtime      # DAGs    # Errors  Last Runtime    Last Run
----------------------------  -----  ---------  --------  ----------  --------------  -------------------
/opt/airflow/dags/script2.py   1639  0.00s             1           0  0.95s           2023-11-04T16:18:40
/opt/airflow/dags/script.py    1638  0.02s             1           0  0.61s           2023-11-04T16:18:40
================================================================================
[2023-11-04T16:19:41.018+0000] {manager.py:887} INFO - 
================================================================================
DAG File Processing Stats

File Path                     PID    Runtime      # DAGs    # Errors  Last Runtime    Last Run
----------------------------  -----  ---------  --------  ----------  --------------  -------------------
/opt/airflow/dags/script2.py                           1           0  0.65s           2023-11-04T16:19:11
/opt/airflow/dags/script.py                            1           0  0.93s           2023-11-04T16:19:11
================================================================================
[2023-11-04T16:20:11.787+0000] {manager.py:887} INFO - 
================================================================================
DAG File Processing Stats

File Path                     PID    Runtime      # DAGs    # Errors  Last Runtime    Last Run
----------------------------  -----  ---------  --------  ----------  --------------  -------------------
/opt/airflow/dags/script2.py                           1           0  0.96s           2023-11-04T16:19:42
/opt/airflow/dags/script.py                            1           0  0.59s           2023-11-04T16:19:42
================================================================================
[2023-11-04T16:20:41.874+0000] {manager.py:887} INFO - 
================================================================================
DAG File Processing Stats

File Path                     PID    Runtime      # DAGs    # Errors  Last Runtime    Last Run
----------------------------  -----  ---------  --------  ----------  --------------  -------------------
/opt/airflow/dags/script2.py                           1           0  0.67s           2023-11-04T16:20:13
/opt/airflow/dags/script.py                            1           0  0.94s           2023-11-04T16:20:13
================================================================================
[2023-11-04T16:21:12.165+0000] {manager.py:887} INFO - 
================================================================================
DAG File Processing Stats

File Path                     PID    Runtime      # DAGs    # Errors  Last Runtime    Last Run
----------------------------  -----  ---------  --------  ----------  --------------  -------------------
/opt/airflow/dags/script2.py                           1           0  2.32s           2023-11-04T16:20:45
/opt/airflow/dags/script.py                            1           0  2.47s           2023-11-04T16:20:46
================================================================================
[2023-11-04T16:21:42.503+0000] {manager.py:887} INFO - 
================================================================================
DAG File Processing Stats

File Path                     PID    Runtime      # DAGs    # Errors  Last Runtime    Last Run
----------------------------  -----  ---------  --------  ----------  --------------  -------------------
/opt/airflow/dags/script2.py                           1           0  1.58s           2023-11-04T16:21:17
/opt/airflow/dags/script.py                            1           0  1.84s           2023-11-04T16:21:18
================================================================================
[2023-11-04T16:22:12.583+0000] {manager.py:887} INFO - 
================================================================================
DAG File Processing Stats

File Path                     PID    Runtime      # DAGs    # Errors  Last Runtime    Last Run
----------------------------  -----  ---------  --------  ----------  --------------  -------------------
/opt/airflow/dags/script2.py                           1           0  1.15s           2023-11-04T16:21:49
/opt/airflow/dags/script.py                            1           0  0.93s           2023-11-04T16:21:49
================================================================================
[2023-11-04T16:22:42.787+0000] {manager.py:887} INFO - 
================================================================================
DAG File Processing Stats

File Path                     PID    Runtime      # DAGs    # Errors  Last Runtime    Last Run
----------------------------  -----  ---------  --------  ----------  --------------  -------------------
/opt/airflow/dags/script2.py                           1           0  0.81s           2023-11-04T16:22:20
/opt/airflow/dags/script.py                            1           0  1.09s           2023-11-04T16:22:20
================================================================================
[2023-11-04T16:23:13.030+0000] {manager.py:887} INFO - 
================================================================================
DAG File Processing Stats

File Path                     PID    Runtime      # DAGs    # Errors  Last Runtime    Last Run
----------------------------  -----  ---------  --------  ----------  --------------  -------------------
/opt/airflow/dags/script2.py                           1           0  1.06s           2023-11-04T16:22:51
/opt/airflow/dags/script.py                            1           0  0.87s           2023-11-04T16:22:51
================================================================================
[2023-11-04T16:23:43.052+0000] {manager.py:887} INFO - 
================================================================================
DAG File Processing Stats

File Path                     PID    Runtime      # DAGs    # Errors  Last Runtime    Last Run
----------------------------  -----  ---------  --------  ----------  --------------  -------------------
/opt/airflow/dags/script2.py                           1           0  0.66s           2023-11-04T16:23:22
/opt/airflow/dags/script.py                            1           0  0.87s           2023-11-04T16:23:22
================================================================================
[2023-11-04T16:23:47.086+0000] {manager.py:755} INFO - Searching for files in /opt/airflow/dags
[2023-11-04T16:23:47.095+0000] {manager.py:758} INFO - There are 2 files in /opt/airflow/dags
[2023-11-04T16:24:13.578+0000] {manager.py:887} INFO - 
================================================================================
DAG File Processing Stats

File Path                     PID    Runtime      # DAGs    # Errors  Last Runtime    Last Run
----------------------------  -----  ---------  --------  ----------  --------------  -------------------
/opt/airflow/dags/script2.py                           1           0  16.67s          2023-11-04T16:24:09
/opt/airflow/dags/script.py                            1           0  16.38s          2023-11-04T16:24:09
================================================================================
[2023-11-04T16:24:43.721+0000] {manager.py:887} INFO - 
================================================================================
DAG File Processing Stats

File Path                     PID    Runtime      # DAGs    # Errors  Last Runtime    Last Run
----------------------------  -----  ---------  --------  ----------  --------------  -------------------
/opt/airflow/dags/script2.py                           1           0  1.11s           2023-11-04T16:24:20
/opt/airflow/dags/script.py                            1           0  0.83s           2023-11-04T16:24:40
================================================================================
[2023-11-04T16:25:14.444+0000] {manager.py:887} INFO - 
================================================================================
DAG File Processing Stats

File Path                     PID    Runtime      # DAGs    # Errors  Last Runtime    Last Run
----------------------------  -----  ---------  --------  ----------  --------------  -------------------
/opt/airflow/dags/script2.py                           1           0  0.55s           2023-11-04T16:24:51
/opt/airflow/dags/script.py                            1           0  0.61s           2023-11-04T16:25:11
================================================================================
[2023-11-04T16:25:44.744+0000] {manager.py:887} INFO - 
================================================================================
DAG File Processing Stats

File Path                     PID    Runtime      # DAGs    # Errors  Last Runtime    Last Run
----------------------------  -----  ---------  --------  ----------  --------------  -------------------
/opt/airflow/dags/script2.py                           1           0  1.15s           2023-11-04T16:25:22
/opt/airflow/dags/script.py                            1           0  0.57s           2023-11-04T16:25:42
================================================================================
[2023-11-04T16:26:15.224+0000] {manager.py:887} INFO - 
================================================================================
DAG File Processing Stats

File Path                     PID    Runtime      # DAGs    # Errors  Last Runtime    Last Run
----------------------------  -----  ---------  --------  ----------  --------------  -------------------
/opt/airflow/dags/script2.py                           1           0  0.65s           2023-11-04T16:25:53
/opt/airflow/dags/script.py                            1           0  0.77s           2023-11-04T16:26:13
================================================================================
[2023-11-04T16:26:45.262+0000] {manager.py:887} INFO - 
================================================================================
DAG File Processing Stats

File Path                     PID    Runtime      # DAGs    # Errors  Last Runtime    Last Run
----------------------------  -----  ---------  --------  ----------  --------------  -------------------
/opt/airflow/dags/script2.py                           1           0  0.48s           2023-11-04T16:26:24
/opt/airflow/dags/script.py                            1           0  0.53s           2023-11-04T16:26:44
================================================================================
[2023-11-04T16:27:15.543+0000] {manager.py:887} INFO - 
================================================================================
DAG File Processing Stats

File Path                     PID    Runtime      # DAGs    # Errors  Last Runtime    Last Run
----------------------------  -----  ---------  --------  ----------  --------------  -------------------
/opt/airflow/dags/script2.py                           1           0  1.19s           2023-11-04T16:26:55
/opt/airflow/dags/script.py                            1           0  0.64s           2023-11-04T16:27:15
================================================================================
[2023-11-04T16:27:46.082+0000] {manager.py:887} INFO - 
================================================================================
DAG File Processing Stats

File Path                     PID    Runtime      # DAGs    # Errors  Last Runtime    Last Run
----------------------------  -----  ---------  --------  ----------  --------------  -------------------
/opt/airflow/dags/script2.py                           1           0  0.60s           2023-11-04T16:27:26
/opt/airflow/dags/script.py                            1           0  0.83s           2023-11-04T16:27:46
================================================================================
[2023-11-04T16:28:16.490+0000] {manager.py:887} INFO - 
================================================================================
DAG File Processing Stats

File Path                       PID  Runtime      # DAGs    # Errors  Last Runtime    Last Run
----------------------------  -----  ---------  --------  ----------  --------------  -------------------
/opt/airflow/dags/script2.py                           1           0  0.51s           2023-11-04T16:27:56
/opt/airflow/dags/script.py    1813  0.02s             1           0  0.83s           2023-11-04T16:27:46
================================================================================
[2023-11-04T16:28:46.993+0000] {manager.py:887} INFO - 
================================================================================
DAG File Processing Stats

File Path                     PID    Runtime      # DAGs    # Errors  Last Runtime    Last Run
----------------------------  -----  ---------  --------  ----------  --------------  -------------------
/opt/airflow/dags/script2.py                           1           0  0.86s           2023-11-04T16:28:27
/opt/airflow/dags/script.py                            1           0  0.71s           2023-11-04T16:28:17
================================================================================
[2023-11-04T16:28:47.351+0000] {manager.py:755} INFO - Searching for files in /opt/airflow/dags
[2023-11-04T16:28:47.357+0000] {manager.py:758} INFO - There are 2 files in /opt/airflow/dags
[2023-11-04T16:29:17.568+0000] {manager.py:887} INFO - 
================================================================================
DAG File Processing Stats

File Path                     PID    Runtime      # DAGs    # Errors  Last Runtime    Last Run
----------------------------  -----  ---------  --------  ----------  --------------  -------------------
/opt/airflow/dags/script2.py                           1           0  0.79s           2023-11-04T16:28:58
/opt/airflow/dags/script.py                            1           0  0.60s           2023-11-04T16:28:47
================================================================================
[2023-11-04T16:29:47.595+0000] {manager.py:887} INFO - 
================================================================================
DAG File Processing Stats

File Path                     PID    Runtime      # DAGs    # Errors  Last Runtime    Last Run
----------------------------  -----  ---------  --------  ----------  --------------  -------------------
/opt/airflow/dags/script2.py                           1           0  0.50s           2023-11-04T16:29:29
/opt/airflow/dags/script.py                            1           0  0.73s           2023-11-04T16:29:19
================================================================================
[2023-11-04T16:30:17.640+0000] {manager.py:887} INFO - 
================================================================================
DAG File Processing Stats

File Path                     PID    Runtime      # DAGs    # Errors  Last Runtime    Last Run
----------------------------  -----  ---------  --------  ----------  --------------  -------------------
/opt/airflow/dags/script2.py                           1           0  0.88s           2023-11-04T16:30:00
/opt/airflow/dags/script.py                            1           0  0.51s           2023-11-04T16:29:49
================================================================================
[2023-11-04T16:30:47.941+0000] {manager.py:887} INFO - 
================================================================================
DAG File Processing Stats

File Path                     PID    Runtime      # DAGs    # Errors  Last Runtime    Last Run
----------------------------  -----  ---------  --------  ----------  --------------  -------------------
/opt/airflow/dags/script2.py                           1           0  0.57s           2023-11-04T16:30:31
/opt/airflow/dags/script.py                            1           0  0.64s           2023-11-04T16:30:20
================================================================================
[2023-11-04T16:31:18.004+0000] {manager.py:887} INFO - 
================================================================================
DAG File Processing Stats

File Path                     PID    Runtime      # DAGs    # Errors  Last Runtime    Last Run
----------------------------  -----  ---------  --------  ----------  --------------  -------------------
/opt/airflow/dags/script2.py                           1           0  0.47s           2023-11-04T16:31:01
/opt/airflow/dags/script.py                            1           0  0.81s           2023-11-04T16:30:51
================================================================================
[2023-11-04T16:31:48.781+0000] {manager.py:887} INFO - 
================================================================================
DAG File Processing Stats

File Path                     PID    Runtime      # DAGs    # Errors  Last Runtime    Last Run
----------------------------  -----  ---------  --------  ----------  --------------  -------------------
/opt/airflow/dags/script2.py                           1           0  0.77s           2023-11-04T16:31:32
/opt/airflow/dags/script.py                            1           0  0.67s           2023-11-04T16:31:22
================================================================================
[2023-11-04T16:32:19.078+0000] {manager.py:887} INFO - 
================================================================================
DAG File Processing Stats

File Path                     PID    Runtime      # DAGs    # Errors  Last Runtime    Last Run
----------------------------  -----  ---------  --------  ----------  --------------  -------------------
/opt/airflow/dags/script2.py                           1           0  0.50s           2023-11-04T16:32:03
/opt/airflow/dags/script.py                            1           0  0.79s           2023-11-04T16:31:53
================================================================================
[2023-11-04T16:32:49.379+0000] {manager.py:887} INFO - 
================================================================================
DAG File Processing Stats

File Path                     PID    Runtime      # DAGs    # Errors  Last Runtime    Last Run
----------------------------  -----  ---------  --------  ----------  --------------  -------------------
/opt/airflow/dags/script2.py                           1           0  0.64s           2023-11-04T16:32:34
/opt/airflow/dags/script.py                            1           0  0.77s           2023-11-04T16:32:24
================================================================================
[2023-11-04T16:33:19.406+0000] {manager.py:887} INFO - 
================================================================================
DAG File Processing Stats

File Path                     PID    Runtime      # DAGs    # Errors  Last Runtime    Last Run
----------------------------  -----  ---------  --------  ----------  --------------  -------------------
/opt/airflow/dags/script2.py                           1           0  0.87s           2023-11-04T16:33:05
/opt/airflow/dags/script.py                            1           0  0.79s           2023-11-04T16:32:55
================================================================================
[2023-11-04T16:33:47.616+0000] {manager.py:755} INFO - Searching for files in /opt/airflow/dags
[2023-11-04T16:33:47.621+0000] {manager.py:758} INFO - There are 2 files in /opt/airflow/dags
[2023-11-04T16:33:49.661+0000] {manager.py:887} INFO - 
================================================================================
DAG File Processing Stats

File Path                     PID    Runtime      # DAGs    # Errors  Last Runtime    Last Run
----------------------------  -----  ---------  --------  ----------  --------------  -------------------
/opt/airflow/dags/script2.py                           1           0  0.50s           2023-11-04T16:33:36
/opt/airflow/dags/script.py                            1           0  0.49s           2023-11-04T16:33:26
================================================================================
[2023-11-04T16:34:19.749+0000] {manager.py:887} INFO - 
================================================================================
DAG File Processing Stats

File Path                     PID    Runtime      # DAGs    # Errors  Last Runtime    Last Run
----------------------------  -----  ---------  --------  ----------  --------------  -------------------
/opt/airflow/dags/script2.py                           1           0  0.51s           2023-11-04T16:34:06
/opt/airflow/dags/script.py                            1           0  0.74s           2023-11-04T16:33:57
================================================================================
[2023-11-04T16:34:50.300+0000] {manager.py:887} INFO - 
================================================================================
DAG File Processing Stats

File Path                     PID    Runtime      # DAGs    # Errors  Last Runtime    Last Run
----------------------------  -----  ---------  --------  ----------  --------------  -------------------
/opt/airflow/dags/script2.py                           1           0  0.69s           2023-11-04T16:34:37
/opt/airflow/dags/script.py                            1           0  0.55s           2023-11-04T16:34:28
================================================================================
[2023-11-04T16:35:21.074+0000] {manager.py:887} INFO - 
================================================================================
DAG File Processing Stats

File Path                     PID    Runtime      # DAGs    # Errors  Last Runtime    Last Run
----------------------------  -----  ---------  --------  ----------  --------------  -------------------
/opt/airflow/dags/script2.py                           1           0  0.44s           2023-11-04T16:35:08
/opt/airflow/dags/script.py                            1           0  0.61s           2023-11-04T16:34:58
================================================================================
[2023-11-04T16:35:51.387+0000] {manager.py:887} INFO - 
================================================================================
DAG File Processing Stats

File Path                     PID    Runtime      # DAGs    # Errors  Last Runtime    Last Run
----------------------------  -----  ---------  --------  ----------  --------------  -------------------
/opt/airflow/dags/script2.py                           1           0  0.57s           2023-11-04T16:35:38
/opt/airflow/dags/script.py                            1           0  0.76s           2023-11-04T16:35:29
================================================================================
[2023-11-04T16:36:21.820+0000] {manager.py:887} INFO - 
================================================================================
DAG File Processing Stats

File Path                     PID    Runtime      # DAGs    # Errors  Last Runtime    Last Run
----------------------------  -----  ---------  --------  ----------  --------------  -------------------
/opt/airflow/dags/script2.py                           1           0  0.67s           2023-11-04T16:36:10
/opt/airflow/dags/script.py                            1           0  0.71s           2023-11-04T16:36:00
================================================================================
[2023-11-04T16:36:51.853+0000] {manager.py:887} INFO - 
================================================================================
DAG File Processing Stats

File Path                     PID    Runtime      # DAGs    # Errors  Last Runtime    Last Run
----------------------------  -----  ---------  --------  ----------  --------------  -------------------
/opt/airflow/dags/script2.py                           1           0  0.47s           2023-11-04T16:36:40
/opt/airflow/dags/script.py                            1           0  0.48s           2023-11-04T16:36:31
================================================================================
[2023-11-04T16:37:22.403+0000] {manager.py:887} INFO - 
================================================================================
DAG File Processing Stats

File Path                     PID    Runtime      # DAGs    # Errors  Last Runtime    Last Run
----------------------------  -----  ---------  --------  ----------  --------------  -------------------
/opt/airflow/dags/script2.py                           1           0  0.81s           2023-11-04T16:37:11
/opt/airflow/dags/script.py                            1           0  0.76s           2023-11-04T16:37:02
================================================================================
[2023-11-04T16:37:52.639+0000] {manager.py:887} INFO - 
================================================================================
DAG File Processing Stats

File Path                     PID    Runtime      # DAGs    # Errors  Last Runtime    Last Run
----------------------------  -----  ---------  --------  ----------  --------------  -------------------
/opt/airflow/dags/script2.py                           1           0  0.63s           2023-11-04T16:37:42
/opt/airflow/dags/script.py                            1           0  0.56s           2023-11-04T16:37:33
================================================================================
[2023-11-04T16:38:22.881+0000] {manager.py:887} INFO - 
================================================================================
DAG File Processing Stats

File Path                     PID    Runtime      # DAGs    # Errors  Last Runtime    Last Run
----------------------------  -----  ---------  --------  ----------  --------------  -------------------
/opt/airflow/dags/script2.py                           1           0  0.53s           2023-11-04T16:38:13
/opt/airflow/dags/script.py                            1           0  0.58s           2023-11-04T16:38:03
================================================================================
[2023-11-04T16:38:47.780+0000] {manager.py:755} INFO - Searching for files in /opt/airflow/dags
[2023-11-04T16:38:47.785+0000] {manager.py:758} INFO - There are 2 files in /opt/airflow/dags
[2023-11-04T16:38:52.983+0000] {manager.py:887} INFO - 
================================================================================
DAG File Processing Stats

File Path                     PID    Runtime      # DAGs    # Errors  Last Runtime    Last Run
----------------------------  -----  ---------  --------  ----------  --------------  -------------------
/opt/airflow/dags/script2.py                           1           0  0.48s           2023-11-04T16:38:43
/opt/airflow/dags/script.py                            1           0  0.75s           2023-11-04T16:38:34
================================================================================
[2023-11-04T16:39:23.038+0000] {manager.py:887} INFO - 
================================================================================
DAG File Processing Stats

File Path                     PID    Runtime      # DAGs    # Errors  Last Runtime    Last Run
----------------------------  -----  ---------  --------  ----------  --------------  -------------------
/opt/airflow/dags/script2.py                           1           0  0.90s           2023-11-04T16:39:14
/opt/airflow/dags/script.py                            1           0  0.52s           2023-11-04T16:39:05
================================================================================
[2023-11-04T16:39:53.699+0000] {manager.py:887} INFO - 
================================================================================
DAG File Processing Stats

File Path                     PID    Runtime      # DAGs    # Errors  Last Runtime    Last Run
----------------------------  -----  ---------  --------  ----------  --------------  -------------------
/opt/airflow/dags/script2.py                           1           0  0.68s           2023-11-04T16:39:45
/opt/airflow/dags/script.py                            1           0  0.52s           2023-11-04T16:39:36
================================================================================
[2023-11-04T16:40:23.943+0000] {manager.py:887} INFO - 
================================================================================
DAG File Processing Stats

File Path                     PID    Runtime      # DAGs    # Errors  Last Runtime    Last Run
----------------------------  -----  ---------  --------  ----------  --------------  -------------------
/opt/airflow/dags/script2.py                           1           0  0.54s           2023-11-04T16:40:16
/opt/airflow/dags/script.py                            1           0  1.08s           2023-11-04T16:40:07
================================================================================
[2023-11-04T16:40:54.289+0000] {manager.py:887} INFO - 
================================================================================
DAG File Processing Stats

File Path                     PID    Runtime      # DAGs    # Errors  Last Runtime    Last Run
----------------------------  -----  ---------  --------  ----------  --------------  -------------------
/opt/airflow/dags/script2.py                           1           0  0.71s           2023-11-04T16:40:47
/opt/airflow/dags/script.py                            1           0  0.59s           2023-11-04T16:40:38
================================================================================
[2023-11-04T16:41:24.873+0000] {manager.py:887} INFO - 
================================================================================
DAG File Processing Stats

File Path                     PID    Runtime      # DAGs    # Errors  Last Runtime    Last Run
----------------------------  -----  ---------  --------  ----------  --------------  -------------------
/opt/airflow/dags/script2.py                           1           0  0.78s           2023-11-04T16:41:18
/opt/airflow/dags/script.py                            1           0  0.52s           2023-11-04T16:41:09
================================================================================
[2023-11-04T16:41:55.786+0000] {manager.py:887} INFO - 
================================================================================
DAG File Processing Stats

File Path                     PID    Runtime      # DAGs    # Errors  Last Runtime    Last Run
----------------------------  -----  ---------  --------  ----------  --------------  -------------------
/opt/airflow/dags/script2.py                           1           0  0.49s           2023-11-04T16:41:48
/opt/airflow/dags/script.py                            1           0  0.74s           2023-11-04T16:41:40
================================================================================
[2023-11-04T16:42:26.480+0000] {manager.py:887} INFO - 
================================================================================
DAG File Processing Stats

File Path                     PID    Runtime      # DAGs    # Errors  Last Runtime    Last Run
----------------------------  -----  ---------  --------  ----------  --------------  -------------------
/opt/airflow/dags/script2.py                           1           0  0.67s           2023-11-04T16:42:19
/opt/airflow/dags/script.py                            1           0  0.51s           2023-11-04T16:42:11
================================================================================
[2023-11-04T16:42:57.371+0000] {manager.py:887} INFO - 
================================================================================
DAG File Processing Stats

File Path                     PID    Runtime      # DAGs    # Errors  Last Runtime    Last Run
----------------------------  -----  ---------  --------  ----------  --------------  -------------------
/opt/airflow/dags/script2.py                           1           0  0.59s           2023-11-04T16:42:50
/opt/airflow/dags/script.py                            1           0  0.70s           2023-11-04T16:42:42
================================================================================
[2023-11-04T16:43:27.560+0000] {manager.py:887} INFO - 
================================================================================
DAG File Processing Stats

File Path                     PID    Runtime      # DAGs    # Errors  Last Runtime    Last Run
----------------------------  -----  ---------  --------  ----------  --------------  -------------------
/opt/airflow/dags/script2.py                           1           0  0.50s           2023-11-04T16:43:21
/opt/airflow/dags/script.py                            1           0  0.74s           2023-11-04T16:43:13
================================================================================
[2023-11-04T16:43:48.160+0000] {manager.py:755} INFO - Searching for files in /opt/airflow/dags
[2023-11-04T16:43:48.164+0000] {manager.py:758} INFO - There are 2 files in /opt/airflow/dags
[2023-11-04T16:43:58.273+0000] {manager.py:887} INFO - 
================================================================================
DAG File Processing Stats

File Path                     PID    Runtime      # DAGs    # Errors  Last Runtime    Last Run
----------------------------  -----  ---------  --------  ----------  --------------  -------------------
/opt/airflow/dags/script2.py                           1           0  1.05s           2023-11-04T16:43:52
/opt/airflow/dags/script.py                            1           0  0.50s           2023-11-04T16:43:44
================================================================================
[2023-11-04T16:44:28.484+0000] {manager.py:887} INFO - 
================================================================================
DAG File Processing Stats

File Path                     PID    Runtime      # DAGs    # Errors  Last Runtime    Last Run
----------------------------  -----  ---------  --------  ----------  --------------  -------------------
/opt/airflow/dags/script2.py                           1           0  0.68s           2023-11-04T16:44:23
/opt/airflow/dags/script.py                            1           0  0.74s           2023-11-04T16:44:15
================================================================================
[2023-11-04T16:44:58.642+0000] {manager.py:887} INFO - 
================================================================================
DAG File Processing Stats

File Path                     PID    Runtime      # DAGs    # Errors  Last Runtime    Last Run
----------------------------  -----  ---------  --------  ----------  --------------  -------------------
/opt/airflow/dags/script2.py                           1           0  0.52s           2023-11-04T16:44:53
/opt/airflow/dags/script.py                            1           0  0.83s           2023-11-04T16:44:46
================================================================================
[2023-11-04T16:45:28.711+0000] {manager.py:887} INFO - 
================================================================================
DAG File Processing Stats

File Path                     PID    Runtime      # DAGs    # Errors  Last Runtime    Last Run
----------------------------  -----  ---------  --------  ----------  --------------  -------------------
/opt/airflow/dags/script2.py                           1           0  0.87s           2023-11-04T16:45:24
/opt/airflow/dags/script.py                            1           0  0.60s           2023-11-04T16:45:17
================================================================================
[2023-11-04T16:45:59.153+0000] {manager.py:887} INFO - 
================================================================================
DAG File Processing Stats

File Path                     PID    Runtime      # DAGs    # Errors  Last Runtime    Last Run
----------------------------  -----  ---------  --------  ----------  --------------  -------------------
/opt/airflow/dags/script2.py                           1           0  0.55s           2023-11-04T16:45:55
/opt/airflow/dags/script.py                            1           0  0.55s           2023-11-04T16:45:48
================================================================================
[2023-11-04T16:46:29.611+0000] {manager.py:887} INFO - 
================================================================================
DAG File Processing Stats

File Path                     PID    Runtime      # DAGs    # Errors  Last Runtime    Last Run
----------------------------  -----  ---------  --------  ----------  --------------  -------------------
/opt/airflow/dags/script2.py                           1           0  0.42s           2023-11-04T16:46:26
/opt/airflow/dags/script.py                            1           0  0.71s           2023-11-04T16:46:18
================================================================================
[2023-11-04T16:46:59.693+0000] {manager.py:887} INFO - 
================================================================================
DAG File Processing Stats

File Path                     PID    Runtime      # DAGs    # Errors  Last Runtime    Last Run
----------------------------  -----  ---------  --------  ----------  --------------  -------------------
/opt/airflow/dags/script2.py                           1           0  0.82s           2023-11-04T16:46:57
/opt/airflow/dags/script.py                            1           0  0.50s           2023-11-04T16:46:49
================================================================================
[2023-11-04T16:47:30.485+0000] {manager.py:887} INFO - 
================================================================================
DAG File Processing Stats

File Path                     PID    Runtime      # DAGs    # Errors  Last Runtime    Last Run
----------------------------  -----  ---------  --------  ----------  --------------  -------------------
/opt/airflow/dags/script2.py                           1           0  0.50s           2023-11-04T16:47:27
/opt/airflow/dags/script.py                            1           0  0.60s           2023-11-04T16:47:20
================================================================================
[2023-11-04T16:48:00.857+0000] {manager.py:887} INFO - 
================================================================================
DAG File Processing Stats

File Path                     PID    Runtime      # DAGs    # Errors  Last Runtime    Last Run
----------------------------  -----  ---------  --------  ----------  --------------  -------------------
/opt/airflow/dags/script2.py                           1           0  0.50s           2023-11-04T16:47:58
/opt/airflow/dags/script.py                            1           0  0.78s           2023-11-04T16:47:51
================================================================================
[2023-11-04T16:48:31.415+0000] {manager.py:887} INFO - 
================================================================================
DAG File Processing Stats

File Path                     PID    Runtime      # DAGs    # Errors  Last Runtime    Last Run
----------------------------  -----  ---------  --------  ----------  --------------  -------------------
/opt/airflow/dags/script2.py                           1           0  1.31s           2023-11-04T16:48:29
/opt/airflow/dags/script.py                            1           0  0.86s           2023-11-04T16:48:22
================================================================================
[2023-11-04T16:48:48.500+0000] {manager.py:755} INFO - Searching for files in /opt/airflow/dags
[2023-11-04T16:48:48.507+0000] {manager.py:758} INFO - There are 2 files in /opt/airflow/dags
[2023-11-04T16:49:01.448+0000] {manager.py:887} INFO - 
================================================================================
DAG File Processing Stats

File Path                     PID    Runtime      # DAGs    # Errors  Last Runtime    Last Run
----------------------------  -----  ---------  --------  ----------  --------------  -------------------
/opt/airflow/dags/script2.py                           1           0  0.58s           2023-11-04T16:49:00
/opt/airflow/dags/script.py                            1           0  0.62s           2023-11-04T16:48:53
================================================================================
[2023-11-04T16:49:32.168+0000] {manager.py:887} INFO - 
================================================================================
DAG File Processing Stats

File Path                     PID    Runtime      # DAGs    # Errors  Last Runtime    Last Run
----------------------------  -----  ---------  --------  ----------  --------------  -------------------
/opt/airflow/dags/script2.py                           1           0  0.59s           2023-11-04T16:49:31
/opt/airflow/dags/script.py                            1           0  0.77s           2023-11-04T16:49:24
================================================================================
[2023-11-04T16:50:02.376+0000] {manager.py:887} INFO - 
================================================================================
DAG File Processing Stats

File Path                     PID    Runtime      # DAGs    # Errors  Last Runtime    Last Run
----------------------------  -----  ---------  --------  ----------  --------------  -------------------
/opt/airflow/dags/script2.py                           1           0  0.73s           2023-11-04T16:50:02
/opt/airflow/dags/script.py                            1           0  0.79s           2023-11-04T16:49:55
================================================================================
[2023-11-04T16:50:32.534+0000] {manager.py:887} INFO - 
================================================================================
DAG File Processing Stats

File Path                       PID  Runtime      # DAGs    # Errors  Last Runtime    Last Run
----------------------------  -----  ---------  --------  ----------  --------------  -------------------
/opt/airflow/dags/script2.py   2215  0.01s             1           0  0.73s           2023-11-04T16:50:02
/opt/airflow/dags/script.py                            1           0  0.61s           2023-11-04T16:50:25
================================================================================
[2023-11-04T16:51:02.818+0000] {manager.py:887} INFO - 
================================================================================
DAG File Processing Stats

File Path                     PID    Runtime      # DAGs    # Errors  Last Runtime    Last Run
----------------------------  -----  ---------  --------  ----------  --------------  -------------------
/opt/airflow/dags/script2.py                           1           0  0.45s           2023-11-04T16:50:32
/opt/airflow/dags/script.py                            1           0  0.75s           2023-11-04T16:50:56
================================================================================
[2023-11-04T16:51:33.024+0000] {manager.py:887} INFO - 
================================================================================
DAG File Processing Stats

File Path                     PID    Runtime      # DAGs    # Errors  Last Runtime    Last Run
----------------------------  -----  ---------  --------  ----------  --------------  -------------------
/opt/airflow/dags/script2.py                           1           0  0.48s           2023-11-04T16:51:03
/opt/airflow/dags/script.py                            1           0  0.71s           2023-11-04T16:51:27
================================================================================
[2023-11-04T16:52:03.719+0000] {manager.py:887} INFO - 
================================================================================
DAG File Processing Stats

File Path                     PID    Runtime      # DAGs    # Errors  Last Runtime    Last Run
----------------------------  -----  ---------  --------  ----------  --------------  -------------------
/opt/airflow/dags/script2.py                           1           0  0.78s           2023-11-04T16:51:34
/opt/airflow/dags/script.py                            1           0  0.60s           2023-11-04T16:51:58
================================================================================
[2023-11-04T16:52:33.789+0000] {manager.py:887} INFO - 
================================================================================
DAG File Processing Stats

File Path                     PID    Runtime      # DAGs    # Errors  Last Runtime    Last Run
----------------------------  -----  ---------  --------  ----------  --------------  -------------------
/opt/airflow/dags/script2.py                           1           0  0.45s           2023-11-04T16:52:05
/opt/airflow/dags/script.py                            1           0  0.83s           2023-11-04T16:52:29
================================================================================
[2023-11-04T16:53:03.987+0000] {manager.py:887} INFO - 
================================================================================
DAG File Processing Stats

File Path                     PID    Runtime      # DAGs    # Errors  Last Runtime    Last Run
----------------------------  -----  ---------  --------  ----------  --------------  -------------------
/opt/airflow/dags/script2.py                           1           0  0.49s           2023-11-04T16:52:35
/opt/airflow/dags/script.py                            1           0  0.77s           2023-11-04T16:53:00
================================================================================
[2023-11-04T16:53:34.020+0000] {manager.py:887} INFO - 
================================================================================
DAG File Processing Stats

File Path                     PID    Runtime      # DAGs    # Errors  Last Runtime    Last Run
----------------------------  -----  ---------  --------  ----------  --------------  -------------------
/opt/airflow/dags/script2.py                           1           0  0.89s           2023-11-04T16:53:06
/opt/airflow/dags/script.py                            1           0  0.52s           2023-11-04T16:53:31
================================================================================
[2023-11-04T16:53:48.504+0000] {manager.py:755} INFO - Searching for files in /opt/airflow/dags
[2023-11-04T16:53:48.511+0000] {manager.py:758} INFO - There are 2 files in /opt/airflow/dags
[2023-11-04T16:54:04.465+0000] {manager.py:887} INFO - 
================================================================================
DAG File Processing Stats

File Path                     PID    Runtime      # DAGs    # Errors  Last Runtime    Last Run
----------------------------  -----  ---------  --------  ----------  --------------  -------------------
/opt/airflow/dags/script2.py                           1           0  0.62s           2023-11-04T16:53:37
/opt/airflow/dags/script.py                            1           0  0.83s           2023-11-04T16:54:02
================================================================================
[2023-11-04T16:54:34.986+0000] {manager.py:887} INFO - 
================================================================================
DAG File Processing Stats

File Path                     PID    Runtime      # DAGs    # Errors  Last Runtime    Last Run
----------------------------  -----  ---------  --------  ----------  --------------  -------------------
/opt/airflow/dags/script2.py                           1           0  0.50s           2023-11-04T16:54:08
/opt/airflow/dags/script.py                            1           0  0.54s           2023-11-04T16:54:32
================================================================================
[2023-11-04T16:55:05.176+0000] {manager.py:887} INFO - 
================================================================================
DAG File Processing Stats

File Path                     PID    Runtime      # DAGs    # Errors  Last Runtime    Last Run
----------------------------  -----  ---------  --------  ----------  --------------  -------------------
/opt/airflow/dags/script2.py                           1           0  0.63s           2023-11-04T16:54:39
/opt/airflow/dags/script.py                            1           0  0.50s           2023-11-04T16:55:03
================================================================================
[2023-11-04T16:55:35.338+0000] {manager.py:887} INFO - 
================================================================================
DAG File Processing Stats

File Path                     PID    Runtime      # DAGs    # Errors  Last Runtime    Last Run
----------------------------  -----  ---------  --------  ----------  --------------  -------------------
/opt/airflow/dags/script2.py                           1           0  0.49s           2023-11-04T16:55:10
/opt/airflow/dags/script.py                            1           0  0.99s           2023-11-04T16:55:34
================================================================================
[2023-11-04T16:56:05.737+0000] {manager.py:887} INFO - 
================================================================================
DAG File Processing Stats

File Path                     PID    Runtime      # DAGs    # Errors  Last Runtime    Last Run
----------------------------  -----  ---------  --------  ----------  --------------  -------------------
/opt/airflow/dags/script2.py                           1           0  0.66s           2023-11-04T16:55:41
/opt/airflow/dags/script.py                            1           0  0.73s           2023-11-04T16:56:05
================================================================================
[2023-11-04T16:56:35.931+0000] {manager.py:887} INFO - 
================================================================================
DAG File Processing Stats

File Path                       PID  Runtime      # DAGs    # Errors  Last Runtime    Last Run
----------------------------  -----  ---------  --------  ----------  --------------  -------------------
/opt/airflow/dags/script2.py                           1           0  0.65s           2023-11-04T16:56:11
/opt/airflow/dags/script.py    2325  0.01s             1           0  0.73s           2023-11-04T16:56:05
================================================================================
[2023-11-04T16:57:06.100+0000] {manager.py:887} INFO - 
================================================================================
DAG File Processing Stats

File Path                     PID    Runtime      # DAGs    # Errors  Last Runtime    Last Run
----------------------------  -----  ---------  --------  ----------  --------------  -------------------
/opt/airflow/dags/script2.py                           1           0  0.56s           2023-11-04T16:56:42
/opt/airflow/dags/script.py                            1           0  0.77s           2023-11-04T16:56:36
================================================================================
[2023-11-04T16:57:36.583+0000] {manager.py:887} INFO - 
================================================================================
DAG File Processing Stats

File Path                     PID    Runtime      # DAGs    # Errors  Last Runtime    Last Run
----------------------------  -----  ---------  --------  ----------  --------------  -------------------
/opt/airflow/dags/script2.py                           1           0  8.73s           2023-11-04T16:57:21
/opt/airflow/dags/script.py                            1           0  0.82s           2023-11-04T16:57:07
================================================================================
[2023-11-04T16:58:06.264+0000] {manager.py:887} INFO - 
================================================================================
DAG File Processing Stats

File Path                     PID    Runtime      # DAGs    # Errors  Last Runtime    Last Run
----------------------------  -----  ---------  --------  ----------  --------------  -------------------
/opt/airflow/dags/script2.py                           1           0  3.43s           2023-11-04T16:57:55
/opt/airflow/dags/script.py                            1           0  4.12s           2023-11-04T16:57:42
================================================================================
[2023-11-04T16:58:36.986+0000] {manager.py:887} INFO - 
================================================================================
DAG File Processing Stats

File Path                     PID    Runtime      # DAGs    # Errors  Last Runtime    Last Run
----------------------------  -----  ---------  --------  ----------  --------------  -------------------
/opt/airflow/dags/script2.py                           1           0  0.87s           2023-11-04T16:58:26
/opt/airflow/dags/script.py                            1           0  0.68s           2023-11-04T16:58:12
================================================================================
[2023-11-04T16:58:49.066+0000] {manager.py:755} INFO - Searching for files in /opt/airflow/dags
[2023-11-04T16:58:49.069+0000] {manager.py:758} INFO - There are 2 files in /opt/airflow/dags
[2023-11-04T16:59:07.233+0000] {manager.py:887} INFO - 
================================================================================
DAG File Processing Stats

File Path                     PID    Runtime      # DAGs    # Errors  Last Runtime    Last Run
----------------------------  -----  ---------  --------  ----------  --------------  -------------------
/opt/airflow/dags/script2.py                           1           0  0.42s           2023-11-04T16:58:57
/opt/airflow/dags/script.py                            1           0  1.04s           2023-11-04T16:58:44
================================================================================
[2023-11-04T16:59:37.347+0000] {manager.py:887} INFO - 
================================================================================
DAG File Processing Stats

File Path                     PID    Runtime      # DAGs    # Errors  Last Runtime    Last Run
----------------------------  -----  ---------  --------  ----------  --------------  -------------------
/opt/airflow/dags/script2.py                           1           0  0.55s           2023-11-04T16:59:28
/opt/airflow/dags/script.py                            1           0  0.47s           2023-11-04T16:59:14
================================================================================
[2023-11-04T17:00:07.450+0000] {manager.py:887} INFO - 
================================================================================
DAG File Processing Stats

File Path                     PID    Runtime      # DAGs    # Errors  Last Runtime    Last Run
----------------------------  -----  ---------  --------  ----------  --------------  -------------------
/opt/airflow/dags/script2.py                           1           0  0.44s           2023-11-04T16:59:58
/opt/airflow/dags/script.py                            1           0  0.43s           2023-11-04T16:59:45
================================================================================
[2023-11-04T17:00:37.869+0000] {manager.py:887} INFO - 
================================================================================
DAG File Processing Stats

File Path                     PID    Runtime      # DAGs    # Errors  Last Runtime    Last Run
----------------------------  -----  ---------  --------  ----------  --------------  -------------------
/opt/airflow/dags/script2.py                           1           0  0.45s           2023-11-04T17:00:30
/opt/airflow/dags/script.py                            1           0  2.25s           2023-11-04T17:00:17
================================================================================
[2023-11-04T17:01:08.568+0000] {manager.py:887} INFO - 
================================================================================
DAG File Processing Stats

File Path                     PID    Runtime      # DAGs    # Errors  Last Runtime    Last Run
----------------------------  -----  ---------  --------  ----------  --------------  -------------------
/opt/airflow/dags/script2.py                           1           0  0.53s           2023-11-04T17:01:00
/opt/airflow/dags/script.py                            1           0  0.53s           2023-11-04T17:00:48
================================================================================
[2023-11-04T17:01:38.965+0000] {manager.py:887} INFO - 
================================================================================
DAG File Processing Stats

File Path                     PID    Runtime      # DAGs    # Errors  Last Runtime    Last Run
----------------------------  -----  ---------  --------  ----------  --------------  -------------------
/opt/airflow/dags/script2.py                           1           0  0.45s           2023-11-04T17:01:31
/opt/airflow/dags/script.py                            1           0  0.76s           2023-11-04T17:01:19
================================================================================
[2023-11-04T17:02:09.576+0000] {manager.py:887} INFO - 
================================================================================
DAG File Processing Stats

File Path                     PID    Runtime      # DAGs    # Errors  Last Runtime    Last Run
----------------------------  -----  ---------  --------  ----------  --------------  -------------------
/opt/airflow/dags/script2.py                           1           0  0.38s           2023-11-04T17:02:01
/opt/airflow/dags/script.py                            1           0  0.51s           2023-11-04T17:01:49
================================================================================
[2023-11-04T17:02:39.437+0000] {manager.py:887} INFO - 
================================================================================
DAG File Processing Stats

File Path                     PID    Runtime      # DAGs    # Errors  Last Runtime    Last Run
----------------------------  -----  ---------  --------  ----------  --------------  -------------------
/opt/airflow/dags/script2.py                           1           0  1.68s           2023-11-04T17:02:33
/opt/airflow/dags/script.py                            1           0  3.93s           2023-11-04T17:02:24
================================================================================
[2023-11-04T17:03:10.582+0000] {manager.py:887} INFO - 
================================================================================
DAG File Processing Stats

File Path                     PID    Runtime      # DAGs    # Errors  Last Runtime    Last Run
----------------------------  -----  ---------  --------  ----------  --------------  -------------------
/opt/airflow/dags/script2.py                           1           0  0.92s           2023-11-04T17:03:05
/opt/airflow/dags/script.py                            1           0  1.06s           2023-11-04T17:02:55
================================================================================
[2023-11-04T17:03:40.896+0000] {manager.py:887} INFO - 
================================================================================
DAG File Processing Stats

File Path                     PID    Runtime      # DAGs    # Errors  Last Runtime    Last Run
----------------------------  -----  ---------  --------  ----------  --------------  -------------------
/opt/airflow/dags/script2.py                           1           0  0.98s           2023-11-04T17:03:36
/opt/airflow/dags/script.py                            1           0  1.67s           2023-11-04T17:03:27
================================================================================
[2023-11-04T17:03:49.614+0000] {manager.py:755} INFO - Searching for files in /opt/airflow/dags
[2023-11-04T17:03:49.621+0000] {manager.py:758} INFO - There are 2 files in /opt/airflow/dags
[2023-11-04T17:04:11.114+0000] {manager.py:887} INFO - 
================================================================================
DAG File Processing Stats

File Path                     PID    Runtime      # DAGs    # Errors  Last Runtime    Last Run
----------------------------  -----  ---------  --------  ----------  --------------  -------------------
/opt/airflow/dags/script2.py                           1           0  0.97s           2023-11-04T17:04:08
/opt/airflow/dags/script.py                            1           0  0.80s           2023-11-04T17:03:58
================================================================================
[2023-11-04T17:04:41.255+0000] {manager.py:887} INFO - 
================================================================================
DAG File Processing Stats

File Path                     PID    Runtime      # DAGs    # Errors  Last Runtime    Last Run
----------------------------  -----  ---------  --------  ----------  --------------  -------------------
/opt/airflow/dags/script2.py                           1           0  0.89s           2023-11-04T17:04:39
/opt/airflow/dags/script.py                            1           0  0.74s           2023-11-04T17:04:29
================================================================================
[2023-11-04T17:05:11.885+0000] {manager.py:887} INFO - 
================================================================================
DAG File Processing Stats

File Path                     PID    Runtime      # DAGs    # Errors  Last Runtime    Last Run
----------------------------  -----  ---------  --------  ----------  --------------  -------------------
/opt/airflow/dags/script2.py                           1           0  0.95s           2023-11-04T17:05:10
/opt/airflow/dags/script.py                            1           0  1.15s           2023-11-04T17:05:00
================================================================================
[2023-11-04T17:05:42.112+0000] {manager.py:887} INFO - 
================================================================================
DAG File Processing Stats

File Path                       PID  Runtime      # DAGs    # Errors  Last Runtime    Last Run
----------------------------  -----  ---------  --------  ----------  --------------  -------------------
/opt/airflow/dags/script2.py   2491  1.02s             1           0  0.95s           2023-11-04T17:05:10
/opt/airflow/dags/script.py                            1           0  0.95s           2023-11-04T17:05:32
================================================================================
[2023-11-04T17:06:12.612+0000] {manager.py:887} INFO - 
================================================================================
DAG File Processing Stats

File Path                       PID  Runtime      # DAGs    # Errors  Last Runtime    Last Run
----------------------------  -----  ---------  --------  ----------  --------------  -------------------
/opt/airflow/dags/script2.py   2500  0.01s             1           0  1.39s           2023-11-04T17:05:42
/opt/airflow/dags/script.py                            1           0  2.03s           2023-11-04T17:06:04
================================================================================
[2023-11-04T17:06:42.941+0000] {manager.py:887} INFO - 
================================================================================
DAG File Processing Stats

File Path                     PID    Runtime      # DAGs    # Errors  Last Runtime    Last Run
----------------------------  -----  ---------  --------  ----------  --------------  -------------------
/opt/airflow/dags/script2.py                           1           0  0.79s           2023-11-04T17:06:13
/opt/airflow/dags/script.py                            1           0  0.95s           2023-11-04T17:06:35
================================================================================
[2023-11-04T17:07:13.157+0000] {manager.py:887} INFO - 
================================================================================
DAG File Processing Stats

File Path                     PID    Runtime      # DAGs    # Errors  Last Runtime    Last Run
----------------------------  -----  ---------  --------  ----------  --------------  -------------------
/opt/airflow/dags/script2.py                           1           0  0.74s           2023-11-04T17:06:44
/opt/airflow/dags/script.py                            1           0  0.95s           2023-11-04T17:07:07
================================================================================
[2023-11-04T17:07:43.473+0000] {manager.py:887} INFO - 
================================================================================
DAG File Processing Stats

File Path                     PID    Runtime      # DAGs    # Errors  Last Runtime    Last Run
----------------------------  -----  ---------  --------  ----------  --------------  -------------------
/opt/airflow/dags/script2.py                           1           0  1.27s           2023-11-04T17:07:15
/opt/airflow/dags/script.py                            1           0  0.60s           2023-11-04T17:07:38
================================================================================
[2023-11-04T17:08:13.537+0000] {manager.py:887} INFO - 
================================================================================
DAG File Processing Stats

File Path                     PID    Runtime      # DAGs    # Errors  Last Runtime    Last Run
----------------------------  -----  ---------  --------  ----------  --------------  -------------------
/opt/airflow/dags/script2.py                           1           0  0.79s           2023-11-04T17:07:46
/opt/airflow/dags/script.py                            1           0  0.82s           2023-11-04T17:08:09
================================================================================
[2023-11-04T17:08:44.094+0000] {manager.py:887} INFO - 
================================================================================
DAG File Processing Stats

File Path                     PID    Runtime      # DAGs    # Errors  Last Runtime    Last Run
----------------------------  -----  ---------  --------  ----------  --------------  -------------------
/opt/airflow/dags/script2.py                           1           0  0.73s           2023-11-04T17:08:17
/opt/airflow/dags/script.py                            1           0  0.67s           2023-11-04T17:08:40
================================================================================
[2023-11-04T17:08:50.158+0000] {manager.py:755} INFO - Searching for files in /opt/airflow/dags
[2023-11-04T17:08:50.161+0000] {manager.py:758} INFO - There are 2 files in /opt/airflow/dags
[2023-11-04T17:09:14.706+0000] {manager.py:887} INFO - 
================================================================================
DAG File Processing Stats

File Path                     PID    Runtime      # DAGs    # Errors  Last Runtime    Last Run
----------------------------  -----  ---------  --------  ----------  --------------  -------------------
/opt/airflow/dags/script2.py                           1           0  2.61s           2023-11-04T17:08:50
/opt/airflow/dags/script.py                            1           0  0.96s           2023-11-04T17:09:11
================================================================================
[2023-11-04T17:09:45.009+0000] {manager.py:887} INFO - 
================================================================================
DAG File Processing Stats

File Path                     PID    Runtime      # DAGs    # Errors  Last Runtime    Last Run
----------------------------  -----  ---------  --------  ----------  --------------  -------------------
/opt/airflow/dags/script2.py                           1           0  1.03s           2023-11-04T17:09:21
/opt/airflow/dags/script.py                            1           0  1.03s           2023-11-04T17:09:42
================================================================================
[2023-11-04T17:10:15.281+0000] {manager.py:887} INFO - 
================================================================================
DAG File Processing Stats

File Path                     PID    Runtime      # DAGs    # Errors  Last Runtime    Last Run
----------------------------  -----  ---------  --------  ----------  --------------  -------------------
/opt/airflow/dags/script2.py                           1           0  0.77s           2023-11-04T17:09:52
/opt/airflow/dags/script.py                            1           0  0.88s           2023-11-04T17:10:13
================================================================================
[2023-11-04T17:10:45.915+0000] {manager.py:887} INFO - 
================================================================================
DAG File Processing Stats

File Path                     PID    Runtime      # DAGs    # Errors  Last Runtime    Last Run
----------------------------  -----  ---------  --------  ----------  --------------  -------------------
/opt/airflow/dags/script2.py                           1           0  1.10s           2023-11-04T17:10:24
/opt/airflow/dags/script.py                            1           0  0.73s           2023-11-04T17:10:44
================================================================================
[2023-11-04T17:11:16.396+0000] {manager.py:887} INFO - 
================================================================================
DAG File Processing Stats

File Path                     PID    Runtime      # DAGs    # Errors  Last Runtime    Last Run
----------------------------  -----  ---------  --------  ----------  --------------  -------------------
/opt/airflow/dags/script2.py                           1           0  2.32s           2023-11-04T17:10:56
/opt/airflow/dags/script.py                            1           0  0.90s           2023-11-04T17:11:16
================================================================================
[2023-11-04T17:11:47.110+0000] {manager.py:887} INFO - 
================================================================================
DAG File Processing Stats

File Path                       PID  Runtime      # DAGs    # Errors  Last Runtime    Last Run
----------------------------  -----  ---------  --------  ----------  --------------  -------------------
/opt/airflow/dags/script2.py                           1           0  1.31s           2023-11-04T17:11:28
/opt/airflow/dags/script.py    2601  0.01s             1           0  0.90s           2023-11-04T17:11:16
================================================================================
[2023-11-04T17:12:17.316+0000] {manager.py:887} INFO - 
================================================================================
DAG File Processing Stats

File Path                     PID    Runtime      # DAGs    # Errors  Last Runtime    Last Run
----------------------------  -----  ---------  --------  ----------  --------------  -------------------
/opt/airflow/dags/script2.py                           1           0  0.90s           2023-11-04T17:11:59
/opt/airflow/dags/script.py                            1           0  2.00s           2023-11-04T17:11:49
================================================================================
[2023-11-04T17:12:47.320+0000] {manager.py:887} INFO - 
================================================================================
DAG File Processing Stats

File Path                     PID    Runtime      # DAGs    # Errors  Last Runtime    Last Run
----------------------------  -----  ---------  --------  ----------  --------------  -------------------
/opt/airflow/dags/script2.py                           1           0  0.81s           2023-11-04T17:12:30
/opt/airflow/dags/script.py                            1           0  0.76s           2023-11-04T17:12:20
================================================================================
[2023-11-04T17:13:17.563+0000] {manager.py:887} INFO - 
================================================================================
DAG File Processing Stats

File Path                     PID    Runtime      # DAGs    # Errors  Last Runtime    Last Run
----------------------------  -----  ---------  --------  ----------  --------------  -------------------
/opt/airflow/dags/script2.py                           1           0  0.98s           2023-11-04T17:13:01
/opt/airflow/dags/script.py                            1           0  0.98s           2023-11-04T17:12:51
================================================================================
[2023-11-04T17:13:48.110+0000] {manager.py:887} INFO - 
================================================================================
DAG File Processing Stats

File Path                     PID    Runtime      # DAGs    # Errors  Last Runtime    Last Run
----------------------------  -----  ---------  --------  ----------  --------------  -------------------
/opt/airflow/dags/script2.py                           1           0  2.36s           2023-11-04T17:13:34
/opt/airflow/dags/script.py                            1           0  0.66s           2023-11-04T17:13:22
================================================================================
[2023-11-04T17:13:50.450+0000] {manager.py:755} INFO - Searching for files in /opt/airflow/dags
[2023-11-04T17:13:50.455+0000] {manager.py:758} INFO - There are 2 files in /opt/airflow/dags
[2023-11-04T17:14:18.352+0000] {manager.py:887} INFO - 
================================================================================
DAG File Processing Stats

File Path                     PID    Runtime      # DAGs    # Errors  Last Runtime    Last Run
----------------------------  -----  ---------  --------  ----------  --------------  -------------------
/opt/airflow/dags/script2.py                           1           0  0.72s           2023-11-04T17:14:05
/opt/airflow/dags/script.py                            1           0  0.99s           2023-11-04T17:13:53
================================================================================
[2023-11-04T17:14:48.491+0000] {manager.py:887} INFO - 
================================================================================
DAG File Processing Stats

File Path                     PID    Runtime      # DAGs    # Errors  Last Runtime    Last Run
----------------------------  -----  ---------  --------  ----------  --------------  -------------------
/opt/airflow/dags/script2.py                           1           0  0.93s           2023-11-04T17:14:36
/opt/airflow/dags/script.py                            1           0  0.93s           2023-11-04T17:14:25
================================================================================
[2023-11-04T17:15:18.807+0000] {manager.py:887} INFO - 
================================================================================
DAG File Processing Stats

File Path                     PID    Runtime      # DAGs    # Errors  Last Runtime    Last Run
----------------------------  -----  ---------  --------  ----------  --------------  -------------------
/opt/airflow/dags/script2.py                           1           0  0.90s           2023-11-04T17:15:07
/opt/airflow/dags/script.py                            1           0  0.74s           2023-11-04T17:14:56
================================================================================
[2023-11-04T17:15:49.066+0000] {manager.py:887} INFO - 
================================================================================
DAG File Processing Stats

File Path                     PID    Runtime      # DAGs    # Errors  Last Runtime    Last Run
----------------------------  -----  ---------  --------  ----------  --------------  -------------------
/opt/airflow/dags/script2.py                           1           0  1.25s           2023-11-04T17:15:39
/opt/airflow/dags/script.py                            1           0  0.78s           2023-11-04T17:15:27
================================================================================
[2023-11-04T17:16:19.191+0000] {manager.py:887} INFO - 
================================================================================
DAG File Processing Stats

File Path                     PID    Runtime      # DAGs    # Errors  Last Runtime    Last Run
----------------------------  -----  ---------  --------  ----------  --------------  -------------------
/opt/airflow/dags/script2.py                           1           0  0.82s           2023-11-04T17:16:10
/opt/airflow/dags/script.py                            1           0  0.85s           2023-11-04T17:15:58
================================================================================
[2023-11-04T17:16:49.574+0000] {manager.py:887} INFO - 
================================================================================
DAG File Processing Stats

File Path                     PID    Runtime      # DAGs    # Errors  Last Runtime    Last Run
----------------------------  -----  ---------  --------  ----------  --------------  -------------------
/opt/airflow/dags/script2.py                           1           0  0.97s           2023-11-04T17:16:41
/opt/airflow/dags/script.py                            1           0  0.72s           2023-11-04T17:16:28
================================================================================
[2023-11-04T17:17:20.136+0000] {manager.py:887} INFO - 
================================================================================
DAG File Processing Stats

File Path                     PID    Runtime      # DAGs    # Errors  Last Runtime    Last Run
----------------------------  -----  ---------  --------  ----------  --------------  -------------------
/opt/airflow/dags/script2.py                           1           0  0.59s           2023-11-04T17:17:12
/opt/airflow/dags/script.py                            1           0  0.73s           2023-11-04T17:16:59
================================================================================
[2023-11-04T17:17:50.665+0000] {manager.py:887} INFO - 
================================================================================
DAG File Processing Stats

File Path                     PID    Runtime      # DAGs    # Errors  Last Runtime    Last Run
----------------------------  -----  ---------  --------  ----------  --------------  -------------------
/opt/airflow/dags/script2.py                           1           0  1.17s           2023-11-04T17:17:43
/opt/airflow/dags/script.py                            1           0  0.83s           2023-11-04T17:17:31
================================================================================
[2023-11-04T17:18:21.134+0000] {manager.py:887} INFO - 
================================================================================
DAG File Processing Stats

File Path                     PID    Runtime      # DAGs    # Errors  Last Runtime    Last Run
----------------------------  -----  ---------  --------  ----------  --------------  -------------------
/opt/airflow/dags/script2.py                           1           0  1.06s           2023-11-04T17:18:15
/opt/airflow/dags/script.py                            1           0  0.81s           2023-11-04T17:18:02
================================================================================
[2023-11-04T17:18:50.515+0000] {manager.py:755} INFO - Searching for files in /opt/airflow/dags
[2023-11-04T17:18:50.520+0000] {manager.py:758} INFO - There are 2 files in /opt/airflow/dags
[2023-11-04T17:18:51.453+0000] {manager.py:887} INFO - 
================================================================================
DAG File Processing Stats

File Path                     PID    Runtime      # DAGs    # Errors  Last Runtime    Last Run
----------------------------  -----  ---------  --------  ----------  --------------  -------------------
/opt/airflow/dags/script2.py                           1           0  1.12s           2023-11-04T17:18:46
/opt/airflow/dags/script.py                            1           0  1.04s           2023-11-04T17:18:34
================================================================================
[2023-11-04T17:19:21.473+0000] {manager.py:887} INFO - 
================================================================================
DAG File Processing Stats

File Path                     PID    Runtime      # DAGs    # Errors  Last Runtime    Last Run
----------------------------  -----  ---------  --------  ----------  --------------  -------------------
/opt/airflow/dags/script2.py                           1           0  0.79s           2023-11-04T17:19:17
/opt/airflow/dags/script.py                            1           0  1.00s           2023-11-04T17:19:05
================================================================================
[2023-11-04T17:19:52.074+0000] {manager.py:887} INFO - 
================================================================================
DAG File Processing Stats

File Path                     PID    Runtime      # DAGs    # Errors  Last Runtime    Last Run
----------------------------  -----  ---------  --------  ----------  --------------  -------------------
/opt/airflow/dags/script2.py                           1           0  1.02s           2023-11-04T17:19:49
/opt/airflow/dags/script.py                            1           0  0.71s           2023-11-04T17:19:36
================================================================================
[2023-11-04T17:20:22.422+0000] {manager.py:887} INFO - 
================================================================================
DAG File Processing Stats

File Path                     PID    Runtime      # DAGs    # Errors  Last Runtime    Last Run
----------------------------  -----  ---------  --------  ----------  --------------  -------------------
/opt/airflow/dags/script2.py                           1           0  1.67s           2023-11-04T17:20:20
/opt/airflow/dags/script.py                            1           0  0.74s           2023-11-04T17:20:07
================================================================================
[2023-11-04T17:20:52.431+0000] {manager.py:887} INFO - 
================================================================================
DAG File Processing Stats

File Path                     PID    Runtime      # DAGs    # Errors  Last Runtime    Last Run
----------------------------  -----  ---------  --------  ----------  --------------  -------------------
/opt/airflow/dags/script2.py                           1           0  0.76s           2023-11-04T17:20:52
/opt/airflow/dags/script.py                            1           0  1.08s           2023-11-04T17:20:38
================================================================================
[2023-11-04T17:21:22.699+0000] {manager.py:887} INFO - 
================================================================================
DAG File Processing Stats

File Path                       PID  Runtime      # DAGs    # Errors  Last Runtime    Last Run
----------------------------  -----  ---------  --------  ----------  --------------  -------------------
/opt/airflow/dags/script2.py   2775  0.01s             1           0  0.76s           2023-11-04T17:20:52
/opt/airflow/dags/script.py                            1           0  0.76s           2023-11-04T17:21:09
================================================================================
[2023-11-04T17:21:52.728+0000] {manager.py:887} INFO - 
================================================================================
DAG File Processing Stats

File Path                     PID    Runtime      # DAGs    # Errors  Last Runtime    Last Run
----------------------------  -----  ---------  --------  ----------  --------------  -------------------
/opt/airflow/dags/script2.py                           1           0  0.99s           2023-11-04T17:21:23
/opt/airflow/dags/script.py                            1           0  0.79s           2023-11-04T17:21:40
================================================================================
[2023-11-04T17:22:23.168+0000] {manager.py:887} INFO - 
================================================================================
DAG File Processing Stats

File Path                     PID    Runtime      # DAGs    # Errors  Last Runtime    Last Run
----------------------------  -----  ---------  --------  ----------  --------------  -------------------
/opt/airflow/dags/script2.py                           1           0  0.72s           2023-11-04T17:21:54
/opt/airflow/dags/script.py                            1           0  0.94s           2023-11-04T17:22:12
================================================================================
[2023-11-04T17:22:53.203+0000] {manager.py:887} INFO - 
================================================================================
DAG File Processing Stats

File Path                     PID    Runtime      # DAGs    # Errors  Last Runtime    Last Run
----------------------------  -----  ---------  --------  ----------  --------------  -------------------
/opt/airflow/dags/script2.py                           1           0  0.74s           2023-11-04T17:22:25
/opt/airflow/dags/script.py                            1           0  0.79s           2023-11-04T17:22:43
================================================================================
[2023-11-04T17:23:23.494+0000] {manager.py:887} INFO - 
================================================================================
DAG File Processing Stats

File Path                     PID    Runtime      # DAGs    # Errors  Last Runtime    Last Run
----------------------------  -----  ---------  --------  ----------  --------------  -------------------
/opt/airflow/dags/script2.py                           1           0  0.95s           2023-11-04T17:22:56
/opt/airflow/dags/script.py                            1           0  1.23s           2023-11-04T17:23:14
================================================================================
[2023-11-04T17:23:50.671+0000] {manager.py:755} INFO - Searching for files in /opt/airflow/dags
[2023-11-04T17:23:50.675+0000] {manager.py:758} INFO - There are 2 files in /opt/airflow/dags
[2023-11-04T17:23:53.743+0000] {manager.py:887} INFO - 
================================================================================
DAG File Processing Stats

File Path                     PID    Runtime      # DAGs    # Errors  Last Runtime    Last Run
----------------------------  -----  ---------  --------  ----------  --------------  -------------------
/opt/airflow/dags/script2.py                           1           0  0.77s           2023-11-04T17:23:27
/opt/airflow/dags/script.py                            1           0  0.99s           2023-11-04T17:23:45
================================================================================
[2023-11-04T17:24:24.116+0000] {manager.py:887} INFO - 
================================================================================
DAG File Processing Stats

File Path                     PID    Runtime      # DAGs    # Errors  Last Runtime    Last Run
----------------------------  -----  ---------  --------  ----------  --------------  -------------------
/opt/airflow/dags/script2.py                           1           0  0.69s           2023-11-04T17:23:58
/opt/airflow/dags/script.py                            1           0  0.91s           2023-11-04T17:24:17
================================================================================
[2023-11-04T17:24:54.840+0000] {manager.py:887} INFO - 
================================================================================
DAG File Processing Stats

File Path                     PID    Runtime      # DAGs    # Errors  Last Runtime    Last Run
----------------------------  -----  ---------  --------  ----------  --------------  -------------------
/opt/airflow/dags/script2.py                           1           0  0.88s           2023-11-04T17:24:29
/opt/airflow/dags/script.py                            1           0  0.71s           2023-11-04T17:24:48
================================================================================
[2023-11-04T17:25:25.327+0000] {manager.py:887} INFO - 
================================================================================
DAG File Processing Stats

File Path                     PID    Runtime      # DAGs    # Errors  Last Runtime    Last Run
----------------------------  -----  ---------  --------  ----------  --------------  -------------------
/opt/airflow/dags/script2.py                           1           0  1.61s           2023-11-04T17:25:01
/opt/airflow/dags/script.py                            1           0  1.12s           2023-11-04T17:25:19
================================================================================
[2023-11-04T17:25:55.680+0000] {manager.py:887} INFO - 
================================================================================
DAG File Processing Stats

File Path                     PID    Runtime      # DAGs    # Errors  Last Runtime    Last Run
----------------------------  -----  ---------  --------  ----------  --------------  -------------------
/opt/airflow/dags/script2.py                           1           0  0.78s           2023-11-04T17:25:33
/opt/airflow/dags/script.py                            1           0  1.20s           2023-11-04T17:25:50
================================================================================
[2023-11-04T17:26:26.102+0000] {manager.py:887} INFO - 
================================================================================
DAG File Processing Stats

File Path                     PID    Runtime      # DAGs    # Errors  Last Runtime    Last Run
----------------------------  -----  ---------  --------  ----------  --------------  -------------------
/opt/airflow/dags/script2.py                           1           0  0.98s           2023-11-04T17:26:04
/opt/airflow/dags/script.py                            1           0  0.61s           2023-11-04T17:26:21
================================================================================
[2023-11-04T17:26:56.351+0000] {manager.py:887} INFO - 
================================================================================
DAG File Processing Stats

File Path                     PID    Runtime      # DAGs    # Errors  Last Runtime    Last Run
----------------------------  -----  ---------  --------  ----------  --------------  -------------------
/opt/airflow/dags/script2.py                           1           0  0.71s           2023-11-04T17:26:35
/opt/airflow/dags/script.py                            1           0  1.56s           2023-11-04T17:26:53
================================================================================
[2023-11-04T17:27:26.369+0000] {manager.py:887} INFO - 
================================================================================
DAG File Processing Stats

File Path                     PID    Runtime      # DAGs    # Errors  Last Runtime    Last Run
----------------------------  -----  ---------  --------  ----------  --------------  -------------------
/opt/airflow/dags/script2.py                           1           0  0.95s           2023-11-04T17:27:07
/opt/airflow/dags/script.py                            1           0  0.75s           2023-11-04T17:27:24
================================================================================
[2023-11-04T17:27:56.611+0000] {manager.py:887} INFO - 
================================================================================
DAG File Processing Stats

File Path                     PID    Runtime      # DAGs    # Errors  Last Runtime    Last Run
----------------------------  -----  ---------  --------  ----------  --------------  -------------------
/opt/airflow/dags/script2.py                           1           0  0.82s           2023-11-04T17:27:38
/opt/airflow/dags/script.py                            1           0  1.19s           2023-11-04T17:27:55
================================================================================
[2023-11-04T17:28:27.034+0000] {manager.py:887} INFO - 
================================================================================
DAG File Processing Stats

File Path                       PID  Runtime      # DAGs    # Errors  Last Runtime    Last Run
----------------------------  -----  ---------  --------  ----------  --------------  -------------------
/opt/airflow/dags/script2.py                           1           0  0.75s           2023-11-04T17:28:09
/opt/airflow/dags/script.py    2900  1.02s             1           0  1.19s           2023-11-04T17:27:55
================================================================================
[2023-11-04T17:28:50.917+0000] {manager.py:755} INFO - Searching for files in /opt/airflow/dags
[2023-11-04T17:28:50.921+0000] {manager.py:758} INFO - There are 2 files in /opt/airflow/dags
[2023-11-04T17:28:57.315+0000] {manager.py:887} INFO - 
================================================================================
DAG File Processing Stats

File Path                       PID  Runtime      # DAGs    # Errors  Last Runtime    Last Run
----------------------------  -----  ---------  --------  ----------  --------------  -------------------
/opt/airflow/dags/script2.py                           1           0  0.69s           2023-11-04T17:28:40
/opt/airflow/dags/script.py    2909  0.01s             1           0  1.06s           2023-11-04T17:28:27
================================================================================
[2023-11-04T17:29:27.351+0000] {manager.py:887} INFO - 
================================================================================
DAG File Processing Stats

File Path                     PID    Runtime      # DAGs    # Errors  Last Runtime    Last Run
----------------------------  -----  ---------  --------  ----------  --------------  -------------------
/opt/airflow/dags/script2.py                           1           0  0.97s           2023-11-04T17:29:12
/opt/airflow/dags/script.py                            1           0  0.80s           2023-11-04T17:28:58
================================================================================
[2023-11-04T17:29:57.478+0000] {manager.py:887} INFO - 
================================================================================
DAG File Processing Stats

File Path                     PID    Runtime      # DAGs    # Errors  Last Runtime    Last Run
----------------------------  -----  ---------  --------  ----------  --------------  -------------------
/opt/airflow/dags/script2.py                           1           0  2.14s           2023-11-04T17:29:44
/opt/airflow/dags/script.py                            1           0  0.95s           2023-11-04T17:29:29
================================================================================
[2023-11-04T17:30:27.790+0000] {manager.py:887} INFO - 
================================================================================
DAG File Processing Stats

File Path                     PID    Runtime      # DAGs    # Errors  Last Runtime    Last Run
----------------------------  -----  ---------  --------  ----------  --------------  -------------------
/opt/airflow/dags/script2.py                           1           0  0.92s           2023-11-04T17:30:15
/opt/airflow/dags/script.py                            1           0  1.46s           2023-11-04T17:30:00
================================================================================
[2023-11-04T17:30:58.076+0000] {manager.py:887} INFO - 
================================================================================
DAG File Processing Stats

File Path                     PID    Runtime      # DAGs    # Errors  Last Runtime    Last Run
----------------------------  -----  ---------  --------  ----------  --------------  -------------------
/opt/airflow/dags/script2.py                           1           0  1.14s           2023-11-04T17:30:47
/opt/airflow/dags/script.py                            1           0  0.86s           2023-11-04T17:30:32
================================================================================
[2023-11-04T17:31:28.295+0000] {manager.py:887} INFO - 
================================================================================
DAG File Processing Stats

File Path                     PID    Runtime      # DAGs    # Errors  Last Runtime    Last Run
----------------------------  -----  ---------  --------  ----------  --------------  -------------------
/opt/airflow/dags/script2.py                           1           0  0.96s           2023-11-04T17:31:18
/opt/airflow/dags/script.py                            1           0  2.13s           2023-11-04T17:31:04
================================================================================
[2023-11-04T17:31:58.599+0000] {manager.py:887} INFO - 
================================================================================
DAG File Processing Stats

File Path                     PID    Runtime      # DAGs    # Errors  Last Runtime    Last Run
----------------------------  -----  ---------  --------  ----------  --------------  -------------------
/opt/airflow/dags/script2.py                           1           0  0.73s           2023-11-04T17:31:49
/opt/airflow/dags/script.py                            1           0  1.05s           2023-11-04T17:31:35
================================================================================
[2023-11-04T17:32:29.009+0000] {manager.py:887} INFO - 
================================================================================
DAG File Processing Stats

File Path                     PID    Runtime      # DAGs    # Errors  Last Runtime    Last Run
----------------------------  -----  ---------  --------  ----------  --------------  -------------------
/opt/airflow/dags/script2.py                           1           0  3.59s           2023-11-04T17:32:23
/opt/airflow/dags/script.py                            1           0  0.68s           2023-11-04T17:32:06
================================================================================
[2023-11-04T17:32:58.968+0000] {manager.py:887} INFO - 
================================================================================
DAG File Processing Stats

File Path                     PID    Runtime      # DAGs    # Errors  Last Runtime    Last Run
----------------------------  -----  ---------  --------  ----------  --------------  -------------------
/opt/airflow/dags/script2.py                           1           0  0.70s           2023-11-04T17:32:53
/opt/airflow/dags/script.py                            1           0  3.59s           2023-11-04T17:32:40
================================================================================
[2023-11-04T17:33:29.916+0000] {manager.py:887} INFO - 
================================================================================
DAG File Processing Stats

File Path                     PID    Runtime      # DAGs    # Errors  Last Runtime    Last Run
----------------------------  -----  ---------  --------  ----------  --------------  -------------------
/opt/airflow/dags/script2.py                           1           0  0.73s           2023-11-04T17:33:24
/opt/airflow/dags/script.py                            1           0  0.97s           2023-11-04T17:33:11
================================================================================
[2023-11-04T17:33:51.062+0000] {manager.py:755} INFO - Searching for files in /opt/airflow/dags
[2023-11-04T17:33:51.067+0000] {manager.py:758} INFO - There are 2 files in /opt/airflow/dags
[2023-11-04T17:34:00.230+0000] {manager.py:887} INFO - 
================================================================================
DAG File Processing Stats

File Path                     PID    Runtime      # DAGs    # Errors  Last Runtime    Last Run
----------------------------  -----  ---------  --------  ----------  --------------  -------------------
/opt/airflow/dags/script2.py                           1           0  1.22s           2023-11-04T17:33:56
/opt/airflow/dags/script.py                            1           0  0.95s           2023-11-04T17:33:42
================================================================================
[2023-11-04T17:34:30.238+0000] {manager.py:887} INFO - 
================================================================================
DAG File Processing Stats

File Path                     PID    Runtime      # DAGs    # Errors  Last Runtime    Last Run
----------------------------  -----  ---------  --------  ----------  --------------  -------------------
/opt/airflow/dags/script2.py                           1           0  0.94s           2023-11-04T17:34:27
/opt/airflow/dags/script.py                            1           0  0.75s           2023-11-04T17:34:14
================================================================================
[2023-11-04T17:35:00.560+0000] {manager.py:887} INFO - 
================================================================================
DAG File Processing Stats

File Path                     PID    Runtime      # DAGs    # Errors  Last Runtime    Last Run
----------------------------  -----  ---------  --------  ----------  --------------  -------------------
/opt/airflow/dags/script2.py                           1           0  0.71s           2023-11-04T17:34:59
/opt/airflow/dags/script.py                            1           0  1.06s           2023-11-04T17:34:45
================================================================================
[2023-11-04T17:35:30.796+0000] {manager.py:887} INFO - 
================================================================================
DAG File Processing Stats

File Path                     PID    Runtime      # DAGs    # Errors  Last Runtime    Last Run
----------------------------  -----  ---------  --------  ----------  --------------  -------------------
/opt/airflow/dags/script2.py                           1           0  0.96s           2023-11-04T17:35:30
/opt/airflow/dags/script.py                            1           0  1.11s           2023-11-04T17:35:16
================================================================================
[2023-11-04T17:36:01.037+0000] {manager.py:887} INFO - 
================================================================================
DAG File Processing Stats

File Path                       PID  Runtime      # DAGs    # Errors  Last Runtime    Last Run
----------------------------  -----  ---------  --------  ----------  --------------  -------------------
/opt/airflow/dags/script2.py   3039  0.01s             1           0  0.96s           2023-11-04T17:35:30
/opt/airflow/dags/script.py                            1           0  0.95s           2023-11-04T17:35:47
================================================================================
[2023-11-04T17:36:31.284+0000] {manager.py:887} INFO - 
================================================================================
DAG File Processing Stats

File Path                     PID    Runtime      # DAGs    # Errors  Last Runtime    Last Run
----------------------------  -----  ---------  --------  ----------  --------------  -------------------
/opt/airflow/dags/script2.py                           1           0  0.70s           2023-11-04T17:36:01
/opt/airflow/dags/script.py                            1           0  0.92s           2023-11-04T17:36:19
================================================================================
[2023-11-04T17:37:01.335+0000] {manager.py:887} INFO - 
================================================================================
DAG File Processing Stats

File Path                     PID    Runtime      # DAGs    # Errors  Last Runtime    Last Run
----------------------------  -----  ---------  --------  ----------  --------------  -------------------
/opt/airflow/dags/script2.py                           1           0  0.63s           2023-11-04T17:36:32
/opt/airflow/dags/script.py                            1           0  0.80s           2023-11-04T17:36:50
================================================================================
[2023-11-04T17:37:32.156+0000] {manager.py:887} INFO - 
================================================================================
DAG File Processing Stats

File Path                     PID    Runtime      # DAGs    # Errors  Last Runtime    Last Run
----------------------------  -----  ---------  --------  ----------  --------------  -------------------
/opt/airflow/dags/script2.py                           1           0  1.00s           2023-11-04T17:37:03
/opt/airflow/dags/script.py                            1           0  0.75s           2023-11-04T17:37:21
================================================================================
[2023-11-04T17:38:02.327+0000] {manager.py:887} INFO - 
================================================================================
DAG File Processing Stats

File Path                     PID    Runtime      # DAGs    # Errors  Last Runtime    Last Run
----------------------------  -----  ---------  --------  ----------  --------------  -------------------
/opt/airflow/dags/script2.py                           1           0  1.14s           2023-11-04T17:37:35
/opt/airflow/dags/script.py                            1           0  0.91s           2023-11-04T17:37:52
================================================================================
[2023-11-04T17:38:32.457+0000] {manager.py:887} INFO - 
================================================================================
DAG File Processing Stats

File Path                     PID    Runtime      # DAGs    # Errors  Last Runtime    Last Run
----------------------------  -----  ---------  --------  ----------  --------------  -------------------
/opt/airflow/dags/script2.py                           1           0  0.55s           2023-11-04T17:38:05
/opt/airflow/dags/script.py                            1           0  0.87s           2023-11-04T17:38:23
================================================================================
[2023-11-04T17:38:51.624+0000] {manager.py:755} INFO - Searching for files in /opt/airflow/dags
[2023-11-04T17:38:51.628+0000] {manager.py:758} INFO - There are 2 files in /opt/airflow/dags
[2023-11-04T17:39:03.035+0000] {manager.py:887} INFO - 
================================================================================
DAG File Processing Stats

File Path                     PID    Runtime      # DAGs    # Errors  Last Runtime    Last Run
----------------------------  -----  ---------  --------  ----------  --------------  -------------------
/opt/airflow/dags/script2.py                           1           0  0.65s           2023-11-04T17:38:36
/opt/airflow/dags/script.py                            1           0  0.46s           2023-11-04T17:38:54
================================================================================
[2023-11-04T17:39:33.166+0000] {manager.py:887} INFO - 
================================================================================
DAG File Processing Stats

File Path                     PID    Runtime      # DAGs    # Errors  Last Runtime    Last Run
----------------------------  -----  ---------  --------  ----------  --------------  -------------------
/opt/airflow/dags/script2.py                           1           0  0.39s           2023-11-04T17:39:07
/opt/airflow/dags/script.py                            1           0  0.67s           2023-11-04T17:39:25
================================================================================
[2023-11-04T17:40:03.383+0000] {manager.py:887} INFO - 
================================================================================
DAG File Processing Stats

File Path                     PID    Runtime      # DAGs    # Errors  Last Runtime    Last Run
----------------------------  -----  ---------  --------  ----------  --------------  -------------------
/opt/airflow/dags/script2.py                           1           0  0.39s           2023-11-04T17:39:38
/opt/airflow/dags/script.py                            1           0  1.42s           2023-11-04T17:39:56
================================================================================
[2023-11-04T17:40:33.464+0000] {manager.py:887} INFO - 
================================================================================
DAG File Processing Stats

File Path                     PID    Runtime      # DAGs    # Errors  Last Runtime    Last Run
----------------------------  -----  ---------  --------  ----------  --------------  -------------------
/opt/airflow/dags/script2.py                           1           0  0.87s           2023-11-04T17:40:09
/opt/airflow/dags/script.py                            1           0  0.52s           2023-11-04T17:40:27
================================================================================
[2023-11-04T17:41:03.984+0000] {manager.py:887} INFO - 
================================================================================
DAG File Processing Stats

File Path                     PID    Runtime      # DAGs    # Errors  Last Runtime    Last Run
----------------------------  -----  ---------  --------  ----------  --------------  -------------------
/opt/airflow/dags/script2.py                           1           0  0.71s           2023-11-04T17:40:40
/opt/airflow/dags/script.py                            1           0  0.72s           2023-11-04T17:40:58
================================================================================
[2023-11-04T17:41:34.299+0000] {manager.py:887} INFO - 
================================================================================
DAG File Processing Stats

File Path                     PID    Runtime      # DAGs    # Errors  Last Runtime    Last Run
----------------------------  -----  ---------  --------  ----------  --------------  -------------------
/opt/airflow/dags/script2.py                           1           0  0.66s           2023-11-04T17:41:11
/opt/airflow/dags/script.py                            1           0  0.43s           2023-11-04T17:41:29
================================================================================
[2023-11-04T17:42:04.364+0000] {manager.py:887} INFO - 
================================================================================
DAG File Processing Stats

File Path                     PID    Runtime      # DAGs    # Errors  Last Runtime    Last Run
----------------------------  -----  ---------  --------  ----------  --------------  -------------------
/opt/airflow/dags/script2.py                           1           0  0.79s           2023-11-04T17:41:42
/opt/airflow/dags/script.py                            1           0  0.77s           2023-11-04T17:42:00
================================================================================
[2023-11-04T17:42:34.665+0000] {manager.py:887} INFO - 
================================================================================
DAG File Processing Stats

File Path                     PID    Runtime      # DAGs    # Errors  Last Runtime    Last Run
----------------------------  -----  ---------  --------  ----------  --------------  -------------------
/opt/airflow/dags/script2.py                           1           0  0.50s           2023-11-04T17:42:12
/opt/airflow/dags/script.py                            1           0  0.71s           2023-11-04T17:42:31
================================================================================
[2023-11-04T17:43:04.800+0000] {manager.py:887} INFO - 
================================================================================
DAG File Processing Stats

File Path                     PID    Runtime      # DAGs    # Errors  Last Runtime    Last Run
----------------------------  -----  ---------  --------  ----------  --------------  -------------------
/opt/airflow/dags/script2.py                           1           0  0.42s           2023-11-04T17:42:43
/opt/airflow/dags/script.py                            1           0  0.43s           2023-11-04T17:43:02
================================================================================
[2023-11-04T17:43:34.910+0000] {manager.py:887} INFO - 
================================================================================
DAG File Processing Stats

File Path                     PID    Runtime      # DAGs    # Errors  Last Runtime    Last Run
----------------------------  -----  ---------  --------  ----------  --------------  -------------------
/opt/airflow/dags/script2.py                           1           0  0.85s           2023-11-04T17:43:14
/opt/airflow/dags/script.py                            1           0  0.59s           2023-11-04T17:43:33
================================================================================
[2023-11-04T17:43:52.209+0000] {manager.py:755} INFO - Searching for files in /opt/airflow/dags
[2023-11-04T17:43:52.223+0000] {manager.py:758} INFO - There are 2 files in /opt/airflow/dags
[2023-11-04T17:44:05.280+0000] {manager.py:887} INFO - 
================================================================================
DAG File Processing Stats

File Path                     PID    Runtime      # DAGs    # Errors  Last Runtime    Last Run
----------------------------  -----  ---------  --------  ----------  --------------  -------------------
/opt/airflow/dags/script2.py                           1           0  0.42s           2023-11-04T17:43:45
/opt/airflow/dags/script.py                            1           0  1.87s           2023-11-04T17:44:05
================================================================================
[2023-11-04T17:44:35.517+0000] {manager.py:887} INFO - 
================================================================================
DAG File Processing Stats

File Path                       PID  Runtime      # DAGs    # Errors  Last Runtime    Last Run
----------------------------  -----  ---------  --------  ----------  --------------  -------------------
/opt/airflow/dags/script2.py                           1           0  0.63s           2023-11-04T17:44:16
/opt/airflow/dags/script.py    3193  0.01s             1           0  1.87s           2023-11-04T17:44:05
================================================================================
[2023-11-04T17:45:06.108+0000] {manager.py:887} INFO - 
================================================================================
DAG File Processing Stats

File Path                       PID  Runtime      # DAGs    # Errors  Last Runtime    Last Run
----------------------------  -----  ---------  --------  ----------  --------------  -------------------
/opt/airflow/dags/script2.py                           1           0  0.94s           2023-11-04T17:44:47
/opt/airflow/dags/script.py    3203  0.02s             1           0  0.50s           2023-11-04T17:44:35
================================================================================
[2023-11-04T17:45:36.843+0000] {manager.py:887} INFO - 
================================================================================
DAG File Processing Stats

File Path                       PID  Runtime      # DAGs    # Errors  Last Runtime    Last Run
----------------------------  -----  ---------  --------  ----------  --------------  -------------------
/opt/airflow/dags/script2.py                           1           0  0.41s           2023-11-04T17:45:18
/opt/airflow/dags/script.py    3212  0.01s             1           0  0.48s           2023-11-04T17:45:06
================================================================================
[2023-11-04T17:46:07.140+0000] {manager.py:887} INFO - 
================================================================================
DAG File Processing Stats

File Path                     PID    Runtime      # DAGs    # Errors  Last Runtime    Last Run
----------------------------  -----  ---------  --------  ----------  --------------  -------------------
/opt/airflow/dags/script2.py                           1           0  0.52s           2023-11-04T17:45:49
/opt/airflow/dags/script.py                            1           0  0.77s           2023-11-04T17:45:37
================================================================================
[2023-11-04T17:46:37.383+0000] {manager.py:887} INFO - 
================================================================================
DAG File Processing Stats

File Path                     PID    Runtime      # DAGs    # Errors  Last Runtime    Last Run
----------------------------  -----  ---------  --------  ----------  --------------  -------------------
/opt/airflow/dags/script2.py                           1           0  0.79s           2023-11-04T17:46:20
/opt/airflow/dags/script.py                            1           0  0.49s           2023-11-04T17:46:08
================================================================================
[2023-11-04T17:47:07.451+0000] {manager.py:887} INFO - 
================================================================================
DAG File Processing Stats

File Path                     PID    Runtime      # DAGs    # Errors  Last Runtime    Last Run
----------------------------  -----  ---------  --------  ----------  --------------  -------------------
/opt/airflow/dags/script2.py                           1           0  0.50s           2023-11-04T17:46:51
/opt/airflow/dags/script.py                            1           0  0.85s           2023-11-04T17:46:39
================================================================================
[2023-11-04T17:47:37.507+0000] {manager.py:887} INFO - 
================================================================================
DAG File Processing Stats

File Path                     PID    Runtime      # DAGs    # Errors  Last Runtime    Last Run
----------------------------  -----  ---------  --------  ----------  --------------  -------------------
/opt/airflow/dags/script2.py                           1           0  0.54s           2023-11-04T17:47:21
/opt/airflow/dags/script.py                            1           0  0.80s           2023-11-04T17:47:10
================================================================================
[2023-11-04T17:48:07.778+0000] {manager.py:887} INFO - 
================================================================================
DAG File Processing Stats

File Path                     PID    Runtime      # DAGs    # Errors  Last Runtime    Last Run
----------------------------  -----  ---------  --------  ----------  --------------  -------------------
/opt/airflow/dags/script2.py                           1           0  0.94s           2023-11-04T17:47:53
/opt/airflow/dags/script.py                            1           0  0.46s           2023-11-04T17:47:41
================================================================================
[2023-11-04T17:48:37.882+0000] {manager.py:887} INFO - 
================================================================================
DAG File Processing Stats

File Path                     PID    Runtime      # DAGs    # Errors  Last Runtime    Last Run
----------------------------  -----  ---------  --------  ----------  --------------  -------------------
/opt/airflow/dags/script2.py                           1           0  0.48s           2023-11-04T17:48:23
/opt/airflow/dags/script.py                            1           0  0.61s           2023-11-04T17:48:11
================================================================================
[2023-11-04T17:48:52.538+0000] {manager.py:755} INFO - Searching for files in /opt/airflow/dags
[2023-11-04T17:48:52.547+0000] {manager.py:758} INFO - There are 2 files in /opt/airflow/dags
[2023-11-04T17:49:08.005+0000] {manager.py:887} INFO - 
================================================================================
DAG File Processing Stats

File Path                     PID    Runtime      # DAGs    # Errors  Last Runtime    Last Run
----------------------------  -----  ---------  --------  ----------  --------------  -------------------
/opt/airflow/dags/script2.py                           1           0  0.37s           2023-11-04T17:48:54
/opt/airflow/dags/script.py                            1           0  0.86s           2023-11-04T17:48:42
================================================================================
[2023-11-04T17:49:38.349+0000] {manager.py:887} INFO - 
================================================================================
DAG File Processing Stats

File Path                     PID    Runtime      # DAGs    # Errors  Last Runtime    Last Run
----------------------------  -----  ---------  --------  ----------  --------------  -------------------
/opt/airflow/dags/script2.py                           1           0  0.72s           2023-11-04T17:49:25
/opt/airflow/dags/script.py                            1           0  0.49s           2023-11-04T17:49:13
================================================================================
[2023-11-04T17:50:08.402+0000] {manager.py:887} INFO - 
================================================================================
DAG File Processing Stats

File Path                     PID    Runtime      # DAGs    # Errors  Last Runtime    Last Run
----------------------------  -----  ---------  --------  ----------  --------------  -------------------
/opt/airflow/dags/script2.py                           1           0  0.42s           2023-11-04T17:49:55
/opt/airflow/dags/script.py                            1           0  0.39s           2023-11-04T17:49:44
================================================================================
[2023-11-04T17:50:38.561+0000] {manager.py:887} INFO - 
================================================================================
DAG File Processing Stats

File Path                     PID    Runtime      # DAGs    # Errors  Last Runtime    Last Run
----------------------------  -----  ---------  --------  ----------  --------------  -------------------
/opt/airflow/dags/script2.py                           1           0  0.50s           2023-11-04T17:50:26
/opt/airflow/dags/script.py                            1           0  0.91s           2023-11-04T17:50:15
================================================================================
[2023-11-04T17:51:08.604+0000] {manager.py:887} INFO - 
================================================================================
DAG File Processing Stats

File Path                     PID    Runtime      # DAGs    # Errors  Last Runtime    Last Run
----------------------------  -----  ---------  --------  ----------  --------------  -------------------
/opt/airflow/dags/script2.py                           1           0  0.75s           2023-11-04T17:50:57
/opt/airflow/dags/script.py                            1           0  0.54s           2023-11-04T17:50:46
================================================================================
[2023-11-04T17:51:39.045+0000] {manager.py:887} INFO - 
================================================================================
DAG File Processing Stats

File Path                     PID    Runtime      # DAGs    # Errors  Last Runtime    Last Run
----------------------------  -----  ---------  --------  ----------  --------------  -------------------
/opt/airflow/dags/script2.py                           1           0  0.46s           2023-11-04T17:51:28
/opt/airflow/dags/script.py                            1           0  0.41s           2023-11-04T17:51:16
================================================================================
[2023-11-04T17:52:09.075+0000] {manager.py:887} INFO - 
================================================================================
DAG File Processing Stats

File Path                     PID    Runtime      # DAGs    # Errors  Last Runtime    Last Run
----------------------------  -----  ---------  --------  ----------  --------------  -------------------
/opt/airflow/dags/script2.py                           1           0  0.49s           2023-11-04T17:51:58
/opt/airflow/dags/script.py                            1           0  0.82s           2023-11-04T17:51:47
================================================================================
[2023-11-04T17:52:39.815+0000] {manager.py:887} INFO - 
================================================================================
DAG File Processing Stats

File Path                     PID    Runtime      # DAGs    # Errors  Last Runtime    Last Run
----------------------------  -----  ---------  --------  ----------  --------------  -------------------
/opt/airflow/dags/script2.py                           1           0  0.70s           2023-11-04T17:52:29
/opt/airflow/dags/script.py                            1           0  0.48s           2023-11-04T17:52:18
================================================================================
[2023-11-04T17:53:09.865+0000] {manager.py:887} INFO - 
================================================================================
DAG File Processing Stats

File Path                     PID    Runtime      # DAGs    # Errors  Last Runtime    Last Run
----------------------------  -----  ---------  --------  ----------  --------------  -------------------
/opt/airflow/dags/script2.py                           1           0  0.59s           2023-11-04T17:53:00
/opt/airflow/dags/script.py                            1           0  0.45s           2023-11-04T17:52:49
================================================================================
[2023-11-04T17:53:40.138+0000] {manager.py:887} INFO - 
================================================================================
DAG File Processing Stats

File Path                     PID    Runtime      # DAGs    # Errors  Last Runtime    Last Run
----------------------------  -----  ---------  --------  ----------  --------------  -------------------
/opt/airflow/dags/script2.py                           1           0  0.50s           2023-11-04T17:53:31
/opt/airflow/dags/script.py                            1           0  0.91s           2023-11-04T17:53:20
================================================================================
[2023-11-04T17:53:52.737+0000] {manager.py:755} INFO - Searching for files in /opt/airflow/dags
[2023-11-04T17:53:52.743+0000] {manager.py:758} INFO - There are 2 files in /opt/airflow/dags
[2023-11-04T17:54:10.196+0000] {manager.py:887} INFO - 
================================================================================
DAG File Processing Stats

File Path                     PID    Runtime      # DAGs    # Errors  Last Runtime    Last Run
----------------------------  -----  ---------  --------  ----------  --------------  -------------------
/opt/airflow/dags/script2.py                           1           0  0.81s           2023-11-04T17:54:02
/opt/airflow/dags/script.py                            1           0  0.33s           2023-11-04T17:53:51
================================================================================
[2023-11-06T13:02:56.112+0000] {manager.py:487} INFO - Processing files using up to 2 processes at a time 
[2023-11-06T13:02:56.121+0000] {manager.py:488} INFO - Process each file at most once every 30 seconds
[2023-11-06T13:02:56.123+0000] {manager.py:489} INFO - Checking for new files in /opt/airflow/dags every 300 seconds
[2023-11-06T13:02:56.124+0000] {manager.py:755} INFO - Searching for files in /opt/airflow/dags
[2023-11-06T13:02:56.179+0000] {manager.py:758} INFO - There are 3 files in /opt/airflow/dags
[2023-11-06T13:02:58.862+0000] {manager.py:887} INFO - 
================================================================================
DAG File Processing Stats

File Path                             PID  Runtime      # DAGs    # Errors  Last Runtime    Last Run
----------------------------------  -----  ---------  --------  ----------  --------------  ----------
/opt/airflow/dags/script2.py                                 0           0
/opt/airflow/dags/script.py            66  1.69s             0           0
/opt/airflow/dags/elastic_fetch.py     65  1.87s             0           0
================================================================================
[2023-11-06T13:03:29.335+0000] {manager.py:887} INFO - 
================================================================================
DAG File Processing Stats

File Path                           PID    Runtime      # DAGs    # Errors  Last Runtime    Last Run
----------------------------------  -----  ---------  --------  ----------  --------------  -------------------
/opt/airflow/dags/script2.py                                 1           0  1.29s           2023-11-06T13:03:09
/opt/airflow/dags/script.py                                  1           0  8.11s           2023-11-06T13:03:05
/opt/airflow/dags/elastic_fetch.py                           1           0  8.25s           2023-11-06T13:03:05
================================================================================
[2023-11-06T13:04:00.488+0000] {manager.py:887} INFO - 
================================================================================
DAG File Processing Stats

File Path                             PID  Runtime      # DAGs    # Errors  Last Runtime    Last Run
----------------------------------  -----  ---------  --------  ----------  --------------  -------------------
/opt/airflow/dags/script2.py           86  0.05s             1           0  1.29s           2023-11-06T13:03:09
/opt/airflow/dags/script.py                                  1           0  20.79s          2023-11-06T13:04:00
/opt/airflow/dags/elastic_fetch.py                           1           0  24.03s          2023-11-06T13:04:00
================================================================================
[2023-11-06T13:04:32.433+0000] {manager.py:887} INFO - 
================================================================================
DAG File Processing Stats

File Path                             PID  Runtime      # DAGs    # Errors  Last Runtime    Last Run
----------------------------------  -----  ---------  --------  ----------  --------------  -------------------
/opt/airflow/dags/script2.py           86  31.85s            1           0  1.29s           2023-11-06T13:03:09
/opt/airflow/dags/script.py                                  1           0  20.79s          2023-11-06T13:04:00
/opt/airflow/dags/elastic_fetch.py     95  0.29s             1           0  24.03s          2023-11-06T13:04:00
================================================================================
[2023-11-06T13:04:50.254+0000] {manager.py:1209} ERROR - Processor for /opt/airflow/dags/script2.py with PID 86 started at 2023-11-06T13:04:00.246902+00:00 has timed out, killing it.
[2023-11-06T13:05:03.492+0000] {manager.py:887} INFO - 
================================================================================
DAG File Processing Stats

File Path                             PID  Runtime      # DAGs    # Errors  Last Runtime    Last Run
----------------------------------  -----  ---------  --------  ----------  --------------  -------------------
/opt/airflow/dags/script2.py                                 0           1  50.01s          2023-11-06T13:04:50
/opt/airflow/dags/script.py            96  12.70s            1           0  20.79s          2023-11-06T13:04:00
/opt/airflow/dags/elastic_fetch.py                           1           0  28.33s          2023-11-06T13:05:00
================================================================================
[2023-11-06T13:05:34.482+0000] {manager.py:887} INFO - 
================================================================================
DAG File Processing Stats

File Path                             PID  Runtime      # DAGs    # Errors  Last Runtime    Last Run
----------------------------------  -----  ---------  --------  ----------  --------------  -------------------
/opt/airflow/dags/script2.py          103  13.19s            0           1  50.01s          2023-11-06T13:04:50
/opt/airflow/dags/script.py                                  1           0  15.48s          2023-11-06T13:05:06
/opt/airflow/dags/elastic_fetch.py    104  3.20s             1           0  28.33s          2023-11-06T13:05:00
================================================================================
[2023-11-06T13:06:04.831+0000] {manager.py:887} INFO - 
================================================================================
DAG File Processing Stats

File Path                           PID    Runtime      # DAGs    # Errors  Last Runtime    Last Run
----------------------------------  -----  ---------  --------  ----------  --------------  -------------------
/opt/airflow/dags/script2.py                                 1           0  14.26s          2023-11-06T13:05:35
/opt/airflow/dags/script.py                                  1           0  7.21s           2023-11-06T13:05:43
/opt/airflow/dags/elastic_fetch.py                           1           0  5.18s           2023-11-06T13:05:36
================================================================================
[2023-11-06T13:06:35.389+0000] {manager.py:887} INFO - 
================================================================================
DAG File Processing Stats

File Path                             PID  Runtime      # DAGs    # Errors  Last Runtime    Last Run
----------------------------------  -----  ---------  --------  ----------  --------------  -------------------
/opt/airflow/dags/script2.py                                 1           0  15.53s          2023-11-06T13:06:21
/opt/airflow/dags/script.py           124  13.57s            1           0  7.21s           2023-11-06T13:05:43
/opt/airflow/dags/elastic_fetch.py                           1           0  14.36s          2023-11-06T13:06:21
================================================================================
[2023-11-06T13:07:06.129+0000] {manager.py:887} INFO - 
================================================================================
DAG File Processing Stats

File Path                             PID  Runtime      # DAGs    # Errors  Last Runtime    Last Run
----------------------------------  -----  ---------  --------  ----------  --------------  -------------------
/opt/airflow/dags/script2.py          133  4.09s             1           0  15.53s          2023-11-06T13:06:21
/opt/airflow/dags/script.py           124  44.11s            1           0  7.21s           2023-11-06T13:05:43
/opt/airflow/dags/elastic_fetch.py                           1           0  9.16s           2023-11-06T13:07:01
================================================================================
[2023-11-06T13:07:12.485+0000] {manager.py:1209} ERROR - Processor for /opt/airflow/dags/script.py with PID 124 started at 2023-11-06T13:06:21.688479+00:00 has timed out, killing it.
[2023-11-06T13:07:36.483+0000] {manager.py:887} INFO - 
================================================================================
DAG File Processing Stats

File Path                           PID    Runtime      # DAGs    # Errors  Last Runtime    Last Run
----------------------------------  -----  ---------  --------  ----------  --------------  -------------------
/opt/airflow/dags/script.py                                  0           1  50.80s          2023-11-06T13:07:12
/opt/airflow/dags/script2.py                                 1           0  11.14s          2023-11-06T13:07:12
/opt/airflow/dags/elastic_fetch.py                           1           0  0.67s           2023-11-06T13:07:32
================================================================================
[2023-11-06T13:07:56.412+0000] {manager.py:755} INFO - Searching for files in /opt/airflow/dags
[2023-11-06T13:07:56.433+0000] {manager.py:758} INFO - There are 3 files in /opt/airflow/dags
[2023-11-06T13:08:07.248+0000] {manager.py:887} INFO - 
================================================================================
DAG File Processing Stats

File Path                           PID    Runtime      # DAGs    # Errors  Last Runtime    Last Run
----------------------------------  -----  ---------  --------  ----------  --------------  -------------------
/opt/airflow/dags/script2.py                                 1           0  0.81s           2023-11-06T13:07:43
/opt/airflow/dags/script.py                                  1           0  1.78s           2023-11-06T13:07:44
/opt/airflow/dags/elastic_fetch.py                           1           0  2.80s           2023-11-06T13:08:05
================================================================================
[2023-11-06T13:08:37.691+0000] {manager.py:887} INFO - 
================================================================================
DAG File Processing Stats

File Path                             PID  Runtime      # DAGs    # Errors  Last Runtime    Last Run
----------------------------------  -----  ---------  --------  ----------  --------------  -------------------
/opt/airflow/dags/script2.py                                 1           0  2.96s           2023-11-06T13:08:17
/opt/airflow/dags/script.py                                  1           0  2.09s           2023-11-06T13:08:16
/opt/airflow/dags/elastic_fetch.py    161  2.10s             1           0  2.80s           2023-11-06T13:08:05
================================================================================
[2023-11-06T13:09:07.719+0000] {manager.py:887} INFO - 
================================================================================
DAG File Processing Stats

File Path                           PID    Runtime      # DAGs    # Errors  Last Runtime    Last Run
----------------------------------  -----  ---------  --------  ----------  --------------  -------------------
/opt/airflow/dags/script2.py                                 1           0  7.62s           2023-11-06T13:08:56
/opt/airflow/dags/script.py                                  1           0  17.58s          2023-11-06T13:09:04
/opt/airflow/dags/elastic_fetch.py                           1           0  3.93s           2023-11-06T13:08:39
================================================================================
[2023-11-06T13:09:38.322+0000] {manager.py:887} INFO - 
================================================================================
DAG File Processing Stats

File Path                           PID    Runtime      # DAGs    # Errors  Last Runtime    Last Run
----------------------------------  -----  ---------  --------  ----------  --------------  -------------------
/opt/airflow/dags/script2.py                                 1           0  2.03s           2023-11-06T13:09:28
/opt/airflow/dags/script.py                                  1           0  0.52s           2023-11-06T13:09:35
/opt/airflow/dags/elastic_fetch.py                           1           0  2.34s           2023-11-06T13:09:12
================================================================================
[2023-11-06T13:10:08.441+0000] {manager.py:887} INFO - 
================================================================================
DAG File Processing Stats

File Path                           PID    Runtime      # DAGs    # Errors  Last Runtime    Last Run
----------------------------------  -----  ---------  --------  ----------  --------------  -------------------
/opt/airflow/dags/script2.py                                 1           0  0.89s           2023-11-06T13:09:59
/opt/airflow/dags/script.py                                  1           0  2.69s           2023-11-06T13:10:08
/opt/airflow/dags/elastic_fetch.py                           1           0  0.42s           2023-11-06T13:09:42
================================================================================
[2023-11-06T13:10:38.576+0000] {manager.py:887} INFO - 
================================================================================
DAG File Processing Stats

File Path                             PID  Runtime      # DAGs    # Errors  Last Runtime    Last Run
----------------------------------  -----  ---------  --------  ----------  --------------  -------------------
/opt/airflow/dags/script2.py                                 1           0  0.62s           2023-11-06T13:10:30
/opt/airflow/dags/script.py           206  0.01s             1           0  2.69s           2023-11-06T13:10:08
/opt/airflow/dags/elastic_fetch.py                           1           0  3.29s           2023-11-06T13:10:16
================================================================================
[2023-11-06T13:11:08.859+0000] {manager.py:887} INFO - 
================================================================================
DAG File Processing Stats

File Path                           PID    Runtime      # DAGs    # Errors  Last Runtime    Last Run
----------------------------------  -----  ---------  --------  ----------  --------------  -------------------
/opt/airflow/dags/script2.py                                 1           0  4.90s           2023-11-06T13:11:05
/opt/airflow/dags/script.py                                  1           0  0.40s           2023-11-06T13:10:38
/opt/airflow/dags/elastic_fetch.py                           1           0  2.29s           2023-11-06T13:10:48
================================================================================
[2023-11-06T13:11:39.021+0000] {manager.py:887} INFO - 
================================================================================
DAG File Processing Stats

File Path                           PID    Runtime      # DAGs    # Errors  Last Runtime    Last Run
----------------------------------  -----  ---------  --------  ----------  --------------  -------------------
/opt/airflow/dags/script2.py                                 1           0  1.78s           2023-11-06T13:11:37
/opt/airflow/dags/script.py                                  1           0  0.55s           2023-11-06T13:11:09
/opt/airflow/dags/elastic_fetch.py                           1           0  0.43s           2023-11-06T13:11:19
================================================================================
[2023-11-06T13:12:09.783+0000] {manager.py:887} INFO - 
================================================================================
DAG File Processing Stats

File Path                             PID  Runtime      # DAGs    # Errors  Last Runtime    Last Run
----------------------------------  -----  ---------  --------  ----------  --------------  -------------------
/opt/airflow/dags/script2.py          235  1.04s             1           0  1.78s           2023-11-06T13:11:37
/opt/airflow/dags/script.py                                  1           0  2.86s           2023-11-06T13:11:42
/opt/airflow/dags/elastic_fetch.py                           1           0  0.46s           2023-11-06T13:11:50
================================================================================
[2023-11-06T13:12:39.988+0000] {manager.py:887} INFO - 
================================================================================
DAG File Processing Stats

File Path                           PID    Runtime      # DAGs    # Errors  Last Runtime    Last Run
----------------------------------  -----  ---------  --------  ----------  --------------  -------------------
/opt/airflow/dags/script2.py                                 1           0  1.43s           2023-11-06T13:12:10
/opt/airflow/dags/script.py                                  1           0  0.80s           2023-11-06T13:12:13
/opt/airflow/dags/elastic_fetch.py                           1           0  0.59s           2023-11-06T13:12:20
================================================================================
[2023-11-06T13:12:57.242+0000] {manager.py:755} INFO - Searching for files in /opt/airflow/dags
[2023-11-06T13:12:57.265+0000] {manager.py:758} INFO - There are 3 files in /opt/airflow/dags
[2023-11-06T13:13:10.500+0000] {manager.py:887} INFO - 
================================================================================
DAG File Processing Stats

File Path                           PID    Runtime      # DAGs    # Errors  Last Runtime    Last Run
----------------------------------  -----  ---------  --------  ----------  --------------  -------------------
/opt/airflow/dags/script2.py                                 1           0  1.74s           2023-11-06T13:12:42
/opt/airflow/dags/script.py                                  1           0  0.70s           2023-11-06T13:12:44
/opt/airflow/dags/elastic_fetch.py                           1           0  0.45s           2023-11-06T13:12:51
================================================================================
[2023-11-06T13:13:41.035+0000] {manager.py:887} INFO - 
================================================================================
DAG File Processing Stats

File Path                           PID    Runtime      # DAGs    # Errors  Last Runtime    Last Run
----------------------------------  -----  ---------  --------  ----------  --------------  -------------------
/opt/airflow/dags/script2.py                                 1           0  3.51s           2023-11-06T13:13:16
/opt/airflow/dags/script.py                                  1           0  2.46s           2023-11-06T13:13:18
/opt/airflow/dags/elastic_fetch.py                           1           0  5.82s           2023-11-06T13:13:27
================================================================================
[2023-11-06T13:14:11.320+0000] {manager.py:887} INFO - 
================================================================================
DAG File Processing Stats

File Path                           PID    Runtime      # DAGs    # Errors  Last Runtime    Last Run
----------------------------------  -----  ---------  --------  ----------  --------------  -------------------
/opt/airflow/dags/script2.py                                 1           0  8.90s           2023-11-06T13:13:55
/opt/airflow/dags/script.py                                  1           0  6.96s           2023-11-06T13:13:55
/opt/airflow/dags/elastic_fetch.py                           1           0  0.76s           2023-11-06T13:13:58
================================================================================
[2023-11-06T13:14:41.548+0000] {manager.py:887} INFO - 
================================================================================
DAG File Processing Stats

File Path                           PID    Runtime      # DAGs    # Errors  Last Runtime    Last Run
----------------------------------  -----  ---------  --------  ----------  --------------  -------------------
/opt/airflow/dags/script2.py                                 1           0  0.97s           2023-11-06T13:14:26
/opt/airflow/dags/script.py                                  1           0  3.97s           2023-11-06T13:14:29
/opt/airflow/dags/elastic_fetch.py                           1           0  0.80s           2023-11-06T13:14:29
================================================================================
[2023-11-06T13:15:11.577+0000] {manager.py:887} INFO - 
================================================================================
DAG File Processing Stats

File Path                           PID    Runtime      # DAGs    # Errors  Last Runtime    Last Run
----------------------------------  -----  ---------  --------  ----------  --------------  -------------------
/opt/airflow/dags/script2.py                                 1           0  1.18s           2023-11-06T13:14:57
/opt/airflow/dags/script.py                                  1           0  1.32s           2023-11-06T13:15:01
/opt/airflow/dags/elastic_fetch.py                           1           0  1.33s           2023-11-06T13:15:01
================================================================================
[2023-11-06T13:15:41.791+0000] {manager.py:887} INFO - 
================================================================================
DAG File Processing Stats

File Path                           PID    Runtime      # DAGs    # Errors  Last Runtime    Last Run
----------------------------------  -----  ---------  --------  ----------  --------------  -------------------
/opt/airflow/dags/script2.py                                 1           0  0.54s           2023-11-06T13:15:28
/opt/airflow/dags/script.py                                  1           0  0.92s           2023-11-06T13:15:32
/opt/airflow/dags/elastic_fetch.py                           1           0  0.72s           2023-11-06T13:15:32
================================================================================
[2023-11-06T13:16:12.394+0000] {manager.py:887} INFO - 
================================================================================
DAG File Processing Stats

File Path                           PID    Runtime      # DAGs    # Errors  Last Runtime    Last Run
----------------------------------  -----  ---------  --------  ----------  --------------  -------------------
/opt/airflow/dags/script2.py                                 1           0  0.95s           2023-11-06T13:15:59
/opt/airflow/dags/script.py                                  1           0  0.51s           2023-11-06T13:16:03
/opt/airflow/dags/elastic_fetch.py                           1           0  0.60s           2023-11-06T13:15:48
================================================================================
[2023-11-06T13:16:42.471+0000] {manager.py:887} INFO - 
================================================================================
DAG File Processing Stats

File Path                             PID  Runtime      # DAGs    # Errors  Last Runtime    Last Run
----------------------------------  -----  ---------  --------  ----------  --------------  -------------------
/opt/airflow/dags/script2.py          319  12.77s            1           0  0.95s           2023-11-06T13:15:59
/opt/airflow/dags/script.py           320  8.70s             1           0  0.51s           2023-11-06T13:16:03
/opt/airflow/dags/elastic_fetch.py                           1           0  0.46s           2023-11-06T13:16:18
================================================================================
[2023-11-06T13:17:12.802+0000] {manager.py:887} INFO - 
================================================================================
DAG File Processing Stats

File Path                           PID    Runtime      # DAGs    # Errors  Last Runtime    Last Run
----------------------------------  -----  ---------  --------  ----------  --------------  -------------------
/opt/airflow/dags/script2.py                                 1           0  14.20s          2023-11-06T13:16:43
/opt/airflow/dags/script.py                                  1           0  10.19s          2023-11-06T13:16:43
/opt/airflow/dags/elastic_fetch.py                           1           0  0.66s           2023-11-06T13:16:49
================================================================================
[2023-11-06T13:17:42.842+0000] {manager.py:887} INFO - 
================================================================================
DAG File Processing Stats

File Path                           PID    Runtime      # DAGs    # Errors  Last Runtime    Last Run
----------------------------------  -----  ---------  --------  ----------  --------------  -------------------
/opt/airflow/dags/script2.py                                 1           0  3.05s           2023-11-06T13:17:17
/opt/airflow/dags/script.py                                  1           0  7.51s           2023-11-06T13:17:21
/opt/airflow/dags/elastic_fetch.py                           1           0  0.52s           2023-11-06T13:17:20
================================================================================
[2023-11-06T13:17:57.530+0000] {manager.py:755} INFO - Searching for files in /opt/airflow/dags
[2023-11-06T13:17:57.991+0000] {manager.py:758} INFO - There are 3 files in /opt/airflow/dags
[2023-11-06T13:18:13.684+0000] {manager.py:887} INFO - 
================================================================================
DAG File Processing Stats

File Path                           PID    Runtime      # DAGs    # Errors  Last Runtime    Last Run
----------------------------------  -----  ---------  --------  ----------  --------------  -------------------
/opt/airflow/dags/script2.py                                 1           0  22.96s          2023-11-06T13:18:10
/opt/airflow/dags/script.py                                  1           0  1.80s           2023-11-06T13:17:56
/opt/airflow/dags/elastic_fetch.py                           1           0  3.36s           2023-11-06T13:17:54
================================================================================
[2023-11-06T13:18:44.046+0000] {manager.py:887} INFO - 
================================================================================
DAG File Processing Stats

File Path                           PID    Runtime      # DAGs    # Errors  Last Runtime    Last Run
----------------------------------  -----  ---------  --------  ----------  --------------  -------------------
/opt/airflow/dags/script2.py                                 1           0  0.43s           2023-11-06T13:18:41
/opt/airflow/dags/script.py                                  1           0  0.71s           2023-11-06T13:18:27
/opt/airflow/dags/elastic_fetch.py                           1           0  1.07s           2023-11-06T13:18:25
================================================================================
[2023-11-06T13:19:14.749+0000] {manager.py:887} INFO - 
================================================================================
DAG File Processing Stats

File Path                             PID  Runtime      # DAGs    # Errors  Last Runtime    Last Run
----------------------------------  -----  ---------  --------  ----------  --------------  -------------------
/opt/airflow/dags/script2.py          368  3.03s             1           0  0.43s           2023-11-06T13:18:41
/opt/airflow/dags/script.py                                  1           0  0.48s           2023-11-06T13:18:58
/opt/airflow/dags/elastic_fetch.py                           1           0  0.43s           2023-11-06T13:18:56
================================================================================
[2023-11-06T13:19:44.775+0000] {manager.py:887} INFO - 
================================================================================
DAG File Processing Stats

File Path                           PID    Runtime      # DAGs    # Errors  Last Runtime    Last Run
----------------------------------  -----  ---------  --------  ----------  --------------  -------------------
/opt/airflow/dags/script2.py                                 1           0  3.37s           2023-11-06T13:19:15
/opt/airflow/dags/script.py                                  1           0  0.45s           2023-11-06T13:19:29
/opt/airflow/dags/elastic_fetch.py                           1           0  0.41s           2023-11-06T13:19:27
================================================================================
[2023-11-06T13:20:15.262+0000] {manager.py:887} INFO - 
================================================================================
DAG File Processing Stats

File Path                           PID    Runtime      # DAGs    # Errors  Last Runtime    Last Run
----------------------------------  -----  ---------  --------  ----------  --------------  -------------------
/opt/airflow/dags/script2.py                                 1           0  0.51s           2023-11-06T13:19:46
/opt/airflow/dags/script.py                                  1           0  0.92s           2023-11-06T13:20:01
/opt/airflow/dags/elastic_fetch.py                           1           0  0.40s           2023-11-06T13:19:58
================================================================================
[2023-11-06T13:20:45.514+0000] {manager.py:887} INFO - 
================================================================================
DAG File Processing Stats

File Path                           PID    Runtime      # DAGs    # Errors  Last Runtime    Last Run
----------------------------------  -----  ---------  --------  ----------  --------------  -------------------
/opt/airflow/dags/script2.py                                 1           0  0.38s           2023-11-06T13:20:16
/opt/airflow/dags/script.py                                  1           0  1.51s           2023-11-06T13:20:32
/opt/airflow/dags/elastic_fetch.py                           1           0  0.58s           2023-11-06T13:20:29
================================================================================
[2023-11-06T13:21:16.229+0000] {manager.py:887} INFO - 
================================================================================
DAG File Processing Stats

File Path                           PID    Runtime      # DAGs    # Errors  Last Runtime    Last Run
----------------------------------  -----  ---------  --------  ----------  --------------  -------------------
/opt/airflow/dags/script2.py                                 1           0  0.81s           2023-11-06T13:20:47
/opt/airflow/dags/script.py                                  1           0  0.45s           2023-11-06T13:21:03
/opt/airflow/dags/elastic_fetch.py                           1           0  0.49s           2023-11-06T13:21:00
================================================================================
[2023-11-06T13:21:46.896+0000] {manager.py:887} INFO - 
================================================================================
DAG File Processing Stats

File Path                           PID    Runtime      # DAGs    # Errors  Last Runtime    Last Run
----------------------------------  -----  ---------  --------  ----------  --------------  -------------------
/opt/airflow/dags/script2.py                                 1           0  0.55s           2023-11-06T13:21:18
/opt/airflow/dags/script.py                                  1           0  0.86s           2023-11-06T13:21:34
/opt/airflow/dags/elastic_fetch.py                           1           0  0.59s           2023-11-06T13:21:31
================================================================================
[2023-11-06T13:22:17.902+0000] {manager.py:887} INFO - 
================================================================================
DAG File Processing Stats

File Path                             PID  Runtime      # DAGs    # Errors  Last Runtime    Last Run
----------------------------------  -----  ---------  --------  ----------  --------------  -------------------
/opt/airflow/dags/script2.py                                 1           0  2.04s           2023-11-06T13:21:50
/opt/airflow/dags/script.py                                  1           0  0.85s           2023-11-06T13:22:05
/opt/airflow/dags/elastic_fetch.py    448  0.01s             1           0  0.61s           2023-11-06T13:22:02
================================================================================
[2023-11-06T13:22:48.391+0000] {manager.py:887} INFO - 
================================================================================
DAG File Processing Stats

File Path                           PID    Runtime      # DAGs    # Errors  Last Runtime    Last Run
----------------------------------  -----  ---------  --------  ----------  --------------  -------------------
/opt/airflow/dags/elastic_fetch.py                           0           1  0.48s           2023-11-06T13:22:35
/opt/airflow/dags/script2.py                                 1           0  3.50s           2023-11-06T13:22:24
/opt/airflow/dags/script.py                                  1           0  0.73s           2023-11-06T13:22:37
================================================================================
[2023-11-06T13:22:57.566+0000] {manager.py:755} INFO - Searching for files in /opt/airflow/dags
[2023-11-06T13:22:57.578+0000] {manager.py:758} INFO - There are 3 files in /opt/airflow/dags
[2023-11-06T13:23:18.827+0000] {manager.py:887} INFO - 
================================================================================
DAG File Processing Stats

File Path                           PID    Runtime      # DAGs    # Errors  Last Runtime    Last Run
----------------------------------  -----  ---------  --------  ----------  --------------  -------------------
/opt/airflow/dags/elastic_fetch.py                           0           1  0.93s           2023-11-06T13:23:17
/opt/airflow/dags/script2.py                                 1           0  0.68s           2023-11-06T13:22:55
/opt/airflow/dags/script.py                                  1           0  2.96s           2023-11-06T13:23:10
================================================================================
[2023-11-06T13:23:48.919+0000] {manager.py:887} INFO - 
================================================================================
DAG File Processing Stats

File Path                           PID    Runtime      # DAGs    # Errors  Last Runtime    Last Run
----------------------------------  -----  ---------  --------  ----------  --------------  -------------------
/opt/airflow/dags/script2.py                                 1           0  0.49s           2023-11-06T13:23:26
/opt/airflow/dags/script.py                                  1           0  1.11s           2023-11-06T13:23:42
/opt/airflow/dags/elastic_fetch.py                           1           0  0.73s           2023-11-06T13:23:48
================================================================================
[2023-11-06T13:24:18.926+0000] {manager.py:887} INFO - 
================================================================================
DAG File Processing Stats

File Path                           PID    Runtime      # DAGs    # Errors  Last Runtime    Last Run
----------------------------------  -----  ---------  --------  ----------  --------------  -------------------
/opt/airflow/dags/script2.py                                 1           0  0.92s           2023-11-06T13:23:57
/opt/airflow/dags/script.py                                  1           0  1.37s           2023-11-06T13:24:13
/opt/airflow/dags/elastic_fetch.py                           1           0  2.76s           2023-11-06T13:24:13
================================================================================
[2023-11-06T13:24:49.213+0000] {manager.py:887} INFO - 
================================================================================
DAG File Processing Stats

File Path                           PID    Runtime      # DAGs    # Errors  Last Runtime    Last Run
----------------------------------  -----  ---------  --------  ----------  --------------  -------------------
/opt/airflow/dags/script2.py                                 1           0  0.90s           2023-11-06T13:24:28
/opt/airflow/dags/script.py                                  1           0  4.79s           2023-11-06T13:24:48
/opt/airflow/dags/elastic_fetch.py                           1           0  3.99s           2023-11-06T13:24:48
================================================================================
[2023-11-06T13:25:19.487+0000] {manager.py:887} INFO - 
================================================================================
DAG File Processing Stats

File Path                           PID    Runtime      # DAGs    # Errors  Last Runtime    Last Run
----------------------------------  -----  ---------  --------  ----------  --------------  -------------------
/opt/airflow/dags/script2.py                                 1           0  0.48s           2023-11-06T13:24:59
/opt/airflow/dags/script.py                                  1           0  0.48s           2023-11-06T13:25:19
/opt/airflow/dags/elastic_fetch.py                           1           0  0.52s           2023-11-06T13:25:18
================================================================================
[2023-11-06T13:25:49.641+0000] {manager.py:887} INFO - 
================================================================================
DAG File Processing Stats

File Path                             PID  Runtime      # DAGs    # Errors  Last Runtime    Last Run
----------------------------------  -----  ---------  --------  ----------  --------------  -------------------
/opt/airflow/dags/script2.py                                 1           0  2.93s           2023-11-06T13:25:32
/opt/airflow/dags/script.py           527  0.01s             1           0  0.48s           2023-11-06T13:25:19
/opt/airflow/dags/elastic_fetch.py    519  0.39s             1           0  0.52s           2023-11-06T13:25:18
================================================================================
[2023-11-06T13:26:21.137+0000] {manager.py:887} INFO - 
================================================================================
DAG File Processing Stats

File Path                             PID  Runtime      # DAGs    # Errors  Last Runtime    Last Run
----------------------------------  -----  ---------  --------  ----------  --------------  -------------------
/opt/airflow/dags/script2.py                                 1           0  12.65s          2023-11-06T13:26:15
/opt/airflow/dags/script.py           536  0.08s             1           0  0.49s           2023-11-06T13:25:50
/opt/airflow/dags/elastic_fetch.py                           1           0  13.83s          2023-11-06T13:26:15
================================================================================
[2023-11-06T13:26:51.757+0000] {manager.py:887} INFO - 
================================================================================
DAG File Processing Stats

File Path                             PID  Runtime      # DAGs    # Errors  Last Runtime    Last Run
----------------------------------  -----  ---------  --------  ----------  --------------  -------------------
/opt/airflow/dags/script2.py          539  6.09s             1           0  12.65s          2023-11-06T13:26:15
/opt/airflow/dags/script.py                                  1           0  5.58s           2023-11-06T13:26:26
/opt/airflow/dags/elastic_fetch.py    538  6.11s             1           0  13.83s          2023-11-06T13:26:15
================================================================================
[2023-11-06T13:27:21.952+0000] {manager.py:887} INFO - 
================================================================================
DAG File Processing Stats

File Path                           PID    Runtime      # DAGs    # Errors  Last Runtime    Last Run
----------------------------------  -----  ---------  --------  ----------  --------------  -------------------
/opt/airflow/dags/script2.py                                 1           0  7.94s           2023-11-06T13:26:53
/opt/airflow/dags/script.py                                  1           0  0.79s           2023-11-06T13:26:57
/opt/airflow/dags/elastic_fetch.py                           1           0  8.14s           2023-11-06T13:26:53
================================================================================
[2023-11-06T13:27:52.035+0000] {manager.py:887} INFO - 
================================================================================
DAG File Processing Stats

File Path                           PID    Runtime      # DAGs    # Errors  Last Runtime    Last Run
----------------------------------  -----  ---------  --------  ----------  --------------  -------------------
/opt/airflow/dags/script2.py                                 1           0  2.76s           2023-11-06T13:27:26
/opt/airflow/dags/script.py                                  1           0  0.81s           2023-11-06T13:27:28
/opt/airflow/dags/elastic_fetch.py                           1           0  1.79s           2023-11-06T13:27:25
================================================================================
[2023-11-06T13:27:58.336+0000] {manager.py:755} INFO - Searching for files in /opt/airflow/dags
[2023-11-06T13:27:58.358+0000] {manager.py:758} INFO - There are 3 files in /opt/airflow/dags
[2023-11-06T13:28:22.239+0000] {manager.py:887} INFO - 
================================================================================
DAG File Processing Stats

File Path                           PID    Runtime      # DAGs    # Errors  Last Runtime    Last Run
----------------------------------  -----  ---------  --------  ----------  --------------  -------------------
/opt/airflow/dags/script2.py                                 1           0  2.25s           2023-11-06T13:27:58
/opt/airflow/dags/script.py                                  1           0  8.75s           2023-11-06T13:28:07
/opt/airflow/dags/elastic_fetch.py                           1           0  2.52s           2023-11-06T13:27:58
================================================================================
[2023-11-06T13:28:52.421+0000] {manager.py:887} INFO - 
================================================================================
DAG File Processing Stats

File Path                           PID    Runtime      # DAGs    # Errors  Last Runtime    Last Run
----------------------------------  -----  ---------  --------  ----------  --------------  -------------------
/opt/airflow/dags/script2.py                                 1           0  5.99s           2023-11-06T13:28:35
/opt/airflow/dags/script.py                                  1           0  0.52s           2023-11-06T13:28:38
/opt/airflow/dags/elastic_fetch.py                           1           0  6.23s           2023-11-06T13:28:35
================================================================================
[2023-11-06T13:29:22.702+0000] {manager.py:887} INFO - 
================================================================================
DAG File Processing Stats

File Path                           PID    Runtime      # DAGs    # Errors  Last Runtime    Last Run
----------------------------------  -----  ---------  --------  ----------  --------------  -------------------
/opt/airflow/dags/script2.py                                 1           0  1.08s           2023-11-06T13:29:06
/opt/airflow/dags/script.py                                  1           0  0.98s           2023-11-06T13:29:09
/opt/airflow/dags/elastic_fetch.py                           1           0  1.09s           2023-11-06T13:29:06
================================================================================
[2023-11-06T13:29:53.194+0000] {manager.py:887} INFO - 
================================================================================
DAG File Processing Stats

File Path                           PID    Runtime      # DAGs    # Errors  Last Runtime    Last Run
----------------------------------  -----  ---------  --------  ----------  --------------  -------------------
/opt/airflow/dags/script2.py                                 1           0  2.32s           2023-11-06T13:29:39
/opt/airflow/dags/script.py                                  1           0  0.98s           2023-11-06T13:29:41
/opt/airflow/dags/elastic_fetch.py                           1           0  2.20s           2023-11-06T13:29:39
================================================================================
[2023-11-06T13:30:23.281+0000] {manager.py:887} INFO - 
================================================================================
DAG File Processing Stats

File Path                           PID    Runtime      # DAGs    # Errors  Last Runtime    Last Run
----------------------------------  -----  ---------  --------  ----------  --------------  -------------------
/opt/airflow/dags/script2.py                                 1           0  2.80s           2023-11-06T13:30:12
/opt/airflow/dags/script.py                                  1           0  1.53s           2023-11-06T13:30:13
/opt/airflow/dags/elastic_fetch.py                           1           0  2.55s           2023-11-06T13:30:11
================================================================================
[2023-11-06T13:30:54.101+0000] {manager.py:887} INFO - 
================================================================================
DAG File Processing Stats

File Path                           PID    Runtime      # DAGs    # Errors  Last Runtime    Last Run
----------------------------------  -----  ---------  --------  ----------  --------------  -------------------
/opt/airflow/dags/script2.py                                 1           0  0.79s           2023-11-06T13:30:43
/opt/airflow/dags/script.py                                  1           0  1.09s           2023-11-06T13:30:45
/opt/airflow/dags/elastic_fetch.py                           1           0  6.00s           2023-11-06T13:30:39
================================================================================
[2023-11-06T13:31:24.228+0000] {manager.py:887} INFO - 
================================================================================
DAG File Processing Stats

File Path                           PID    Runtime      # DAGs    # Errors  Last Runtime    Last Run
----------------------------------  -----  ---------  --------  ----------  --------------  -------------------
/opt/airflow/dags/script2.py                                 1           0  8.92s           2023-11-06T13:31:22
/opt/airflow/dags/script.py                                  1           0  7.67s           2023-11-06T13:31:23
/opt/airflow/dags/elastic_fetch.py                           1           0  1.55s           2023-11-06T13:31:11
================================================================================
[2023-11-06T13:31:54.661+0000] {manager.py:887} INFO - 
================================================================================
DAG File Processing Stats

File Path                             PID  Runtime      # DAGs    # Errors  Last Runtime    Last Run
----------------------------------  -----  ---------  --------  ----------  --------------  -------------------
/opt/airflow/dags/script2.py          637  1.21s             1           0  8.92s           2023-11-06T13:31:22
/opt/airflow/dags/script.py           636  1.25s             1           0  7.67s           2023-11-06T13:31:23
/opt/airflow/dags/elastic_fetch.py                           1           0  2.06s           2023-11-06T13:31:44
================================================================================
[2023-11-06T13:32:25.170+0000] {manager.py:887} INFO - 
================================================================================
DAG File Processing Stats

File Path                           PID    Runtime      # DAGs    # Errors  Last Runtime    Last Run
----------------------------------  -----  ---------  --------  ----------  --------------  -------------------
/opt/airflow/dags/script2.py                                 1           0  14.92s          2023-11-06T13:32:08
/opt/airflow/dags/script.py                                  1           0  15.38s          2023-11-06T13:32:08
/opt/airflow/dags/elastic_fetch.py                           1           0  10.74s          2023-11-06T13:32:25
================================================================================
[2023-11-06T13:32:55.517+0000] {manager.py:887} INFO - 
================================================================================
DAG File Processing Stats

File Path                             PID  Runtime      # DAGs    # Errors  Last Runtime    Last Run
----------------------------------  -----  ---------  --------  ----------  --------------  -------------------
/opt/airflow/dags/script2.py                                 1           0  13.93s          2023-11-06T13:32:52
/opt/airflow/dags/script.py                                  1           0  13.55s          2023-11-06T13:32:52
/opt/airflow/dags/elastic_fetch.py    659  0.01s             1           0  10.74s          2023-11-06T13:32:25
================================================================================
[2023-11-06T13:32:58.581+0000] {manager.py:755} INFO - Searching for files in /opt/airflow/dags
[2023-11-06T13:32:58.616+0000] {manager.py:758} INFO - There are 3 files in /opt/airflow/dags
[2023-11-06T13:33:25.733+0000] {manager.py:887} INFO - 
================================================================================
DAG File Processing Stats

File Path                             PID  Runtime      # DAGs    # Errors  Last Runtime    Last Run
----------------------------------  -----  ---------  --------  ----------  --------------  -------------------
/opt/airflow/dags/script2.py                                 1           0  0.80s           2023-11-06T13:33:23
/opt/airflow/dags/script.py           667  2.84s             1           0  13.55s          2023-11-06T13:32:52
/opt/airflow/dags/elastic_fetch.py                           1           0  1.37s           2023-11-06T13:32:56
================================================================================
[2023-11-06T13:33:55.769+0000] {manager.py:887} INFO - 
================================================================================
DAG File Processing Stats

File Path                             PID  Runtime      # DAGs    # Errors  Last Runtime    Last Run
----------------------------------  -----  ---------  --------  ----------  --------------  -------------------
/opt/airflow/dags/script2.py          680  2.02s             1           0  0.80s           2023-11-06T13:33:23
/opt/airflow/dags/script.py                                  1           0  3.53s           2023-11-06T13:33:26
/opt/airflow/dags/elastic_fetch.py                           1           0  0.66s           2023-11-06T13:33:49
================================================================================
[2023-11-06T13:34:26.589+0000] {manager.py:887} INFO - 
================================================================================
DAG File Processing Stats

File Path                             PID  Runtime      # DAGs    # Errors  Last Runtime    Last Run
----------------------------------  -----  ---------  --------  ----------  --------------  -------------------
/opt/airflow/dags/script2.py          690  0.01s             1           0  2.60s           2023-11-06T13:33:56
/opt/airflow/dags/script.py                                  1           0  0.64s           2023-11-06T13:33:57
/opt/airflow/dags/elastic_fetch.py                           1           0  0.96s           2023-11-06T13:33:57
================================================================================
[2023-11-06T13:34:57.063+0000] {manager.py:887} INFO - 
================================================================================
DAG File Processing Stats

File Path                           PID    Runtime      # DAGs    # Errors  Last Runtime    Last Run
----------------------------------  -----  ---------  --------  ----------  --------------  -------------------
/opt/airflow/dags/script2.py                                 1           0  2.13s           2023-11-06T13:34:28
/opt/airflow/dags/script.py                                  1           0  3.06s           2023-11-06T13:34:31
/opt/airflow/dags/elastic_fetch.py                           1           0  3.45s           2023-11-06T13:34:31
================================================================================
[2023-11-06T13:35:27.348+0000] {manager.py:887} INFO - 
================================================================================
DAG File Processing Stats

File Path                           PID    Runtime      # DAGs    # Errors  Last Runtime    Last Run
----------------------------------  -----  ---------  --------  ----------  --------------  -------------------
/opt/airflow/dags/script2.py                                 1           0  3.63s           2023-11-06T13:35:02
/opt/airflow/dags/script.py                                  1           0  1.28s           2023-11-06T13:35:04
/opt/airflow/dags/elastic_fetch.py                           1           0  1.81s           2023-11-06T13:35:03
================================================================================
[2023-11-06T13:35:57.434+0000] {manager.py:887} INFO - 
================================================================================
DAG File Processing Stats

File Path                           PID    Runtime      # DAGs    # Errors  Last Runtime    Last Run
----------------------------------  -----  ---------  --------  ----------  --------------  -------------------
/opt/airflow/dags/script2.py                                 1           0  0.90s           2023-11-06T13:35:34
/opt/airflow/dags/script.py                                  1           0  0.98s           2023-11-06T13:35:35
/opt/airflow/dags/elastic_fetch.py                           1           0  0.88s           2023-11-06T13:35:34
================================================================================
[2023-11-06T13:36:27.900+0000] {manager.py:887} INFO - 
================================================================================
DAG File Processing Stats

File Path                           PID    Runtime      # DAGs    # Errors  Last Runtime    Last Run
----------------------------------  -----  ---------  --------  ----------  --------------  -------------------
/opt/airflow/dags/script2.py                                 1           0  2.24s           2023-11-06T13:36:06
/opt/airflow/dags/script.py                                  1           0  0.85s           2023-11-06T13:36:06
/opt/airflow/dags/elastic_fetch.py                           1           0  1.15s           2023-11-06T13:36:05
================================================================================
[2023-11-06T13:36:58.375+0000] {manager.py:887} INFO - 
================================================================================
DAG File Processing Stats

File Path                           PID    Runtime      # DAGs    # Errors  Last Runtime    Last Run
----------------------------------  -----  ---------  --------  ----------  --------------  -------------------
/opt/airflow/dags/script2.py                                 1           0  0.80s           2023-11-06T13:36:40
/opt/airflow/dags/script.py                                  1           0  2.71s           2023-11-06T13:36:39
/opt/airflow/dags/elastic_fetch.py                           1           0  3.40s           2023-11-06T13:36:39
================================================================================
[2023-11-06T13:37:28.896+0000] {manager.py:887} INFO - 
================================================================================
DAG File Processing Stats

File Path                           PID    Runtime      # DAGs    # Errors  Last Runtime    Last Run
----------------------------------  -----  ---------  --------  ----------  --------------  -------------------
/opt/airflow/dags/script2.py                                 1           0  1.25s           2023-11-06T13:37:11
/opt/airflow/dags/script.py                                  1           0  1.01s           2023-11-06T13:37:10
/opt/airflow/dags/elastic_fetch.py                           1           0  1.19s           2023-11-06T13:37:10
================================================================================
[2023-11-06T13:37:58.943+0000] {manager.py:755} INFO - Searching for files in /opt/airflow/dags
[2023-11-06T13:37:59.406+0000] {manager.py:758} INFO - There are 3 files in /opt/airflow/dags
[2023-11-06T13:37:59.930+0000] {manager.py:887} INFO - 
================================================================================
DAG File Processing Stats

File Path                             PID  Runtime      # DAGs    # Errors  Last Runtime    Last Run
----------------------------------  -----  ---------  --------  ----------  --------------  -------------------
/opt/airflow/dags/script2.py                                 1           0  1.25s           2023-11-06T13:37:11
/opt/airflow/dags/script.py           758  18.58s            1           0  1.01s           2023-11-06T13:37:10
/opt/airflow/dags/elastic_fetch.py    757  18.79s            1           0  1.19s           2023-11-06T13:37:10
================================================================================
[2023-11-06T13:38:04.812+0000] {manager.py:469} INFO - Exiting gracefully upon receiving signal 15
[2023-11-06T13:38:10.558+0000] {manager.py:469} INFO - Exiting gracefully upon receiving signal 15
[2023-11-06T13:38:13.488+0000] {manager.py:469} INFO - Exiting gracefully upon receiving signal 15
[2023-11-06T13:45:15.393+0000] {manager.py:487} INFO - Processing files using up to 2 processes at a time 
[2023-11-06T13:45:15.397+0000] {manager.py:488} INFO - Process each file at most once every 30 seconds
[2023-11-06T13:45:15.398+0000] {manager.py:489} INFO - Checking for new files in /opt/airflow/dags every 300 seconds
[2023-11-06T13:45:15.398+0000] {manager.py:755} INFO - Searching for files in /opt/airflow/dags
[2023-11-06T13:45:15.437+0000] {manager.py:758} INFO - There are 3 files in /opt/airflow/dags
[2023-11-06T13:45:16.994+0000] {manager.py:887} INFO - 
================================================================================
DAG File Processing Stats

File Path                             PID  Runtime      # DAGs    # Errors  Last Runtime    Last Run
----------------------------------  -----  ---------  --------  ----------  --------------  ----------
/opt/airflow/dags/script2.py                                 0           0
/opt/airflow/dags/script.py            40  0.26s             0           0
/opt/airflow/dags/elastic_fetch.py     39  0.29s             0           0
================================================================================
[2023-11-06T13:45:47.028+0000] {manager.py:887} INFO - 
================================================================================
DAG File Processing Stats

File Path                           PID    Runtime      # DAGs    # Errors  Last Runtime    Last Run
----------------------------------  -----  ---------  --------  ----------  --------------  -------------------
/opt/airflow/dags/script2.py                                 1           0  1.73s           2023-11-06T13:45:21
/opt/airflow/dags/script.py                                  1           0  3.27s           2023-11-06T13:45:19
/opt/airflow/dags/elastic_fetch.py                           1           0  1.53s           2023-11-06T13:45:27
================================================================================
[2023-11-06T13:46:18.032+0000] {manager.py:887} INFO - 
================================================================================
DAG File Processing Stats

File Path                           PID    Runtime      # DAGs    # Errors  Last Runtime    Last Run
----------------------------------  -----  ---------  --------  ----------  --------------  -------------------
/opt/airflow/dags/script2.py                                 1           0  3.69s           2023-11-06T13:45:55
/opt/airflow/dags/script.py                                  1           0  5.65s           2023-11-06T13:45:55
/opt/airflow/dags/elastic_fetch.py                           1           0  0.87s           2023-11-06T13:45:58
================================================================================
[2023-11-06T13:46:48.438+0000] {manager.py:887} INFO - 
================================================================================
DAG File Processing Stats

File Path                           PID    Runtime      # DAGs    # Errors  Last Runtime    Last Run
----------------------------------  -----  ---------  --------  ----------  --------------  -------------------
/opt/airflow/dags/script2.py                                 1           0  5.04s           2023-11-06T13:46:31
/opt/airflow/dags/script.py                                  1           0  2.53s           2023-11-06T13:46:28
/opt/airflow/dags/elastic_fetch.py                           1           0  1.32s           2023-11-06T13:46:30
================================================================================
[2023-11-06T13:47:18.612+0000] {manager.py:887} INFO - 
================================================================================
DAG File Processing Stats

File Path                           PID    Runtime      # DAGs    # Errors  Last Runtime    Last Run
----------------------------------  -----  ---------  --------  ----------  --------------  -------------------
/opt/airflow/dags/script2.py                                 1           0  0.82s           2023-11-06T13:47:09
/opt/airflow/dags/script.py                                  1           0  10.30s          2023-11-06T13:47:09
/opt/airflow/dags/elastic_fetch.py                           1           0  7.65s           2023-11-06T13:47:08
================================================================================
[2023-11-06T13:47:48.773+0000] {manager.py:887} INFO - 
================================================================================
DAG File Processing Stats

File Path                           PID    Runtime      # DAGs    # Errors  Last Runtime    Last Run
----------------------------------  -----  ---------  --------  ----------  --------------  -------------------
/opt/airflow/dags/script2.py                                 1           0  0.63s           2023-11-06T13:47:40
/opt/airflow/dags/script.py                                  1           0  0.61s           2023-11-06T13:47:40
/opt/airflow/dags/elastic_fetch.py                           1           0  0.62s           2023-11-06T13:47:40
================================================================================
[2023-11-06T13:48:18.857+0000] {manager.py:887} INFO - 
================================================================================
DAG File Processing Stats

File Path                           PID    Runtime      # DAGs    # Errors  Last Runtime    Last Run
----------------------------------  -----  ---------  --------  ----------  --------------  -------------------
/opt/airflow/dags/script2.py                                 1           0  0.51s           2023-11-06T13:48:12
/opt/airflow/dags/script.py                                  1           0  0.90s           2023-11-06T13:48:11
/opt/airflow/dags/elastic_fetch.py                           1           0  0.73s           2023-11-06T13:48:11
================================================================================
[2023-11-06T13:48:49.383+0000] {manager.py:887} INFO - 
================================================================================
DAG File Processing Stats

File Path                           PID    Runtime      # DAGs    # Errors  Last Runtime    Last Run
----------------------------------  -----  ---------  --------  ----------  --------------  -------------------
/opt/airflow/dags/script2.py                                 1           0  0.97s           2023-11-06T13:48:43
/opt/airflow/dags/script.py                                  1           0  0.42s           2023-11-06T13:48:42
/opt/airflow/dags/elastic_fetch.py                           1           0  0.46s           2023-11-06T13:48:42
================================================================================
[2023-11-06T13:49:19.433+0000] {manager.py:887} INFO - 
================================================================================
DAG File Processing Stats

File Path                           PID    Runtime      # DAGs    # Errors  Last Runtime    Last Run
----------------------------------  -----  ---------  --------  ----------  --------------  -------------------
/opt/airflow/dags/script2.py                                 1           0  0.30s           2023-11-06T13:49:14
/opt/airflow/dags/script.py                                  1           0  0.88s           2023-11-06T13:49:13
/opt/airflow/dags/elastic_fetch.py                           1           0  0.54s           2023-11-06T13:49:13
================================================================================
[2023-11-06T13:49:49.690+0000] {manager.py:887} INFO - 
================================================================================
DAG File Processing Stats

File Path                           PID    Runtime      # DAGs    # Errors  Last Runtime    Last Run
----------------------------------  -----  ---------  --------  ----------  --------------  -------------------
/opt/airflow/dags/script2.py                                 1           0  0.69s           2023-11-06T13:49:45
/opt/airflow/dags/script.py                                  1           0  0.71s           2023-11-06T13:49:44
/opt/airflow/dags/elastic_fetch.py                           1           0  0.67s           2023-11-06T13:49:43
================================================================================
[2023-11-06T13:50:15.522+0000] {manager.py:755} INFO - Searching for files in /opt/airflow/dags
[2023-11-06T13:50:15.573+0000] {manager.py:758} INFO - There are 3 files in /opt/airflow/dags
[2023-11-06T13:50:19.913+0000] {manager.py:887} INFO - 
================================================================================
DAG File Processing Stats

File Path                             PID  Runtime      # DAGs    # Errors  Last Runtime    Last Run
----------------------------------  -----  ---------  --------  ----------  --------------  -------------------
/opt/airflow/dags/script2.py                                 1           0  0.69s           2023-11-06T13:49:45
/opt/airflow/dags/script.py           149  5.41s             1           0  0.71s           2023-11-06T13:49:44
/opt/airflow/dags/elastic_fetch.py    148  5.42s             1           0  0.67s           2023-11-06T13:49:43
================================================================================
[2023-11-06T13:50:50.397+0000] {manager.py:887} INFO - 
================================================================================
DAG File Processing Stats

File Path                             PID  Runtime      # DAGs    # Errors  Last Runtime    Last Run
----------------------------------  -----  ---------  --------  ----------  --------------  -------------------
/opt/airflow/dags/script2.py                                 1           0  1.06s           2023-11-06T13:50:21
/opt/airflow/dags/script.py           160  0.01s             1           0  5.66s           2023-11-06T13:50:20
/opt/airflow/dags/elastic_fetch.py    159  0.01s             1           0  5.71s           2023-11-06T13:50:20
================================================================================
[2023-11-06T13:51:20.435+0000] {manager.py:887} INFO - 
================================================================================
DAG File Processing Stats

File Path                           PID    Runtime      # DAGs    # Errors  Last Runtime    Last Run
----------------------------------  -----  ---------  --------  ----------  --------------  -------------------
/opt/airflow/dags/script2.py                                 1           0  0.52s           2023-11-06T13:50:52
/opt/airflow/dags/script.py                                  1           0  1.87s           2023-11-06T13:50:52
/opt/airflow/dags/elastic_fetch.py                           1           0  1.73s           2023-11-06T13:50:52
================================================================================
[2023-11-06T13:51:50.874+0000] {manager.py:887} INFO - 
================================================================================
DAG File Processing Stats

File Path                           PID    Runtime      # DAGs    # Errors  Last Runtime    Last Run
----------------------------------  -----  ---------  --------  ----------  --------------  -------------------
/opt/airflow/dags/script2.py                                 1           0  0.83s           2023-11-06T13:51:23
/opt/airflow/dags/script.py                                  1           0  0.44s           2023-11-06T13:51:22
/opt/airflow/dags/elastic_fetch.py                           1           0  0.41s           2023-11-06T13:51:22
================================================================================
[2023-11-06T13:52:21.975+0000] {manager.py:887} INFO - 
================================================================================
DAG File Processing Stats

File Path                           PID    Runtime      # DAGs    # Errors  Last Runtime    Last Run
----------------------------------  -----  ---------  --------  ----------  --------------  -------------------
/opt/airflow/dags/script2.py                                 1           0  0.50s           2023-11-06T13:51:54
/opt/airflow/dags/script.py                                  1           0  1.26s           2023-11-06T13:51:54
/opt/airflow/dags/elastic_fetch.py                           1           0  0.81s           2023-11-06T13:51:53
================================================================================
[2023-11-06T13:52:52.210+0000] {manager.py:887} INFO - 
================================================================================
DAG File Processing Stats

File Path                             PID  Runtime      # DAGs    # Errors  Last Runtime    Last Run
----------------------------------  -----  ---------  --------  ----------  --------------  -------------------
/opt/airflow/dags/script2.py          200  3.04s             1           0  0.50s           2023-11-06T13:51:54
/opt/airflow/dags/script.py                                  1           0  24.74s          2023-11-06T13:52:49
/opt/airflow/dags/elastic_fetch.py                           1           0  24.94s          2023-11-06T13:52:49
================================================================================
[2023-11-06T13:53:22.677+0000] {manager.py:887} INFO - 
================================================================================
DAG File Processing Stats

File Path                           PID    Runtime      # DAGs    # Errors  Last Runtime    Last Run
----------------------------------  -----  ---------  --------  ----------  --------------  -------------------
/opt/airflow/dags/elastic_fetch.py                           0           1  0.06s           2023-11-06T13:53:19
/opt/airflow/dags/script2.py                                 1           0  3.60s           2023-11-06T13:52:52
/opt/airflow/dags/script.py                                  1           0  0.42s           2023-11-06T13:53:19
================================================================================
[2023-11-06T13:53:52.820+0000] {manager.py:887} INFO - 
================================================================================
DAG File Processing Stats

File Path                           PID    Runtime      # DAGs    # Errors  Last Runtime    Last Run
----------------------------------  -----  ---------  --------  ----------  --------------  -------------------
/opt/airflow/dags/elastic_fetch.py                           0           1  0.07s           2023-11-06T13:53:49
/opt/airflow/dags/script2.py                                 1           0  0.56s           2023-11-06T13:53:23
/opt/airflow/dags/script.py                                  1           0  0.77s           2023-11-06T13:53:51
================================================================================
[2023-11-06T13:54:22.865+0000] {manager.py:887} INFO - 
================================================================================
DAG File Processing Stats

File Path                           PID    Runtime      # DAGs    # Errors  Last Runtime    Last Run
----------------------------------  -----  ---------  --------  ----------  --------------  -------------------
/opt/airflow/dags/elastic_fetch.py                           0           1  0.49s           2023-11-06T13:54:22
/opt/airflow/dags/script2.py                                 1           0  0.35s           2023-11-06T13:53:54
/opt/airflow/dags/script.py                                  1           0  0.51s           2023-11-06T13:54:22
================================================================================
[2023-11-06T13:54:52.907+0000] {manager.py:887} INFO - 
================================================================================
DAG File Processing Stats

File Path                             PID  Runtime      # DAGs    # Errors  Last Runtime    Last Run
----------------------------------  -----  ---------  --------  ----------  --------------  -------------------
/opt/airflow/dags/elastic_fetch.py                           0           1  0.36s           2023-11-06T13:54:41
/opt/airflow/dags/script2.py                                 1           0  1.57s           2023-11-06T13:54:25
/opt/airflow/dags/script.py           256  0.00s             1           0  0.51s           2023-11-06T13:54:22
================================================================================
[2023-11-06T13:55:15.722+0000] {manager.py:755} INFO - Searching for files in /opt/airflow/dags
[2023-11-06T13:55:15.728+0000] {manager.py:758} INFO - There are 3 files in /opt/airflow/dags
[2023-11-06T13:55:23.395+0000] {manager.py:887} INFO - 
================================================================================
DAG File Processing Stats

File Path                             PID  Runtime      # DAGs    # Errors  Last Runtime    Last Run
----------------------------------  -----  ---------  --------  ----------  --------------  -------------------
/opt/airflow/dags/script2.py                                 1           0  0.78s           2023-11-06T13:54:57
/opt/airflow/dags/script.py           267  0.01s             1           0  0.44s           2023-11-06T13:54:53
/opt/airflow/dags/elastic_fetch.py                           1           0  0.80s           2023-11-06T13:55:23
================================================================================
[2023-11-06T13:55:53.780+0000] {manager.py:887} INFO - 
================================================================================
DAG File Processing Stats

File Path                           PID    Runtime      # DAGs    # Errors  Last Runtime    Last Run
----------------------------------  -----  ---------  --------  ----------  --------------  -------------------
/opt/airflow/dags/script2.py                                 1           0  5.53s           2023-11-06T13:55:32
/opt/airflow/dags/script.py                                  1           0  0.70s           2023-11-06T13:55:24
/opt/airflow/dags/elastic_fetch.py                           1           0  5.18s           2023-11-06T13:55:31
================================================================================
[2023-11-06T13:56:24.052+0000] {manager.py:887} INFO - 
================================================================================
DAG File Processing Stats

File Path                           PID    Runtime      # DAGs    # Errors  Last Runtime    Last Run
----------------------------------  -----  ---------  --------  ----------  --------------  -------------------
/opt/airflow/dags/script2.py                                 1           0  0.67s           2023-11-06T13:56:03
/opt/airflow/dags/script.py                                  1           0  1.04s           2023-11-06T13:55:55
/opt/airflow/dags/elastic_fetch.py                           1           0  0.81s           2023-11-06T13:56:08
================================================================================
[2023-11-06T13:56:54.644+0000] {manager.py:887} INFO - 
================================================================================
DAG File Processing Stats

File Path                           PID    Runtime      # DAGs    # Errors  Last Runtime    Last Run
----------------------------------  -----  ---------  --------  ----------  --------------  -------------------
/opt/airflow/dags/script2.py                                 1           0  0.34s           2023-11-06T13:56:34
/opt/airflow/dags/script.py                                  1           0  0.23s           2023-11-06T13:56:25
/opt/airflow/dags/elastic_fetch.py                           1           0  0.34s           2023-11-06T13:56:50
================================================================================
[2023-11-06T13:57:25.093+0000] {manager.py:887} INFO - 
================================================================================
DAG File Processing Stats

File Path                           PID    Runtime      # DAGs    # Errors  Last Runtime    Last Run
----------------------------------  -----  ---------  --------  ----------  --------------  -------------------
/opt/airflow/dags/script2.py                                 1           0  0.44s           2023-11-06T13:57:05
/opt/airflow/dags/script.py                                  1           0  0.66s           2023-11-06T13:56:56
/opt/airflow/dags/elastic_fetch.py                           1           0  0.89s           2023-11-06T13:57:22
================================================================================
[2023-11-06T13:57:55.250+0000] {manager.py:887} INFO - 
================================================================================
DAG File Processing Stats

File Path                           PID    Runtime      # DAGs    # Errors  Last Runtime    Last Run
----------------------------------  -----  ---------  --------  ----------  --------------  -------------------
/opt/airflow/dags/script2.py                                 1           0  0.70s           2023-11-06T13:57:36
/opt/airflow/dags/script.py                                  1           0  0.48s           2023-11-06T13:57:27
/opt/airflow/dags/elastic_fetch.py                           1           0  1.73s           2023-11-06T13:57:53
================================================================================
[2023-11-06T13:58:25.901+0000] {manager.py:887} INFO - 
================================================================================
DAG File Processing Stats

File Path                           PID    Runtime      # DAGs    # Errors  Last Runtime    Last Run
----------------------------------  -----  ---------  --------  ----------  --------------  -------------------
/opt/airflow/dags/script2.py                                 1           0  0.46s           2023-11-06T13:58:06
/opt/airflow/dags/script.py                                  1           0  0.92s           2023-11-06T13:57:58
/opt/airflow/dags/elastic_fetch.py                           1           0  0.51s           2023-11-06T13:58:24
================================================================================
[2023-11-06T13:58:56.206+0000] {manager.py:887} INFO - 
================================================================================
DAG File Processing Stats

File Path                           PID    Runtime      # DAGs    # Errors  Last Runtime    Last Run
----------------------------------  -----  ---------  --------  ----------  --------------  -------------------
/opt/airflow/dags/script2.py                                 1           0  0.45s           2023-11-06T13:58:37
/opt/airflow/dags/script.py                                  1           0  1.09s           2023-11-06T13:58:30
/opt/airflow/dags/elastic_fetch.py                           1           0  0.32s           2023-11-06T13:58:55
================================================================================
[2023-11-06T13:59:26.871+0000] {manager.py:887} INFO - 
================================================================================
DAG File Processing Stats

File Path                           PID    Runtime      # DAGs    # Errors  Last Runtime    Last Run
----------------------------------  -----  ---------  --------  ----------  --------------  -------------------
/opt/airflow/dags/script2.py                                 1           0  1.88s           2023-11-06T13:59:09
/opt/airflow/dags/script.py                                  1           0  0.46s           2023-11-06T13:59:00
/opt/airflow/dags/elastic_fetch.py                           1           0  0.33s           2023-11-06T13:59:25
================================================================================
[2023-11-06T13:59:57.381+0000] {manager.py:887} INFO - 
================================================================================
DAG File Processing Stats

File Path                             PID  Runtime      # DAGs    # Errors  Last Runtime    Last Run
----------------------------------  -----  ---------  --------  ----------  --------------  -------------------
/opt/airflow/dags/script2.py                                 1           0  0.61s           2023-11-06T13:59:40
/opt/airflow/dags/script.py                                  1           0  0.33s           2023-11-06T13:59:31
/opt/airflow/dags/elastic_fetch.py    362  1.01s             1           0  0.33s           2023-11-06T13:59:25
================================================================================
[2023-11-06T14:00:16.088+0000] {manager.py:755} INFO - Searching for files in /opt/airflow/dags
[2023-11-06T14:00:16.091+0000] {manager.py:758} INFO - There are 3 files in /opt/airflow/dags
[2023-11-06T14:00:27.763+0000] {manager.py:887} INFO - 
================================================================================
DAG File Processing Stats

File Path                           PID    Runtime      # DAGs    # Errors  Last Runtime    Last Run
----------------------------------  -----  ---------  --------  ----------  --------------  -------------------
/opt/airflow/dags/script2.py                                 1           0  0.41s           2023-11-06T14:00:11
/opt/airflow/dags/script.py                                  1           0  1.24s           2023-11-06T14:00:02
/opt/airflow/dags/elastic_fetch.py                           1           0  1.98s           2023-11-06T13:59:58
================================================================================
[2023-11-06T14:00:57.793+0000] {manager.py:887} INFO - 
================================================================================
DAG File Processing Stats

File Path                           PID    Runtime      # DAGs    # Errors  Last Runtime    Last Run
----------------------------------  -----  ---------  --------  ----------  --------------  -------------------
/opt/airflow/dags/script2.py                                 1           0  0.65s           2023-11-06T14:00:41
/opt/airflow/dags/script.py                                  1           0  0.42s           2023-11-06T14:00:33
/opt/airflow/dags/elastic_fetch.py                           1           0  0.47s           2023-11-06T14:00:29
================================================================================
[2023-11-06T14:01:28.428+0000] {manager.py:887} INFO - 
================================================================================
DAG File Processing Stats

File Path                           PID    Runtime      # DAGs    # Errors  Last Runtime    Last Run
----------------------------------  -----  ---------  --------  ----------  --------------  -------------------
/opt/airflow/dags/script2.py                                 1           0  0.24s           2023-11-06T14:01:12
/opt/airflow/dags/script.py                                  1           0  0.49s           2023-11-06T14:01:04
/opt/airflow/dags/elastic_fetch.py                           1           0  0.44s           2023-11-06T14:01:00
================================================================================
[2023-11-06T14:01:58.917+0000] {manager.py:887} INFO - 
================================================================================
DAG File Processing Stats

File Path                           PID    Runtime      # DAGs    # Errors  Last Runtime    Last Run
----------------------------------  -----  ---------  --------  ----------  --------------  -------------------
/opt/airflow/dags/script2.py                                 1           0  0.33s           2023-11-06T14:01:43
/opt/airflow/dags/script.py                                  1           0  0.73s           2023-11-06T14:01:35
/opt/airflow/dags/elastic_fetch.py                           1           0  0.29s           2023-11-06T14:01:30
================================================================================
[2023-11-06T14:02:29.152+0000] {manager.py:887} INFO - 
================================================================================
DAG File Processing Stats

File Path                           PID    Runtime      # DAGs    # Errors  Last Runtime    Last Run
----------------------------------  -----  ---------  --------  ----------  --------------  -------------------
/opt/airflow/dags/script2.py                                 1           0  0.67s           2023-11-06T14:02:14
/opt/airflow/dags/script.py                                  1           0  0.43s           2023-11-06T14:02:05
/opt/airflow/dags/elastic_fetch.py                           1           0  0.57s           2023-11-06T14:02:01
================================================================================
[2023-11-06T14:02:59.229+0000] {manager.py:887} INFO - 
================================================================================
DAG File Processing Stats

File Path                           PID    Runtime      # DAGs    # Errors  Last Runtime    Last Run
----------------------------------  -----  ---------  --------  ----------  --------------  -------------------
/opt/airflow/dags/script2.py                                 1           0  0.78s           2023-11-06T14:02:45
/opt/airflow/dags/script.py                                  1           0  0.82s           2023-11-06T14:02:37
/opt/airflow/dags/elastic_fetch.py                           1           0  1.62s           2023-11-06T14:02:33
================================================================================
[2023-11-06T14:03:29.660+0000] {manager.py:887} INFO - 
================================================================================
DAG File Processing Stats

File Path                           PID    Runtime      # DAGs    # Errors  Last Runtime    Last Run
----------------------------------  -----  ---------  --------  ----------  --------------  -------------------
/opt/airflow/dags/script2.py                                 1           0  0.42s           2023-11-06T14:03:15
/opt/airflow/dags/script.py                                  1           0  0.66s           2023-11-06T14:03:08
/opt/airflow/dags/elastic_fetch.py                           1           0  0.49s           2023-11-06T14:03:04
================================================================================
[2023-11-06T14:03:59.916+0000] {manager.py:887} INFO - 
================================================================================
DAG File Processing Stats

File Path                           PID    Runtime      # DAGs    # Errors  Last Runtime    Last Run
----------------------------------  -----  ---------  --------  ----------  --------------  -------------------
/opt/airflow/dags/script2.py                                 1           0  0.69s           2023-11-06T14:03:46
/opt/airflow/dags/script.py                                  1           0  0.48s           2023-11-06T14:03:39
/opt/airflow/dags/elastic_fetch.py                           1           0  0.38s           2023-11-06T14:03:35
================================================================================
[2023-11-06T14:04:30.748+0000] {manager.py:887} INFO - 
================================================================================
DAG File Processing Stats

File Path                           PID    Runtime      # DAGs    # Errors  Last Runtime    Last Run
----------------------------------  -----  ---------  --------  ----------  --------------  -------------------
/opt/airflow/dags/script2.py                                 1           0  0.34s           2023-11-06T14:04:17
/opt/airflow/dags/script.py                                  1           0  0.21s           2023-11-06T14:04:09
/opt/airflow/dags/elastic_fetch.py                           1           0  0.30s           2023-11-06T14:04:05
================================================================================
[2023-11-06T14:05:00.756+0000] {manager.py:887} INFO - 
================================================================================
DAG File Processing Stats

File Path                           PID    Runtime      # DAGs    # Errors  Last Runtime    Last Run
----------------------------------  -----  ---------  --------  ----------  --------------  -------------------
/opt/airflow/dags/script2.py                                 1           0  0.42s           2023-11-06T14:04:48
/opt/airflow/dags/script.py                                  1           0  0.60s           2023-11-06T14:04:40
/opt/airflow/dags/elastic_fetch.py                           1           0  0.42s           2023-11-06T14:04:36
================================================================================
[2023-11-06T14:05:16.310+0000] {manager.py:755} INFO - Searching for files in /opt/airflow/dags
[2023-11-06T14:05:16.316+0000] {manager.py:758} INFO - There are 3 files in /opt/airflow/dags
[2023-11-06T14:05:30.992+0000] {manager.py:887} INFO - 
================================================================================
DAG File Processing Stats

File Path                           PID    Runtime      # DAGs    # Errors  Last Runtime    Last Run
----------------------------------  -----  ---------  --------  ----------  --------------  -------------------
/opt/airflow/dags/script2.py                                 1           0  1.15s           2023-11-06T14:05:20
/opt/airflow/dags/script.py                                  1           0  0.45s           2023-11-06T14:05:11
/opt/airflow/dags/elastic_fetch.py                           1           0  0.65s           2023-11-06T14:05:07
================================================================================
[2023-11-06T14:06:01.193+0000] {manager.py:887} INFO - 
================================================================================
DAG File Processing Stats

File Path                           PID    Runtime      # DAGs    # Errors  Last Runtime    Last Run
----------------------------------  -----  ---------  --------  ----------  --------------  -------------------
/opt/airflow/dags/script2.py                                 1           0  0.88s           2023-11-06T14:05:51
/opt/airflow/dags/script.py                                  1           0  0.66s           2023-11-06T14:05:42
/opt/airflow/dags/elastic_fetch.py                           1           0  0.60s           2023-11-06T14:05:38
================================================================================
[2023-11-06T14:06:31.473+0000] {manager.py:887} INFO - 
================================================================================
DAG File Processing Stats

File Path                           PID    Runtime      # DAGs    # Errors  Last Runtime    Last Run
----------------------------------  -----  ---------  --------  ----------  --------------  -------------------
/opt/airflow/dags/script2.py                                 1           0  0.32s           2023-11-06T14:06:21
/opt/airflow/dags/script.py                                  1           0  0.83s           2023-11-06T14:06:13
/opt/airflow/dags/elastic_fetch.py                           1           0  0.52s           2023-11-06T14:06:09
================================================================================
[2023-11-06T14:07:01.615+0000] {manager.py:887} INFO - 
================================================================================
DAG File Processing Stats

File Path                           PID    Runtime      # DAGs    # Errors  Last Runtime    Last Run
----------------------------------  -----  ---------  --------  ----------  --------------  -------------------
/opt/airflow/dags/script2.py                                 1           0  3.33s           2023-11-06T14:06:55
/opt/airflow/dags/script.py                                  1           0  0.68s           2023-11-06T14:06:44
/opt/airflow/dags/elastic_fetch.py                           1           0  0.34s           2023-11-06T14:06:40
================================================================================
[2023-11-06T14:07:32.222+0000] {manager.py:887} INFO - 
================================================================================
DAG File Processing Stats

File Path                           PID    Runtime      # DAGs    # Errors  Last Runtime    Last Run
----------------------------------  -----  ---------  --------  ----------  --------------  -------------------
/opt/airflow/dags/script2.py                                 1           0  0.51s           2023-11-06T14:07:26
/opt/airflow/dags/script.py                                  1           0  0.44s           2023-11-06T14:07:15
/opt/airflow/dags/elastic_fetch.py                           1           0  0.56s           2023-11-06T14:07:10
================================================================================
[2023-11-06T14:08:02.300+0000] {manager.py:887} INFO - 
================================================================================
DAG File Processing Stats

File Path                           PID    Runtime      # DAGs    # Errors  Last Runtime    Last Run
----------------------------------  -----  ---------  --------  ----------  --------------  -------------------
/opt/airflow/dags/script2.py                                 1           0  0.50s           2023-11-06T14:07:57
/opt/airflow/dags/script.py                                  1           0  0.57s           2023-11-06T14:07:46
/opt/airflow/dags/elastic_fetch.py                           1           0  0.48s           2023-11-06T14:07:41
================================================================================
[2023-11-06T14:08:32.625+0000] {manager.py:887} INFO - 
================================================================================
DAG File Processing Stats

File Path                           PID    Runtime      # DAGs    # Errors  Last Runtime    Last Run
----------------------------------  -----  ---------  --------  ----------  --------------  -------------------
/opt/airflow/dags/script2.py                                 1           0  0.61s           2023-11-06T14:08:28
/opt/airflow/dags/script.py                                  1           0  0.49s           2023-11-06T14:08:16
/opt/airflow/dags/elastic_fetch.py                           1           0  1.52s           2023-11-06T14:08:13
================================================================================
[2023-11-06T14:09:02.718+0000] {manager.py:887} INFO - 
================================================================================
DAG File Processing Stats

File Path                           PID    Runtime      # DAGs    # Errors  Last Runtime    Last Run
----------------------------------  -----  ---------  --------  ----------  --------------  -------------------
/opt/airflow/dags/script2.py                                 1           0  0.28s           2023-11-06T14:08:59
/opt/airflow/dags/script.py                                  1           0  0.26s           2023-11-06T14:08:47
/opt/airflow/dags/elastic_fetch.py                           1           0  0.24s           2023-11-06T14:08:44
================================================================================
[2023-11-06T14:09:33.040+0000] {manager.py:887} INFO - 
================================================================================
DAG File Processing Stats

File Path                           PID    Runtime      # DAGs    # Errors  Last Runtime    Last Run
----------------------------------  -----  ---------  --------  ----------  --------------  -------------------
/opt/airflow/dags/script2.py                                 1           0  0.22s           2023-11-06T14:09:30
/opt/airflow/dags/script.py                                  1           0  0.54s           2023-11-06T14:09:18
/opt/airflow/dags/elastic_fetch.py                           1           0  0.41s           2023-11-06T14:09:14
================================================================================
[2023-11-06T14:10:03.251+0000] {manager.py:887} INFO - 
================================================================================
DAG File Processing Stats

File Path                           PID    Runtime      # DAGs    # Errors  Last Runtime    Last Run
----------------------------------  -----  ---------  --------  ----------  --------------  -------------------
/opt/airflow/dags/script2.py                                 1           0  0.56s           2023-11-06T14:10:01
/opt/airflow/dags/script.py                                  1           0  0.44s           2023-11-06T14:09:48
/opt/airflow/dags/elastic_fetch.py                           1           0  0.47s           2023-11-06T14:09:45
================================================================================
[2023-11-06T14:10:16.316+0000] {manager.py:755} INFO - Searching for files in /opt/airflow/dags
[2023-11-06T14:10:16.320+0000] {manager.py:758} INFO - There are 3 files in /opt/airflow/dags
[2023-11-06T14:10:33.888+0000] {manager.py:887} INFO - 
================================================================================
DAG File Processing Stats

File Path                           PID    Runtime      # DAGs    # Errors  Last Runtime    Last Run
----------------------------------  -----  ---------  --------  ----------  --------------  -------------------
/opt/airflow/dags/script2.py                                 1           0  0.58s           2023-11-06T14:10:32
/opt/airflow/dags/script.py                                  1           0  0.44s           2023-11-06T14:10:19
/opt/airflow/dags/elastic_fetch.py                           1           0  0.48s           2023-11-06T14:10:16
================================================================================
[2023-11-06T14:29:00.104+0000] {manager.py:487} INFO - Processing files using up to 2 processes at a time 
[2023-11-06T14:29:00.106+0000] {manager.py:488} INFO - Process each file at most once every 30 seconds
[2023-11-06T14:29:00.108+0000] {manager.py:489} INFO - Checking for new files in /opt/airflow/dags every 300 seconds
[2023-11-06T14:29:00.109+0000] {manager.py:755} INFO - Searching for files in /opt/airflow/dags
[2023-11-06T14:29:00.141+0000] {manager.py:758} INFO - There are 3 files in /opt/airflow/dags
[2023-11-06T14:29:03.544+0000] {manager.py:887} INFO - 
================================================================================
DAG File Processing Stats

File Path                             PID  Runtime      # DAGs    # Errors  Last Runtime    Last Run
----------------------------------  -----  ---------  --------  ----------  --------------  ----------
/opt/airflow/dags/script2.py                                 0           0
/opt/airflow/dags/script.py            43  1.11s             0           0
/opt/airflow/dags/elastic_fetch.py     42  1.42s             0           0
================================================================================
[2023-11-06T14:29:33.883+0000] {manager.py:887} INFO - 
================================================================================
DAG File Processing Stats

File Path                           PID    Runtime      # DAGs    # Errors  Last Runtime    Last Run
----------------------------------  -----  ---------  --------  ----------  --------------  -------------------
/opt/airflow/dags/script2.py                                 1           0  2.90s           2023-11-06T14:29:10
/opt/airflow/dags/script.py                                  1           0  5.27s           2023-11-06T14:29:07
/opt/airflow/dags/elastic_fetch.py                           1           0  5.36s           2023-11-06T14:29:07
================================================================================
[2023-11-06T14:30:04.618+0000] {manager.py:887} INFO - 
================================================================================
DAG File Processing Stats

File Path                           PID    Runtime      # DAGs    # Errors  Last Runtime    Last Run
----------------------------------  -----  ---------  --------  ----------  --------------  -------------------
/opt/airflow/dags/script2.py                                 1           0  1.31s           2023-11-06T14:29:47
/opt/airflow/dags/script.py                                  1           0  15.23s          2023-11-06T14:29:53
/opt/airflow/dags/elastic_fetch.py                           1           0  7.59s           2023-11-06T14:29:46
================================================================================
[2023-11-06T14:30:34.853+0000] {manager.py:887} INFO - 
================================================================================
DAG File Processing Stats

File Path                           PID    Runtime      # DAGs    # Errors  Last Runtime    Last Run
----------------------------------  -----  ---------  --------  ----------  --------------  -------------------
/opt/airflow/dags/script2.py                                 1           0  1.96s           2023-11-06T14:30:19
/opt/airflow/dags/script.py                                  1           0  0.94s           2023-11-06T14:30:24
/opt/airflow/dags/elastic_fetch.py                           1           0  1.74s           2023-11-06T14:30:17
================================================================================
[2023-11-06T14:31:05.710+0000] {manager.py:887} INFO - 
================================================================================
DAG File Processing Stats

File Path                           PID    Runtime      # DAGs    # Errors  Last Runtime    Last Run
----------------------------------  -----  ---------  --------  ----------  --------------  -------------------
/opt/airflow/dags/script2.py                                 1           0  5.33s           2023-11-06T14:30:55
/opt/airflow/dags/script.py                                  1           0  1.07s           2023-11-06T14:30:56
/opt/airflow/dags/elastic_fetch.py                           1           0  7.66s           2023-11-06T14:30:55
================================================================================
[2023-11-06T14:31:35.835+0000] {manager.py:887} INFO - 
================================================================================
DAG File Processing Stats

File Path                           PID    Runtime      # DAGs    # Errors  Last Runtime    Last Run
----------------------------------  -----  ---------  --------  ----------  --------------  -------------------
/opt/airflow/dags/script2.py                                 1           0  1.38s           2023-11-06T14:31:27
/opt/airflow/dags/script.py                                  1           0  0.73s           2023-11-06T14:31:27
/opt/airflow/dags/elastic_fetch.py                           1           0  1.18s           2023-11-06T14:31:27
================================================================================
[2023-11-06T14:32:06.093+0000] {manager.py:887} INFO - 
================================================================================
DAG File Processing Stats

File Path                           PID    Runtime      # DAGs    # Errors  Last Runtime    Last Run
----------------------------------  -----  ---------  --------  ----------  --------------  -------------------
/opt/airflow/dags/script2.py                                 1           0  2.33s           2023-11-06T14:31:59
/opt/airflow/dags/script.py                                  1           0  1.72s           2023-11-06T14:32:00
/opt/airflow/dags/elastic_fetch.py                           1           0  1.58s           2023-11-06T14:31:59
================================================================================
[2023-11-06T14:32:36.183+0000] {manager.py:887} INFO - 
================================================================================
DAG File Processing Stats

File Path                           PID    Runtime      # DAGs    # Errors  Last Runtime    Last Run
----------------------------------  -----  ---------  --------  ----------  --------------  -------------------
/opt/airflow/dags/script2.py                                 1           0  4.07s           2023-11-06T14:32:34
/opt/airflow/dags/script.py                                  1           0  1.46s           2023-11-06T14:32:32
/opt/airflow/dags/elastic_fetch.py                           1           0  1.98s           2023-11-06T14:32:31
================================================================================
[2023-11-06T14:33:06.304+0000] {manager.py:887} INFO - 
================================================================================
DAG File Processing Stats

File Path                           PID    Runtime      # DAGs    # Errors  Last Runtime    Last Run
----------------------------------  -----  ---------  --------  ----------  --------------  -------------------
/opt/airflow/dags/script2.py                                 1           0  1.05s           2023-11-06T14:33:05
/opt/airflow/dags/script.py                                  1           0  2.73s           2023-11-06T14:33:05
/opt/airflow/dags/elastic_fetch.py                           1           0  0.79s           2023-11-06T14:33:02
================================================================================
[2023-11-06T14:33:36.566+0000] {manager.py:887} INFO - 
================================================================================
DAG File Processing Stats

File Path                           PID    Runtime      # DAGs    # Errors  Last Runtime    Last Run
----------------------------------  -----  ---------  --------  ----------  --------------  -------------------
/opt/airflow/dags/script2.py                                 1           0  0.72s           2023-11-06T14:33:36
/opt/airflow/dags/script.py                                  1           0  0.29s           2023-11-06T14:33:36
/opt/airflow/dags/elastic_fetch.py                           1           0  1.06s           2023-11-06T14:33:33
================================================================================
[2023-11-06T14:34:00.421+0000] {manager.py:755} INFO - Searching for files in /opt/airflow/dags
[2023-11-06T14:34:00.427+0000] {manager.py:758} INFO - There are 3 files in /opt/airflow/dags
[2023-11-06T14:46:29.010+0000] {manager.py:487} INFO - Processing files using up to 2 processes at a time 
[2023-11-06T14:46:29.020+0000] {manager.py:488} INFO - Process each file at most once every 30 seconds
[2023-11-06T14:46:29.023+0000] {manager.py:489} INFO - Checking for new files in /opt/airflow/dags every 300 seconds
[2023-11-06T14:46:29.031+0000] {manager.py:755} INFO - Searching for files in /opt/airflow/dags
[2023-11-06T14:46:29.940+0000] {manager.py:758} INFO - There are 3 files in /opt/airflow/dags
[2023-11-06T14:46:39.804+0000] {manager.py:887} INFO - 
================================================================================
DAG File Processing Stats

File Path                             PID  Runtime      # DAGs    # Errors  Last Runtime    Last Run
----------------------------------  -----  ---------  --------  ----------  --------------  ----------
/opt/airflow/dags/elastic_fetch.py     59  2.99s             0           0
/opt/airflow/dags/script.py            60  2.12s             0           0
/opt/airflow/dags/script2.py                                 0           0
================================================================================
[2023-11-06T14:47:11.548+0000] {manager.py:887} INFO - 
================================================================================
DAG File Processing Stats

File Path                             PID  Runtime      # DAGs    # Errors  Last Runtime    Last Run
----------------------------------  -----  ---------  --------  ----------  --------------  ----------
/opt/airflow/dags/elastic_fetch.py     59  34.07s            0           0
/opt/airflow/dags/script.py            60  33.21s            0           0
/opt/airflow/dags/script2.py                                 0           0
================================================================================
[2023-11-06T14:47:27.042+0000] {manager.py:1209} ERROR - Processor for /opt/airflow/dags/elastic_fetch.py with PID 59 started at 2023-11-06T14:46:36.712811+00:00 has timed out, killing it.
[2023-11-06T14:47:29.273+0000] {manager.py:1209} ERROR - Processor for /opt/airflow/dags/script.py with PID 60 started at 2023-11-06T14:46:37.575421+00:00 has timed out, killing it.
[2023-11-06T14:47:42.304+0000] {manager.py:887} INFO - 
================================================================================
DAG File Processing Stats

File Path                             PID  Runtime      # DAGs    # Errors  Last Runtime    Last Run
----------------------------------  -----  ---------  --------  ----------  --------------  -------------------
/opt/airflow/dags/elastic_fetch.py                           0           1  50.33s          2023-11-06T14:47:27
/opt/airflow/dags/script.py                                  0           1  51.70s          2023-11-06T14:47:29
/opt/airflow/dags/script2.py           75  13.82s            0           0
================================================================================
[2023-11-06T14:48:14.633+0000] {manager.py:887} INFO - 
================================================================================
DAG File Processing Stats

File Path                             PID  Runtime      # DAGs    # Errors  Last Runtime    Last Run
----------------------------------  -----  ---------  --------  ----------  --------------  -------------------
/opt/airflow/dags/elastic_fetch.py     82  16.09s            0           1  50.33s          2023-11-06T14:47:27
/opt/airflow/dags/script.py            83  13.48s            0           1  51.70s          2023-11-06T14:47:29
/opt/airflow/dags/script2.py                                 1           0  16.78s          2023-11-06T14:47:45
================================================================================
[2023-11-06T14:48:45.036+0000] {manager.py:887} INFO - 
================================================================================
DAG File Processing Stats

File Path                             PID  Runtime      # DAGs    # Errors  Last Runtime    Last Run
----------------------------------  -----  ---------  --------  ----------  --------------  -------------------
/opt/airflow/dags/elastic_fetch.py                           1           0  42.69s          2023-11-06T14:48:40
/opt/airflow/dags/script.py                                  1           0  40.67s          2023-11-06T14:48:40
/opt/airflow/dags/script2.py           91  4.23s             1           0  16.78s          2023-11-06T14:47:45
================================================================================
[2023-11-06T14:49:15.450+0000] {manager.py:887} INFO - 
================================================================================
DAG File Processing Stats

File Path                           PID    Runtime      # DAGs    # Errors  Last Runtime    Last Run
----------------------------------  -----  ---------  --------  ----------  --------------  -------------------
/opt/airflow/dags/elastic_fetch.py                           1           0  2.18s           2023-11-06T14:49:12
/opt/airflow/dags/script.py                                  1           0  1.65s           2023-11-06T14:49:13
/opt/airflow/dags/script2.py                                 1           0  8.68s           2023-11-06T14:48:49
================================================================================
[2023-11-06T14:49:45.604+0000] {manager.py:887} INFO - 
================================================================================
DAG File Processing Stats

File Path                           PID    Runtime      # DAGs    # Errors  Last Runtime    Last Run
----------------------------------  -----  ---------  --------  ----------  --------------  -------------------
/opt/airflow/dags/elastic_fetch.py                           1           0  1.05s           2023-11-06T14:49:43
/opt/airflow/dags/script.py                                  1           0  0.62s           2023-11-06T14:49:44
/opt/airflow/dags/script2.py                                 1           0  1.39s           2023-11-06T14:49:20
================================================================================
[2023-11-06T14:50:16.076+0000] {manager.py:887} INFO - 
================================================================================
DAG File Processing Stats

File Path                             PID  Runtime      # DAGs    # Errors  Last Runtime    Last Run
----------------------------------  -----  ---------  --------  ----------  --------------  -------------------
/opt/airflow/dags/elastic_fetch.py    133  1.78s             1           0  1.05s           2023-11-06T14:49:43
/opt/airflow/dags/script.py           134  1.17s             1           0  0.62s           2023-11-06T14:49:44
/opt/airflow/dags/script2.py                                 1           0  0.66s           2023-11-06T14:49:52
================================================================================
[2023-11-06T14:50:46.217+0000] {manager.py:887} INFO - 
================================================================================
DAG File Processing Stats

File Path                           PID    Runtime      # DAGs    # Errors  Last Runtime    Last Run
----------------------------------  -----  ---------  --------  ----------  --------------  -------------------
/opt/airflow/dags/elastic_fetch.py                           1           0  18.16s          2023-11-06T14:50:32
/opt/airflow/dags/script.py                                  1           0  19.88s          2023-11-06T14:50:34
/opt/airflow/dags/script2.py                                 1           0  9.35s           2023-11-06T14:50:41
================================================================================
[2023-11-06T14:51:28.242+0000] {manager.py:887} INFO - 
================================================================================
DAG File Processing Stats

File Path                             PID  Runtime      # DAGs    # Errors  Last Runtime    Last Run
----------------------------------  -----  ---------  --------  ----------  --------------  -------------------
/opt/airflow/dags/elastic_fetch.py    143  24.77s            1           0  18.16s          2023-11-06T14:50:32
/opt/airflow/dags/script.py           144  23.03s            1           0  19.88s          2023-11-06T14:50:34
/opt/airflow/dags/script2.py                                 1           0  9.35s           2023-11-06T14:50:41
================================================================================
[2023-11-06T14:51:29.302+0000] {manager.py:755} INFO - Searching for files in /opt/airflow/dags
[2023-11-06T14:51:29.731+0000] {manager.py:758} INFO - There are 3 files in /opt/airflow/dags
[2023-11-06T14:51:58.438+0000] {manager.py:887} INFO - 
================================================================================
DAG File Processing Stats

File Path                           PID    Runtime      # DAGs    # Errors  Last Runtime    Last Run
----------------------------------  -----  ---------  --------  ----------  --------------  -------------------
/opt/airflow/dags/elastic_fetch.py                           1           0  43.95s          2023-11-06T14:51:47
/opt/airflow/dags/script.py                                  1           0  2.23s           2023-11-06T14:51:55
/opt/airflow/dags/script2.py                                 1           0  6.97s           2023-11-06T14:51:54
================================================================================
[2023-11-06T14:52:29.220+0000] {manager.py:887} INFO - 
================================================================================
DAG File Processing Stats

File Path                             PID  Runtime      # DAGs    # Errors  Last Runtime    Last Run
----------------------------------  -----  ---------  --------  ----------  --------------  -------------------
/opt/airflow/dags/elastic_fetch.py                           1           0  2.76s           2023-11-06T14:52:20
/opt/airflow/dags/script.py           164  3.20s             1           0  2.23s           2023-11-06T14:51:55
/opt/airflow/dags/script2.py          163  4.51s             1           0  6.97s           2023-11-06T14:51:54
================================================================================
[2023-11-06T14:52:59.302+0000] {manager.py:887} INFO - 
================================================================================
DAG File Processing Stats

File Path                           PID    Runtime      # DAGs    # Errors  Last Runtime    Last Run
----------------------------------  -----  ---------  --------  ----------  --------------  -------------------
/opt/airflow/dags/elastic_fetch.py                           1           0  2.20s           2023-11-06T14:52:53
/opt/airflow/dags/script.py                                  1           0  11.79s          2023-11-06T14:52:37
/opt/airflow/dags/script2.py                                 1           0  12.61s          2023-11-06T14:52:37
================================================================================
[2023-11-06T14:54:00.024+0000] {manager.py:1209} ERROR - Processor for /opt/airflow/dags/script2.py with PID 173 started at 2023-11-06T14:53:07.800554+00:00 has timed out, killing it.
[2023-11-06T14:54:00.214+0000] {manager.py:1209} ERROR - Processor for /opt/airflow/dags/script.py with PID 174 started at 2023-11-06T14:53:08.182512+00:00 has timed out, killing it.
[2023-11-06T14:54:00.822+0000] {manager.py:887} INFO - 
================================================================================
DAG File Processing Stats

File Path                             PID  Runtime      # DAGs    # Errors  Last Runtime    Last Run
----------------------------------  -----  ---------  --------  ----------  --------------  -------------------
/opt/airflow/dags/script.py                                  0           1  51.62s          2023-11-06T14:53:59
/opt/airflow/dags/script2.py                                 0           1  52.00s          2023-11-06T14:53:59
/opt/airflow/dags/elastic_fetch.py    182  0.02s             1           0  2.20s           2023-11-06T14:52:53
================================================================================
[2023-11-06T14:54:30.955+0000] {manager.py:887} INFO - 
================================================================================
DAG File Processing Stats

File Path                             PID  Runtime      # DAGs    # Errors  Last Runtime    Last Run
----------------------------------  -----  ---------  --------  ----------  --------------  -------------------
/opt/airflow/dags/script.py           183  0.42s             0           1  51.62s          2023-11-06T14:53:59
/opt/airflow/dags/script2.py                                 0           1  52.00s          2023-11-06T14:53:59
/opt/airflow/dags/elastic_fetch.py    182  30.15s            1           0  2.20s           2023-11-06T14:52:53
================================================================================
[2023-11-06T14:55:01.496+0000] {manager.py:887} INFO - 
================================================================================
DAG File Processing Stats

File Path                           PID    Runtime      # DAGs    # Errors  Last Runtime    Last Run
----------------------------------  -----  ---------  --------  ----------  --------------  -------------------
/opt/airflow/dags/elastic_fetch.py                           1           0  41.90s          2023-11-06T14:54:42
/opt/airflow/dags/script.py                                  1           0  12.33s          2023-11-06T14:54:42
/opt/airflow/dags/script2.py                                 1           0  11.79s          2023-11-06T14:54:54
================================================================================
[2023-11-06T14:55:32.108+0000] {manager.py:887} INFO - 
================================================================================
DAG File Processing Stats

File Path                             PID  Runtime      # DAGs    # Errors  Last Runtime    Last Run
----------------------------------  -----  ---------  --------  ----------  --------------  -------------------
/opt/airflow/dags/elastic_fetch.py                           1           0  16.10s          2023-11-06T14:55:29
/opt/airflow/dags/script.py                                  1           0  15.84s          2023-11-06T14:55:29
/opt/airflow/dags/script2.py          201  2.94s             1           0  11.79s          2023-11-06T14:54:54
================================================================================
[2023-11-06T14:56:02.360+0000] {manager.py:887} INFO - 
================================================================================
DAG File Processing Stats

File Path                             PID  Runtime      # DAGs    # Errors  Last Runtime    Last Run
----------------------------------  -----  ---------  --------  ----------  --------------  -------------------
/opt/airflow/dags/elastic_fetch.py    210  2.50s             1           0  16.10s          2023-11-06T14:55:29
/opt/airflow/dags/script.py           209  3.13s             1           0  15.84s          2023-11-06T14:55:29
/opt/airflow/dags/script2.py                                 1           0  16.50s          2023-11-06T14:55:45
================================================================================
[2023-11-06T14:56:29.362+0000] {manager.py:755} INFO - Searching for files in /opt/airflow/dags
[2023-11-06T14:56:30.191+0000] {manager.py:758} INFO - There are 3 files in /opt/airflow/dags
[2023-11-06T14:56:33.523+0000] {manager.py:887} INFO - 
================================================================================
DAG File Processing Stats

File Path                             PID  Runtime      # DAGs    # Errors  Last Runtime    Last Run
----------------------------------  -----  ---------  --------  ----------  --------------  -------------------
/opt/airflow/dags/elastic_fetch.py                           1           0  17.45s          2023-11-06T14:56:17
/opt/airflow/dags/script.py                                  1           0  19.61s          2023-11-06T14:56:18
/opt/airflow/dags/script2.py          211  16.08s            1           0  16.50s          2023-11-06T14:55:45
================================================================================
[2023-11-06T14:57:47.523+0000] {manager.py:1209} ERROR - Processor for /opt/airflow/dags/script2.py with PID 211 started at 2023-11-06T14:56:17.436934+00:00 has timed out, killing it.
[2023-11-06T14:57:48.186+0000] {manager.py:1209} ERROR - Processor for /opt/airflow/dags/elastic_fetch.py with PID 219 started at 2023-11-06T14:56:52.926209+00:00 has timed out, killing it.
[2023-11-06T14:57:49.047+0000] {manager.py:887} INFO - 
================================================================================
DAG File Processing Stats

File Path                             PID  Runtime      # DAGs    # Errors  Last Runtime    Last Run
----------------------------------  -----  ---------  --------  ----------  --------------  -------------------
/opt/airflow/dags/elastic_fetch.py                           0           1  54.60s          2023-11-06T14:57:47
/opt/airflow/dags/script2.py                                 0           1  90.09s          2023-11-06T14:57:47
/opt/airflow/dags/script.py           220  0.31s             1           0  19.61s          2023-11-06T14:56:18
================================================================================
[2023-11-06T14:58:19.313+0000] {manager.py:887} INFO - 
================================================================================
DAG File Processing Stats

File Path                             PID  Runtime      # DAGs    # Errors  Last Runtime    Last Run
----------------------------------  -----  ---------  --------  ----------  --------------  -------------------
/opt/airflow/dags/elastic_fetch.py    228  1.30s             0           1  54.60s          2023-11-06T14:57:47
/opt/airflow/dags/script2.py                                 0           1  90.09s          2023-11-06T14:57:47
/opt/airflow/dags/script.py           220  30.66s            1           0  19.61s          2023-11-06T14:56:18
================================================================================
[2023-11-06T14:58:38.851+0000] {manager.py:1209} ERROR - Processor for /opt/airflow/dags/script.py with PID 220 started at 2023-11-06T14:57:48.614874+00:00 has timed out, killing it.
[2023-11-06T14:58:49.587+0000] {manager.py:887} INFO - 
================================================================================
DAG File Processing Stats

File Path                             PID  Runtime      # DAGs    # Errors  Last Runtime    Last Run
----------------------------------  -----  ---------  --------  ----------  --------------  -------------------
/opt/airflow/dags/script.py                                  0           1  50.24s          2023-11-06T14:58:38
/opt/airflow/dags/script2.py          236  10.37s            0           1  90.09s          2023-11-06T14:57:47
/opt/airflow/dags/elastic_fetch.py                           1           0  25.44s          2023-11-06T14:58:43
================================================================================
[2023-11-06T14:59:20.957+0000] {manager.py:887} INFO - 
================================================================================
DAG File Processing Stats

File Path                             PID  Runtime      # DAGs    # Errors  Last Runtime    Last Run
----------------------------------  -----  ---------  --------  ----------  --------------  -------------------
/opt/airflow/dags/script.py           244  11.90s            0           1  50.24s          2023-11-06T14:58:38
/opt/airflow/dags/elastic_fetch.py    245  7.42s             1           0  25.44s          2023-11-06T14:58:43
/opt/airflow/dags/script2.py                                 1           0  20.60s          2023-11-06T14:58:59
================================================================================
[2023-11-06T14:59:51.446+0000] {manager.py:887} INFO - 
================================================================================
DAG File Processing Stats

File Path                           PID    Runtime      # DAGs    # Errors  Last Runtime    Last Run
----------------------------------  -----  ---------  --------  ----------  --------------  -------------------
/opt/airflow/dags/elastic_fetch.py                           1           0  11.72s          2023-11-06T14:59:25
/opt/airflow/dags/script.py                                  1           0  15.76s          2023-11-06T14:59:24
/opt/airflow/dags/script2.py                                 1           0  2.94s           2023-11-06T14:59:32
================================================================================
[2023-11-06T15:00:22.098+0000] {manager.py:887} INFO - 
================================================================================
DAG File Processing Stats

File Path                           PID    Runtime      # DAGs    # Errors  Last Runtime    Last Run
----------------------------------  -----  ---------  --------  ----------  --------------  -------------------
/opt/airflow/dags/elastic_fetch.py                           1           0  10.51s          2023-11-06T15:00:06
/opt/airflow/dags/script.py                                  1           0  12.60s          2023-11-06T15:00:07
/opt/airflow/dags/script2.py                                 1           0  2.15s           2023-11-06T15:00:08
================================================================================
[2023-11-06T15:01:34.874+0000] {manager.py:755} INFO - Searching for files in /opt/airflow/dags
[2023-11-06T15:01:35.670+0000] {manager.py:758} INFO - There are 3 files in /opt/airflow/dags
[2023-11-06T15:01:39.719+0000] {manager.py:1209} ERROR - Processor for /opt/airflow/dags/elastic_fetch.py with PID 265 started at 2023-11-06T15:00:36.705966+00:00 has timed out, killing it.
[2023-11-06T15:01:40.174+0000] {manager.py:1209} ERROR - Processor for /opt/airflow/dags/script.py with PID 273 started at 2023-11-06T15:00:37.803405+00:00 has timed out, killing it.
[2023-11-06T15:01:41.139+0000] {manager.py:887} INFO - 
================================================================================
DAG File Processing Stats

File Path                             PID  Runtime      # DAGs    # Errors  Last Runtime    Last Run
----------------------------------  -----  ---------  --------  ----------  --------------  -------------------
/opt/airflow/dags/elastic_fetch.py                           0           1  63.01s          2023-11-06T15:01:39
/opt/airflow/dags/script.py                                  0           1  61.91s          2023-11-06T15:01:39
/opt/airflow/dags/script2.py          274  0.09s             1           0  2.15s           2023-11-06T15:00:08
================================================================================
[2023-11-06T15:02:09.358+0000] {manager.py:469} INFO - Exiting gracefully upon receiving signal 15
