[2023-11-04T12:26:46.652+0000] {processor.py:157} INFO - Started process (PID=45) to work on /opt/airflow/dags/script.py
[2023-11-04T12:26:46.670+0000] {processor.py:829} INFO - Processing file /opt/airflow/dags/script.py for tasks to queue
[2023-11-04T12:26:46.716+0000] {logging_mixin.py:151} INFO - [2023-11-04T12:26:46.715+0000] {dagbag.py:536} INFO - Filling up the DagBag from /opt/airflow/dags/script.py
[2023-11-04T12:26:49.962+0000] {processor.py:839} INFO - DAG(s) dict_keys(['traffic_data_etl']) retrieved from /opt/airflow/dags/script.py
[2023-11-04T12:26:52.000+0000] {logging_mixin.py:151} INFO - [2023-11-04T12:26:52.000+0000] {dag.py:2941} INFO - Sync 1 DAGs
[2023-11-04T12:26:52.877+0000] {processor.py:179} INFO - Processing /opt/airflow/dags/script.py took 6.229 seconds
[2023-11-04T12:27:25.138+0000] {processor.py:157} INFO - Started process (PID=54) to work on /opt/airflow/dags/script.py
[2023-11-04T12:27:25.177+0000] {processor.py:829} INFO - Processing file /opt/airflow/dags/script.py for tasks to queue
[2023-11-04T12:27:25.446+0000] {logging_mixin.py:151} INFO - [2023-11-04T12:27:25.441+0000] {dagbag.py:536} INFO - Filling up the DagBag from /opt/airflow/dags/script.py
[2023-11-04T12:27:29.569+0000] {processor.py:839} INFO - DAG(s) dict_keys(['traffic_data_etl']) retrieved from /opt/airflow/dags/script.py
[2023-11-04T12:27:30.163+0000] {logging_mixin.py:151} INFO - [2023-11-04T12:27:30.162+0000] {dag.py:2941} INFO - Sync 1 DAGs
[2023-11-04T12:27:30.560+0000] {processor.py:179} INFO - Processing /opt/airflow/dags/script.py took 5.636 seconds
[2023-11-04T12:28:02.729+0000] {processor.py:157} INFO - Started process (PID=68) to work on /opt/airflow/dags/script.py
[2023-11-04T12:28:02.753+0000] {processor.py:829} INFO - Processing file /opt/airflow/dags/script.py for tasks to queue
[2023-11-04T12:28:02.955+0000] {logging_mixin.py:151} INFO - [2023-11-04T12:28:02.941+0000] {dagbag.py:536} INFO - Filling up the DagBag from /opt/airflow/dags/script.py
[2023-11-04T12:28:07.385+0000] {processor.py:839} INFO - DAG(s) dict_keys(['traffic_data_etl']) retrieved from /opt/airflow/dags/script.py
[2023-11-04T12:33:18.674+0000] {processor.py:157} INFO - Started process (PID=45) to work on /opt/airflow/dags/script.py
[2023-11-04T12:33:18.681+0000] {processor.py:829} INFO - Processing file /opt/airflow/dags/script.py for tasks to queue
[2023-11-04T12:33:18.698+0000] {logging_mixin.py:151} INFO - [2023-11-04T12:33:18.696+0000] {dagbag.py:536} INFO - Filling up the DagBag from /opt/airflow/dags/script.py
[2023-11-04T12:33:19.922+0000] {processor.py:839} INFO - DAG(s) dict_keys(['traffic_data_etl']) retrieved from /opt/airflow/dags/script.py
[2023-11-04T12:33:21.348+0000] {logging_mixin.py:151} INFO - [2023-11-04T12:33:21.347+0000] {dag.py:2941} INFO - Sync 1 DAGs
[2023-11-04T12:33:22.507+0000] {processor.py:179} INFO - Processing /opt/airflow/dags/script.py took 3.883 seconds
[2023-11-04T12:33:58.004+0000] {processor.py:157} INFO - Started process (PID=54) to work on /opt/airflow/dags/script.py
[2023-11-04T12:33:58.049+0000] {processor.py:829} INFO - Processing file /opt/airflow/dags/script.py for tasks to queue
[2023-11-04T12:33:58.485+0000] {logging_mixin.py:151} INFO - [2023-11-04T12:33:58.443+0000] {dagbag.py:536} INFO - Filling up the DagBag from /opt/airflow/dags/script.py
[2023-11-04T12:34:01.843+0000] {processor.py:839} INFO - DAG(s) dict_keys(['traffic_data_etl']) retrieved from /opt/airflow/dags/script.py
[2023-11-04T12:34:06.044+0000] {logging_mixin.py:151} INFO - [2023-11-04T12:34:06.043+0000] {dag.py:2941} INFO - Sync 1 DAGs
[2023-11-04T12:34:06.581+0000] {processor.py:179} INFO - Processing /opt/airflow/dags/script.py took 9.103 seconds
[2023-11-04T12:34:37.400+0000] {processor.py:157} INFO - Started process (PID=62) to work on /opt/airflow/dags/script.py
[2023-11-04T12:34:37.406+0000] {processor.py:829} INFO - Processing file /opt/airflow/dags/script.py for tasks to queue
[2023-11-04T12:34:37.448+0000] {logging_mixin.py:151} INFO - [2023-11-04T12:34:37.442+0000] {dagbag.py:536} INFO - Filling up the DagBag from /opt/airflow/dags/script.py
[2023-11-04T12:34:38.122+0000] {processor.py:839} INFO - DAG(s) dict_keys(['traffic_data_etl']) retrieved from /opt/airflow/dags/script.py
[2023-11-04T12:34:38.366+0000] {logging_mixin.py:151} INFO - [2023-11-04T12:34:38.365+0000] {dag.py:2941} INFO - Sync 1 DAGs
[2023-11-04T12:34:38.667+0000] {processor.py:179} INFO - Processing /opt/airflow/dags/script.py took 1.312 seconds
[2023-11-04T12:35:09.006+0000] {processor.py:157} INFO - Started process (PID=70) to work on /opt/airflow/dags/script.py
[2023-11-04T12:35:09.009+0000] {processor.py:829} INFO - Processing file /opt/airflow/dags/script.py for tasks to queue
[2023-11-04T12:35:09.021+0000] {logging_mixin.py:151} INFO - [2023-11-04T12:35:09.020+0000] {dagbag.py:536} INFO - Filling up the DagBag from /opt/airflow/dags/script.py
[2023-11-04T12:35:09.286+0000] {processor.py:839} INFO - DAG(s) dict_keys(['traffic_data_etl']) retrieved from /opt/airflow/dags/script.py
[2023-11-04T12:35:09.346+0000] {logging_mixin.py:151} INFO - [2023-11-04T12:35:09.346+0000] {dag.py:2941} INFO - Sync 1 DAGs
[2023-11-04T12:35:10.971+0000] {processor.py:179} INFO - Processing /opt/airflow/dags/script.py took 1.978 seconds
[2023-11-04T12:35:41.538+0000] {processor.py:157} INFO - Started process (PID=78) to work on /opt/airflow/dags/script.py
[2023-11-04T12:35:41.541+0000] {processor.py:829} INFO - Processing file /opt/airflow/dags/script.py for tasks to queue
[2023-11-04T12:35:41.569+0000] {logging_mixin.py:151} INFO - [2023-11-04T12:35:41.566+0000] {dagbag.py:536} INFO - Filling up the DagBag from /opt/airflow/dags/script.py
[2023-11-04T12:35:42.049+0000] {processor.py:839} INFO - DAG(s) dict_keys(['traffic_data_etl']) retrieved from /opt/airflow/dags/script.py
[2023-11-04T12:35:42.229+0000] {logging_mixin.py:151} INFO - [2023-11-04T12:35:42.227+0000] {dag.py:2941} INFO - Sync 1 DAGs
[2023-11-04T12:35:42.596+0000] {processor.py:179} INFO - Processing /opt/airflow/dags/script.py took 1.119 seconds
[2023-11-04T12:36:13.097+0000] {processor.py:157} INFO - Started process (PID=86) to work on /opt/airflow/dags/script.py
[2023-11-04T12:36:13.100+0000] {processor.py:829} INFO - Processing file /opt/airflow/dags/script.py for tasks to queue
[2023-11-04T12:36:13.113+0000] {logging_mixin.py:151} INFO - [2023-11-04T12:36:13.112+0000] {dagbag.py:536} INFO - Filling up the DagBag from /opt/airflow/dags/script.py
[2023-11-04T12:36:13.649+0000] {processor.py:839} INFO - DAG(s) dict_keys(['traffic_data_etl']) retrieved from /opt/airflow/dags/script.py
[2023-11-04T12:36:13.957+0000] {logging_mixin.py:151} INFO - [2023-11-04T12:36:13.956+0000] {dag.py:2941} INFO - Sync 1 DAGs
[2023-11-04T12:36:14.230+0000] {processor.py:179} INFO - Processing /opt/airflow/dags/script.py took 1.147 seconds
[2023-11-04T12:36:45.975+0000] {processor.py:157} INFO - Started process (PID=93) to work on /opt/airflow/dags/script.py
[2023-11-04T12:36:45.994+0000] {processor.py:829} INFO - Processing file /opt/airflow/dags/script.py for tasks to queue
[2023-11-04T12:36:46.236+0000] {logging_mixin.py:151} INFO - [2023-11-04T12:36:46.202+0000] {dagbag.py:536} INFO - Filling up the DagBag from /opt/airflow/dags/script.py
[2023-11-04T12:36:48.966+0000] {processor.py:839} INFO - DAG(s) dict_keys(['traffic_data_etl']) retrieved from /opt/airflow/dags/script.py
[2023-11-04T12:36:49.388+0000] {logging_mixin.py:151} INFO - [2023-11-04T12:36:49.387+0000] {dag.py:2941} INFO - Sync 1 DAGs
[2023-11-04T12:36:50.166+0000] {processor.py:179} INFO - Processing /opt/airflow/dags/script.py took 4.474 seconds
[2023-11-04T12:37:20.871+0000] {processor.py:157} INFO - Started process (PID=102) to work on /opt/airflow/dags/script.py
[2023-11-04T12:37:20.873+0000] {processor.py:829} INFO - Processing file /opt/airflow/dags/script.py for tasks to queue
[2023-11-04T12:37:20.916+0000] {logging_mixin.py:151} INFO - [2023-11-04T12:37:20.912+0000] {dagbag.py:536} INFO - Filling up the DagBag from /opt/airflow/dags/script.py
[2023-11-04T12:37:21.340+0000] {processor.py:839} INFO - DAG(s) dict_keys(['traffic_data_etl']) retrieved from /opt/airflow/dags/script.py
[2023-11-04T12:37:21.434+0000] {logging_mixin.py:151} INFO - [2023-11-04T12:37:21.433+0000] {dag.py:2941} INFO - Sync 1 DAGs
[2023-11-04T12:37:21.594+0000] {processor.py:179} INFO - Processing /opt/airflow/dags/script.py took 0.788 seconds
[2023-11-04T12:37:52.137+0000] {processor.py:157} INFO - Started process (PID=110) to work on /opt/airflow/dags/script.py
[2023-11-04T12:37:52.145+0000] {processor.py:829} INFO - Processing file /opt/airflow/dags/script.py for tasks to queue
[2023-11-04T12:37:52.179+0000] {logging_mixin.py:151} INFO - [2023-11-04T12:37:52.176+0000] {dagbag.py:536} INFO - Filling up the DagBag from /opt/airflow/dags/script.py
[2023-11-04T12:37:53.012+0000] {processor.py:839} INFO - DAG(s) dict_keys(['traffic_data_etl']) retrieved from /opt/airflow/dags/script.py
[2023-11-04T12:37:53.270+0000] {logging_mixin.py:151} INFO - [2023-11-04T12:37:53.267+0000] {dag.py:2941} INFO - Sync 1 DAGs
[2023-11-04T12:37:53.510+0000] {processor.py:179} INFO - Processing /opt/airflow/dags/script.py took 1.407 seconds
[2023-11-04T12:38:23.789+0000] {processor.py:157} INFO - Started process (PID=125) to work on /opt/airflow/dags/script.py
[2023-11-04T12:38:23.791+0000] {processor.py:829} INFO - Processing file /opt/airflow/dags/script.py for tasks to queue
[2023-11-04T12:38:23.798+0000] {logging_mixin.py:151} INFO - [2023-11-04T12:38:23.796+0000] {dagbag.py:536} INFO - Filling up the DagBag from /opt/airflow/dags/script.py
[2023-11-04T12:38:24.153+0000] {processor.py:839} INFO - DAG(s) dict_keys(['traffic_data_etl']) retrieved from /opt/airflow/dags/script.py
[2023-11-04T12:38:24.210+0000] {logging_mixin.py:151} INFO - [2023-11-04T12:38:24.210+0000] {dag.py:2941} INFO - Sync 1 DAGs
[2023-11-04T12:38:24.308+0000] {processor.py:179} INFO - Processing /opt/airflow/dags/script.py took 0.532 seconds
[2023-11-04T12:38:54.584+0000] {processor.py:157} INFO - Started process (PID=133) to work on /opt/airflow/dags/script.py
[2023-11-04T12:38:54.587+0000] {processor.py:829} INFO - Processing file /opt/airflow/dags/script.py for tasks to queue
[2023-11-04T12:38:54.592+0000] {logging_mixin.py:151} INFO - [2023-11-04T12:38:54.591+0000] {dagbag.py:536} INFO - Filling up the DagBag from /opt/airflow/dags/script.py
[2023-11-04T12:38:54.819+0000] {processor.py:839} INFO - DAG(s) dict_keys(['traffic_data_etl']) retrieved from /opt/airflow/dags/script.py
[2023-11-04T12:38:54.887+0000] {logging_mixin.py:151} INFO - [2023-11-04T12:38:54.887+0000] {dag.py:2941} INFO - Sync 1 DAGs
[2023-11-04T12:38:55.072+0000] {processor.py:179} INFO - Processing /opt/airflow/dags/script.py took 0.493 seconds
[2023-11-04T12:39:25.317+0000] {processor.py:157} INFO - Started process (PID=141) to work on /opt/airflow/dags/script.py
[2023-11-04T12:39:25.318+0000] {processor.py:829} INFO - Processing file /opt/airflow/dags/script.py for tasks to queue
[2023-11-04T12:39:25.326+0000] {logging_mixin.py:151} INFO - [2023-11-04T12:39:25.325+0000] {dagbag.py:536} INFO - Filling up the DagBag from /opt/airflow/dags/script.py
[2023-11-04T12:39:25.587+0000] {processor.py:839} INFO - DAG(s) dict_keys(['traffic_data_etl']) retrieved from /opt/airflow/dags/script.py
[2023-11-04T12:39:25.635+0000] {logging_mixin.py:151} INFO - [2023-11-04T12:39:25.634+0000] {dag.py:2941} INFO - Sync 1 DAGs
[2023-11-04T12:39:25.744+0000] {processor.py:179} INFO - Processing /opt/airflow/dags/script.py took 0.434 seconds
[2023-11-04T12:39:56.008+0000] {processor.py:157} INFO - Started process (PID=149) to work on /opt/airflow/dags/script.py
[2023-11-04T12:39:56.011+0000] {processor.py:829} INFO - Processing file /opt/airflow/dags/script.py for tasks to queue
[2023-11-04T12:39:56.018+0000] {logging_mixin.py:151} INFO - [2023-11-04T12:39:56.016+0000] {dagbag.py:536} INFO - Filling up the DagBag from /opt/airflow/dags/script.py
[2023-11-04T12:39:56.294+0000] {processor.py:839} INFO - DAG(s) dict_keys(['traffic_data_etl']) retrieved from /opt/airflow/dags/script.py
[2023-11-04T12:39:56.358+0000] {logging_mixin.py:151} INFO - [2023-11-04T12:39:56.357+0000] {dag.py:2941} INFO - Sync 1 DAGs
[2023-11-04T12:39:56.466+0000] {processor.py:179} INFO - Processing /opt/airflow/dags/script.py took 0.466 seconds
[2023-11-04T12:40:26.849+0000] {processor.py:157} INFO - Started process (PID=157) to work on /opt/airflow/dags/script.py
[2023-11-04T12:40:26.863+0000] {processor.py:829} INFO - Processing file /opt/airflow/dags/script.py for tasks to queue
[2023-11-04T12:40:26.871+0000] {logging_mixin.py:151} INFO - [2023-11-04T12:40:26.868+0000] {dagbag.py:536} INFO - Filling up the DagBag from /opt/airflow/dags/script.py
[2023-11-04T12:40:27.620+0000] {processor.py:839} INFO - DAG(s) dict_keys(['traffic_data_etl']) retrieved from /opt/airflow/dags/script.py
[2023-11-04T12:40:27.832+0000] {logging_mixin.py:151} INFO - [2023-11-04T12:40:27.831+0000] {dag.py:2941} INFO - Sync 1 DAGs
[2023-11-04T12:40:28.159+0000] {processor.py:179} INFO - Processing /opt/airflow/dags/script.py took 1.366 seconds
[2023-11-04T12:40:58.415+0000] {processor.py:157} INFO - Started process (PID=166) to work on /opt/airflow/dags/script.py
[2023-11-04T12:40:58.417+0000] {processor.py:829} INFO - Processing file /opt/airflow/dags/script.py for tasks to queue
[2023-11-04T12:40:58.422+0000] {logging_mixin.py:151} INFO - [2023-11-04T12:40:58.421+0000] {dagbag.py:536} INFO - Filling up the DagBag from /opt/airflow/dags/script.py
[2023-11-04T12:40:58.619+0000] {processor.py:839} INFO - DAG(s) dict_keys(['traffic_data_etl']) retrieved from /opt/airflow/dags/script.py
[2023-11-04T12:40:58.671+0000] {logging_mixin.py:151} INFO - [2023-11-04T12:40:58.671+0000] {dag.py:2941} INFO - Sync 1 DAGs
[2023-11-04T12:40:58.758+0000] {processor.py:179} INFO - Processing /opt/airflow/dags/script.py took 0.352 seconds
[2023-11-04T12:41:29.049+0000] {processor.py:157} INFO - Started process (PID=175) to work on /opt/airflow/dags/script.py
[2023-11-04T12:41:29.050+0000] {processor.py:829} INFO - Processing file /opt/airflow/dags/script.py for tasks to queue
[2023-11-04T12:41:29.057+0000] {logging_mixin.py:151} INFO - [2023-11-04T12:41:29.056+0000] {dagbag.py:536} INFO - Filling up the DagBag from /opt/airflow/dags/script.py
[2023-11-04T12:41:29.347+0000] {processor.py:839} INFO - DAG(s) dict_keys(['traffic_data_etl']) retrieved from /opt/airflow/dags/script.py
[2023-11-04T12:41:29.457+0000] {logging_mixin.py:151} INFO - [2023-11-04T12:41:29.457+0000] {dag.py:2941} INFO - Sync 1 DAGs
[2023-11-04T12:41:29.570+0000] {processor.py:179} INFO - Processing /opt/airflow/dags/script.py took 0.531 seconds
[2023-11-04T12:41:59.873+0000] {processor.py:157} INFO - Started process (PID=183) to work on /opt/airflow/dags/script.py
[2023-11-04T12:41:59.875+0000] {processor.py:829} INFO - Processing file /opt/airflow/dags/script.py for tasks to queue
[2023-11-04T12:41:59.890+0000] {logging_mixin.py:151} INFO - [2023-11-04T12:41:59.889+0000] {dagbag.py:536} INFO - Filling up the DagBag from /opt/airflow/dags/script.py
[2023-11-04T12:42:00.165+0000] {processor.py:839} INFO - DAG(s) dict_keys(['traffic_data_etl']) retrieved from /opt/airflow/dags/script.py
[2023-11-04T12:42:00.210+0000] {logging_mixin.py:151} INFO - [2023-11-04T12:42:00.210+0000] {dag.py:2941} INFO - Sync 1 DAGs
[2023-11-04T12:42:00.313+0000] {processor.py:179} INFO - Processing /opt/airflow/dags/script.py took 0.449 seconds
[2023-11-04T12:42:30.551+0000] {processor.py:157} INFO - Started process (PID=192) to work on /opt/airflow/dags/script.py
[2023-11-04T12:42:30.553+0000] {processor.py:829} INFO - Processing file /opt/airflow/dags/script.py for tasks to queue
[2023-11-04T12:42:30.561+0000] {logging_mixin.py:151} INFO - [2023-11-04T12:42:30.559+0000] {dagbag.py:536} INFO - Filling up the DagBag from /opt/airflow/dags/script.py
[2023-11-04T12:42:31.030+0000] {processor.py:839} INFO - DAG(s) dict_keys(['traffic_data_etl']) retrieved from /opt/airflow/dags/script.py
[2023-11-04T12:42:31.184+0000] {logging_mixin.py:151} INFO - [2023-11-04T12:42:31.183+0000] {dag.py:2941} INFO - Sync 1 DAGs
[2023-11-04T12:42:31.531+0000] {processor.py:179} INFO - Processing /opt/airflow/dags/script.py took 0.993 seconds
[2023-11-04T12:43:01.923+0000] {processor.py:157} INFO - Started process (PID=200) to work on /opt/airflow/dags/script.py
[2023-11-04T12:43:01.938+0000] {processor.py:829} INFO - Processing file /opt/airflow/dags/script.py for tasks to queue
[2023-11-04T12:43:01.956+0000] {logging_mixin.py:151} INFO - [2023-11-04T12:43:01.955+0000] {dagbag.py:536} INFO - Filling up the DagBag from /opt/airflow/dags/script.py
[2023-11-04T12:43:02.555+0000] {processor.py:839} INFO - DAG(s) dict_keys(['traffic_data_etl']) retrieved from /opt/airflow/dags/script.py
[2023-11-04T12:43:02.753+0000] {logging_mixin.py:151} INFO - [2023-11-04T12:43:02.752+0000] {dag.py:2941} INFO - Sync 1 DAGs
[2023-11-04T12:43:03.164+0000] {processor.py:179} INFO - Processing /opt/airflow/dags/script.py took 1.309 seconds
[2023-11-04T12:43:33.658+0000] {processor.py:157} INFO - Started process (PID=208) to work on /opt/airflow/dags/script.py
[2023-11-04T12:43:33.660+0000] {processor.py:829} INFO - Processing file /opt/airflow/dags/script.py for tasks to queue
[2023-11-04T12:43:33.664+0000] {logging_mixin.py:151} INFO - [2023-11-04T12:43:33.663+0000] {dagbag.py:536} INFO - Filling up the DagBag from /opt/airflow/dags/script.py
[2023-11-04T12:43:34.131+0000] {processor.py:839} INFO - DAG(s) dict_keys(['traffic_data_etl']) retrieved from /opt/airflow/dags/script.py
[2023-11-04T12:43:34.211+0000] {logging_mixin.py:151} INFO - [2023-11-04T12:43:34.211+0000] {dag.py:2941} INFO - Sync 1 DAGs
[2023-11-04T12:43:34.318+0000] {processor.py:179} INFO - Processing /opt/airflow/dags/script.py took 0.668 seconds
[2023-11-04T12:44:04.456+0000] {processor.py:157} INFO - Started process (PID=216) to work on /opt/airflow/dags/script.py
[2023-11-04T12:44:04.459+0000] {processor.py:829} INFO - Processing file /opt/airflow/dags/script.py for tasks to queue
[2023-11-04T12:44:04.462+0000] {logging_mixin.py:151} INFO - [2023-11-04T12:44:04.462+0000] {dagbag.py:536} INFO - Filling up the DagBag from /opt/airflow/dags/script.py
[2023-11-04T12:44:04.734+0000] {processor.py:839} INFO - DAG(s) dict_keys(['traffic_data_etl']) retrieved from /opt/airflow/dags/script.py
[2023-11-04T12:44:04.828+0000] {logging_mixin.py:151} INFO - [2023-11-04T12:44:04.827+0000] {dag.py:2941} INFO - Sync 1 DAGs
[2023-11-04T12:44:04.939+0000] {processor.py:179} INFO - Processing /opt/airflow/dags/script.py took 0.490 seconds
[2023-11-04T12:44:29.859+0000] {processor.py:157} INFO - Started process (PID=224) to work on /opt/airflow/dags/script.py
[2023-11-04T12:44:29.862+0000] {processor.py:829} INFO - Processing file /opt/airflow/dags/script.py for tasks to queue
[2023-11-04T12:44:29.884+0000] {logging_mixin.py:151} INFO - [2023-11-04T12:44:29.883+0000] {dagbag.py:536} INFO - Filling up the DagBag from /opt/airflow/dags/script.py
[2023-11-04T12:44:30.375+0000] {processor.py:839} INFO - DAG(s) dict_keys(['traffic_data_etl']) retrieved from /opt/airflow/dags/script.py
[2023-11-04T12:44:30.479+0000] {logging_mixin.py:151} INFO - [2023-11-04T12:44:30.479+0000] {dag.py:2941} INFO - Sync 1 DAGs
[2023-11-04T12:44:37.621+0000] {processor.py:179} INFO - Processing /opt/airflow/dags/script.py took 7.806 seconds
[2023-11-04T12:45:02.109+0000] {processor.py:157} INFO - Started process (PID=232) to work on /opt/airflow/dags/script.py
[2023-11-04T12:45:02.113+0000] {processor.py:829} INFO - Processing file /opt/airflow/dags/script.py for tasks to queue
[2023-11-04T12:45:02.117+0000] {logging_mixin.py:151} INFO - [2023-11-04T12:45:02.117+0000] {dagbag.py:536} INFO - Filling up the DagBag from /opt/airflow/dags/script.py
[2023-11-04T12:45:02.408+0000] {processor.py:839} INFO - DAG(s) dict_keys(['traffic_data_etl']) retrieved from /opt/airflow/dags/script.py
[2023-11-04T12:45:02.475+0000] {logging_mixin.py:151} INFO - [2023-11-04T12:45:02.475+0000] {dag.py:2941} INFO - Sync 1 DAGs
[2023-11-04T12:45:03.152+0000] {processor.py:179} INFO - Processing /opt/airflow/dags/script.py took 1.058 seconds
[2023-11-04T12:45:13.217+0000] {processor.py:157} INFO - Started process (PID=233) to work on /opt/airflow/dags/script.py
[2023-11-04T12:45:13.219+0000] {processor.py:829} INFO - Processing file /opt/airflow/dags/script.py for tasks to queue
[2023-11-04T12:45:13.270+0000] {logging_mixin.py:151} INFO - [2023-11-04T12:45:13.254+0000] {dagbag.py:536} INFO - Filling up the DagBag from /opt/airflow/dags/script.py
[2023-11-04T12:45:13.514+0000] {processor.py:839} INFO - DAG(s) dict_keys(['traffic_data_etl']) retrieved from /opt/airflow/dags/script.py
[2023-11-04T12:45:13.569+0000] {logging_mixin.py:151} INFO - [2023-11-04T12:45:13.569+0000] {dag.py:2941} INFO - Sync 1 DAGs
[2023-11-04T12:45:13.895+0000] {processor.py:179} INFO - Processing /opt/airflow/dags/script.py took 0.688 seconds
[2023-11-04T12:45:21.011+0000] {processor.py:157} INFO - Started process (PID=234) to work on /opt/airflow/dags/script.py
[2023-11-04T12:45:21.012+0000] {processor.py:829} INFO - Processing file /opt/airflow/dags/script.py for tasks to queue
[2023-11-04T12:45:21.016+0000] {logging_mixin.py:151} INFO - [2023-11-04T12:45:21.015+0000] {dagbag.py:536} INFO - Filling up the DagBag from /opt/airflow/dags/script.py
[2023-11-04T12:45:21.240+0000] {processor.py:839} INFO - DAG(s) dict_keys(['traffic_data_etl']) retrieved from /opt/airflow/dags/script.py
[2023-11-04T12:45:21.302+0000] {logging_mixin.py:151} INFO - [2023-11-04T12:45:21.302+0000] {dag.py:2941} INFO - Sync 1 DAGs
[2023-11-04T12:45:21.406+0000] {processor.py:179} INFO - Processing /opt/airflow/dags/script.py took 0.405 seconds
[2023-11-04T12:45:51.596+0000] {processor.py:157} INFO - Started process (PID=242) to work on /opt/airflow/dags/script.py
[2023-11-04T12:45:51.599+0000] {processor.py:829} INFO - Processing file /opt/airflow/dags/script.py for tasks to queue
[2023-11-04T12:45:51.606+0000] {logging_mixin.py:151} INFO - [2023-11-04T12:45:51.605+0000] {dagbag.py:536} INFO - Filling up the DagBag from /opt/airflow/dags/script.py
[2023-11-04T12:45:51.929+0000] {processor.py:839} INFO - DAG(s) dict_keys(['traffic_data_etl']) retrieved from /opt/airflow/dags/script.py
[2023-11-04T12:45:51.974+0000] {logging_mixin.py:151} INFO - [2023-11-04T12:45:51.973+0000] {dag.py:2941} INFO - Sync 1 DAGs
[2023-11-04T12:45:52.049+0000] {processor.py:179} INFO - Processing /opt/airflow/dags/script.py took 0.465 seconds
[2023-11-04T12:46:22.300+0000] {processor.py:157} INFO - Started process (PID=249) to work on /opt/airflow/dags/script.py
[2023-11-04T12:46:22.301+0000] {processor.py:829} INFO - Processing file /opt/airflow/dags/script.py for tasks to queue
[2023-11-04T12:46:22.304+0000] {logging_mixin.py:151} INFO - [2023-11-04T12:46:22.304+0000] {dagbag.py:536} INFO - Filling up the DagBag from /opt/airflow/dags/script.py
[2023-11-04T12:46:22.474+0000] {processor.py:839} INFO - DAG(s) dict_keys(['traffic_data_etl']) retrieved from /opt/airflow/dags/script.py
[2023-11-04T12:46:22.523+0000] {logging_mixin.py:151} INFO - [2023-11-04T12:46:22.523+0000] {dag.py:2941} INFO - Sync 1 DAGs
[2023-11-04T12:46:22.618+0000] {processor.py:179} INFO - Processing /opt/airflow/dags/script.py took 0.323 seconds
[2023-11-04T12:46:37.771+0000] {processor.py:157} INFO - Started process (PID=257) to work on /opt/airflow/dags/script.py
[2023-11-04T12:46:37.773+0000] {processor.py:829} INFO - Processing file /opt/airflow/dags/script.py for tasks to queue
[2023-11-04T12:46:37.776+0000] {logging_mixin.py:151} INFO - [2023-11-04T12:46:37.775+0000] {dagbag.py:536} INFO - Filling up the DagBag from /opt/airflow/dags/script.py
[2023-11-04T12:46:38.010+0000] {processor.py:839} INFO - DAG(s) dict_keys(['traffic_data_etl']) retrieved from /opt/airflow/dags/script.py
[2023-11-04T12:46:44.189+0000] {logging_mixin.py:151} INFO - [2023-11-04T12:46:44.188+0000] {dag.py:2941} INFO - Sync 1 DAGs
[2023-11-04T12:46:44.412+0000] {processor.py:179} INFO - Processing /opt/airflow/dags/script.py took 6.647 seconds
[2023-11-04T12:47:03.102+0000] {processor.py:157} INFO - Started process (PID=265) to work on /opt/airflow/dags/script.py
[2023-11-04T12:47:03.105+0000] {processor.py:829} INFO - Processing file /opt/airflow/dags/script.py for tasks to queue
[2023-11-04T12:47:03.123+0000] {logging_mixin.py:151} INFO - [2023-11-04T12:47:03.121+0000] {dagbag.py:536} INFO - Filling up the DagBag from /opt/airflow/dags/script.py
[2023-11-04T12:47:03.565+0000] {processor.py:839} INFO - DAG(s) dict_keys(['traffic_data_etl']) retrieved from /opt/airflow/dags/script.py
[2023-11-04T12:47:03.612+0000] {logging_mixin.py:151} INFO - [2023-11-04T12:47:03.612+0000] {dag.py:2941} INFO - Sync 1 DAGs
[2023-11-04T12:47:04.547+0000] {processor.py:179} INFO - Processing /opt/airflow/dags/script.py took 1.473 seconds
[2023-11-04T12:47:35.048+0000] {processor.py:157} INFO - Started process (PID=274) to work on /opt/airflow/dags/script.py
[2023-11-04T12:47:35.073+0000] {processor.py:829} INFO - Processing file /opt/airflow/dags/script.py for tasks to queue
[2023-11-04T12:47:35.160+0000] {logging_mixin.py:151} INFO - [2023-11-04T12:47:35.154+0000] {dagbag.py:536} INFO - Filling up the DagBag from /opt/airflow/dags/script.py
[2023-11-04T12:47:36.049+0000] {processor.py:839} INFO - DAG(s) dict_keys(['traffic_data_etl']) retrieved from /opt/airflow/dags/script.py
[2023-11-04T12:47:36.597+0000] {logging_mixin.py:151} INFO - [2023-11-04T12:47:36.596+0000] {dag.py:2941} INFO - Sync 1 DAGs
[2023-11-04T12:47:37.051+0000] {processor.py:179} INFO - Processing /opt/airflow/dags/script.py took 2.128 seconds
[2023-11-04T12:48:07.177+0000] {processor.py:157} INFO - Started process (PID=283) to work on /opt/airflow/dags/script.py
[2023-11-04T12:48:07.180+0000] {processor.py:829} INFO - Processing file /opt/airflow/dags/script.py for tasks to queue
[2023-11-04T12:48:07.191+0000] {logging_mixin.py:151} INFO - [2023-11-04T12:48:07.189+0000] {dagbag.py:536} INFO - Filling up the DagBag from /opt/airflow/dags/script.py
[2023-11-04T12:48:07.472+0000] {processor.py:839} INFO - DAG(s) dict_keys(['traffic_data_etl']) retrieved from /opt/airflow/dags/script.py
[2023-11-04T12:48:07.533+0000] {logging_mixin.py:151} INFO - [2023-11-04T12:48:07.532+0000] {dag.py:2941} INFO - Sync 1 DAGs
[2023-11-04T12:48:07.628+0000] {processor.py:179} INFO - Processing /opt/airflow/dags/script.py took 0.464 seconds
[2023-11-04T12:48:37.888+0000] {processor.py:157} INFO - Started process (PID=291) to work on /opt/airflow/dags/script.py
[2023-11-04T12:48:37.889+0000] {processor.py:829} INFO - Processing file /opt/airflow/dags/script.py for tasks to queue
[2023-11-04T12:48:37.894+0000] {logging_mixin.py:151} INFO - [2023-11-04T12:48:37.894+0000] {dagbag.py:536} INFO - Filling up the DagBag from /opt/airflow/dags/script.py
[2023-11-04T12:48:38.147+0000] {processor.py:839} INFO - DAG(s) dict_keys(['traffic_data_etl']) retrieved from /opt/airflow/dags/script.py
[2023-11-04T12:48:38.222+0000] {logging_mixin.py:151} INFO - [2023-11-04T12:48:38.221+0000] {dag.py:2941} INFO - Sync 1 DAGs
[2023-11-04T12:48:44.249+0000] {processor.py:179} INFO - Processing /opt/airflow/dags/script.py took 6.367 seconds
[2023-11-04T12:49:14.514+0000] {processor.py:157} INFO - Started process (PID=300) to work on /opt/airflow/dags/script.py
[2023-11-04T12:49:14.516+0000] {processor.py:829} INFO - Processing file /opt/airflow/dags/script.py for tasks to queue
[2023-11-04T12:49:14.520+0000] {logging_mixin.py:151} INFO - [2023-11-04T12:49:14.519+0000] {dagbag.py:536} INFO - Filling up the DagBag from /opt/airflow/dags/script.py
[2023-11-04T12:49:14.733+0000] {processor.py:839} INFO - DAG(s) dict_keys(['traffic_data_etl']) retrieved from /opt/airflow/dags/script.py
[2023-11-04T12:49:14.772+0000] {logging_mixin.py:151} INFO - [2023-11-04T12:49:14.772+0000] {dag.py:2941} INFO - Sync 1 DAGs
[2023-11-04T12:49:15.103+0000] {logging_mixin.py:151} INFO - [2023-11-04T12:49:15.102+0000] {dag.py:3722} INFO - Setting next_dagrun for traffic_data_etl to 2023-11-04T12:48:15.102027+00:00, run_after=2023-11-04T12:49:15.102027+00:00
[2023-11-04T12:49:15.158+0000] {processor.py:179} INFO - Processing /opt/airflow/dags/script.py took 0.649 seconds
[2023-11-04T12:49:45.472+0000] {processor.py:157} INFO - Started process (PID=309) to work on /opt/airflow/dags/script.py
[2023-11-04T12:49:45.474+0000] {processor.py:829} INFO - Processing file /opt/airflow/dags/script.py for tasks to queue
[2023-11-04T12:49:45.484+0000] {logging_mixin.py:151} INFO - [2023-11-04T12:49:45.483+0000] {dagbag.py:536} INFO - Filling up the DagBag from /opt/airflow/dags/script.py
[2023-11-04T12:49:45.743+0000] {processor.py:839} INFO - DAG(s) dict_keys(['traffic_data_etl']) retrieved from /opt/airflow/dags/script.py
[2023-11-04T12:49:45.832+0000] {logging_mixin.py:151} INFO - [2023-11-04T12:49:45.831+0000] {dag.py:2941} INFO - Sync 1 DAGs
[2023-11-04T12:49:45.954+0000] {processor.py:179} INFO - Processing /opt/airflow/dags/script.py took 0.505 seconds
[2023-11-04T12:50:16.274+0000] {processor.py:157} INFO - Started process (PID=317) to work on /opt/airflow/dags/script.py
[2023-11-04T12:50:16.276+0000] {processor.py:829} INFO - Processing file /opt/airflow/dags/script.py for tasks to queue
[2023-11-04T12:50:16.287+0000] {logging_mixin.py:151} INFO - [2023-11-04T12:50:16.286+0000] {dagbag.py:536} INFO - Filling up the DagBag from /opt/airflow/dags/script.py
[2023-11-04T12:50:16.586+0000] {processor.py:839} INFO - DAG(s) dict_keys(['traffic_data_etl']) retrieved from /opt/airflow/dags/script.py
[2023-11-04T12:50:16.664+0000] {logging_mixin.py:151} INFO - [2023-11-04T12:50:16.664+0000] {dag.py:2941} INFO - Sync 1 DAGs
[2023-11-04T12:50:16.749+0000] {processor.py:179} INFO - Processing /opt/airflow/dags/script.py took 0.485 seconds
[2023-11-04T12:50:46.981+0000] {processor.py:157} INFO - Started process (PID=325) to work on /opt/airflow/dags/script.py
[2023-11-04T12:50:46.982+0000] {processor.py:829} INFO - Processing file /opt/airflow/dags/script.py for tasks to queue
[2023-11-04T12:50:46.987+0000] {logging_mixin.py:151} INFO - [2023-11-04T12:50:46.987+0000] {dagbag.py:536} INFO - Filling up the DagBag from /opt/airflow/dags/script.py
[2023-11-04T12:50:47.243+0000] {processor.py:839} INFO - DAG(s) dict_keys(['traffic_data_etl']) retrieved from /opt/airflow/dags/script.py
[2023-11-04T12:50:47.320+0000] {logging_mixin.py:151} INFO - [2023-11-04T12:50:47.319+0000] {dag.py:2941} INFO - Sync 1 DAGs
[2023-11-04T12:50:47.465+0000] {processor.py:179} INFO - Processing /opt/airflow/dags/script.py took 0.489 seconds
[2023-11-04T12:51:17.752+0000] {processor.py:157} INFO - Started process (PID=334) to work on /opt/airflow/dags/script.py
[2023-11-04T12:51:17.755+0000] {processor.py:829} INFO - Processing file /opt/airflow/dags/script.py for tasks to queue
[2023-11-04T12:51:17.760+0000] {logging_mixin.py:151} INFO - [2023-11-04T12:51:17.759+0000] {dagbag.py:536} INFO - Filling up the DagBag from /opt/airflow/dags/script.py
[2023-11-04T12:51:17.975+0000] {processor.py:839} INFO - DAG(s) dict_keys(['traffic_data_etl']) retrieved from /opt/airflow/dags/script.py
[2023-11-04T12:51:18.129+0000] {logging_mixin.py:151} INFO - [2023-11-04T12:51:18.129+0000] {dag.py:2941} INFO - Sync 1 DAGs
[2023-11-04T12:51:22.881+0000] {processor.py:179} INFO - Processing /opt/airflow/dags/script.py took 5.137 seconds
[2023-11-04T12:51:53.054+0000] {processor.py:157} INFO - Started process (PID=342) to work on /opt/airflow/dags/script.py
[2023-11-04T12:51:53.056+0000] {processor.py:829} INFO - Processing file /opt/airflow/dags/script.py for tasks to queue
[2023-11-04T12:51:53.060+0000] {logging_mixin.py:151} INFO - [2023-11-04T12:51:53.059+0000] {dagbag.py:536} INFO - Filling up the DagBag from /opt/airflow/dags/script.py
[2023-11-04T12:51:53.256+0000] {processor.py:839} INFO - DAG(s) dict_keys(['traffic_data_etl']) retrieved from /opt/airflow/dags/script.py
[2023-11-04T12:51:53.304+0000] {logging_mixin.py:151} INFO - [2023-11-04T12:51:53.303+0000] {dag.py:2941} INFO - Sync 1 DAGs
[2023-11-04T12:51:53.655+0000] {processor.py:179} INFO - Processing /opt/airflow/dags/script.py took 0.611 seconds
[2023-11-04T12:52:23.956+0000] {processor.py:157} INFO - Started process (PID=351) to work on /opt/airflow/dags/script.py
[2023-11-04T12:52:23.960+0000] {processor.py:829} INFO - Processing file /opt/airflow/dags/script.py for tasks to queue
[2023-11-04T12:52:23.965+0000] {logging_mixin.py:151} INFO - [2023-11-04T12:52:23.965+0000] {dagbag.py:536} INFO - Filling up the DagBag from /opt/airflow/dags/script.py
[2023-11-04T12:52:24.231+0000] {processor.py:839} INFO - DAG(s) dict_keys(['traffic_data_etl']) retrieved from /opt/airflow/dags/script.py
[2023-11-04T12:52:24.319+0000] {logging_mixin.py:151} INFO - [2023-11-04T12:52:24.318+0000] {dag.py:2941} INFO - Sync 1 DAGs
[2023-11-04T12:52:24.413+0000] {processor.py:179} INFO - Processing /opt/airflow/dags/script.py took 0.466 seconds
[2023-11-04T12:52:51.610+0000] {processor.py:157} INFO - Started process (PID=359) to work on /opt/airflow/dags/script.py
[2023-11-04T12:52:51.612+0000] {processor.py:829} INFO - Processing file /opt/airflow/dags/script.py for tasks to queue
[2023-11-04T12:52:51.618+0000] {logging_mixin.py:151} INFO - [2023-11-04T12:52:51.617+0000] {dagbag.py:536} INFO - Filling up the DagBag from /opt/airflow/dags/script.py
[2023-11-04T12:52:51.639+0000] {logging_mixin.py:151} INFO - [2023-11-04T12:52:51.624+0000] {dagbag.py:346} ERROR - Failed to import: /opt/airflow/dags/script.py
Traceback (most recent call last):
  File "/home/airflow/.local/lib/python3.8/site-packages/airflow/models/dagbag.py", line 342, in parse
    loader.exec_module(new_module)
  File "<frozen importlib._bootstrap_external>", line 839, in exec_module
  File "<frozen importlib._bootstrap_external>", line 976, in get_code
  File "<frozen importlib._bootstrap_external>", line 906, in source_to_code
  File "<frozen importlib._bootstrap>", line 219, in _call_with_frames_removed
  File "/opt/airflow/dags/script.py", line 37
    logstash:
            ^
SyntaxError: invalid syntax
[2023-11-04T12:52:51.640+0000] {processor.py:841} WARNING - No viable dags retrieved from /opt/airflow/dags/script.py
[2023-11-04T12:52:51.687+0000] {processor.py:179} INFO - Processing /opt/airflow/dags/script.py took 0.085 seconds
[2023-11-04T12:53:00.730+0000] {processor.py:157} INFO - Started process (PID=367) to work on /opt/airflow/dags/script.py
[2023-11-04T12:53:00.732+0000] {processor.py:829} INFO - Processing file /opt/airflow/dags/script.py for tasks to queue
[2023-11-04T12:53:00.736+0000] {logging_mixin.py:151} INFO - [2023-11-04T12:53:00.735+0000] {dagbag.py:536} INFO - Filling up the DagBag from /opt/airflow/dags/script.py
[2023-11-04T12:53:00.743+0000] {logging_mixin.py:151} INFO - [2023-11-04T12:53:00.741+0000] {dagbag.py:346} ERROR - Failed to import: /opt/airflow/dags/script.py
Traceback (most recent call last):
  File "/home/airflow/.local/lib/python3.8/site-packages/airflow/models/dagbag.py", line 342, in parse
    loader.exec_module(new_module)
  File "<frozen importlib._bootstrap_external>", line 839, in exec_module
  File "<frozen importlib._bootstrap_external>", line 976, in get_code
  File "<frozen importlib._bootstrap_external>", line 906, in source_to_code
  File "<frozen importlib._bootstrap>", line 219, in _call_with_frames_removed
  File "/opt/airflow/dags/script.py", line 37
    image: docker.elastic.co/logstash/logstash:8.10.4
         ^
SyntaxError: invalid syntax
[2023-11-04T12:53:00.744+0000] {processor.py:841} WARNING - No viable dags retrieved from /opt/airflow/dags/script.py
[2023-11-04T12:53:00.820+0000] {processor.py:179} INFO - Processing /opt/airflow/dags/script.py took 0.105 seconds
[2023-11-04T12:53:04.827+0000] {processor.py:157} INFO - Started process (PID=368) to work on /opt/airflow/dags/script.py
[2023-11-04T12:53:04.829+0000] {processor.py:829} INFO - Processing file /opt/airflow/dags/script.py for tasks to queue
[2023-11-04T12:53:04.833+0000] {logging_mixin.py:151} INFO - [2023-11-04T12:53:04.832+0000] {dagbag.py:536} INFO - Filling up the DagBag from /opt/airflow/dags/script.py
[2023-11-04T12:53:04.839+0000] {logging_mixin.py:151} INFO - [2023-11-04T12:53:04.837+0000] {dagbag.py:346} ERROR - Failed to import: /opt/airflow/dags/script.py
Traceback (most recent call last):
  File "/home/airflow/.local/lib/python3.8/site-packages/airflow/models/dagbag.py", line 342, in parse
    loader.exec_module(new_module)
  File "<frozen importlib._bootstrap_external>", line 839, in exec_module
  File "<frozen importlib._bootstrap_external>", line 976, in get_code
  File "<frozen importlib._bootstrap_external>", line 906, in source_to_code
  File "<frozen importlib._bootstrap>", line 219, in _call_with_frames_removed
  File "/opt/airflow/dags/script.py", line 37
    image: docker.elastic.co/logstash/logstash:8.10.4
         ^
SyntaxError: invalid syntax
[2023-11-04T12:53:04.840+0000] {processor.py:841} WARNING - No viable dags retrieved from /opt/airflow/dags/script.py
[2023-11-04T12:53:04.879+0000] {processor.py:179} INFO - Processing /opt/airflow/dags/script.py took 0.059 seconds
[2023-11-04T12:53:35.196+0000] {processor.py:157} INFO - Started process (PID=376) to work on /opt/airflow/dags/script.py
[2023-11-04T12:53:35.199+0000] {processor.py:829} INFO - Processing file /opt/airflow/dags/script.py for tasks to queue
[2023-11-04T12:53:35.206+0000] {logging_mixin.py:151} INFO - [2023-11-04T12:53:35.205+0000] {dagbag.py:536} INFO - Filling up the DagBag from /opt/airflow/dags/script.py
[2023-11-04T12:53:35.213+0000] {logging_mixin.py:151} INFO - [2023-11-04T12:53:35.210+0000] {dagbag.py:346} ERROR - Failed to import: /opt/airflow/dags/script.py
Traceback (most recent call last):
  File "/home/airflow/.local/lib/python3.8/site-packages/airflow/models/dagbag.py", line 342, in parse
    loader.exec_module(new_module)
  File "<frozen importlib._bootstrap_external>", line 839, in exec_module
  File "<frozen importlib._bootstrap_external>", line 976, in get_code
  File "<frozen importlib._bootstrap_external>", line 906, in source_to_code
  File "<frozen importlib._bootstrap>", line 219, in _call_with_frames_removed
  File "/opt/airflow/dags/script.py", line 37
    image: docker.elastic.co/logstash/logstash:8.10.4
         ^
SyntaxError: invalid syntax
[2023-11-04T12:53:35.214+0000] {processor.py:841} WARNING - No viable dags retrieved from /opt/airflow/dags/script.py
[2023-11-04T12:53:35.293+0000] {processor.py:179} INFO - Processing /opt/airflow/dags/script.py took 0.105 seconds
[2023-11-04T12:54:05.615+0000] {processor.py:157} INFO - Started process (PID=384) to work on /opt/airflow/dags/script.py
[2023-11-04T12:54:05.618+0000] {processor.py:829} INFO - Processing file /opt/airflow/dags/script.py for tasks to queue
[2023-11-04T12:54:05.622+0000] {logging_mixin.py:151} INFO - [2023-11-04T12:54:05.622+0000] {dagbag.py:536} INFO - Filling up the DagBag from /opt/airflow/dags/script.py
[2023-11-04T12:54:05.632+0000] {logging_mixin.py:151} INFO - [2023-11-04T12:54:05.628+0000] {dagbag.py:346} ERROR - Failed to import: /opt/airflow/dags/script.py
Traceback (most recent call last):
  File "/home/airflow/.local/lib/python3.8/site-packages/airflow/models/dagbag.py", line 342, in parse
    loader.exec_module(new_module)
  File "<frozen importlib._bootstrap_external>", line 839, in exec_module
  File "<frozen importlib._bootstrap_external>", line 976, in get_code
  File "<frozen importlib._bootstrap_external>", line 906, in source_to_code
  File "<frozen importlib._bootstrap>", line 219, in _call_with_frames_removed
  File "/opt/airflow/dags/script.py", line 37
    image: docker.elastic.co/logstash/logstash:8.10.4
         ^
SyntaxError: invalid syntax
[2023-11-04T12:54:05.633+0000] {processor.py:841} WARNING - No viable dags retrieved from /opt/airflow/dags/script.py
[2023-11-04T12:54:05.684+0000] {processor.py:179} INFO - Processing /opt/airflow/dags/script.py took 0.074 seconds
[2023-11-04T12:54:35.942+0000] {processor.py:157} INFO - Started process (PID=392) to work on /opt/airflow/dags/script.py
[2023-11-04T12:54:35.946+0000] {processor.py:829} INFO - Processing file /opt/airflow/dags/script.py for tasks to queue
[2023-11-04T12:54:35.948+0000] {logging_mixin.py:151} INFO - [2023-11-04T12:54:35.947+0000] {dagbag.py:536} INFO - Filling up the DagBag from /opt/airflow/dags/script.py
[2023-11-04T12:54:35.955+0000] {logging_mixin.py:151} INFO - [2023-11-04T12:54:35.952+0000] {dagbag.py:346} ERROR - Failed to import: /opt/airflow/dags/script.py
Traceback (most recent call last):
  File "/home/airflow/.local/lib/python3.8/site-packages/airflow/models/dagbag.py", line 342, in parse
    loader.exec_module(new_module)
  File "<frozen importlib._bootstrap_external>", line 839, in exec_module
  File "<frozen importlib._bootstrap_external>", line 976, in get_code
  File "<frozen importlib._bootstrap_external>", line 906, in source_to_code
  File "<frozen importlib._bootstrap>", line 219, in _call_with_frames_removed
  File "/opt/airflow/dags/script.py", line 37
    image: docker.elastic.co/logstash/logstash:8.10.4
         ^
SyntaxError: invalid syntax
[2023-11-04T12:54:35.956+0000] {processor.py:841} WARNING - No viable dags retrieved from /opt/airflow/dags/script.py
[2023-11-04T12:54:36.004+0000] {processor.py:179} INFO - Processing /opt/airflow/dags/script.py took 0.071 seconds
[2023-11-04T12:54:50.162+0000] {processor.py:157} INFO - Started process (PID=393) to work on /opt/airflow/dags/script.py
[2023-11-04T12:54:50.163+0000] {processor.py:829} INFO - Processing file /opt/airflow/dags/script.py for tasks to queue
[2023-11-04T12:54:50.166+0000] {logging_mixin.py:151} INFO - [2023-11-04T12:54:50.165+0000] {dagbag.py:536} INFO - Filling up the DagBag from /opt/airflow/dags/script.py
[2023-11-04T12:54:50.174+0000] {logging_mixin.py:151} INFO - [2023-11-04T12:54:50.171+0000] {dagbag.py:346} ERROR - Failed to import: /opt/airflow/dags/script.py
Traceback (most recent call last):
  File "/home/airflow/.local/lib/python3.8/site-packages/airflow/models/dagbag.py", line 342, in parse
    loader.exec_module(new_module)
  File "<frozen importlib._bootstrap_external>", line 839, in exec_module
  File "<frozen importlib._bootstrap_external>", line 976, in get_code
  File "<frozen importlib._bootstrap_external>", line 906, in source_to_code
  File "<frozen importlib._bootstrap>", line 219, in _call_with_frames_removed
  File "/opt/airflow/dags/script.py", line 37
    logstash:
            ^
SyntaxError: invalid syntax
[2023-11-04T12:54:50.175+0000] {processor.py:841} WARNING - No viable dags retrieved from /opt/airflow/dags/script.py
[2023-11-04T12:54:50.236+0000] {processor.py:179} INFO - Processing /opt/airflow/dags/script.py took 0.087 seconds
[2023-11-04T12:54:52.268+0000] {processor.py:157} INFO - Started process (PID=394) to work on /opt/airflow/dags/script.py
[2023-11-04T12:54:52.269+0000] {processor.py:829} INFO - Processing file /opt/airflow/dags/script.py for tasks to queue
[2023-11-04T12:54:52.270+0000] {logging_mixin.py:151} INFO - [2023-11-04T12:54:52.270+0000] {dagbag.py:536} INFO - Filling up the DagBag from /opt/airflow/dags/script.py
[2023-11-04T12:54:53.549+0000] {processor.py:839} INFO - DAG(s) dict_keys(['traffic_data_etl']) retrieved from /opt/airflow/dags/script.py
[2023-11-04T12:54:57.860+0000] {logging_mixin.py:151} INFO - [2023-11-04T12:54:57.859+0000] {dag.py:2941} INFO - Sync 1 DAGs
[2023-11-04T12:54:57.914+0000] {logging_mixin.py:151} INFO - [2023-11-04T12:54:57.914+0000] {dag.py:3722} INFO - Setting next_dagrun for traffic_data_etl to 2023-11-04T12:53:57.913828+00:00, run_after=2023-11-04T12:54:57.913828+00:00
[2023-11-04T12:54:57.972+0000] {processor.py:179} INFO - Processing /opt/airflow/dags/script.py took 5.710 seconds
[2023-11-04T12:55:28.270+0000] {processor.py:157} INFO - Started process (PID=403) to work on /opt/airflow/dags/script.py
[2023-11-04T12:55:28.272+0000] {processor.py:829} INFO - Processing file /opt/airflow/dags/script.py for tasks to queue
[2023-11-04T12:55:28.275+0000] {logging_mixin.py:151} INFO - [2023-11-04T12:55:28.274+0000] {dagbag.py:536} INFO - Filling up the DagBag from /opt/airflow/dags/script.py
[2023-11-04T12:55:28.491+0000] {processor.py:839} INFO - DAG(s) dict_keys(['traffic_data_etl']) retrieved from /opt/airflow/dags/script.py
[2023-11-04T12:55:28.563+0000] {logging_mixin.py:151} INFO - [2023-11-04T12:55:28.563+0000] {dag.py:2941} INFO - Sync 1 DAGs
[2023-11-04T12:55:28.659+0000] {processor.py:179} INFO - Processing /opt/airflow/dags/script.py took 0.397 seconds
[2023-11-04T12:55:58.813+0000] {processor.py:157} INFO - Started process (PID=411) to work on /opt/airflow/dags/script.py
[2023-11-04T12:55:58.815+0000] {processor.py:829} INFO - Processing file /opt/airflow/dags/script.py for tasks to queue
[2023-11-04T12:55:58.818+0000] {logging_mixin.py:151} INFO - [2023-11-04T12:55:58.817+0000] {dagbag.py:536} INFO - Filling up the DagBag from /opt/airflow/dags/script.py
[2023-11-04T12:55:59.118+0000] {processor.py:839} INFO - DAG(s) dict_keys(['traffic_data_etl']) retrieved from /opt/airflow/dags/script.py
[2023-11-04T12:55:59.175+0000] {logging_mixin.py:151} INFO - [2023-11-04T12:55:59.175+0000] {dag.py:2941} INFO - Sync 1 DAGs
[2023-11-04T12:56:02.454+0000] {processor.py:179} INFO - Processing /opt/airflow/dags/script.py took 3.645 seconds
[2023-11-04T12:56:32.902+0000] {processor.py:157} INFO - Started process (PID=427) to work on /opt/airflow/dags/script.py
[2023-11-04T12:56:32.904+0000] {processor.py:829} INFO - Processing file /opt/airflow/dags/script.py for tasks to queue
[2023-11-04T12:56:32.911+0000] {logging_mixin.py:151} INFO - [2023-11-04T12:56:32.908+0000] {dagbag.py:536} INFO - Filling up the DagBag from /opt/airflow/dags/script.py
[2023-11-04T12:56:33.324+0000] {processor.py:839} INFO - DAG(s) dict_keys(['traffic_data_etl']) retrieved from /opt/airflow/dags/script.py
[2023-11-04T12:56:33.420+0000] {logging_mixin.py:151} INFO - [2023-11-04T12:56:33.420+0000] {dag.py:2941} INFO - Sync 1 DAGs
[2023-11-04T12:56:35.794+0000] {processor.py:179} INFO - Processing /opt/airflow/dags/script.py took 2.913 seconds
[2023-11-04T12:56:37.258+0000] {processor.py:157} INFO - Started process (PID=428) to work on /opt/airflow/dags/script.py
[2023-11-04T12:56:37.260+0000] {processor.py:829} INFO - Processing file /opt/airflow/dags/script.py for tasks to queue
[2023-11-04T12:56:37.261+0000] {logging_mixin.py:151} INFO - [2023-11-04T12:56:37.261+0000] {dagbag.py:536} INFO - Filling up the DagBag from /opt/airflow/dags/script.py
[2023-11-04T12:56:37.497+0000] {processor.py:839} INFO - DAG(s) dict_keys(['traffic_data_etl']) retrieved from /opt/airflow/dags/script.py
[2023-11-04T12:56:37.783+0000] {logging_mixin.py:151} INFO - [2023-11-04T12:56:37.783+0000] {dag.py:2941} INFO - Sync 1 DAGs
[2023-11-04T12:56:37.852+0000] {processor.py:179} INFO - Processing /opt/airflow/dags/script.py took 0.600 seconds
[2023-11-04T12:56:41.895+0000] {processor.py:157} INFO - Started process (PID=429) to work on /opt/airflow/dags/script.py
[2023-11-04T12:56:41.896+0000] {processor.py:829} INFO - Processing file /opt/airflow/dags/script.py for tasks to queue
[2023-11-04T12:56:41.898+0000] {logging_mixin.py:151} INFO - [2023-11-04T12:56:41.897+0000] {dagbag.py:536} INFO - Filling up the DagBag from /opt/airflow/dags/script.py
[2023-11-04T12:56:42.118+0000] {processor.py:839} INFO - DAG(s) dict_keys(['traffic_data_etl']) retrieved from /opt/airflow/dags/script.py
[2023-11-04T12:56:42.381+0000] {logging_mixin.py:151} INFO - [2023-11-04T12:56:42.380+0000] {dag.py:2941} INFO - Sync 1 DAGs
[2023-11-04T12:56:42.465+0000] {processor.py:179} INFO - Processing /opt/airflow/dags/script.py took 0.576 seconds
[2023-11-04T12:57:12.757+0000] {processor.py:157} INFO - Started process (PID=437) to work on /opt/airflow/dags/script.py
[2023-11-04T12:57:12.759+0000] {processor.py:829} INFO - Processing file /opt/airflow/dags/script.py for tasks to queue
[2023-11-04T12:57:12.763+0000] {logging_mixin.py:151} INFO - [2023-11-04T12:57:12.761+0000] {dagbag.py:536} INFO - Filling up the DagBag from /opt/airflow/dags/script.py
[2023-11-04T12:57:13.039+0000] {processor.py:839} INFO - DAG(s) dict_keys(['traffic_data_etl']) retrieved from /opt/airflow/dags/script.py
[2023-11-04T12:57:13.100+0000] {logging_mixin.py:151} INFO - [2023-11-04T12:57:13.099+0000] {dag.py:2941} INFO - Sync 1 DAGs
[2023-11-04T12:57:13.237+0000] {processor.py:179} INFO - Processing /opt/airflow/dags/script.py took 0.490 seconds
[2023-11-04T12:57:43.415+0000] {processor.py:157} INFO - Started process (PID=445) to work on /opt/airflow/dags/script.py
[2023-11-04T12:57:43.418+0000] {processor.py:829} INFO - Processing file /opt/airflow/dags/script.py for tasks to queue
[2023-11-04T12:57:43.421+0000] {logging_mixin.py:151} INFO - [2023-11-04T12:57:43.420+0000] {dagbag.py:536} INFO - Filling up the DagBag from /opt/airflow/dags/script.py
[2023-11-04T12:57:43.872+0000] {processor.py:839} INFO - DAG(s) dict_keys(['traffic_data_etl']) retrieved from /opt/airflow/dags/script.py
[2023-11-04T12:57:43.931+0000] {logging_mixin.py:151} INFO - [2023-11-04T12:57:43.931+0000] {dag.py:2941} INFO - Sync 1 DAGs
[2023-11-04T12:57:44.033+0000] {processor.py:179} INFO - Processing /opt/airflow/dags/script.py took 0.629 seconds
[2023-11-04T12:58:14.511+0000] {processor.py:157} INFO - Started process (PID=453) to work on /opt/airflow/dags/script.py
[2023-11-04T12:58:14.528+0000] {processor.py:829} INFO - Processing file /opt/airflow/dags/script.py for tasks to queue
[2023-11-04T12:58:14.550+0000] {logging_mixin.py:151} INFO - [2023-11-04T12:58:14.541+0000] {dagbag.py:536} INFO - Filling up the DagBag from /opt/airflow/dags/script.py
[2023-11-04T12:58:16.637+0000] {processor.py:839} INFO - DAG(s) dict_keys(['traffic_data_etl']) retrieved from /opt/airflow/dags/script.py
[2023-11-04T12:58:16.944+0000] {logging_mixin.py:151} INFO - [2023-11-04T12:58:16.943+0000] {dag.py:2941} INFO - Sync 1 DAGs
[2023-11-04T12:58:26.564+0000] {processor.py:179} INFO - Processing /opt/airflow/dags/script.py took 12.177 seconds
[2023-11-04T12:58:57.188+0000] {processor.py:157} INFO - Started process (PID=461) to work on /opt/airflow/dags/script.py
[2023-11-04T12:58:57.199+0000] {processor.py:829} INFO - Processing file /opt/airflow/dags/script.py for tasks to queue
[2023-11-04T12:58:57.210+0000] {logging_mixin.py:151} INFO - [2023-11-04T12:58:57.204+0000] {dagbag.py:536} INFO - Filling up the DagBag from /opt/airflow/dags/script.py
[2023-11-04T12:58:58.082+0000] {processor.py:839} INFO - DAG(s) dict_keys(['traffic_data_etl']) retrieved from /opt/airflow/dags/script.py
[2023-11-04T12:58:59.913+0000] {logging_mixin.py:151} INFO - [2023-11-04T12:58:59.913+0000] {dag.py:2941} INFO - Sync 1 DAGs
[2023-11-04T12:58:59.997+0000] {processor.py:179} INFO - Processing /opt/airflow/dags/script.py took 2.879 seconds
[2023-11-04T12:59:30.285+0000] {processor.py:157} INFO - Started process (PID=470) to work on /opt/airflow/dags/script.py
[2023-11-04T12:59:30.287+0000] {processor.py:829} INFO - Processing file /opt/airflow/dags/script.py for tasks to queue
[2023-11-04T12:59:30.289+0000] {logging_mixin.py:151} INFO - [2023-11-04T12:59:30.289+0000] {dagbag.py:536} INFO - Filling up the DagBag from /opt/airflow/dags/script.py
[2023-11-04T12:59:30.603+0000] {processor.py:839} INFO - DAG(s) dict_keys(['traffic_data_etl']) retrieved from /opt/airflow/dags/script.py
[2023-11-04T12:59:30.709+0000] {logging_mixin.py:151} INFO - [2023-11-04T12:59:30.708+0000] {dag.py:2941} INFO - Sync 1 DAGs
[2023-11-04T12:59:30.830+0000] {processor.py:179} INFO - Processing /opt/airflow/dags/script.py took 0.555 seconds
[2023-11-04T12:59:35.907+0000] {processor.py:157} INFO - Started process (PID=477) to work on /opt/airflow/dags/script.py
[2023-11-04T12:59:35.909+0000] {processor.py:829} INFO - Processing file /opt/airflow/dags/script.py for tasks to queue
[2023-11-04T12:59:35.910+0000] {logging_mixin.py:151} INFO - [2023-11-04T12:59:35.910+0000] {dagbag.py:536} INFO - Filling up the DagBag from /opt/airflow/dags/script.py
[2023-11-04T12:59:36.167+0000] {processor.py:839} INFO - DAG(s) dict_keys(['traffic_data_etl']) retrieved from /opt/airflow/dags/script.py
[2023-11-04T12:59:36.910+0000] {logging_mixin.py:151} INFO - [2023-11-04T12:59:36.909+0000] {dag.py:2941} INFO - Sync 1 DAGs
[2023-11-04T12:59:37.067+0000] {processor.py:179} INFO - Processing /opt/airflow/dags/script.py took 1.165 seconds
[2023-11-04T12:59:38.129+0000] {processor.py:157} INFO - Started process (PID=478) to work on /opt/airflow/dags/script.py
[2023-11-04T12:59:38.131+0000] {processor.py:829} INFO - Processing file /opt/airflow/dags/script.py for tasks to queue
[2023-11-04T12:59:38.134+0000] {logging_mixin.py:151} INFO - [2023-11-04T12:59:38.133+0000] {dagbag.py:536} INFO - Filling up the DagBag from /opt/airflow/dags/script.py
[2023-11-04T12:59:38.359+0000] {processor.py:839} INFO - DAG(s) dict_keys(['traffic_data_etl']) retrieved from /opt/airflow/dags/script.py
[2023-11-04T12:59:38.381+0000] {logging_mixin.py:151} INFO - [2023-11-04T12:59:38.381+0000] {dag.py:2941} INFO - Sync 1 DAGs
[2023-11-04T12:59:38.486+0000] {processor.py:179} INFO - Processing /opt/airflow/dags/script.py took 0.364 seconds
[2023-11-04T12:59:52.251+0000] {processor.py:157} INFO - Started process (PID=479) to work on /opt/airflow/dags/script.py
[2023-11-04T12:59:52.252+0000] {processor.py:829} INFO - Processing file /opt/airflow/dags/script.py for tasks to queue
[2023-11-04T12:59:52.254+0000] {logging_mixin.py:151} INFO - [2023-11-04T12:59:52.253+0000] {dagbag.py:536} INFO - Filling up the DagBag from /opt/airflow/dags/script.py
[2023-11-04T12:59:52.489+0000] {processor.py:839} INFO - DAG(s) dict_keys(['traffic_data_etl']) retrieved from /opt/airflow/dags/script.py
[2023-11-04T12:59:52.512+0000] {logging_mixin.py:151} INFO - [2023-11-04T12:59:52.512+0000] {dag.py:2941} INFO - Sync 1 DAGs
[2023-11-04T12:59:52.633+0000] {processor.py:179} INFO - Processing /opt/airflow/dags/script.py took 0.390 seconds
[2023-11-04T12:59:53.663+0000] {processor.py:157} INFO - Started process (PID=480) to work on /opt/airflow/dags/script.py
[2023-11-04T12:59:53.665+0000] {processor.py:829} INFO - Processing file /opt/airflow/dags/script.py for tasks to queue
[2023-11-04T12:59:53.667+0000] {logging_mixin.py:151} INFO - [2023-11-04T12:59:53.666+0000] {dagbag.py:536} INFO - Filling up the DagBag from /opt/airflow/dags/script.py
[2023-11-04T12:59:53.999+0000] {processor.py:839} INFO - DAG(s) dict_keys(['traffic_data_etl']) retrieved from /opt/airflow/dags/script.py
[2023-11-04T12:59:54.027+0000] {logging_mixin.py:151} INFO - [2023-11-04T12:59:54.026+0000] {dag.py:2941} INFO - Sync 1 DAGs
[2023-11-04T12:59:54.128+0000] {processor.py:179} INFO - Processing /opt/airflow/dags/script.py took 0.473 seconds
[2023-11-04T13:00:24.414+0000] {processor.py:157} INFO - Started process (PID=488) to work on /opt/airflow/dags/script.py
[2023-11-04T13:00:24.416+0000] {processor.py:829} INFO - Processing file /opt/airflow/dags/script.py for tasks to queue
[2023-11-04T13:00:24.419+0000] {logging_mixin.py:151} INFO - [2023-11-04T13:00:24.418+0000] {dagbag.py:536} INFO - Filling up the DagBag from /opt/airflow/dags/script.py
[2023-11-04T13:00:24.683+0000] {processor.py:839} INFO - DAG(s) dict_keys(['traffic_data_etl']) retrieved from /opt/airflow/dags/script.py
[2023-11-04T13:00:24.726+0000] {logging_mixin.py:151} INFO - [2023-11-04T13:00:24.726+0000] {dag.py:2941} INFO - Sync 1 DAGs
[2023-11-04T13:00:25.082+0000] {processor.py:179} INFO - Processing /opt/airflow/dags/script.py took 0.679 seconds
[2023-11-04T13:00:55.224+0000] {processor.py:157} INFO - Started process (PID=496) to work on /opt/airflow/dags/script.py
[2023-11-04T13:00:55.226+0000] {processor.py:829} INFO - Processing file /opt/airflow/dags/script.py for tasks to queue
[2023-11-04T13:00:55.228+0000] {logging_mixin.py:151} INFO - [2023-11-04T13:00:55.227+0000] {dagbag.py:536} INFO - Filling up the DagBag from /opt/airflow/dags/script.py
[2023-11-04T13:00:55.395+0000] {processor.py:839} INFO - DAG(s) dict_keys(['traffic_data_etl']) retrieved from /opt/airflow/dags/script.py
[2023-11-04T13:00:55.434+0000] {logging_mixin.py:151} INFO - [2023-11-04T13:00:55.434+0000] {dag.py:2941} INFO - Sync 1 DAGs
[2023-11-04T13:00:55.746+0000] {processor.py:179} INFO - Processing /opt/airflow/dags/script.py took 0.530 seconds
[2023-11-04T13:01:26.011+0000] {processor.py:157} INFO - Started process (PID=505) to work on /opt/airflow/dags/script.py
[2023-11-04T13:01:26.013+0000] {processor.py:829} INFO - Processing file /opt/airflow/dags/script.py for tasks to queue
[2023-11-04T13:01:26.015+0000] {logging_mixin.py:151} INFO - [2023-11-04T13:01:26.014+0000] {dagbag.py:536} INFO - Filling up the DagBag from /opt/airflow/dags/script.py
[2023-11-04T13:01:26.188+0000] {processor.py:839} INFO - DAG(s) dict_keys(['traffic_data_etl']) retrieved from /opt/airflow/dags/script.py
[2023-11-04T13:01:26.501+0000] {logging_mixin.py:151} INFO - [2023-11-04T13:01:26.501+0000] {dag.py:2941} INFO - Sync 1 DAGs
[2023-11-04T13:01:26.622+0000] {processor.py:179} INFO - Processing /opt/airflow/dags/script.py took 0.616 seconds
[2023-11-04T13:01:56.875+0000] {processor.py:157} INFO - Started process (PID=514) to work on /opt/airflow/dags/script.py
[2023-11-04T13:01:56.878+0000] {processor.py:829} INFO - Processing file /opt/airflow/dags/script.py for tasks to queue
[2023-11-04T13:01:56.879+0000] {logging_mixin.py:151} INFO - [2023-11-04T13:01:56.878+0000] {dagbag.py:536} INFO - Filling up the DagBag from /opt/airflow/dags/script.py
[2023-11-04T13:01:59.904+0000] {processor.py:839} INFO - DAG(s) dict_keys(['traffic_data_etl']) retrieved from /opt/airflow/dags/script.py
[2023-11-04T13:02:00.046+0000] {logging_mixin.py:151} INFO - [2023-11-04T13:02:00.041+0000] {dag.py:2941} INFO - Sync 1 DAGs
[2023-11-04T13:02:00.184+0000] {processor.py:179} INFO - Processing /opt/airflow/dags/script.py took 3.319 seconds
[2023-11-04T13:02:30.469+0000] {processor.py:157} INFO - Started process (PID=522) to work on /opt/airflow/dags/script.py
[2023-11-04T13:02:30.471+0000] {processor.py:829} INFO - Processing file /opt/airflow/dags/script.py for tasks to queue
[2023-11-04T13:02:30.474+0000] {logging_mixin.py:151} INFO - [2023-11-04T13:02:30.473+0000] {dagbag.py:536} INFO - Filling up the DagBag from /opt/airflow/dags/script.py
[2023-11-04T13:02:30.768+0000] {processor.py:839} INFO - DAG(s) dict_keys(['traffic_data_etl']) retrieved from /opt/airflow/dags/script.py
[2023-11-04T13:02:30.823+0000] {logging_mixin.py:151} INFO - [2023-11-04T13:02:30.822+0000] {dag.py:2941} INFO - Sync 1 DAGs
[2023-11-04T13:02:30.911+0000] {processor.py:179} INFO - Processing /opt/airflow/dags/script.py took 0.456 seconds
[2023-11-04T13:03:01.219+0000] {processor.py:157} INFO - Started process (PID=530) to work on /opt/airflow/dags/script.py
[2023-11-04T13:03:01.222+0000] {processor.py:829} INFO - Processing file /opt/airflow/dags/script.py for tasks to queue
[2023-11-04T13:03:01.226+0000] {logging_mixin.py:151} INFO - [2023-11-04T13:03:01.225+0000] {dagbag.py:536} INFO - Filling up the DagBag from /opt/airflow/dags/script.py
[2023-11-04T13:03:01.532+0000] {processor.py:839} INFO - DAG(s) dict_keys(['traffic_data_etl']) retrieved from /opt/airflow/dags/script.py
[2023-11-04T13:03:01.609+0000] {logging_mixin.py:151} INFO - [2023-11-04T13:03:01.608+0000] {dag.py:2941} INFO - Sync 1 DAGs
[2023-11-04T13:03:04.370+0000] {processor.py:179} INFO - Processing /opt/airflow/dags/script.py took 3.166 seconds
[2023-11-04T13:03:34.520+0000] {processor.py:157} INFO - Started process (PID=538) to work on /opt/airflow/dags/script.py
[2023-11-04T13:03:34.523+0000] {processor.py:829} INFO - Processing file /opt/airflow/dags/script.py for tasks to queue
[2023-11-04T13:03:34.525+0000] {logging_mixin.py:151} INFO - [2023-11-04T13:03:34.524+0000] {dagbag.py:536} INFO - Filling up the DagBag from /opt/airflow/dags/script.py
[2023-11-04T13:03:34.943+0000] {processor.py:839} INFO - DAG(s) dict_keys(['traffic_data_etl']) retrieved from /opt/airflow/dags/script.py
[2023-11-04T13:03:35.012+0000] {logging_mixin.py:151} INFO - [2023-11-04T13:03:35.011+0000] {dag.py:2941} INFO - Sync 1 DAGs
[2023-11-04T13:03:40.040+0000] {processor.py:179} INFO - Processing /opt/airflow/dags/script.py took 5.543 seconds
[2023-11-04T13:04:10.358+0000] {processor.py:157} INFO - Started process (PID=554) to work on /opt/airflow/dags/script.py
[2023-11-04T13:04:10.361+0000] {processor.py:829} INFO - Processing file /opt/airflow/dags/script.py for tasks to queue
[2023-11-04T13:04:10.364+0000] {logging_mixin.py:151} INFO - [2023-11-04T13:04:10.363+0000] {dagbag.py:536} INFO - Filling up the DagBag from /opt/airflow/dags/script.py
[2023-11-04T13:04:10.644+0000] {processor.py:839} INFO - DAG(s) dict_keys(['traffic_data_etl']) retrieved from /opt/airflow/dags/script.py
[2023-11-04T13:04:10.988+0000] {logging_mixin.py:151} INFO - [2023-11-04T13:04:10.987+0000] {dag.py:2941} INFO - Sync 1 DAGs
[2023-11-04T13:04:11.037+0000] {logging_mixin.py:151} INFO - [2023-11-04T13:04:11.036+0000] {dag.py:3722} INFO - Setting next_dagrun for traffic_data_etl to 2023-11-04T13:03:11.035373+00:00, run_after=2023-11-04T13:04:11.035373+00:00
[2023-11-04T13:04:11.071+0000] {processor.py:179} INFO - Processing /opt/airflow/dags/script.py took 0.742 seconds
[2023-11-04T13:04:41.350+0000] {processor.py:157} INFO - Started process (PID=562) to work on /opt/airflow/dags/script.py
[2023-11-04T13:04:41.352+0000] {processor.py:829} INFO - Processing file /opt/airflow/dags/script.py for tasks to queue
[2023-11-04T13:04:41.354+0000] {logging_mixin.py:151} INFO - [2023-11-04T13:04:41.353+0000] {dagbag.py:536} INFO - Filling up the DagBag from /opt/airflow/dags/script.py
[2023-11-04T13:04:41.870+0000] {processor.py:839} INFO - DAG(s) dict_keys(['traffic_data_etl']) retrieved from /opt/airflow/dags/script.py
[2023-11-04T13:04:41.933+0000] {logging_mixin.py:151} INFO - [2023-11-04T13:04:41.932+0000] {dag.py:2941} INFO - Sync 1 DAGs
[2023-11-04T13:04:42.055+0000] {processor.py:179} INFO - Processing /opt/airflow/dags/script.py took 0.714 seconds
[2023-11-04T13:05:12.482+0000] {processor.py:157} INFO - Started process (PID=571) to work on /opt/airflow/dags/script.py
[2023-11-04T13:05:12.483+0000] {processor.py:829} INFO - Processing file /opt/airflow/dags/script.py for tasks to queue
[2023-11-04T13:05:12.485+0000] {logging_mixin.py:151} INFO - [2023-11-04T13:05:12.484+0000] {dagbag.py:536} INFO - Filling up the DagBag from /opt/airflow/dags/script.py
[2023-11-04T13:05:12.791+0000] {processor.py:839} INFO - DAG(s) dict_keys(['traffic_data_etl']) retrieved from /opt/airflow/dags/script.py
[2023-11-04T13:05:12.863+0000] {logging_mixin.py:151} INFO - [2023-11-04T13:05:12.863+0000] {dag.py:2941} INFO - Sync 1 DAGs
[2023-11-04T13:05:12.951+0000] {processor.py:179} INFO - Processing /opt/airflow/dags/script.py took 0.590 seconds
[2023-11-04T13:05:43.484+0000] {processor.py:157} INFO - Started process (PID=579) to work on /opt/airflow/dags/script.py
[2023-11-04T13:05:43.505+0000] {processor.py:829} INFO - Processing file /opt/airflow/dags/script.py for tasks to queue
[2023-11-04T13:05:43.524+0000] {logging_mixin.py:151} INFO - [2023-11-04T13:05:43.514+0000] {dagbag.py:536} INFO - Filling up the DagBag from /opt/airflow/dags/script.py
[2023-11-04T13:05:44.594+0000] {processor.py:839} INFO - DAG(s) dict_keys(['traffic_data_etl']) retrieved from /opt/airflow/dags/script.py
[2023-11-04T13:05:44.862+0000] {logging_mixin.py:151} INFO - [2023-11-04T13:05:44.862+0000] {dag.py:2941} INFO - Sync 1 DAGs
[2023-11-04T13:05:51.345+0000] {processor.py:179} INFO - Processing /opt/airflow/dags/script.py took 7.969 seconds
[2023-11-04T13:06:23.072+0000] {processor.py:157} INFO - Started process (PID=586) to work on /opt/airflow/dags/script.py
[2023-11-04T13:06:23.093+0000] {processor.py:829} INFO - Processing file /opt/airflow/dags/script.py for tasks to queue
[2023-11-04T13:06:23.126+0000] {logging_mixin.py:151} INFO - [2023-11-04T13:06:23.110+0000] {dagbag.py:536} INFO - Filling up the DagBag from /opt/airflow/dags/script.py
[2023-11-04T13:06:28.774+0000] {processor.py:839} INFO - DAG(s) dict_keys(['traffic_data_etl']) retrieved from /opt/airflow/dags/script.py
[2023-11-04T13:06:29.704+0000] {logging_mixin.py:151} INFO - [2023-11-04T13:06:29.702+0000] {dag.py:2941} INFO - Sync 1 DAGs
[2023-11-04T13:06:44.496+0000] {processor.py:179} INFO - Processing /opt/airflow/dags/script.py took 21.838 seconds
[2023-11-04T13:07:16.165+0000] {processor.py:157} INFO - Started process (PID=601) to work on /opt/airflow/dags/script.py
[2023-11-04T13:07:16.187+0000] {processor.py:829} INFO - Processing file /opt/airflow/dags/script.py for tasks to queue
[2023-11-04T13:07:16.213+0000] {logging_mixin.py:151} INFO - [2023-11-04T13:07:16.203+0000] {dagbag.py:536} INFO - Filling up the DagBag from /opt/airflow/dags/script.py
[2023-11-04T13:07:18.830+0000] {processor.py:839} INFO - DAG(s) dict_keys(['traffic_data_etl']) retrieved from /opt/airflow/dags/script.py
[2023-11-04T13:07:50.277+0000] {logging_mixin.py:151} INFO - [2023-11-04T13:07:50.272+0000] {dag.py:2941} INFO - Sync 1 DAGs
[2023-11-04T13:07:50.702+0000] {processor.py:179} INFO - Processing /opt/airflow/dags/script.py took 34.621 seconds
[2023-11-04T13:08:22.317+0000] {processor.py:157} INFO - Started process (PID=615) to work on /opt/airflow/dags/script.py
[2023-11-04T13:08:22.370+0000] {processor.py:829} INFO - Processing file /opt/airflow/dags/script.py for tasks to queue
[2023-11-04T13:08:22.421+0000] {logging_mixin.py:151} INFO - [2023-11-04T13:08:22.404+0000] {dagbag.py:536} INFO - Filling up the DagBag from /opt/airflow/dags/script.py
[2023-11-04T13:08:26.074+0000] {processor.py:839} INFO - DAG(s) dict_keys(['traffic_data_etl']) retrieved from /opt/airflow/dags/script.py
[2023-11-04T13:08:26.673+0000] {logging_mixin.py:151} INFO - [2023-11-04T13:08:26.673+0000] {dag.py:2941} INFO - Sync 1 DAGs
[2023-11-04T13:08:27.812+0000] {processor.py:179} INFO - Processing /opt/airflow/dags/script.py took 5.789 seconds
[2023-11-04T13:08:58.367+0000] {processor.py:157} INFO - Started process (PID=622) to work on /opt/airflow/dags/script.py
[2023-11-04T13:08:58.383+0000] {processor.py:829} INFO - Processing file /opt/airflow/dags/script.py for tasks to queue
[2023-11-04T13:08:58.440+0000] {logging_mixin.py:151} INFO - [2023-11-04T13:08:58.424+0000] {dagbag.py:536} INFO - Filling up the DagBag from /opt/airflow/dags/script.py
[2023-11-04T13:09:02.004+0000] {processor.py:839} INFO - DAG(s) dict_keys(['traffic_data_etl']) retrieved from /opt/airflow/dags/script.py
[2023-11-04T13:09:02.665+0000] {logging_mixin.py:151} INFO - [2023-11-04T13:09:02.664+0000] {dag.py:2941} INFO - Sync 1 DAGs
[2023-11-04T13:09:39.076+0000] {processor.py:179} INFO - Processing /opt/airflow/dags/script.py took 40.888 seconds
[2023-11-04T13:10:11.608+0000] {processor.py:157} INFO - Started process (PID=637) to work on /opt/airflow/dags/script.py
[2023-11-04T13:10:11.634+0000] {processor.py:829} INFO - Processing file /opt/airflow/dags/script.py for tasks to queue
[2023-11-04T13:10:11.715+0000] {logging_mixin.py:151} INFO - [2023-11-04T13:10:11.688+0000] {dagbag.py:536} INFO - Filling up the DagBag from /opt/airflow/dags/script.py
[2023-11-04T13:10:15.195+0000] {processor.py:839} INFO - DAG(s) dict_keys(['traffic_data_etl']) retrieved from /opt/airflow/dags/script.py
[2023-11-04T13:10:33.432+0000] {logging_mixin.py:151} INFO - [2023-11-04T13:10:33.432+0000] {dag.py:2941} INFO - Sync 1 DAGs
[2023-11-04T13:10:33.766+0000] {processor.py:179} INFO - Processing /opt/airflow/dags/script.py took 22.705 seconds
[2023-11-04T13:11:04.814+0000] {processor.py:157} INFO - Started process (PID=654) to work on /opt/airflow/dags/script.py
[2023-11-04T13:11:04.874+0000] {processor.py:829} INFO - Processing file /opt/airflow/dags/script.py for tasks to queue
[2023-11-04T13:11:04.915+0000] {logging_mixin.py:151} INFO - [2023-11-04T13:11:04.901+0000] {dagbag.py:536} INFO - Filling up the DagBag from /opt/airflow/dags/script.py
[2023-11-04T13:11:08.118+0000] {processor.py:839} INFO - DAG(s) dict_keys(['traffic_data_etl']) retrieved from /opt/airflow/dags/script.py
[2023-11-04T13:11:08.662+0000] {logging_mixin.py:151} INFO - [2023-11-04T13:11:08.661+0000] {dag.py:2941} INFO - Sync 1 DAGs
[2023-11-04T13:11:09.400+0000] {processor.py:179} INFO - Processing /opt/airflow/dags/script.py took 4.857 seconds
[2023-11-04T13:11:41.766+0000] {processor.py:157} INFO - Started process (PID=662) to work on /opt/airflow/dags/script.py
[2023-11-04T13:11:41.870+0000] {processor.py:829} INFO - Processing file /opt/airflow/dags/script.py for tasks to queue
[2023-11-04T13:11:41.892+0000] {logging_mixin.py:151} INFO - [2023-11-04T13:11:41.884+0000] {dagbag.py:536} INFO - Filling up the DagBag from /opt/airflow/dags/script.py
[2023-11-04T13:11:47.844+0000] {processor.py:839} INFO - DAG(s) dict_keys(['traffic_data_etl']) retrieved from /opt/airflow/dags/script.py
[2023-11-04T13:11:50.270+0000] {logging_mixin.py:151} INFO - [2023-11-04T13:11:50.269+0000] {dag.py:2941} INFO - Sync 1 DAGs
[2023-11-04T13:12:21.243+0000] {processor.py:179} INFO - Processing /opt/airflow/dags/script.py took 39.631 seconds
[2023-11-04T13:12:52.650+0000] {processor.py:157} INFO - Started process (PID=676) to work on /opt/airflow/dags/script.py
[2023-11-04T13:12:52.661+0000] {processor.py:829} INFO - Processing file /opt/airflow/dags/script.py for tasks to queue
[2023-11-04T13:12:52.687+0000] {logging_mixin.py:151} INFO - [2023-11-04T13:12:52.674+0000] {dagbag.py:536} INFO - Filling up the DagBag from /opt/airflow/dags/script.py
[2023-11-04T13:12:54.897+0000] {processor.py:839} INFO - DAG(s) dict_keys(['traffic_data_etl']) retrieved from /opt/airflow/dags/script.py
[2023-11-04T13:13:12.246+0000] {logging_mixin.py:151} INFO - [2023-11-04T13:13:12.245+0000] {dag.py:2941} INFO - Sync 1 DAGs
[2023-11-04T13:13:13.069+0000] {processor.py:179} INFO - Processing /opt/airflow/dags/script.py took 20.635 seconds
[2023-11-04T13:13:45.375+0000] {processor.py:157} INFO - Started process (PID=691) to work on /opt/airflow/dags/script.py
[2023-11-04T13:13:45.399+0000] {processor.py:829} INFO - Processing file /opt/airflow/dags/script.py for tasks to queue
[2023-11-04T13:13:45.426+0000] {logging_mixin.py:151} INFO - [2023-11-04T13:13:45.416+0000] {dagbag.py:536} INFO - Filling up the DagBag from /opt/airflow/dags/script.py
[2023-11-04T13:14:25.625+0000] {logging_mixin.py:151} INFO - [2023-11-04T13:14:25.593+0000] {timeout.py:68} ERROR - Process timed out, PID: 691
[2023-11-04T13:14:25.636+0000] {logging_mixin.py:151} WARNING - Exception ignored in: <function _collection_gced at 0x7f6f456d1ee0>
[2023-11-04T13:14:25.638+0000] {logging_mixin.py:151} WARNING - Traceback (most recent call last):
[2023-11-04T13:14:25.638+0000] {logging_mixin.py:151} WARNING -   File "/home/airflow/.local/lib/python3.8/site-packages/sqlalchemy/event/registry.py", line 53, in _collection_gced
[2023-11-04T13:14:25.853+0000] {logging_mixin.py:151} WARNING -     def _collection_gced(ref):
[2023-11-04T13:14:25.854+0000] {logging_mixin.py:151} WARNING -   File "/home/airflow/.local/lib/python3.8/site-packages/airflow/utils/timeout.py", line 69, in handle_timeout
[2023-11-04T13:14:25.855+0000] {logging_mixin.py:151} WARNING -     raise AirflowTaskTimeout(self.error_message)
[2023-11-04T13:14:25.856+0000] {logging_mixin.py:151} WARNING - airflow.exceptions.AirflowTaskTimeout: DagBag import timeout for /opt/airflow/dags/script.py after 30.0s.
Please take a look at these docs to improve your DAG import time:
* https://airflow.apache.org/docs/apache-airflow/2.7.2/best-practices.html#top-level-python-code
* https://airflow.apache.org/docs/apache-airflow/2.7.2/best-practices.html#reducing-dag-complexity, PID: 691
[2023-11-04T13:14:26.176+0000] {processor.py:839} INFO - DAG(s) dict_keys(['traffic_data_etl']) retrieved from /opt/airflow/dags/script.py
[2023-11-04T13:14:26.862+0000] {logging_mixin.py:151} INFO - [2023-11-04T13:14:26.862+0000] {dag.py:2941} INFO - Sync 1 DAGs
[2023-11-04T13:14:27.133+0000] {processor.py:179} INFO - Processing /opt/airflow/dags/script.py took 42.020 seconds
[2023-11-04T13:14:58.164+0000] {processor.py:157} INFO - Started process (PID=705) to work on /opt/airflow/dags/script.py
[2023-11-04T13:14:58.182+0000] {processor.py:829} INFO - Processing file /opt/airflow/dags/script.py for tasks to queue
[2023-11-04T13:14:58.228+0000] {logging_mixin.py:151} INFO - [2023-11-04T13:14:58.208+0000] {dagbag.py:536} INFO - Filling up the DagBag from /opt/airflow/dags/script.py
[2023-11-04T13:14:59.550+0000] {processor.py:839} INFO - DAG(s) dict_keys(['traffic_data_etl']) retrieved from /opt/airflow/dags/script.py
[2023-11-04T13:14:59.898+0000] {logging_mixin.py:151} INFO - [2023-11-04T13:14:59.897+0000] {dag.py:2941} INFO - Sync 1 DAGs
[2023-11-04T13:15:16.287+0000] {processor.py:179} INFO - Processing /opt/airflow/dags/script.py took 18.329 seconds
[2023-11-04T13:15:46.986+0000] {processor.py:157} INFO - Started process (PID=713) to work on /opt/airflow/dags/script.py
[2023-11-04T13:15:46.993+0000] {processor.py:829} INFO - Processing file /opt/airflow/dags/script.py for tasks to queue
[2023-11-04T13:15:47.007+0000] {logging_mixin.py:151} INFO - [2023-11-04T13:15:47.001+0000] {dagbag.py:536} INFO - Filling up the DagBag from /opt/airflow/dags/script.py
[2023-11-04T13:15:48.211+0000] {processor.py:839} INFO - DAG(s) dict_keys(['traffic_data_etl']) retrieved from /opt/airflow/dags/script.py
[2023-11-04T13:15:54.275+0000] {logging_mixin.py:151} INFO - [2023-11-04T13:15:54.275+0000] {dag.py:2941} INFO - Sync 1 DAGs
[2023-11-04T13:15:54.448+0000] {processor.py:179} INFO - Processing /opt/airflow/dags/script.py took 7.566 seconds
[2023-11-04T13:16:24.794+0000] {processor.py:157} INFO - Started process (PID=729) to work on /opt/airflow/dags/script.py
[2023-11-04T13:16:24.796+0000] {processor.py:829} INFO - Processing file /opt/airflow/dags/script.py for tasks to queue
[2023-11-04T13:16:24.799+0000] {logging_mixin.py:151} INFO - [2023-11-04T13:16:24.798+0000] {dagbag.py:536} INFO - Filling up the DagBag from /opt/airflow/dags/script.py
[2023-11-04T13:16:25.566+0000] {processor.py:839} INFO - DAG(s) dict_keys(['traffic_data_etl']) retrieved from /opt/airflow/dags/script.py
[2023-11-04T13:16:25.624+0000] {logging_mixin.py:151} INFO - [2023-11-04T13:16:25.623+0000] {dag.py:2941} INFO - Sync 1 DAGs
[2023-11-04T13:16:25.722+0000] {processor.py:179} INFO - Processing /opt/airflow/dags/script.py took 0.945 seconds
[2023-11-04T13:16:56.135+0000] {processor.py:157} INFO - Started process (PID=737) to work on /opt/airflow/dags/script.py
[2023-11-04T13:16:56.140+0000] {processor.py:829} INFO - Processing file /opt/airflow/dags/script.py for tasks to queue
[2023-11-04T13:16:56.148+0000] {logging_mixin.py:151} INFO - [2023-11-04T13:16:56.144+0000] {dagbag.py:536} INFO - Filling up the DagBag from /opt/airflow/dags/script.py
[2023-11-04T13:16:57.501+0000] {processor.py:839} INFO - DAG(s) dict_keys(['traffic_data_etl']) retrieved from /opt/airflow/dags/script.py
[2023-11-04T13:16:58.615+0000] {logging_mixin.py:151} INFO - [2023-11-04T13:16:58.614+0000] {dag.py:2941} INFO - Sync 1 DAGs
[2023-11-04T13:16:59.507+0000] {processor.py:179} INFO - Processing /opt/airflow/dags/script.py took 3.410 seconds
[2023-11-04T13:17:30.208+0000] {processor.py:157} INFO - Started process (PID=745) to work on /opt/airflow/dags/script.py
[2023-11-04T13:17:30.213+0000] {processor.py:829} INFO - Processing file /opt/airflow/dags/script.py for tasks to queue
[2023-11-04T13:17:30.219+0000] {logging_mixin.py:151} INFO - [2023-11-04T13:17:30.217+0000] {dagbag.py:536} INFO - Filling up the DagBag from /opt/airflow/dags/script.py
[2023-11-04T13:17:30.697+0000] {processor.py:839} INFO - DAG(s) dict_keys(['traffic_data_etl']) retrieved from /opt/airflow/dags/script.py
[2023-11-04T13:17:30.855+0000] {logging_mixin.py:151} INFO - [2023-11-04T13:17:30.854+0000] {dag.py:2941} INFO - Sync 1 DAGs
[2023-11-04T13:17:40.651+0000] {processor.py:179} INFO - Processing /opt/airflow/dags/script.py took 10.472 seconds
[2023-11-04T13:18:11.110+0000] {processor.py:157} INFO - Started process (PID=753) to work on /opt/airflow/dags/script.py
[2023-11-04T13:18:11.115+0000] {processor.py:829} INFO - Processing file /opt/airflow/dags/script.py for tasks to queue
[2023-11-04T13:18:11.121+0000] {logging_mixin.py:151} INFO - [2023-11-04T13:18:11.119+0000] {dagbag.py:536} INFO - Filling up the DagBag from /opt/airflow/dags/script.py
[2023-11-04T13:18:11.717+0000] {processor.py:839} INFO - DAG(s) dict_keys(['traffic_data_etl']) retrieved from /opt/airflow/dags/script.py
[2023-11-04T13:18:11.876+0000] {logging_mixin.py:151} INFO - [2023-11-04T13:18:11.875+0000] {dag.py:2941} INFO - Sync 1 DAGs
[2023-11-04T13:18:13.753+0000] {processor.py:179} INFO - Processing /opt/airflow/dags/script.py took 2.689 seconds
[2023-11-04T13:18:28.964+0000] {processor.py:157} INFO - Started process (PID=762) to work on /opt/airflow/dags/script.py
[2023-11-04T13:18:28.965+0000] {processor.py:829} INFO - Processing file /opt/airflow/dags/script.py for tasks to queue
[2023-11-04T13:18:28.966+0000] {logging_mixin.py:151} INFO - [2023-11-04T13:18:28.966+0000] {dagbag.py:536} INFO - Filling up the DagBag from /opt/airflow/dags/script.py
[2023-11-04T13:18:29.225+0000] {processor.py:839} INFO - DAG(s) dict_keys(['traffic_data_etl']) retrieved from /opt/airflow/dags/script.py
[2023-11-04T13:18:29.692+0000] {logging_mixin.py:151} INFO - [2023-11-04T13:18:29.692+0000] {dag.py:2941} INFO - Sync 1 DAGs
[2023-11-04T13:18:29.785+0000] {processor.py:179} INFO - Processing /opt/airflow/dags/script.py took 0.827 seconds
[2023-11-04T13:18:31.852+0000] {processor.py:157} INFO - Started process (PID=763) to work on /opt/airflow/dags/script.py
[2023-11-04T13:18:31.854+0000] {processor.py:829} INFO - Processing file /opt/airflow/dags/script.py for tasks to queue
[2023-11-04T13:18:31.856+0000] {logging_mixin.py:151} INFO - [2023-11-04T13:18:31.855+0000] {dagbag.py:536} INFO - Filling up the DagBag from /opt/airflow/dags/script.py
[2023-11-04T13:18:32.151+0000] {processor.py:839} INFO - DAG(s) dict_keys(['traffic_data_etl']) retrieved from /opt/airflow/dags/script.py
[2023-11-04T13:18:32.510+0000] {logging_mixin.py:151} INFO - [2023-11-04T13:18:32.510+0000] {dag.py:2941} INFO - Sync 1 DAGs
[2023-11-04T13:18:32.622+0000] {processor.py:179} INFO - Processing /opt/airflow/dags/script.py took 0.778 seconds
[2023-11-04T13:18:33.710+0000] {processor.py:157} INFO - Started process (PID=764) to work on /opt/airflow/dags/script.py
[2023-11-04T13:18:33.712+0000] {processor.py:829} INFO - Processing file /opt/airflow/dags/script.py for tasks to queue
[2023-11-04T13:18:33.714+0000] {logging_mixin.py:151} INFO - [2023-11-04T13:18:33.714+0000] {dagbag.py:536} INFO - Filling up the DagBag from /opt/airflow/dags/script.py
[2023-11-04T13:18:33.995+0000] {processor.py:839} INFO - DAG(s) dict_keys(['traffic_data_etl']) retrieved from /opt/airflow/dags/script.py
[2023-11-04T13:18:34.304+0000] {logging_mixin.py:151} INFO - [2023-11-04T13:18:34.304+0000] {dag.py:2941} INFO - Sync 1 DAGs
[2023-11-04T13:18:34.396+0000] {processor.py:179} INFO - Processing /opt/airflow/dags/script.py took 0.693 seconds
[2023-11-04T13:18:35.148+0000] {processor.py:157} INFO - Started process (PID=765) to work on /opt/airflow/dags/script.py
[2023-11-04T13:18:35.149+0000] {processor.py:829} INFO - Processing file /opt/airflow/dags/script.py for tasks to queue
[2023-11-04T13:18:35.151+0000] {logging_mixin.py:151} INFO - [2023-11-04T13:18:35.150+0000] {dagbag.py:536} INFO - Filling up the DagBag from /opt/airflow/dags/script.py
[2023-11-04T13:18:35.367+0000] {processor.py:839} INFO - DAG(s) dict_keys(['traffic_data_etl']) retrieved from /opt/airflow/dags/script.py
[2023-11-04T13:18:35.634+0000] {logging_mixin.py:151} INFO - [2023-11-04T13:18:35.633+0000] {dag.py:2941} INFO - Sync 1 DAGs
[2023-11-04T13:18:35.720+0000] {processor.py:179} INFO - Processing /opt/airflow/dags/script.py took 0.573 seconds
[2023-11-04T13:19:06.021+0000] {processor.py:157} INFO - Started process (PID=774) to work on /opt/airflow/dags/script.py
[2023-11-04T13:19:06.024+0000] {processor.py:829} INFO - Processing file /opt/airflow/dags/script.py for tasks to queue
[2023-11-04T13:19:06.027+0000] {logging_mixin.py:151} INFO - [2023-11-04T13:19:06.026+0000] {dagbag.py:536} INFO - Filling up the DagBag from /opt/airflow/dags/script.py
[2023-11-04T13:19:06.685+0000] {processor.py:839} INFO - DAG(s) dict_keys(['traffic_data_etl']) retrieved from /opt/airflow/dags/script.py
[2023-11-04T13:19:06.728+0000] {logging_mixin.py:151} INFO - [2023-11-04T13:19:06.727+0000] {dag.py:2941} INFO - Sync 1 DAGs
[2023-11-04T13:19:06.804+0000] {processor.py:179} INFO - Processing /opt/airflow/dags/script.py took 0.792 seconds
[2023-11-04T13:19:37.275+0000] {processor.py:157} INFO - Started process (PID=783) to work on /opt/airflow/dags/script.py
[2023-11-04T13:19:37.285+0000] {processor.py:829} INFO - Processing file /opt/airflow/dags/script.py for tasks to queue
[2023-11-04T13:19:37.287+0000] {logging_mixin.py:151} INFO - [2023-11-04T13:19:37.286+0000] {dagbag.py:536} INFO - Filling up the DagBag from /opt/airflow/dags/script.py
[2023-11-04T13:19:37.783+0000] {processor.py:839} INFO - DAG(s) dict_keys(['traffic_data_etl']) retrieved from /opt/airflow/dags/script.py
[2023-11-04T13:19:38.035+0000] {logging_mixin.py:151} INFO - [2023-11-04T13:19:38.034+0000] {dag.py:2941} INFO - Sync 1 DAGs
[2023-11-04T13:19:38.335+0000] {processor.py:179} INFO - Processing /opt/airflow/dags/script.py took 1.160 seconds
[2023-11-04T13:20:08.410+0000] {processor.py:157} INFO - Started process (PID=793) to work on /opt/airflow/dags/script.py
[2023-11-04T13:20:08.414+0000] {processor.py:829} INFO - Processing file /opt/airflow/dags/script.py for tasks to queue
[2023-11-04T13:20:08.416+0000] {logging_mixin.py:151} INFO - [2023-11-04T13:20:08.415+0000] {dagbag.py:536} INFO - Filling up the DagBag from /opt/airflow/dags/script.py
[2023-11-04T13:20:08.679+0000] {processor.py:839} INFO - DAG(s) dict_keys(['traffic_data_etl']) retrieved from /opt/airflow/dags/script.py
[2023-11-04T13:20:08.736+0000] {logging_mixin.py:151} INFO - [2023-11-04T13:20:08.736+0000] {dag.py:2941} INFO - Sync 1 DAGs
[2023-11-04T13:20:09.146+0000] {processor.py:179} INFO - Processing /opt/airflow/dags/script.py took 0.743 seconds
[2023-11-04T13:20:39.500+0000] {processor.py:157} INFO - Started process (PID=802) to work on /opt/airflow/dags/script.py
[2023-11-04T13:20:39.503+0000] {processor.py:829} INFO - Processing file /opt/airflow/dags/script.py for tasks to queue
[2023-11-04T13:20:39.504+0000] {logging_mixin.py:151} INFO - [2023-11-04T13:20:39.504+0000] {dagbag.py:536} INFO - Filling up the DagBag from /opt/airflow/dags/script.py
[2023-11-04T13:20:39.747+0000] {processor.py:839} INFO - DAG(s) dict_keys(['traffic_data_etl']) retrieved from /opt/airflow/dags/script.py
[2023-11-04T13:20:39.811+0000] {logging_mixin.py:151} INFO - [2023-11-04T13:20:39.811+0000] {dag.py:2941} INFO - Sync 1 DAGs
[2023-11-04T13:20:40.396+0000] {processor.py:179} INFO - Processing /opt/airflow/dags/script.py took 0.906 seconds
[2023-11-04T13:21:10.472+0000] {processor.py:157} INFO - Started process (PID=811) to work on /opt/airflow/dags/script.py
[2023-11-04T13:21:10.474+0000] {processor.py:829} INFO - Processing file /opt/airflow/dags/script.py for tasks to queue
[2023-11-04T13:21:10.477+0000] {logging_mixin.py:151} INFO - [2023-11-04T13:21:10.476+0000] {dagbag.py:536} INFO - Filling up the DagBag from /opt/airflow/dags/script.py
[2023-11-04T13:21:10.800+0000] {processor.py:839} INFO - DAG(s) dict_keys(['traffic_data_etl']) retrieved from /opt/airflow/dags/script.py
[2023-11-04T13:21:11.153+0000] {logging_mixin.py:151} INFO - [2023-11-04T13:21:11.152+0000] {dag.py:2941} INFO - Sync 1 DAGs
[2023-11-04T13:21:11.231+0000] {processor.py:179} INFO - Processing /opt/airflow/dags/script.py took 0.769 seconds
[2023-11-04T13:21:41.601+0000] {processor.py:157} INFO - Started process (PID=820) to work on /opt/airflow/dags/script.py
[2023-11-04T13:21:41.605+0000] {processor.py:829} INFO - Processing file /opt/airflow/dags/script.py for tasks to queue
[2023-11-04T13:21:41.607+0000] {logging_mixin.py:151} INFO - [2023-11-04T13:21:41.606+0000] {dagbag.py:536} INFO - Filling up the DagBag from /opt/airflow/dags/script.py
[2023-11-04T13:21:42.216+0000] {processor.py:839} INFO - DAG(s) dict_keys(['traffic_data_etl']) retrieved from /opt/airflow/dags/script.py
[2023-11-04T13:21:42.262+0000] {logging_mixin.py:151} INFO - [2023-11-04T13:21:42.262+0000] {dag.py:2941} INFO - Sync 1 DAGs
[2023-11-04T13:21:42.396+0000] {processor.py:179} INFO - Processing /opt/airflow/dags/script.py took 0.806 seconds
[2023-11-04T13:22:12.704+0000] {processor.py:157} INFO - Started process (PID=830) to work on /opt/airflow/dags/script.py
[2023-11-04T13:22:12.706+0000] {processor.py:829} INFO - Processing file /opt/airflow/dags/script.py for tasks to queue
[2023-11-04T13:22:12.708+0000] {logging_mixin.py:151} INFO - [2023-11-04T13:22:12.707+0000] {dagbag.py:536} INFO - Filling up the DagBag from /opt/airflow/dags/script.py
[2023-11-04T13:22:13.171+0000] {processor.py:839} INFO - DAG(s) dict_keys(['traffic_data_etl']) retrieved from /opt/airflow/dags/script.py
[2023-11-04T13:22:13.228+0000] {logging_mixin.py:151} INFO - [2023-11-04T13:22:13.228+0000] {dag.py:2941} INFO - Sync 1 DAGs
[2023-11-04T13:22:13.338+0000] {processor.py:179} INFO - Processing /opt/airflow/dags/script.py took 0.641 seconds
[2023-11-04T13:26:05.039+0000] {processor.py:157} INFO - Started process (PID=48) to work on /opt/airflow/dags/script.py
[2023-11-04T13:26:05.128+0000] {processor.py:829} INFO - Processing file /opt/airflow/dags/script.py for tasks to queue
[2023-11-04T13:26:05.339+0000] {logging_mixin.py:151} INFO - [2023-11-04T13:26:05.336+0000] {dagbag.py:536} INFO - Filling up the DagBag from /opt/airflow/dags/script.py
[2023-11-04T13:26:13.646+0000] {processor.py:839} INFO - DAG(s) dict_keys(['traffic_data_etl']) retrieved from /opt/airflow/dags/script.py
[2023-11-04T13:26:19.414+0000] {logging_mixin.py:151} INFO - [2023-11-04T13:26:19.410+0000] {dag.py:2941} INFO - Sync 1 DAGs
[2023-11-04T13:26:19.839+0000] {processor.py:179} INFO - Processing /opt/airflow/dags/script.py took 15.177 seconds
[2023-11-04T13:26:51.029+0000] {processor.py:157} INFO - Started process (PID=59) to work on /opt/airflow/dags/script.py
[2023-11-04T13:26:51.072+0000] {processor.py:829} INFO - Processing file /opt/airflow/dags/script.py for tasks to queue
[2023-11-04T13:26:51.172+0000] {logging_mixin.py:151} INFO - [2023-11-04T13:26:51.150+0000] {dagbag.py:536} INFO - Filling up the DagBag from /opt/airflow/dags/script.py
[2023-11-04T13:26:53.796+0000] {processor.py:839} INFO - DAG(s) dict_keys(['traffic_data_etl']) retrieved from /opt/airflow/dags/script.py
[2023-11-04T13:26:54.979+0000] {logging_mixin.py:151} INFO - [2023-11-04T13:26:54.969+0000] {dag.py:2941} INFO - Sync 1 DAGs
[2023-11-04T13:26:58.583+0000] {processor.py:179} INFO - Processing /opt/airflow/dags/script.py took 7.660 seconds
[2023-11-04T13:27:31.408+0000] {processor.py:157} INFO - Started process (PID=73) to work on /opt/airflow/dags/script.py
[2023-11-04T13:27:31.440+0000] {processor.py:829} INFO - Processing file /opt/airflow/dags/script.py for tasks to queue
[2023-11-04T13:27:31.856+0000] {logging_mixin.py:151} INFO - [2023-11-04T13:27:31.854+0000] {dagbag.py:536} INFO - Filling up the DagBag from /opt/airflow/dags/script.py
[2023-11-04T13:27:35.695+0000] {processor.py:839} INFO - DAG(s) dict_keys(['traffic_data_etl']) retrieved from /opt/airflow/dags/script.py
[2023-11-04T13:27:36.190+0000] {logging_mixin.py:151} INFO - [2023-11-04T13:27:36.189+0000] {dag.py:2941} INFO - Sync 1 DAGs
[2023-11-04T13:27:36.801+0000] {processor.py:179} INFO - Processing /opt/airflow/dags/script.py took 6.255 seconds
[2023-11-04T13:28:08.707+0000] {processor.py:157} INFO - Started process (PID=82) to work on /opt/airflow/dags/script.py
[2023-11-04T13:28:08.848+0000] {processor.py:829} INFO - Processing file /opt/airflow/dags/script.py for tasks to queue
[2023-11-04T13:28:09.342+0000] {logging_mixin.py:151} INFO - [2023-11-04T13:28:09.320+0000] {dagbag.py:536} INFO - Filling up the DagBag from /opt/airflow/dags/script.py
[2023-11-04T13:28:12.527+0000] {processor.py:839} INFO - DAG(s) dict_keys(['traffic_data_etl']) retrieved from /opt/airflow/dags/script.py
[2023-11-04T13:28:14.327+0000] {logging_mixin.py:151} INFO - [2023-11-04T13:28:14.326+0000] {dag.py:2941} INFO - Sync 1 DAGs
[2023-11-04T13:28:22.126+0000] {processor.py:179} INFO - Processing /opt/airflow/dags/script.py took 14.195 seconds
[2023-11-04T13:28:52.278+0000] {processor.py:157} INFO - Started process (PID=91) to work on /opt/airflow/dags/script.py
[2023-11-04T13:28:52.280+0000] {processor.py:829} INFO - Processing file /opt/airflow/dags/script.py for tasks to queue
[2023-11-04T13:28:52.287+0000] {logging_mixin.py:151} INFO - [2023-11-04T13:28:52.286+0000] {dagbag.py:536} INFO - Filling up the DagBag from /opt/airflow/dags/script.py
[2023-11-04T13:28:52.551+0000] {processor.py:839} INFO - DAG(s) dict_keys(['traffic_data_etl']) retrieved from /opt/airflow/dags/script.py
[2023-11-04T13:28:52.606+0000] {logging_mixin.py:151} INFO - [2023-11-04T13:28:52.606+0000] {dag.py:2941} INFO - Sync 1 DAGs
[2023-11-04T13:28:52.734+0000] {processor.py:179} INFO - Processing /opt/airflow/dags/script.py took 0.467 seconds
[2023-11-04T13:29:23.019+0000] {processor.py:157} INFO - Started process (PID=100) to work on /opt/airflow/dags/script.py
[2023-11-04T13:29:23.024+0000] {processor.py:829} INFO - Processing file /opt/airflow/dags/script.py for tasks to queue
[2023-11-04T13:29:23.029+0000] {logging_mixin.py:151} INFO - [2023-11-04T13:29:23.028+0000] {dagbag.py:536} INFO - Filling up the DagBag from /opt/airflow/dags/script.py
[2023-11-04T13:29:23.344+0000] {processor.py:839} INFO - DAG(s) dict_keys(['traffic_data_etl']) retrieved from /opt/airflow/dags/script.py
[2023-11-04T13:29:23.458+0000] {logging_mixin.py:151} INFO - [2023-11-04T13:29:23.457+0000] {dag.py:2941} INFO - Sync 1 DAGs
[2023-11-04T13:29:23.642+0000] {processor.py:179} INFO - Processing /opt/airflow/dags/script.py took 0.630 seconds
[2023-11-04T13:29:53.995+0000] {processor.py:157} INFO - Started process (PID=116) to work on /opt/airflow/dags/script.py
[2023-11-04T13:29:53.998+0000] {processor.py:829} INFO - Processing file /opt/airflow/dags/script.py for tasks to queue
[2023-11-04T13:29:54.011+0000] {logging_mixin.py:151} INFO - [2023-11-04T13:29:54.010+0000] {dagbag.py:536} INFO - Filling up the DagBag from /opt/airflow/dags/script.py
[2023-11-04T13:29:54.330+0000] {processor.py:839} INFO - DAG(s) dict_keys(['traffic_data_etl']) retrieved from /opt/airflow/dags/script.py
[2023-11-04T13:29:54.411+0000] {logging_mixin.py:151} INFO - [2023-11-04T13:29:54.410+0000] {dag.py:2941} INFO - Sync 1 DAGs
[2023-11-04T13:29:54.544+0000] {processor.py:179} INFO - Processing /opt/airflow/dags/script.py took 0.568 seconds
[2023-11-04T13:30:24.932+0000] {processor.py:157} INFO - Started process (PID=125) to work on /opt/airflow/dags/script.py
[2023-11-04T13:30:24.936+0000] {processor.py:829} INFO - Processing file /opt/airflow/dags/script.py for tasks to queue
[2023-11-04T13:30:24.965+0000] {logging_mixin.py:151} INFO - [2023-11-04T13:30:24.963+0000] {dagbag.py:536} INFO - Filling up the DagBag from /opt/airflow/dags/script.py
[2023-11-04T13:30:25.340+0000] {processor.py:839} INFO - DAG(s) dict_keys(['traffic_data_etl']) retrieved from /opt/airflow/dags/script.py
[2023-11-04T13:30:25.403+0000] {logging_mixin.py:151} INFO - [2023-11-04T13:30:25.402+0000] {dag.py:2941} INFO - Sync 1 DAGs
[2023-11-04T13:30:25.514+0000] {processor.py:179} INFO - Processing /opt/airflow/dags/script.py took 0.615 seconds
[2023-11-04T13:30:55.793+0000] {processor.py:157} INFO - Started process (PID=134) to work on /opt/airflow/dags/script.py
[2023-11-04T13:30:55.796+0000] {processor.py:829} INFO - Processing file /opt/airflow/dags/script.py for tasks to queue
[2023-11-04T13:30:55.803+0000] {logging_mixin.py:151} INFO - [2023-11-04T13:30:55.802+0000] {dagbag.py:536} INFO - Filling up the DagBag from /opt/airflow/dags/script.py
[2023-11-04T13:30:56.107+0000] {processor.py:839} INFO - DAG(s) dict_keys(['traffic_data_etl']) retrieved from /opt/airflow/dags/script.py
[2023-11-04T13:30:56.178+0000] {logging_mixin.py:151} INFO - [2023-11-04T13:30:56.177+0000] {dag.py:2941} INFO - Sync 1 DAGs
[2023-11-04T13:30:56.293+0000] {processor.py:179} INFO - Processing /opt/airflow/dags/script.py took 0.512 seconds
[2023-11-04T13:31:26.789+0000] {processor.py:157} INFO - Started process (PID=143) to work on /opt/airflow/dags/script.py
[2023-11-04T13:31:26.792+0000] {processor.py:829} INFO - Processing file /opt/airflow/dags/script.py for tasks to queue
[2023-11-04T13:31:26.844+0000] {logging_mixin.py:151} INFO - [2023-11-04T13:31:26.837+0000] {dagbag.py:536} INFO - Filling up the DagBag from /opt/airflow/dags/script.py
[2023-11-04T13:31:28.149+0000] {processor.py:839} INFO - DAG(s) dict_keys(['traffic_data_etl']) retrieved from /opt/airflow/dags/script.py
[2023-11-04T13:31:28.387+0000] {logging_mixin.py:151} INFO - [2023-11-04T13:31:28.387+0000] {dag.py:2941} INFO - Sync 1 DAGs
[2023-11-04T13:31:28.829+0000] {processor.py:179} INFO - Processing /opt/airflow/dags/script.py took 2.091 seconds
[2023-11-04T13:31:59.145+0000] {processor.py:157} INFO - Started process (PID=152) to work on /opt/airflow/dags/script.py
[2023-11-04T13:31:59.156+0000] {processor.py:829} INFO - Processing file /opt/airflow/dags/script.py for tasks to queue
[2023-11-04T13:31:59.182+0000] {logging_mixin.py:151} INFO - [2023-11-04T13:31:59.178+0000] {dagbag.py:536} INFO - Filling up the DagBag from /opt/airflow/dags/script.py
[2023-11-04T13:31:59.668+0000] {processor.py:839} INFO - DAG(s) dict_keys(['traffic_data_etl']) retrieved from /opt/airflow/dags/script.py
[2023-11-04T13:32:00.456+0000] {logging_mixin.py:151} INFO - [2023-11-04T13:32:00.456+0000] {dag.py:2941} INFO - Sync 1 DAGs
[2023-11-04T13:32:09.843+0000] {processor.py:179} INFO - Processing /opt/airflow/dags/script.py took 10.725 seconds
[2023-11-04T13:32:40.138+0000] {processor.py:157} INFO - Started process (PID=161) to work on /opt/airflow/dags/script.py
[2023-11-04T13:32:40.143+0000] {processor.py:829} INFO - Processing file /opt/airflow/dags/script.py for tasks to queue
[2023-11-04T13:32:40.151+0000] {logging_mixin.py:151} INFO - [2023-11-04T13:32:40.148+0000] {dagbag.py:536} INFO - Filling up the DagBag from /opt/airflow/dags/script.py
[2023-11-04T13:32:40.567+0000] {processor.py:839} INFO - DAG(s) dict_keys(['traffic_data_etl']) retrieved from /opt/airflow/dags/script.py
[2023-11-04T13:32:40.627+0000] {logging_mixin.py:151} INFO - [2023-11-04T13:32:40.627+0000] {dag.py:2941} INFO - Sync 1 DAGs
[2023-11-04T13:32:40.738+0000] {processor.py:179} INFO - Processing /opt/airflow/dags/script.py took 0.608 seconds
[2023-11-04T13:33:13.527+0000] {processor.py:157} INFO - Started process (PID=170) to work on /opt/airflow/dags/script.py
[2023-11-04T13:33:13.555+0000] {processor.py:829} INFO - Processing file /opt/airflow/dags/script.py for tasks to queue
[2023-11-04T13:33:13.647+0000] {logging_mixin.py:151} INFO - [2023-11-04T13:33:13.642+0000] {dagbag.py:536} INFO - Filling up the DagBag from /opt/airflow/dags/script.py
[2023-11-04T13:33:21.408+0000] {processor.py:839} INFO - DAG(s) dict_keys(['traffic_data_etl']) retrieved from /opt/airflow/dags/script.py
[2023-11-04T13:33:27.985+0000] {logging_mixin.py:151} INFO - [2023-11-04T13:33:27.953+0000] {dag.py:2941} INFO - Sync 1 DAGs
[2023-11-04T13:33:30.562+0000] {processor.py:179} INFO - Processing /opt/airflow/dags/script.py took 19.091 seconds
[2023-11-04T13:34:01.415+0000] {processor.py:157} INFO - Started process (PID=179) to work on /opt/airflow/dags/script.py
[2023-11-04T13:34:01.435+0000] {processor.py:829} INFO - Processing file /opt/airflow/dags/script.py for tasks to queue
[2023-11-04T13:34:01.608+0000] {logging_mixin.py:151} INFO - [2023-11-04T13:34:01.579+0000] {dagbag.py:536} INFO - Filling up the DagBag from /opt/airflow/dags/script.py
[2023-11-04T13:34:06.882+0000] {processor.py:839} INFO - DAG(s) dict_keys(['traffic_data_etl']) retrieved from /opt/airflow/dags/script.py
[2023-11-04T13:34:27.418+0000] {logging_mixin.py:151} INFO - [2023-11-04T13:34:27.415+0000] {dag.py:2941} INFO - Sync 1 DAGs
[2023-11-04T13:34:28.800+0000] {processor.py:179} INFO - Processing /opt/airflow/dags/script.py took 26.854 seconds
[2023-11-04T13:34:59.745+0000] {processor.py:157} INFO - Started process (PID=188) to work on /opt/airflow/dags/script.py
[2023-11-04T13:34:59.750+0000] {processor.py:829} INFO - Processing file /opt/airflow/dags/script.py for tasks to queue
[2023-11-04T13:34:59.777+0000] {logging_mixin.py:151} INFO - [2023-11-04T13:34:59.774+0000] {dagbag.py:536} INFO - Filling up the DagBag from /opt/airflow/dags/script.py
[2023-11-04T13:35:00.686+0000] {processor.py:839} INFO - DAG(s) dict_keys(['traffic_data_etl']) retrieved from /opt/airflow/dags/script.py
[2023-11-04T13:35:01.084+0000] {logging_mixin.py:151} INFO - [2023-11-04T13:35:01.082+0000] {dag.py:2941} INFO - Sync 1 DAGs
[2023-11-04T13:35:01.493+0000] {processor.py:179} INFO - Processing /opt/airflow/dags/script.py took 1.815 seconds
[2023-11-04T13:35:31.804+0000] {processor.py:157} INFO - Started process (PID=198) to work on /opt/airflow/dags/script.py
[2023-11-04T13:35:31.806+0000] {processor.py:829} INFO - Processing file /opt/airflow/dags/script.py for tasks to queue
[2023-11-04T13:35:31.816+0000] {logging_mixin.py:151} INFO - [2023-11-04T13:35:31.815+0000] {dagbag.py:536} INFO - Filling up the DagBag from /opt/airflow/dags/script.py
[2023-11-04T13:35:32.290+0000] {processor.py:839} INFO - DAG(s) dict_keys(['traffic_data_etl']) retrieved from /opt/airflow/dags/script.py
[2023-11-04T13:35:32.488+0000] {logging_mixin.py:151} INFO - [2023-11-04T13:35:32.487+0000] {dag.py:2941} INFO - Sync 1 DAGs
[2023-11-04T13:35:32.608+0000] {processor.py:179} INFO - Processing /opt/airflow/dags/script.py took 0.811 seconds
[2023-11-04T13:36:03.304+0000] {processor.py:157} INFO - Started process (PID=215) to work on /opt/airflow/dags/script.py
[2023-11-04T13:36:03.311+0000] {processor.py:829} INFO - Processing file /opt/airflow/dags/script.py for tasks to queue
[2023-11-04T13:36:03.355+0000] {logging_mixin.py:151} INFO - [2023-11-04T13:36:03.347+0000] {dagbag.py:536} INFO - Filling up the DagBag from /opt/airflow/dags/script.py
[2023-11-04T13:36:04.362+0000] {processor.py:839} INFO - DAG(s) dict_keys(['traffic_data_etl']) retrieved from /opt/airflow/dags/script.py
[2023-11-04T13:36:04.747+0000] {logging_mixin.py:151} INFO - [2023-11-04T13:36:04.746+0000] {dag.py:2941} INFO - Sync 1 DAGs
[2023-11-04T13:36:05.183+0000] {processor.py:179} INFO - Processing /opt/airflow/dags/script.py took 1.927 seconds
[2023-11-04T13:36:35.430+0000] {processor.py:157} INFO - Started process (PID=224) to work on /opt/airflow/dags/script.py
[2023-11-04T13:36:35.436+0000] {processor.py:829} INFO - Processing file /opt/airflow/dags/script.py for tasks to queue
[2023-11-04T13:36:35.444+0000] {logging_mixin.py:151} INFO - [2023-11-04T13:36:35.441+0000] {dagbag.py:536} INFO - Filling up the DagBag from /opt/airflow/dags/script.py
[2023-11-04T13:36:35.797+0000] {processor.py:839} INFO - DAG(s) dict_keys(['traffic_data_etl']) retrieved from /opt/airflow/dags/script.py
[2023-11-04T13:36:35.907+0000] {logging_mixin.py:151} INFO - [2023-11-04T13:36:35.906+0000] {dag.py:2941} INFO - Sync 1 DAGs
[2023-11-04T13:36:36.018+0000] {processor.py:179} INFO - Processing /opt/airflow/dags/script.py took 0.597 seconds
[2023-11-04T13:37:06.461+0000] {processor.py:157} INFO - Started process (PID=233) to work on /opt/airflow/dags/script.py
[2023-11-04T13:37:06.464+0000] {processor.py:829} INFO - Processing file /opt/airflow/dags/script.py for tasks to queue
[2023-11-04T13:37:06.483+0000] {logging_mixin.py:151} INFO - [2023-11-04T13:37:06.482+0000] {dagbag.py:536} INFO - Filling up the DagBag from /opt/airflow/dags/script.py
[2023-11-04T13:37:07.209+0000] {processor.py:839} INFO - DAG(s) dict_keys(['traffic_data_etl']) retrieved from /opt/airflow/dags/script.py
[2023-11-04T13:37:07.375+0000] {logging_mixin.py:151} INFO - [2023-11-04T13:37:07.374+0000] {dag.py:2941} INFO - Sync 1 DAGs
[2023-11-04T13:37:07.626+0000] {processor.py:179} INFO - Processing /opt/airflow/dags/script.py took 1.186 seconds
[2023-11-04T13:37:37.748+0000] {processor.py:157} INFO - Started process (PID=242) to work on /opt/airflow/dags/script.py
[2023-11-04T13:37:37.765+0000] {processor.py:829} INFO - Processing file /opt/airflow/dags/script.py for tasks to queue
[2023-11-04T13:37:37.778+0000] {logging_mixin.py:151} INFO - [2023-11-04T13:37:37.778+0000] {dagbag.py:536} INFO - Filling up the DagBag from /opt/airflow/dags/script.py
[2023-11-04T13:37:38.166+0000] {processor.py:839} INFO - DAG(s) dict_keys(['traffic_data_etl']) retrieved from /opt/airflow/dags/script.py
[2023-11-04T13:37:38.290+0000] {logging_mixin.py:151} INFO - [2023-11-04T13:37:38.290+0000] {dag.py:2941} INFO - Sync 1 DAGs
[2023-11-04T13:37:38.424+0000] {processor.py:179} INFO - Processing /opt/airflow/dags/script.py took 0.691 seconds
[2023-11-04T13:38:08.728+0000] {processor.py:157} INFO - Started process (PID=251) to work on /opt/airflow/dags/script.py
[2023-11-04T13:38:08.731+0000] {processor.py:829} INFO - Processing file /opt/airflow/dags/script.py for tasks to queue
[2023-11-04T13:38:08.742+0000] {logging_mixin.py:151} INFO - [2023-11-04T13:38:08.741+0000] {dagbag.py:536} INFO - Filling up the DagBag from /opt/airflow/dags/script.py
[2023-11-04T13:38:09.083+0000] {processor.py:839} INFO - DAG(s) dict_keys(['traffic_data_etl']) retrieved from /opt/airflow/dags/script.py
[2023-11-04T13:38:09.169+0000] {logging_mixin.py:151} INFO - [2023-11-04T13:38:09.169+0000] {dag.py:2941} INFO - Sync 1 DAGs
[2023-11-04T13:38:09.269+0000] {processor.py:179} INFO - Processing /opt/airflow/dags/script.py took 0.549 seconds
[2023-11-04T13:38:39.542+0000] {processor.py:157} INFO - Started process (PID=260) to work on /opt/airflow/dags/script.py
[2023-11-04T13:38:39.547+0000] {processor.py:829} INFO - Processing file /opt/airflow/dags/script.py for tasks to queue
[2023-11-04T13:38:39.552+0000] {logging_mixin.py:151} INFO - [2023-11-04T13:38:39.551+0000] {dagbag.py:536} INFO - Filling up the DagBag from /opt/airflow/dags/script.py
[2023-11-04T13:38:40.050+0000] {processor.py:839} INFO - DAG(s) dict_keys(['traffic_data_etl']) retrieved from /opt/airflow/dags/script.py
[2023-11-04T13:38:40.169+0000] {logging_mixin.py:151} INFO - [2023-11-04T13:38:40.169+0000] {dag.py:2941} INFO - Sync 1 DAGs
[2023-11-04T13:38:40.294+0000] {processor.py:179} INFO - Processing /opt/airflow/dags/script.py took 0.761 seconds
[2023-11-04T13:39:10.537+0000] {processor.py:157} INFO - Started process (PID=269) to work on /opt/airflow/dags/script.py
[2023-11-04T13:39:10.556+0000] {processor.py:829} INFO - Processing file /opt/airflow/dags/script.py for tasks to queue
[2023-11-04T13:39:10.591+0000] {logging_mixin.py:151} INFO - [2023-11-04T13:39:10.583+0000] {dagbag.py:536} INFO - Filling up the DagBag from /opt/airflow/dags/script.py
[2023-11-04T13:39:11.442+0000] {processor.py:839} INFO - DAG(s) dict_keys(['traffic_data_etl']) retrieved from /opt/airflow/dags/script.py
[2023-11-04T13:39:11.887+0000] {logging_mixin.py:151} INFO - [2023-11-04T13:39:11.886+0000] {dag.py:2941} INFO - Sync 1 DAGs
[2023-11-04T13:39:12.233+0000] {processor.py:179} INFO - Processing /opt/airflow/dags/script.py took 1.753 seconds
[2023-11-04T13:39:42.618+0000] {processor.py:157} INFO - Started process (PID=279) to work on /opt/airflow/dags/script.py
[2023-11-04T13:39:42.620+0000] {processor.py:829} INFO - Processing file /opt/airflow/dags/script.py for tasks to queue
[2023-11-04T13:39:42.624+0000] {logging_mixin.py:151} INFO - [2023-11-04T13:39:42.623+0000] {dagbag.py:536} INFO - Filling up the DagBag from /opt/airflow/dags/script.py
[2023-11-04T13:39:43.007+0000] {processor.py:839} INFO - DAG(s) dict_keys(['traffic_data_etl']) retrieved from /opt/airflow/dags/script.py
[2023-11-04T13:39:43.090+0000] {logging_mixin.py:151} INFO - [2023-11-04T13:39:43.090+0000] {dag.py:2941} INFO - Sync 1 DAGs
[2023-11-04T13:39:43.197+0000] {processor.py:179} INFO - Processing /opt/airflow/dags/script.py took 0.587 seconds
[2023-11-04T13:40:13.540+0000] {processor.py:157} INFO - Started process (PID=289) to work on /opt/airflow/dags/script.py
[2023-11-04T13:40:13.543+0000] {processor.py:829} INFO - Processing file /opt/airflow/dags/script.py for tasks to queue
[2023-11-04T13:40:13.549+0000] {logging_mixin.py:151} INFO - [2023-11-04T13:40:13.548+0000] {dagbag.py:536} INFO - Filling up the DagBag from /opt/airflow/dags/script.py
[2023-11-04T13:40:14.063+0000] {processor.py:839} INFO - DAG(s) dict_keys(['traffic_data_etl']) retrieved from /opt/airflow/dags/script.py
[2023-11-04T13:40:14.158+0000] {logging_mixin.py:151} INFO - [2023-11-04T13:40:14.158+0000] {dag.py:2941} INFO - Sync 1 DAGs
[2023-11-04T13:40:14.216+0000] {logging_mixin.py:151} INFO - [2023-11-04T13:40:14.215+0000] {dag.py:3722} INFO - Setting next_dagrun for traffic_data_etl to 2023-11-04T13:39:14.208387+00:00, run_after=2023-11-04T13:40:14.208387+00:00
[2023-11-04T13:40:14.272+0000] {processor.py:179} INFO - Processing /opt/airflow/dags/script.py took 0.741 seconds
[2023-11-04T13:40:44.809+0000] {processor.py:157} INFO - Started process (PID=298) to work on /opt/airflow/dags/script.py
[2023-11-04T13:40:44.814+0000] {processor.py:829} INFO - Processing file /opt/airflow/dags/script.py for tasks to queue
[2023-11-04T13:40:44.842+0000] {logging_mixin.py:151} INFO - [2023-11-04T13:40:44.838+0000] {dagbag.py:536} INFO - Filling up the DagBag from /opt/airflow/dags/script.py
[2023-11-04T13:40:45.507+0000] {processor.py:839} INFO - DAG(s) dict_keys(['traffic_data_etl']) retrieved from /opt/airflow/dags/script.py
[2023-11-04T13:40:45.694+0000] {logging_mixin.py:151} INFO - [2023-11-04T13:40:45.693+0000] {dag.py:2941} INFO - Sync 1 DAGs
[2023-11-04T13:40:45.876+0000] {processor.py:179} INFO - Processing /opt/airflow/dags/script.py took 1.089 seconds
[2023-11-04T13:41:16.371+0000] {processor.py:157} INFO - Started process (PID=307) to work on /opt/airflow/dags/script.py
[2023-11-04T13:41:16.379+0000] {processor.py:829} INFO - Processing file /opt/airflow/dags/script.py for tasks to queue
[2023-11-04T13:41:16.389+0000] {logging_mixin.py:151} INFO - [2023-11-04T13:41:16.387+0000] {dagbag.py:536} INFO - Filling up the DagBag from /opt/airflow/dags/script.py
[2023-11-04T13:41:17.086+0000] {processor.py:839} INFO - DAG(s) dict_keys(['traffic_data_etl']) retrieved from /opt/airflow/dags/script.py
[2023-11-04T13:41:17.298+0000] {logging_mixin.py:151} INFO - [2023-11-04T13:41:17.297+0000] {dag.py:2941} INFO - Sync 1 DAGs
[2023-11-04T13:41:17.480+0000] {processor.py:179} INFO - Processing /opt/airflow/dags/script.py took 1.124 seconds
[2023-11-04T13:41:38.721+0000] {processor.py:157} INFO - Started process (PID=309) to work on /opt/airflow/dags/script.py
[2023-11-04T13:41:38.723+0000] {processor.py:829} INFO - Processing file /opt/airflow/dags/script.py for tasks to queue
[2023-11-04T13:41:38.726+0000] {logging_mixin.py:151} INFO - [2023-11-04T13:41:38.725+0000] {dagbag.py:536} INFO - Filling up the DagBag from /opt/airflow/dags/script.py
[2023-11-04T13:41:39.099+0000] {processor.py:839} INFO - DAG(s) dict_keys(['traffic_data_etl']) retrieved from /opt/airflow/dags/script.py
[2023-11-04T13:41:39.198+0000] {logging_mixin.py:151} INFO - [2023-11-04T13:41:39.198+0000] {dag.py:2941} INFO - Sync 1 DAGs
[2023-11-04T13:41:39.318+0000] {processor.py:179} INFO - Processing /opt/airflow/dags/script.py took 0.602 seconds
[2023-11-04T13:41:45.419+0000] {processor.py:157} INFO - Started process (PID=310) to work on /opt/airflow/dags/script.py
[2023-11-04T13:41:45.421+0000] {processor.py:829} INFO - Processing file /opt/airflow/dags/script.py for tasks to queue
[2023-11-04T13:41:45.429+0000] {logging_mixin.py:151} INFO - [2023-11-04T13:41:45.426+0000] {dagbag.py:536} INFO - Filling up the DagBag from /opt/airflow/dags/script.py
[2023-11-04T13:41:45.746+0000] {processor.py:839} INFO - DAG(s) dict_keys(['traffic_data_etl']) retrieved from /opt/airflow/dags/script.py
[2023-11-04T13:41:45.805+0000] {logging_mixin.py:151} INFO - [2023-11-04T13:41:45.804+0000] {dag.py:2941} INFO - Sync 1 DAGs
[2023-11-04T13:41:45.885+0000] {processor.py:179} INFO - Processing /opt/airflow/dags/script.py took 0.472 seconds
[2023-11-04T13:42:16.363+0000] {processor.py:157} INFO - Started process (PID=319) to work on /opt/airflow/dags/script.py
[2023-11-04T13:42:16.366+0000] {processor.py:829} INFO - Processing file /opt/airflow/dags/script.py for tasks to queue
[2023-11-04T13:42:16.373+0000] {logging_mixin.py:151} INFO - [2023-11-04T13:42:16.371+0000] {dagbag.py:536} INFO - Filling up the DagBag from /opt/airflow/dags/script.py
[2023-11-04T13:42:16.757+0000] {processor.py:839} INFO - DAG(s) dict_keys(['traffic_data_etl']) retrieved from /opt/airflow/dags/script.py
[2023-11-04T13:42:16.850+0000] {logging_mixin.py:151} INFO - [2023-11-04T13:42:16.849+0000] {dag.py:2941} INFO - Sync 1 DAGs
[2023-11-04T13:42:16.979+0000] {processor.py:179} INFO - Processing /opt/airflow/dags/script.py took 0.624 seconds
[2023-11-04T13:42:22.511+0000] {processor.py:157} INFO - Started process (PID=328) to work on /opt/airflow/dags/script.py
[2023-11-04T13:42:22.512+0000] {processor.py:829} INFO - Processing file /opt/airflow/dags/script.py for tasks to queue
[2023-11-04T13:42:22.520+0000] {logging_mixin.py:151} INFO - [2023-11-04T13:42:22.519+0000] {dagbag.py:536} INFO - Filling up the DagBag from /opt/airflow/dags/script.py
[2023-11-04T13:42:22.747+0000] {processor.py:839} INFO - DAG(s) dict_keys(['traffic_data_etl']) retrieved from /opt/airflow/dags/script.py
[2023-11-04T13:42:22.800+0000] {logging_mixin.py:151} INFO - [2023-11-04T13:42:22.800+0000] {dag.py:2941} INFO - Sync 1 DAGs
[2023-11-04T13:42:22.896+0000] {processor.py:179} INFO - Processing /opt/airflow/dags/script.py took 0.389 seconds
[2023-11-04T13:42:23.536+0000] {processor.py:157} INFO - Started process (PID=329) to work on /opt/airflow/dags/script.py
[2023-11-04T13:42:23.540+0000] {processor.py:829} INFO - Processing file /opt/airflow/dags/script.py for tasks to queue
[2023-11-04T13:42:23.549+0000] {logging_mixin.py:151} INFO - [2023-11-04T13:42:23.547+0000] {dagbag.py:536} INFO - Filling up the DagBag from /opt/airflow/dags/script.py
[2023-11-04T13:42:23.876+0000] {processor.py:839} INFO - DAG(s) dict_keys(['traffic_data_etl']) retrieved from /opt/airflow/dags/script.py
[2023-11-04T13:42:23.944+0000] {logging_mixin.py:151} INFO - [2023-11-04T13:42:23.944+0000] {dag.py:2941} INFO - Sync 1 DAGs
[2023-11-04T13:42:24.071+0000] {processor.py:179} INFO - Processing /opt/airflow/dags/script.py took 0.544 seconds
[2023-11-04T13:42:54.195+0000] {processor.py:157} INFO - Started process (PID=339) to work on /opt/airflow/dags/script.py
[2023-11-04T13:42:54.199+0000] {processor.py:829} INFO - Processing file /opt/airflow/dags/script.py for tasks to queue
[2023-11-04T13:42:54.204+0000] {logging_mixin.py:151} INFO - [2023-11-04T13:42:54.203+0000] {dagbag.py:536} INFO - Filling up the DagBag from /opt/airflow/dags/script.py
[2023-11-04T13:42:54.605+0000] {processor.py:839} INFO - DAG(s) dict_keys(['traffic_data_etl']) retrieved from /opt/airflow/dags/script.py
[2023-11-04T13:42:54.724+0000] {logging_mixin.py:151} INFO - [2023-11-04T13:42:54.723+0000] {dag.py:2941} INFO - Sync 1 DAGs
[2023-11-04T13:42:54.906+0000] {processor.py:179} INFO - Processing /opt/airflow/dags/script.py took 0.716 seconds
[2023-11-04T13:43:25.113+0000] {processor.py:157} INFO - Started process (PID=347) to work on /opt/airflow/dags/script.py
[2023-11-04T13:43:25.132+0000] {processor.py:829} INFO - Processing file /opt/airflow/dags/script.py for tasks to queue
[2023-11-04T13:43:25.172+0000] {logging_mixin.py:151} INFO - [2023-11-04T13:43:25.159+0000] {dagbag.py:536} INFO - Filling up the DagBag from /opt/airflow/dags/script.py
[2023-11-04T13:43:26.130+0000] {processor.py:839} INFO - DAG(s) dict_keys(['traffic_data_etl']) retrieved from /opt/airflow/dags/script.py
[2023-11-04T13:43:27.232+0000] {logging_mixin.py:151} INFO - [2023-11-04T13:43:27.221+0000] {dag.py:2941} INFO - Sync 1 DAGs
[2023-11-04T13:43:27.545+0000] {processor.py:179} INFO - Processing /opt/airflow/dags/script.py took 2.307 seconds
[2023-11-04T13:43:57.717+0000] {processor.py:157} INFO - Started process (PID=356) to work on /opt/airflow/dags/script.py
[2023-11-04T13:43:57.722+0000] {processor.py:829} INFO - Processing file /opt/airflow/dags/script.py for tasks to queue
[2023-11-04T13:43:57.729+0000] {logging_mixin.py:151} INFO - [2023-11-04T13:43:57.729+0000] {dagbag.py:536} INFO - Filling up the DagBag from /opt/airflow/dags/script.py
[2023-11-04T13:43:58.012+0000] {processor.py:839} INFO - DAG(s) dict_keys(['traffic_data_etl']) retrieved from /opt/airflow/dags/script.py
[2023-11-04T13:43:58.111+0000] {logging_mixin.py:151} INFO - [2023-11-04T13:43:58.111+0000] {dag.py:2941} INFO - Sync 1 DAGs
[2023-11-04T13:43:58.300+0000] {processor.py:179} INFO - Processing /opt/airflow/dags/script.py took 0.588 seconds
[2023-11-04T13:44:28.699+0000] {processor.py:157} INFO - Started process (PID=365) to work on /opt/airflow/dags/script.py
[2023-11-04T13:44:28.702+0000] {processor.py:829} INFO - Processing file /opt/airflow/dags/script.py for tasks to queue
[2023-11-04T13:44:28.712+0000] {logging_mixin.py:151} INFO - [2023-11-04T13:44:28.707+0000] {dagbag.py:536} INFO - Filling up the DagBag from /opt/airflow/dags/script.py
[2023-11-04T13:44:29.085+0000] {processor.py:839} INFO - DAG(s) dict_keys(['traffic_data_etl']) retrieved from /opt/airflow/dags/script.py
[2023-11-04T13:44:29.261+0000] {logging_mixin.py:151} INFO - [2023-11-04T13:44:29.261+0000] {dag.py:2941} INFO - Sync 1 DAGs
[2023-11-04T13:44:29.345+0000] {processor.py:179} INFO - Processing /opt/airflow/dags/script.py took 0.656 seconds
[2023-11-04T13:44:59.828+0000] {processor.py:157} INFO - Started process (PID=366) to work on /opt/airflow/dags/script.py
[2023-11-04T13:44:59.835+0000] {processor.py:829} INFO - Processing file /opt/airflow/dags/script.py for tasks to queue
[2023-11-04T13:44:59.907+0000] {logging_mixin.py:151} INFO - [2023-11-04T13:44:59.896+0000] {dagbag.py:536} INFO - Filling up the DagBag from /opt/airflow/dags/script.py
[2023-11-04T13:45:04.987+0000] {processor.py:839} INFO - DAG(s) dict_keys(['traffic_data_etl']) retrieved from /opt/airflow/dags/script.py
[2023-11-04T13:45:12.222+0000] {logging_mixin.py:151} INFO - [2023-11-04T13:45:12.210+0000] {dag.py:2941} INFO - Sync 1 DAGs
[2023-11-04T13:45:13.219+0000] {processor.py:179} INFO - Processing /opt/airflow/dags/script.py took 13.446 seconds
[2023-11-04T13:45:43.859+0000] {processor.py:157} INFO - Started process (PID=376) to work on /opt/airflow/dags/script.py
[2023-11-04T13:45:43.865+0000] {processor.py:829} INFO - Processing file /opt/airflow/dags/script.py for tasks to queue
[2023-11-04T13:45:43.928+0000] {logging_mixin.py:151} INFO - [2023-11-04T13:45:43.920+0000] {dagbag.py:536} INFO - Filling up the DagBag from /opt/airflow/dags/script.py
[2023-11-04T13:45:45.337+0000] {processor.py:839} INFO - DAG(s) dict_keys(['traffic_data_etl']) retrieved from /opt/airflow/dags/script.py
[2023-11-04T13:45:45.719+0000] {logging_mixin.py:151} INFO - [2023-11-04T13:45:45.716+0000] {dag.py:2941} INFO - Sync 1 DAGs
[2023-11-04T13:45:46.009+0000] {processor.py:179} INFO - Processing /opt/airflow/dags/script.py took 2.221 seconds
[2023-11-04T13:46:16.490+0000] {processor.py:157} INFO - Started process (PID=393) to work on /opt/airflow/dags/script.py
[2023-11-04T13:46:16.495+0000] {processor.py:829} INFO - Processing file /opt/airflow/dags/script.py for tasks to queue
[2023-11-04T13:46:16.502+0000] {logging_mixin.py:151} INFO - [2023-11-04T13:46:16.499+0000] {dagbag.py:536} INFO - Filling up the DagBag from /opt/airflow/dags/script.py
[2023-11-04T13:46:17.086+0000] {processor.py:839} INFO - DAG(s) dict_keys(['traffic_data_etl']) retrieved from /opt/airflow/dags/script.py
[2023-11-04T13:46:17.216+0000] {logging_mixin.py:151} INFO - [2023-11-04T13:46:17.216+0000] {dag.py:2941} INFO - Sync 1 DAGs
[2023-11-04T13:46:17.320+0000] {processor.py:179} INFO - Processing /opt/airflow/dags/script.py took 0.842 seconds
[2023-11-04T13:46:34.530+0000] {processor.py:157} INFO - Started process (PID=395) to work on /opt/airflow/dags/script.py
[2023-11-04T13:46:34.533+0000] {processor.py:829} INFO - Processing file /opt/airflow/dags/script.py for tasks to queue
[2023-11-04T13:46:34.538+0000] {logging_mixin.py:151} INFO - [2023-11-04T13:46:34.536+0000] {dagbag.py:536} INFO - Filling up the DagBag from /opt/airflow/dags/script.py
[2023-11-04T13:46:34.913+0000] {processor.py:839} INFO - DAG(s) dict_keys(['traffic_data_etl']) retrieved from /opt/airflow/dags/script.py
[2023-11-04T13:46:35.044+0000] {logging_mixin.py:151} INFO - [2023-11-04T13:46:35.043+0000] {dag.py:2941} INFO - Sync 1 DAGs
[2023-11-04T13:46:35.143+0000] {processor.py:179} INFO - Processing /opt/airflow/dags/script.py took 0.622 seconds
[2023-11-04T13:46:35.715+0000] {processor.py:157} INFO - Started process (PID=396) to work on /opt/airflow/dags/script.py
[2023-11-04T13:46:35.717+0000] {processor.py:829} INFO - Processing file /opt/airflow/dags/script.py for tasks to queue
[2023-11-04T13:46:35.723+0000] {logging_mixin.py:151} INFO - [2023-11-04T13:46:35.722+0000] {dagbag.py:536} INFO - Filling up the DagBag from /opt/airflow/dags/script.py
[2023-11-04T13:46:36.018+0000] {processor.py:839} INFO - DAG(s) dict_keys(['traffic_data_etl']) retrieved from /opt/airflow/dags/script.py
[2023-11-04T13:46:36.072+0000] {logging_mixin.py:151} INFO - [2023-11-04T13:46:36.072+0000] {dag.py:2941} INFO - Sync 1 DAGs
[2023-11-04T13:46:36.190+0000] {processor.py:179} INFO - Processing /opt/airflow/dags/script.py took 0.485 seconds
[2023-11-04T13:47:06.457+0000] {processor.py:157} INFO - Started process (PID=404) to work on /opt/airflow/dags/script.py
[2023-11-04T13:47:06.460+0000] {processor.py:829} INFO - Processing file /opt/airflow/dags/script.py for tasks to queue
[2023-11-04T13:47:06.464+0000] {logging_mixin.py:151} INFO - [2023-11-04T13:47:06.464+0000] {dagbag.py:536} INFO - Filling up the DagBag from /opt/airflow/dags/script.py
[2023-11-04T13:47:06.809+0000] {processor.py:839} INFO - DAG(s) dict_keys(['traffic_data_etl']) retrieved from /opt/airflow/dags/script.py
[2023-11-04T13:47:06.937+0000] {logging_mixin.py:151} INFO - [2023-11-04T13:47:06.936+0000] {dag.py:2941} INFO - Sync 1 DAGs
[2023-11-04T13:47:07.030+0000] {processor.py:179} INFO - Processing /opt/airflow/dags/script.py took 0.581 seconds
[2023-11-04T13:47:37.760+0000] {processor.py:157} INFO - Started process (PID=414) to work on /opt/airflow/dags/script.py
[2023-11-04T13:47:37.764+0000] {processor.py:829} INFO - Processing file /opt/airflow/dags/script.py for tasks to queue
[2023-11-04T13:47:37.770+0000] {logging_mixin.py:151} INFO - [2023-11-04T13:47:37.769+0000] {dagbag.py:536} INFO - Filling up the DagBag from /opt/airflow/dags/script.py
[2023-11-04T13:47:38.141+0000] {processor.py:839} INFO - DAG(s) dict_keys(['traffic_data_etl']) retrieved from /opt/airflow/dags/script.py
[2023-11-04T13:47:38.221+0000] {logging_mixin.py:151} INFO - [2023-11-04T13:47:38.220+0000] {dag.py:2941} INFO - Sync 1 DAGs
[2023-11-04T13:47:38.387+0000] {processor.py:179} INFO - Processing /opt/airflow/dags/script.py took 0.636 seconds
[2023-11-04T13:48:08.792+0000] {processor.py:157} INFO - Started process (PID=423) to work on /opt/airflow/dags/script.py
[2023-11-04T13:48:08.794+0000] {processor.py:829} INFO - Processing file /opt/airflow/dags/script.py for tasks to queue
[2023-11-04T13:48:08.799+0000] {logging_mixin.py:151} INFO - [2023-11-04T13:48:08.799+0000] {dagbag.py:536} INFO - Filling up the DagBag from /opt/airflow/dags/script.py
[2023-11-04T13:48:09.161+0000] {processor.py:839} INFO - DAG(s) dict_keys(['traffic_data_etl']) retrieved from /opt/airflow/dags/script.py
[2023-11-04T13:48:09.250+0000] {logging_mixin.py:151} INFO - [2023-11-04T13:48:09.250+0000] {dag.py:2941} INFO - Sync 1 DAGs
[2023-11-04T13:48:09.350+0000] {processor.py:179} INFO - Processing /opt/airflow/dags/script.py took 0.563 seconds
[2023-11-04T13:48:39.717+0000] {processor.py:157} INFO - Started process (PID=432) to work on /opt/airflow/dags/script.py
[2023-11-04T13:48:39.720+0000] {processor.py:829} INFO - Processing file /opt/airflow/dags/script.py for tasks to queue
[2023-11-04T13:48:39.726+0000] {logging_mixin.py:151} INFO - [2023-11-04T13:48:39.726+0000] {dagbag.py:536} INFO - Filling up the DagBag from /opt/airflow/dags/script.py
[2023-11-04T13:48:40.142+0000] {processor.py:839} INFO - DAG(s) dict_keys(['traffic_data_etl']) retrieved from /opt/airflow/dags/script.py
[2023-11-04T13:48:40.244+0000] {logging_mixin.py:151} INFO - [2023-11-04T13:48:40.243+0000] {dag.py:2941} INFO - Sync 1 DAGs
[2023-11-04T13:48:40.337+0000] {processor.py:179} INFO - Processing /opt/airflow/dags/script.py took 0.628 seconds
[2023-11-04T13:49:10.653+0000] {processor.py:157} INFO - Started process (PID=441) to work on /opt/airflow/dags/script.py
[2023-11-04T13:49:10.657+0000] {processor.py:829} INFO - Processing file /opt/airflow/dags/script.py for tasks to queue
[2023-11-04T13:49:10.660+0000] {logging_mixin.py:151} INFO - [2023-11-04T13:49:10.660+0000] {dagbag.py:536} INFO - Filling up the DagBag from /opt/airflow/dags/script.py
[2023-11-04T13:49:11.107+0000] {processor.py:839} INFO - DAG(s) dict_keys(['traffic_data_etl']) retrieved from /opt/airflow/dags/script.py
[2023-11-04T13:49:11.196+0000] {logging_mixin.py:151} INFO - [2023-11-04T13:49:11.195+0000] {dag.py:2941} INFO - Sync 1 DAGs
[2023-11-04T13:49:11.304+0000] {processor.py:179} INFO - Processing /opt/airflow/dags/script.py took 0.662 seconds
[2023-11-04T13:49:41.616+0000] {processor.py:157} INFO - Started process (PID=450) to work on /opt/airflow/dags/script.py
[2023-11-04T13:49:41.621+0000] {processor.py:829} INFO - Processing file /opt/airflow/dags/script.py for tasks to queue
[2023-11-04T13:49:41.632+0000] {logging_mixin.py:151} INFO - [2023-11-04T13:49:41.631+0000] {dagbag.py:536} INFO - Filling up the DagBag from /opt/airflow/dags/script.py
[2023-11-04T13:49:42.080+0000] {processor.py:839} INFO - DAG(s) dict_keys(['traffic_data_etl']) retrieved from /opt/airflow/dags/script.py
[2023-11-04T13:49:42.230+0000] {logging_mixin.py:151} INFO - [2023-11-04T13:49:42.230+0000] {dag.py:2941} INFO - Sync 1 DAGs
[2023-11-04T13:49:42.341+0000] {processor.py:179} INFO - Processing /opt/airflow/dags/script.py took 0.743 seconds
[2023-11-04T13:50:12.719+0000] {processor.py:157} INFO - Started process (PID=460) to work on /opt/airflow/dags/script.py
[2023-11-04T13:50:12.721+0000] {processor.py:829} INFO - Processing file /opt/airflow/dags/script.py for tasks to queue
[2023-11-04T13:50:12.727+0000] {logging_mixin.py:151} INFO - [2023-11-04T13:50:12.725+0000] {dagbag.py:536} INFO - Filling up the DagBag from /opt/airflow/dags/script.py
[2023-11-04T13:50:13.056+0000] {processor.py:839} INFO - DAG(s) dict_keys(['traffic_data_etl']) retrieved from /opt/airflow/dags/script.py
[2023-11-04T13:50:13.181+0000] {logging_mixin.py:151} INFO - [2023-11-04T13:50:13.181+0000] {dag.py:2941} INFO - Sync 1 DAGs
[2023-11-04T13:50:13.336+0000] {processor.py:179} INFO - Processing /opt/airflow/dags/script.py took 0.628 seconds
[2023-11-04T13:50:43.667+0000] {processor.py:157} INFO - Started process (PID=468) to work on /opt/airflow/dags/script.py
[2023-11-04T13:50:43.670+0000] {processor.py:829} INFO - Processing file /opt/airflow/dags/script.py for tasks to queue
[2023-11-04T13:50:43.676+0000] {logging_mixin.py:151} INFO - [2023-11-04T13:50:43.675+0000] {dagbag.py:536} INFO - Filling up the DagBag from /opt/airflow/dags/script.py
[2023-11-04T13:50:44.047+0000] {processor.py:839} INFO - DAG(s) dict_keys(['traffic_data_etl']) retrieved from /opt/airflow/dags/script.py
[2023-11-04T13:50:44.184+0000] {logging_mixin.py:151} INFO - [2023-11-04T13:50:44.183+0000] {dag.py:2941} INFO - Sync 1 DAGs
[2023-11-04T13:50:44.301+0000] {processor.py:179} INFO - Processing /opt/airflow/dags/script.py took 0.644 seconds
[2023-11-04T13:51:14.819+0000] {processor.py:157} INFO - Started process (PID=478) to work on /opt/airflow/dags/script.py
[2023-11-04T13:51:14.824+0000] {processor.py:829} INFO - Processing file /opt/airflow/dags/script.py for tasks to queue
[2023-11-04T13:51:14.830+0000] {logging_mixin.py:151} INFO - [2023-11-04T13:51:14.828+0000] {dagbag.py:536} INFO - Filling up the DagBag from /opt/airflow/dags/script.py
[2023-11-04T13:51:15.755+0000] {processor.py:839} INFO - DAG(s) dict_keys(['traffic_data_etl']) retrieved from /opt/airflow/dags/script.py
[2023-11-04T13:51:27.275+0000] {logging_mixin.py:151} INFO - [2023-11-04T13:51:27.275+0000] {dag.py:2941} INFO - Sync 1 DAGs
[2023-11-04T13:51:27.689+0000] {processor.py:179} INFO - Processing /opt/airflow/dags/script.py took 12.881 seconds
[2023-11-04T13:51:58.033+0000] {processor.py:157} INFO - Started process (PID=487) to work on /opt/airflow/dags/script.py
[2023-11-04T13:51:58.036+0000] {processor.py:829} INFO - Processing file /opt/airflow/dags/script.py for tasks to queue
[2023-11-04T13:51:58.042+0000] {logging_mixin.py:151} INFO - [2023-11-04T13:51:58.041+0000] {dagbag.py:536} INFO - Filling up the DagBag from /opt/airflow/dags/script.py
[2023-11-04T13:51:58.527+0000] {processor.py:839} INFO - DAG(s) dict_keys(['traffic_data_etl']) retrieved from /opt/airflow/dags/script.py
[2023-11-04T13:51:58.696+0000] {logging_mixin.py:151} INFO - [2023-11-04T13:51:58.696+0000] {dag.py:2941} INFO - Sync 1 DAGs
[2023-11-04T13:51:58.828+0000] {processor.py:179} INFO - Processing /opt/airflow/dags/script.py took 0.809 seconds
[2023-11-04T13:52:29.203+0000] {processor.py:157} INFO - Started process (PID=496) to work on /opt/airflow/dags/script.py
[2023-11-04T13:52:29.206+0000] {processor.py:829} INFO - Processing file /opt/airflow/dags/script.py for tasks to queue
[2023-11-04T13:52:29.238+0000] {logging_mixin.py:151} INFO - [2023-11-04T13:52:29.228+0000] {dagbag.py:536} INFO - Filling up the DagBag from /opt/airflow/dags/script.py
[2023-11-04T13:52:30.058+0000] {processor.py:839} INFO - DAG(s) dict_keys(['traffic_data_etl']) retrieved from /opt/airflow/dags/script.py
[2023-11-04T13:52:30.192+0000] {logging_mixin.py:151} INFO - [2023-11-04T13:52:30.192+0000] {dag.py:2941} INFO - Sync 1 DAGs
[2023-11-04T13:52:30.333+0000] {processor.py:179} INFO - Processing /opt/airflow/dags/script.py took 1.156 seconds
[2023-11-04T13:53:00.667+0000] {processor.py:157} INFO - Started process (PID=505) to work on /opt/airflow/dags/script.py
[2023-11-04T13:53:00.670+0000] {processor.py:829} INFO - Processing file /opt/airflow/dags/script.py for tasks to queue
[2023-11-04T13:53:00.676+0000] {logging_mixin.py:151} INFO - [2023-11-04T13:53:00.675+0000] {dagbag.py:536} INFO - Filling up the DagBag from /opt/airflow/dags/script.py
[2023-11-04T13:53:01.336+0000] {processor.py:839} INFO - DAG(s) dict_keys(['traffic_data_etl']) retrieved from /opt/airflow/dags/script.py
[2023-11-04T13:53:01.417+0000] {logging_mixin.py:151} INFO - [2023-11-04T13:53:01.416+0000] {dag.py:2941} INFO - Sync 1 DAGs
[2023-11-04T13:53:01.466+0000] {logging_mixin.py:151} INFO - [2023-11-04T13:53:01.465+0000] {dag.py:3722} INFO - Setting next_dagrun for traffic_data_etl to 2023-11-04T13:52:01.465396+00:00, run_after=2023-11-04T13:53:01.465396+00:00
[2023-11-04T13:53:01.513+0000] {processor.py:179} INFO - Processing /opt/airflow/dags/script.py took 0.857 seconds
[2023-11-04T13:53:31.760+0000] {processor.py:157} INFO - Started process (PID=515) to work on /opt/airflow/dags/script.py
[2023-11-04T13:53:31.763+0000] {processor.py:829} INFO - Processing file /opt/airflow/dags/script.py for tasks to queue
[2023-11-04T13:53:31.769+0000] {logging_mixin.py:151} INFO - [2023-11-04T13:53:31.767+0000] {dagbag.py:536} INFO - Filling up the DagBag from /opt/airflow/dags/script.py
[2023-11-04T13:53:32.338+0000] {processor.py:839} INFO - DAG(s) dict_keys(['traffic_data_etl']) retrieved from /opt/airflow/dags/script.py
[2023-11-04T13:53:32.476+0000] {logging_mixin.py:151} INFO - [2023-11-04T13:53:32.475+0000] {dag.py:2941} INFO - Sync 1 DAGs
[2023-11-04T13:53:32.626+0000] {processor.py:179} INFO - Processing /opt/airflow/dags/script.py took 0.875 seconds
[2023-11-04T13:54:02.817+0000] {processor.py:157} INFO - Started process (PID=524) to work on /opt/airflow/dags/script.py
[2023-11-04T13:54:02.821+0000] {processor.py:829} INFO - Processing file /opt/airflow/dags/script.py for tasks to queue
[2023-11-04T13:54:02.829+0000] {logging_mixin.py:151} INFO - [2023-11-04T13:54:02.824+0000] {dagbag.py:536} INFO - Filling up the DagBag from /opt/airflow/dags/script.py
[2023-11-04T13:54:03.262+0000] {processor.py:839} INFO - DAG(s) dict_keys(['traffic_data_etl']) retrieved from /opt/airflow/dags/script.py
[2023-11-04T13:54:03.389+0000] {logging_mixin.py:151} INFO - [2023-11-04T13:54:03.389+0000] {dag.py:2941} INFO - Sync 1 DAGs
[2023-11-04T13:54:03.468+0000] {processor.py:179} INFO - Processing /opt/airflow/dags/script.py took 0.661 seconds
[2023-11-04T13:54:33.750+0000] {processor.py:157} INFO - Started process (PID=534) to work on /opt/airflow/dags/script.py
[2023-11-04T13:54:33.752+0000] {processor.py:829} INFO - Processing file /opt/airflow/dags/script.py for tasks to queue
[2023-11-04T13:54:33.756+0000] {logging_mixin.py:151} INFO - [2023-11-04T13:54:33.755+0000] {dagbag.py:536} INFO - Filling up the DagBag from /opt/airflow/dags/script.py
[2023-11-04T13:54:34.313+0000] {processor.py:839} INFO - DAG(s) dict_keys(['traffic_data_etl']) retrieved from /opt/airflow/dags/script.py
[2023-11-04T13:54:34.406+0000] {logging_mixin.py:151} INFO - [2023-11-04T13:54:34.405+0000] {dag.py:2941} INFO - Sync 1 DAGs
[2023-11-04T13:54:34.491+0000] {logging_mixin.py:151} INFO - [2023-11-04T13:54:34.490+0000] {dag.py:3722} INFO - Setting next_dagrun for traffic_data_etl to 2023-11-04T13:53:34.490348+00:00, run_after=2023-11-04T13:54:34.490348+00:00
[2023-11-04T13:54:34.543+0000] {processor.py:179} INFO - Processing /opt/airflow/dags/script.py took 0.798 seconds
[2023-11-04T13:55:04.873+0000] {processor.py:157} INFO - Started process (PID=550) to work on /opt/airflow/dags/script.py
[2023-11-04T13:55:04.876+0000] {processor.py:829} INFO - Processing file /opt/airflow/dags/script.py for tasks to queue
[2023-11-04T13:55:04.885+0000] {logging_mixin.py:151} INFO - [2023-11-04T13:55:04.882+0000] {dagbag.py:536} INFO - Filling up the DagBag from /opt/airflow/dags/script.py
[2023-11-04T13:55:05.306+0000] {processor.py:839} INFO - DAG(s) dict_keys(['traffic_data_etl']) retrieved from /opt/airflow/dags/script.py
[2023-11-04T13:55:05.426+0000] {logging_mixin.py:151} INFO - [2023-11-04T13:55:05.425+0000] {dag.py:2941} INFO - Sync 1 DAGs
[2023-11-04T13:55:05.529+0000] {processor.py:179} INFO - Processing /opt/airflow/dags/script.py took 0.667 seconds
[2023-11-04T13:55:34.694+0000] {processor.py:157} INFO - Started process (PID=553) to work on /opt/airflow/dags/script.py
[2023-11-04T13:55:34.700+0000] {processor.py:829} INFO - Processing file /opt/airflow/dags/script.py for tasks to queue
[2023-11-04T13:55:34.714+0000] {logging_mixin.py:151} INFO - [2023-11-04T13:55:34.707+0000] {dagbag.py:536} INFO - Filling up the DagBag from /opt/airflow/dags/script.py
[2023-11-04T13:55:35.306+0000] {processor.py:839} INFO - DAG(s) dict_keys(['traffic_data_etl']) retrieved from /opt/airflow/dags/script.py
[2023-11-04T13:55:35.487+0000] {logging_mixin.py:151} INFO - [2023-11-04T13:55:35.486+0000] {dag.py:2941} INFO - Sync 1 DAGs
[2023-11-04T13:55:35.729+0000] {processor.py:179} INFO - Processing /opt/airflow/dags/script.py took 1.061 seconds
[2023-11-04T13:56:06.033+0000] {processor.py:157} INFO - Started process (PID=563) to work on /opt/airflow/dags/script.py
[2023-11-04T13:56:06.042+0000] {processor.py:829} INFO - Processing file /opt/airflow/dags/script.py for tasks to queue
[2023-11-04T13:56:06.111+0000] {logging_mixin.py:151} INFO - [2023-11-04T13:56:06.099+0000] {dagbag.py:536} INFO - Filling up the DagBag from /opt/airflow/dags/script.py
[2023-11-04T13:56:07.288+0000] {processor.py:839} INFO - DAG(s) dict_keys(['traffic_data_etl']) retrieved from /opt/airflow/dags/script.py
[2023-11-04T13:56:08.734+0000] {logging_mixin.py:151} INFO - [2023-11-04T13:56:08.734+0000] {dag.py:2941} INFO - Sync 1 DAGs
[2023-11-04T13:56:10.466+0000] {processor.py:179} INFO - Processing /opt/airflow/dags/script.py took 4.476 seconds
[2023-11-04T13:56:40.944+0000] {processor.py:157} INFO - Started process (PID=579) to work on /opt/airflow/dags/script.py
[2023-11-04T13:56:40.947+0000] {processor.py:829} INFO - Processing file /opt/airflow/dags/script.py for tasks to queue
[2023-11-04T13:56:40.954+0000] {logging_mixin.py:151} INFO - [2023-11-04T13:56:40.953+0000] {dagbag.py:536} INFO - Filling up the DagBag from /opt/airflow/dags/script.py
[2023-11-04T13:56:41.376+0000] {processor.py:839} INFO - DAG(s) dict_keys(['traffic_data_etl']) retrieved from /opt/airflow/dags/script.py
[2023-11-04T13:56:41.454+0000] {logging_mixin.py:151} INFO - [2023-11-04T13:56:41.453+0000] {dag.py:2941} INFO - Sync 1 DAGs
[2023-11-04T13:56:41.547+0000] {processor.py:179} INFO - Processing /opt/airflow/dags/script.py took 0.613 seconds
[2023-11-04T13:57:11.865+0000] {processor.py:157} INFO - Started process (PID=588) to work on /opt/airflow/dags/script.py
[2023-11-04T13:57:11.870+0000] {processor.py:829} INFO - Processing file /opt/airflow/dags/script.py for tasks to queue
[2023-11-04T13:57:11.883+0000] {logging_mixin.py:151} INFO - [2023-11-04T13:57:11.879+0000] {dagbag.py:536} INFO - Filling up the DagBag from /opt/airflow/dags/script.py
[2023-11-04T13:57:12.234+0000] {processor.py:839} INFO - DAG(s) dict_keys(['traffic_data_etl']) retrieved from /opt/airflow/dags/script.py
[2023-11-04T13:57:12.445+0000] {logging_mixin.py:151} INFO - [2023-11-04T13:57:12.444+0000] {dag.py:2941} INFO - Sync 1 DAGs
[2023-11-04T13:57:12.542+0000] {processor.py:179} INFO - Processing /opt/airflow/dags/script.py took 0.693 seconds
[2023-11-04T13:57:42.842+0000] {processor.py:157} INFO - Started process (PID=597) to work on /opt/airflow/dags/script.py
[2023-11-04T13:57:42.845+0000] {processor.py:829} INFO - Processing file /opt/airflow/dags/script.py for tasks to queue
[2023-11-04T13:57:42.849+0000] {logging_mixin.py:151} INFO - [2023-11-04T13:57:42.848+0000] {dagbag.py:536} INFO - Filling up the DagBag from /opt/airflow/dags/script.py
[2023-11-04T13:57:43.223+0000] {processor.py:839} INFO - DAG(s) dict_keys(['traffic_data_etl']) retrieved from /opt/airflow/dags/script.py
[2023-11-04T13:57:43.304+0000] {logging_mixin.py:151} INFO - [2023-11-04T13:57:43.304+0000] {dag.py:2941} INFO - Sync 1 DAGs
[2023-11-04T13:57:43.417+0000] {processor.py:179} INFO - Processing /opt/airflow/dags/script.py took 0.582 seconds
[2023-11-04T13:58:13.718+0000] {processor.py:157} INFO - Started process (PID=606) to work on /opt/airflow/dags/script.py
[2023-11-04T13:58:13.721+0000] {processor.py:829} INFO - Processing file /opt/airflow/dags/script.py for tasks to queue
[2023-11-04T13:58:13.731+0000] {logging_mixin.py:151} INFO - [2023-11-04T13:58:13.727+0000] {dagbag.py:536} INFO - Filling up the DagBag from /opt/airflow/dags/script.py
[2023-11-04T13:58:14.098+0000] {processor.py:839} INFO - DAG(s) dict_keys(['traffic_data_etl']) retrieved from /opt/airflow/dags/script.py
[2023-11-04T13:58:14.186+0000] {logging_mixin.py:151} INFO - [2023-11-04T13:58:14.186+0000] {dag.py:2941} INFO - Sync 1 DAGs
[2023-11-04T13:58:14.273+0000] {processor.py:179} INFO - Processing /opt/airflow/dags/script.py took 0.563 seconds
[2023-11-04T13:58:44.583+0000] {processor.py:157} INFO - Started process (PID=615) to work on /opt/airflow/dags/script.py
[2023-11-04T13:58:44.587+0000] {processor.py:829} INFO - Processing file /opt/airflow/dags/script.py for tasks to queue
[2023-11-04T13:58:44.591+0000] {logging_mixin.py:151} INFO - [2023-11-04T13:58:44.590+0000] {dagbag.py:536} INFO - Filling up the DagBag from /opt/airflow/dags/script.py
[2023-11-04T13:58:45.039+0000] {processor.py:839} INFO - DAG(s) dict_keys(['traffic_data_etl']) retrieved from /opt/airflow/dags/script.py
[2023-11-04T13:58:45.223+0000] {logging_mixin.py:151} INFO - [2023-11-04T13:58:45.222+0000] {dag.py:2941} INFO - Sync 1 DAGs
[2023-11-04T13:58:45.315+0000] {processor.py:179} INFO - Processing /opt/airflow/dags/script.py took 0.737 seconds
[2023-11-04T13:59:09.710+0000] {processor.py:157} INFO - Started process (PID=617) to work on /opt/airflow/dags/script.py
[2023-11-04T13:59:09.717+0000] {processor.py:829} INFO - Processing file /opt/airflow/dags/script.py for tasks to queue
[2023-11-04T13:59:09.730+0000] {logging_mixin.py:151} INFO - [2023-11-04T13:59:09.723+0000] {dagbag.py:536} INFO - Filling up the DagBag from /opt/airflow/dags/script.py
[2023-11-04T13:59:10.271+0000] {logging_mixin.py:151} INFO - [2023-11-04T13:59:10.243+0000] {dagbag.py:346} ERROR - Failed to import: /opt/airflow/dags/script.py
Traceback (most recent call last):
  File "/home/airflow/.local/lib/python3.8/site-packages/airflow/models/dagbag.py", line 342, in parse
    loader.exec_module(new_module)
  File "<frozen importlib._bootstrap_external>", line 843, in exec_module
  File "<frozen importlib._bootstrap>", line 219, in _call_with_frames_removed
  File "/opt/airflow/dags/script.py", line 76, in <module>
    logstash_task = DockerOperator(
NameError: name 'DockerOperator' is not defined
[2023-11-04T13:59:10.272+0000] {processor.py:841} WARNING - No viable dags retrieved from /opt/airflow/dags/script.py
[2023-11-04T13:59:10.360+0000] {processor.py:179} INFO - Processing /opt/airflow/dags/script.py took 0.670 seconds
[2023-11-04T13:59:41.109+0000] {processor.py:157} INFO - Started process (PID=626) to work on /opt/airflow/dags/script.py
[2023-11-04T13:59:41.111+0000] {processor.py:829} INFO - Processing file /opt/airflow/dags/script.py for tasks to queue
[2023-11-04T13:59:41.114+0000] {logging_mixin.py:151} INFO - [2023-11-04T13:59:41.113+0000] {dagbag.py:536} INFO - Filling up the DagBag from /opt/airflow/dags/script.py
[2023-11-04T13:59:41.470+0000] {logging_mixin.py:151} INFO - [2023-11-04T13:59:41.465+0000] {dagbag.py:346} ERROR - Failed to import: /opt/airflow/dags/script.py
Traceback (most recent call last):
  File "/home/airflow/.local/lib/python3.8/site-packages/airflow/models/dagbag.py", line 342, in parse
    loader.exec_module(new_module)
  File "<frozen importlib._bootstrap_external>", line 843, in exec_module
  File "<frozen importlib._bootstrap>", line 219, in _call_with_frames_removed
  File "/opt/airflow/dags/script.py", line 76, in <module>
    logstash_task = DockerOperator(
NameError: name 'DockerOperator' is not defined
[2023-11-04T13:59:41.471+0000] {processor.py:841} WARNING - No viable dags retrieved from /opt/airflow/dags/script.py
[2023-11-04T13:59:41.592+0000] {processor.py:179} INFO - Processing /opt/airflow/dags/script.py took 0.492 seconds
[2023-11-04T13:59:56.769+0000] {processor.py:157} INFO - Started process (PID=635) to work on /opt/airflow/dags/script.py
[2023-11-04T13:59:56.771+0000] {processor.py:829} INFO - Processing file /opt/airflow/dags/script.py for tasks to queue
[2023-11-04T13:59:56.774+0000] {logging_mixin.py:151} INFO - [2023-11-04T13:59:56.774+0000] {dagbag.py:536} INFO - Filling up the DagBag from /opt/airflow/dags/script.py
[2023-11-04T13:59:56.989+0000] {logging_mixin.py:151} INFO - [2023-11-04T13:59:56.987+0000] {dagbag.py:346} ERROR - Failed to import: /opt/airflow/dags/script.py
Traceback (most recent call last):
  File "/home/airflow/.local/lib/python3.8/site-packages/airflow/models/dagbag.py", line 342, in parse
    loader.exec_module(new_module)
  File "<frozen importlib._bootstrap_external>", line 843, in exec_module
  File "<frozen importlib._bootstrap>", line 219, in _call_with_frames_removed
  File "/opt/airflow/dags/script.py", line 76, in <module>
    logstash_task = DockerOperator(
NameError: name 'DockerOperator' is not defined
[2023-11-04T13:59:56.990+0000] {processor.py:841} WARNING - No viable dags retrieved from /opt/airflow/dags/script.py
[2023-11-04T13:59:57.039+0000] {processor.py:179} INFO - Processing /opt/airflow/dags/script.py took 0.277 seconds
[2023-11-04T14:00:27.321+0000] {processor.py:157} INFO - Started process (PID=644) to work on /opt/airflow/dags/script.py
[2023-11-04T14:00:27.324+0000] {processor.py:829} INFO - Processing file /opt/airflow/dags/script.py for tasks to queue
[2023-11-04T14:00:27.329+0000] {logging_mixin.py:151} INFO - [2023-11-04T14:00:27.329+0000] {dagbag.py:536} INFO - Filling up the DagBag from /opt/airflow/dags/script.py
[2023-11-04T14:00:27.742+0000] {logging_mixin.py:151} INFO - [2023-11-04T14:00:27.737+0000] {dagbag.py:346} ERROR - Failed to import: /opt/airflow/dags/script.py
Traceback (most recent call last):
  File "/home/airflow/.local/lib/python3.8/site-packages/airflow/models/dagbag.py", line 342, in parse
    loader.exec_module(new_module)
  File "<frozen importlib._bootstrap_external>", line 843, in exec_module
  File "<frozen importlib._bootstrap>", line 219, in _call_with_frames_removed
  File "/opt/airflow/dags/script.py", line 76, in <module>
    logstash_task = DockerOperator(
NameError: name 'DockerOperator' is not defined
[2023-11-04T14:00:27.744+0000] {processor.py:841} WARNING - No viable dags retrieved from /opt/airflow/dags/script.py
[2023-11-04T14:00:27.786+0000] {processor.py:179} INFO - Processing /opt/airflow/dags/script.py took 0.477 seconds
[2023-11-04T14:00:55.617+0000] {processor.py:157} INFO - Started process (PID=653) to work on /opt/airflow/dags/script.py
[2023-11-04T14:00:55.620+0000] {processor.py:829} INFO - Processing file /opt/airflow/dags/script.py for tasks to queue
[2023-11-04T14:00:55.622+0000] {logging_mixin.py:151} INFO - [2023-11-04T14:00:55.621+0000] {dagbag.py:536} INFO - Filling up the DagBag from /opt/airflow/dags/script.py
[2023-11-04T14:00:56.006+0000] {logging_mixin.py:151} INFO - [2023-11-04T14:00:56.001+0000] {dagbag.py:346} ERROR - Failed to import: /opt/airflow/dags/script.py
Traceback (most recent call last):
  File "/home/airflow/.local/lib/python3.8/site-packages/airflow/models/dagbag.py", line 342, in parse
    loader.exec_module(new_module)
  File "<frozen importlib._bootstrap_external>", line 843, in exec_module
  File "<frozen importlib._bootstrap>", line 219, in _call_with_frames_removed
  File "/opt/airflow/dags/script.py", line 76, in <module>
    logstash_task = DockerOperator(
NameError: name 'DockerOperator' is not defined
[2023-11-04T14:00:56.007+0000] {processor.py:841} WARNING - No viable dags retrieved from /opt/airflow/dags/script.py
[2023-11-04T14:00:56.059+0000] {processor.py:179} INFO - Processing /opt/airflow/dags/script.py took 0.450 seconds
[2023-11-04T14:00:58.800+0000] {processor.py:157} INFO - Started process (PID=654) to work on /opt/airflow/dags/script.py
[2023-11-04T14:00:58.803+0000] {processor.py:829} INFO - Processing file /opt/airflow/dags/script.py for tasks to queue
[2023-11-04T14:00:58.805+0000] {logging_mixin.py:151} INFO - [2023-11-04T14:00:58.804+0000] {dagbag.py:536} INFO - Filling up the DagBag from /opt/airflow/dags/script.py
[2023-11-04T14:00:59.104+0000] {logging_mixin.py:151} INFO - [2023-11-04T14:00:59.102+0000] {dagbag.py:346} ERROR - Failed to import: /opt/airflow/dags/script.py
Traceback (most recent call last):
  File "/home/airflow/.local/lib/python3.8/site-packages/airflow/models/dagbag.py", line 342, in parse
    loader.exec_module(new_module)
  File "<frozen importlib._bootstrap_external>", line 843, in exec_module
  File "<frozen importlib._bootstrap>", line 219, in _call_with_frames_removed
  File "/opt/airflow/dags/script.py", line 76, in <module>
    logstash_task = DockerOperator(
NameError: name 'DockerOperator' is not defined
[2023-11-04T14:00:59.104+0000] {processor.py:841} WARNING - No viable dags retrieved from /opt/airflow/dags/script.py
[2023-11-04T14:00:59.139+0000] {processor.py:179} INFO - Processing /opt/airflow/dags/script.py took 0.349 seconds
[2023-11-04T14:01:29.384+0000] {processor.py:157} INFO - Started process (PID=663) to work on /opt/airflow/dags/script.py
[2023-11-04T14:01:29.387+0000] {processor.py:829} INFO - Processing file /opt/airflow/dags/script.py for tasks to queue
[2023-11-04T14:01:29.392+0000] {logging_mixin.py:151} INFO - [2023-11-04T14:01:29.388+0000] {dagbag.py:536} INFO - Filling up the DagBag from /opt/airflow/dags/script.py
[2023-11-04T14:01:29.700+0000] {logging_mixin.py:151} INFO - [2023-11-04T14:01:29.695+0000] {dagbag.py:346} ERROR - Failed to import: /opt/airflow/dags/script.py
Traceback (most recent call last):
  File "/home/airflow/.local/lib/python3.8/site-packages/airflow/models/dagbag.py", line 342, in parse
    loader.exec_module(new_module)
  File "<frozen importlib._bootstrap_external>", line 843, in exec_module
  File "<frozen importlib._bootstrap>", line 219, in _call_with_frames_removed
  File "/opt/airflow/dags/script.py", line 76, in <module>
    logstash_task = DockerOperator(
NameError: name 'DockerOperator' is not defined
[2023-11-04T14:01:29.701+0000] {processor.py:841} WARNING - No viable dags retrieved from /opt/airflow/dags/script.py
[2023-11-04T14:01:29.837+0000] {processor.py:179} INFO - Processing /opt/airflow/dags/script.py took 0.464 seconds
[2023-11-04T14:01:30.619+0000] {processor.py:157} INFO - Started process (PID=664) to work on /opt/airflow/dags/script.py
[2023-11-04T14:01:30.620+0000] {processor.py:829} INFO - Processing file /opt/airflow/dags/script.py for tasks to queue
[2023-11-04T14:01:30.622+0000] {logging_mixin.py:151} INFO - [2023-11-04T14:01:30.622+0000] {dagbag.py:536} INFO - Filling up the DagBag from /opt/airflow/dags/script.py
[2023-11-04T14:01:30.856+0000] {logging_mixin.py:151} INFO - [2023-11-04T14:01:30.855+0000] {dagbag.py:346} ERROR - Failed to import: /opt/airflow/dags/script.py
Traceback (most recent call last):
  File "/home/airflow/.local/lib/python3.8/site-packages/airflow/models/dagbag.py", line 342, in parse
    loader.exec_module(new_module)
  File "<frozen importlib._bootstrap_external>", line 843, in exec_module
  File "<frozen importlib._bootstrap>", line 219, in _call_with_frames_removed
  File "/opt/airflow/dags/script.py", line 76, in <module>
    logstash_task = DockerOperator(
NameError: name 'DockerOperator' is not defined
[2023-11-04T14:01:30.857+0000] {processor.py:841} WARNING - No viable dags retrieved from /opt/airflow/dags/script.py
[2023-11-04T14:01:30.895+0000] {processor.py:179} INFO - Processing /opt/airflow/dags/script.py took 0.285 seconds
[2023-11-04T14:01:31.908+0000] {processor.py:157} INFO - Started process (PID=665) to work on /opt/airflow/dags/script.py
[2023-11-04T14:01:31.911+0000] {processor.py:829} INFO - Processing file /opt/airflow/dags/script.py for tasks to queue
[2023-11-04T14:01:31.913+0000] {logging_mixin.py:151} INFO - [2023-11-04T14:01:31.912+0000] {dagbag.py:536} INFO - Filling up the DagBag from /opt/airflow/dags/script.py
[2023-11-04T14:01:32.190+0000] {logging_mixin.py:151} INFO - [2023-11-04T14:01:32.188+0000] {dagbag.py:346} ERROR - Failed to import: /opt/airflow/dags/script.py
Traceback (most recent call last):
  File "/home/airflow/.local/lib/python3.8/site-packages/airflow/models/dagbag.py", line 342, in parse
    loader.exec_module(new_module)
  File "<frozen importlib._bootstrap_external>", line 843, in exec_module
  File "<frozen importlib._bootstrap>", line 219, in _call_with_frames_removed
  File "/opt/airflow/dags/script.py", line 76, in <module>
    logstash_task = DockerOperator(
NameError: name 'DockerOperator' is not defined
[2023-11-04T14:01:32.191+0000] {processor.py:841} WARNING - No viable dags retrieved from /opt/airflow/dags/script.py
[2023-11-04T14:01:32.232+0000] {processor.py:179} INFO - Processing /opt/airflow/dags/script.py took 0.331 seconds
[2023-11-04T14:01:47.096+0000] {processor.py:157} INFO - Started process (PID=673) to work on /opt/airflow/dags/script.py
[2023-11-04T14:01:47.099+0000] {processor.py:829} INFO - Processing file /opt/airflow/dags/script.py for tasks to queue
[2023-11-04T14:01:47.100+0000] {logging_mixin.py:151} INFO - [2023-11-04T14:01:47.100+0000] {dagbag.py:536} INFO - Filling up the DagBag from /opt/airflow/dags/script.py
[2023-11-04T14:01:47.426+0000] {logging_mixin.py:151} INFO - [2023-11-04T14:01:47.422+0000] {dagbag.py:346} ERROR - Failed to import: /opt/airflow/dags/script.py
Traceback (most recent call last):
  File "/home/airflow/.local/lib/python3.8/site-packages/airflow/models/dagbag.py", line 342, in parse
    loader.exec_module(new_module)
  File "<frozen importlib._bootstrap_external>", line 843, in exec_module
  File "<frozen importlib._bootstrap>", line 219, in _call_with_frames_removed
  File "/opt/airflow/dags/script.py", line 77, in <module>
    logstash_task = DockerOperator(
NameError: name 'DockerOperator' is not defined
[2023-11-04T14:01:47.427+0000] {processor.py:841} WARNING - No viable dags retrieved from /opt/airflow/dags/script.py
[2023-11-04T14:01:47.487+0000] {processor.py:179} INFO - Processing /opt/airflow/dags/script.py took 0.400 seconds
[2023-11-04T14:01:50.243+0000] {processor.py:157} INFO - Started process (PID=674) to work on /opt/airflow/dags/script.py
[2023-11-04T14:01:50.244+0000] {processor.py:829} INFO - Processing file /opt/airflow/dags/script.py for tasks to queue
[2023-11-04T14:01:50.246+0000] {logging_mixin.py:151} INFO - [2023-11-04T14:01:50.245+0000] {dagbag.py:536} INFO - Filling up the DagBag from /opt/airflow/dags/script.py
[2023-11-04T14:01:50.485+0000] {logging_mixin.py:151} INFO - [2023-11-04T14:01:50.479+0000] {dagbag.py:346} ERROR - Failed to import: /opt/airflow/dags/script.py
Traceback (most recent call last):
  File "/home/airflow/.local/lib/python3.8/site-packages/airflow/models/dagbag.py", line 342, in parse
    loader.exec_module(new_module)
  File "<frozen importlib._bootstrap_external>", line 843, in exec_module
  File "<frozen importlib._bootstrap>", line 219, in _call_with_frames_removed
  File "/opt/airflow/dags/script.py", line 77, in <module>
    logstash_task = DockerOperator(
  File "/home/airflow/.local/lib/python3.8/site-packages/airflow/models/baseoperator.py", line 437, in apply_defaults
    result = func(self, **kwargs, default_args=default_args)
  File "/home/airflow/.local/lib/python3.8/site-packages/airflow/providers/docker/operators/docker.py", line 230, in __init__
    super().__init__(**kwargs)
  File "/home/airflow/.local/lib/python3.8/site-packages/airflow/models/baseoperator.py", line 437, in apply_defaults
    result = func(self, **kwargs, default_args=default_args)
  File "/home/airflow/.local/lib/python3.8/site-packages/airflow/models/baseoperator.py", line 794, in __init__
    raise AirflowException(
airflow.exceptions.AirflowException: Invalid arguments were passed to DockerOperator (task_id: logstash). Invalid arguments were:
**kwargs: {'volumes': ['/home/lincoln/tubes/logstash-config:/usr/share/logstash/pipeline']}
[2023-11-04T14:01:50.486+0000] {processor.py:841} WARNING - No viable dags retrieved from /opt/airflow/dags/script.py
[2023-11-04T14:01:50.541+0000] {processor.py:179} INFO - Processing /opt/airflow/dags/script.py took 0.304 seconds
[2023-11-04T14:01:51.298+0000] {processor.py:157} INFO - Started process (PID=676) to work on /opt/airflow/dags/script.py
[2023-11-04T14:01:51.302+0000] {processor.py:829} INFO - Processing file /opt/airflow/dags/script.py for tasks to queue
[2023-11-04T14:01:51.308+0000] {logging_mixin.py:151} INFO - [2023-11-04T14:01:51.306+0000] {dagbag.py:536} INFO - Filling up the DagBag from /opt/airflow/dags/script.py
[2023-11-04T14:01:51.918+0000] {logging_mixin.py:151} INFO - [2023-11-04T14:01:51.899+0000] {dagbag.py:346} ERROR - Failed to import: /opt/airflow/dags/script.py
Traceback (most recent call last):
  File "/home/airflow/.local/lib/python3.8/site-packages/airflow/models/dagbag.py", line 342, in parse
    loader.exec_module(new_module)
  File "<frozen importlib._bootstrap_external>", line 843, in exec_module
  File "<frozen importlib._bootstrap>", line 219, in _call_with_frames_removed
  File "/opt/airflow/dags/script.py", line 77, in <module>
    logstash_task = DockerOperator(
  File "/home/airflow/.local/lib/python3.8/site-packages/airflow/models/baseoperator.py", line 437, in apply_defaults
    result = func(self, **kwargs, default_args=default_args)
  File "/home/airflow/.local/lib/python3.8/site-packages/airflow/providers/docker/operators/docker.py", line 230, in __init__
    super().__init__(**kwargs)
  File "/home/airflow/.local/lib/python3.8/site-packages/airflow/models/baseoperator.py", line 437, in apply_defaults
    result = func(self, **kwargs, default_args=default_args)
  File "/home/airflow/.local/lib/python3.8/site-packages/airflow/models/baseoperator.py", line 794, in __init__
    raise AirflowException(
airflow.exceptions.AirflowException: Invalid arguments were passed to DockerOperator (task_id: logstash). Invalid arguments were:
**kwargs: {'volumes': ['/home/lincoln/tubes/logstash-config:/usr/share/logstash/pipeline']}
[2023-11-04T14:01:51.920+0000] {processor.py:841} WARNING - No viable dags retrieved from /opt/airflow/dags/script.py
[2023-11-04T14:01:52.049+0000] {processor.py:179} INFO - Processing /opt/airflow/dags/script.py took 0.764 seconds
[2023-11-04T14:02:22.404+0000] {processor.py:157} INFO - Started process (PID=684) to work on /opt/airflow/dags/script.py
[2023-11-04T14:02:22.407+0000] {processor.py:829} INFO - Processing file /opt/airflow/dags/script.py for tasks to queue
[2023-11-04T14:02:22.413+0000] {logging_mixin.py:151} INFO - [2023-11-04T14:02:22.409+0000] {dagbag.py:536} INFO - Filling up the DagBag from /opt/airflow/dags/script.py
[2023-11-04T14:02:22.784+0000] {logging_mixin.py:151} INFO - [2023-11-04T14:02:22.773+0000] {dagbag.py:346} ERROR - Failed to import: /opt/airflow/dags/script.py
Traceback (most recent call last):
  File "/home/airflow/.local/lib/python3.8/site-packages/airflow/models/dagbag.py", line 342, in parse
    loader.exec_module(new_module)
  File "<frozen importlib._bootstrap_external>", line 843, in exec_module
  File "<frozen importlib._bootstrap>", line 219, in _call_with_frames_removed
  File "/opt/airflow/dags/script.py", line 77, in <module>
    logstash_task = DockerOperator(
  File "/home/airflow/.local/lib/python3.8/site-packages/airflow/models/baseoperator.py", line 437, in apply_defaults
    result = func(self, **kwargs, default_args=default_args)
  File "/home/airflow/.local/lib/python3.8/site-packages/airflow/providers/docker/operators/docker.py", line 230, in __init__
    super().__init__(**kwargs)
  File "/home/airflow/.local/lib/python3.8/site-packages/airflow/models/baseoperator.py", line 437, in apply_defaults
    result = func(self, **kwargs, default_args=default_args)
  File "/home/airflow/.local/lib/python3.8/site-packages/airflow/models/baseoperator.py", line 794, in __init__
    raise AirflowException(
airflow.exceptions.AirflowException: Invalid arguments were passed to DockerOperator (task_id: logstash). Invalid arguments were:
**kwargs: {'volumes': ['/home/lincoln/tubes/logstash-config:/usr/share/logstash/pipeline']}
[2023-11-04T14:02:22.786+0000] {processor.py:841} WARNING - No viable dags retrieved from /opt/airflow/dags/script.py
[2023-11-04T14:02:22.881+0000] {processor.py:179} INFO - Processing /opt/airflow/dags/script.py took 0.487 seconds
[2023-11-04T14:02:52.948+0000] {processor.py:157} INFO - Started process (PID=694) to work on /opt/airflow/dags/script.py
[2023-11-04T14:02:52.954+0000] {processor.py:829} INFO - Processing file /opt/airflow/dags/script.py for tasks to queue
[2023-11-04T14:02:52.959+0000] {logging_mixin.py:151} INFO - [2023-11-04T14:02:52.955+0000] {dagbag.py:536} INFO - Filling up the DagBag from /opt/airflow/dags/script.py
[2023-11-04T14:02:53.472+0000] {logging_mixin.py:151} INFO - [2023-11-04T14:02:53.445+0000] {dagbag.py:346} ERROR - Failed to import: /opt/airflow/dags/script.py
Traceback (most recent call last):
  File "/home/airflow/.local/lib/python3.8/site-packages/airflow/models/dagbag.py", line 342, in parse
    loader.exec_module(new_module)
  File "<frozen importlib._bootstrap_external>", line 843, in exec_module
  File "<frozen importlib._bootstrap>", line 219, in _call_with_frames_removed
  File "/opt/airflow/dags/script.py", line 77, in <module>
    logstash_task = DockerOperator(
  File "/home/airflow/.local/lib/python3.8/site-packages/airflow/models/baseoperator.py", line 437, in apply_defaults
    result = func(self, **kwargs, default_args=default_args)
  File "/home/airflow/.local/lib/python3.8/site-packages/airflow/providers/docker/operators/docker.py", line 230, in __init__
    super().__init__(**kwargs)
  File "/home/airflow/.local/lib/python3.8/site-packages/airflow/models/baseoperator.py", line 437, in apply_defaults
    result = func(self, **kwargs, default_args=default_args)
  File "/home/airflow/.local/lib/python3.8/site-packages/airflow/models/baseoperator.py", line 794, in __init__
    raise AirflowException(
airflow.exceptions.AirflowException: Invalid arguments were passed to DockerOperator (task_id: logstash). Invalid arguments were:
**kwargs: {'volumes': ['/home/lincoln/tubes/logstash-config:/usr/share/logstash/pipeline']}
[2023-11-04T14:02:53.475+0000] {processor.py:841} WARNING - No viable dags retrieved from /opt/airflow/dags/script.py
[2023-11-04T14:02:53.973+0000] {processor.py:179} INFO - Processing /opt/airflow/dags/script.py took 1.037 seconds
[2023-11-04T14:03:16.441+0000] {processor.py:157} INFO - Started process (PID=696) to work on /opt/airflow/dags/script.py
[2023-11-04T14:03:16.443+0000] {processor.py:829} INFO - Processing file /opt/airflow/dags/script.py for tasks to queue
[2023-11-04T14:03:16.448+0000] {logging_mixin.py:151} INFO - [2023-11-04T14:03:16.445+0000] {dagbag.py:536} INFO - Filling up the DagBag from /opt/airflow/dags/script.py
[2023-11-04T14:03:17.457+0000] {logging_mixin.py:151} INFO - [2023-11-04T14:03:17.431+0000] {dagbag.py:346} ERROR - Failed to import: /opt/airflow/dags/script.py
Traceback (most recent call last):
  File "/home/airflow/.local/lib/python3.8/site-packages/airflow/models/dagbag.py", line 342, in parse
    loader.exec_module(new_module)
  File "<frozen importlib._bootstrap_external>", line 843, in exec_module
  File "<frozen importlib._bootstrap>", line 219, in _call_with_frames_removed
  File "/opt/airflow/dags/script.py", line 76, in <module>
    logstash_task = DockerOperator(
  File "/home/airflow/.local/lib/python3.8/site-packages/airflow/models/baseoperator.py", line 437, in apply_defaults
    result = func(self, **kwargs, default_args=default_args)
  File "/home/airflow/.local/lib/python3.8/site-packages/airflow/providers/docker/operators/docker.py", line 230, in __init__
    super().__init__(**kwargs)
  File "/home/airflow/.local/lib/python3.8/site-packages/airflow/models/baseoperator.py", line 437, in apply_defaults
    result = func(self, **kwargs, default_args=default_args)
  File "/home/airflow/.local/lib/python3.8/site-packages/airflow/models/baseoperator.py", line 794, in __init__
    raise AirflowException(
airflow.exceptions.AirflowException: Invalid arguments were passed to DockerOperator (task_id: logstash). Invalid arguments were:
**kwargs: {'volumes': ['/home/lincoln/tubes/logstash-config:/usr/share/logstash/pipeline']}
[2023-11-04T14:03:17.465+0000] {processor.py:841} WARNING - No viable dags retrieved from /opt/airflow/dags/script.py
[2023-11-04T14:03:17.871+0000] {processor.py:179} INFO - Processing /opt/airflow/dags/script.py took 1.443 seconds
[2023-11-04T14:03:43.510+0000] {processor.py:157} INFO - Started process (PID=705) to work on /opt/airflow/dags/script.py
[2023-11-04T14:03:43.678+0000] {processor.py:829} INFO - Processing file /opt/airflow/dags/script.py for tasks to queue
[2023-11-04T14:03:43.733+0000] {logging_mixin.py:151} INFO - [2023-11-04T14:03:43.700+0000] {dagbag.py:536} INFO - Filling up the DagBag from /opt/airflow/dags/script.py
[2023-11-04T14:03:47.604+0000] {logging_mixin.py:151} INFO - [2023-11-04T14:03:47.569+0000] {dagbag.py:346} ERROR - Failed to import: /opt/airflow/dags/script.py
Traceback (most recent call last):
  File "/home/airflow/.local/lib/python3.8/site-packages/airflow/models/dagbag.py", line 342, in parse
    loader.exec_module(new_module)
  File "<frozen importlib._bootstrap_external>", line 843, in exec_module
  File "<frozen importlib._bootstrap>", line 219, in _call_with_frames_removed
  File "/opt/airflow/dags/script.py", line 89, in <module>
    dag=kwargs['dag'],
NameError: name 'kwargs' is not defined
[2023-11-04T14:03:47.605+0000] {processor.py:841} WARNING - No viable dags retrieved from /opt/airflow/dags/script.py
[2023-11-04T14:03:47.919+0000] {processor.py:179} INFO - Processing /opt/airflow/dags/script.py took 4.249 seconds
[2023-11-04T14:04:18.307+0000] {processor.py:157} INFO - Started process (PID=713) to work on /opt/airflow/dags/script.py
[2023-11-04T14:04:18.323+0000] {processor.py:829} INFO - Processing file /opt/airflow/dags/script.py for tasks to queue
[2023-11-04T14:04:18.331+0000] {logging_mixin.py:151} INFO - [2023-11-04T14:04:18.327+0000] {dagbag.py:536} INFO - Filling up the DagBag from /opt/airflow/dags/script.py
[2023-11-04T14:04:19.355+0000] {logging_mixin.py:151} INFO - [2023-11-04T14:04:19.341+0000] {dagbag.py:346} ERROR - Failed to import: /opt/airflow/dags/script.py
Traceback (most recent call last):
  File "/home/airflow/.local/lib/python3.8/site-packages/airflow/models/dagbag.py", line 342, in parse
    loader.exec_module(new_module)
  File "<frozen importlib._bootstrap_external>", line 843, in exec_module
  File "<frozen importlib._bootstrap>", line 219, in _call_with_frames_removed
  File "/opt/airflow/dags/script.py", line 89, in <module>
    dag=kwargs['dag'],
NameError: name 'kwargs' is not defined
[2023-11-04T14:04:19.356+0000] {processor.py:841} WARNING - No viable dags retrieved from /opt/airflow/dags/script.py
[2023-11-04T14:04:19.587+0000] {processor.py:179} INFO - Processing /opt/airflow/dags/script.py took 1.334 seconds
[2023-11-04T14:04:31.580+0000] {processor.py:157} INFO - Started process (PID=722) to work on /opt/airflow/dags/script.py
[2023-11-04T14:04:31.582+0000] {processor.py:829} INFO - Processing file /opt/airflow/dags/script.py for tasks to queue
[2023-11-04T14:04:31.585+0000] {logging_mixin.py:151} INFO - [2023-11-04T14:04:31.584+0000] {dagbag.py:536} INFO - Filling up the DagBag from /opt/airflow/dags/script.py
[2023-11-04T14:04:31.623+0000] {logging_mixin.py:151} INFO - [2023-11-04T14:04:31.614+0000] {dagbag.py:346} ERROR - Failed to import: /opt/airflow/dags/script.py
Traceback (most recent call last):
  File "/home/airflow/.local/lib/python3.8/site-packages/airflow/models/dagbag.py", line 342, in parse
    loader.exec_module(new_module)
  File "<frozen importlib._bootstrap_external>", line 843, in exec_module
  File "<frozen importlib._bootstrap>", line 219, in _call_with_frames_removed
  File "/opt/airflow/dags/script.py", line 72, in <module>
    logstash_task = DockerOperator(
  File "/home/airflow/.local/lib/python3.8/site-packages/airflow/models/baseoperator.py", line 437, in apply_defaults
    result = func(self, **kwargs, default_args=default_args)
  File "/home/airflow/.local/lib/python3.8/site-packages/airflow/providers/docker/operators/docker.py", line 230, in __init__
    super().__init__(**kwargs)
  File "/home/airflow/.local/lib/python3.8/site-packages/airflow/models/baseoperator.py", line 437, in apply_defaults
    result = func(self, **kwargs, default_args=default_args)
  File "/home/airflow/.local/lib/python3.8/site-packages/airflow/models/baseoperator.py", line 794, in __init__
    raise AirflowException(
airflow.exceptions.AirflowException: Invalid arguments were passed to DockerOperator (task_id: logstash). Invalid arguments were:
**kwargs: {'restart': 'always', 'volumes': ['/home/lincoln/tubes/logstash-config:/usr/share/logstash/pipeline'], 'depends_on': ['elasticsearch'], 'ports': [5044]}
[2023-11-04T14:04:31.625+0000] {processor.py:841} WARNING - No viable dags retrieved from /opt/airflow/dags/script.py
[2023-11-04T14:04:31.667+0000] {processor.py:179} INFO - Processing /opt/airflow/dags/script.py took 0.095 seconds
[2023-11-04T14:05:02.008+0000] {processor.py:157} INFO - Started process (PID=731) to work on /opt/airflow/dags/script.py
[2023-11-04T14:05:02.012+0000] {processor.py:829} INFO - Processing file /opt/airflow/dags/script.py for tasks to queue
[2023-11-04T14:05:02.015+0000] {logging_mixin.py:151} INFO - [2023-11-04T14:05:02.013+0000] {dagbag.py:536} INFO - Filling up the DagBag from /opt/airflow/dags/script.py
[2023-11-04T14:05:02.108+0000] {logging_mixin.py:151} INFO - [2023-11-04T14:05:02.096+0000] {dagbag.py:346} ERROR - Failed to import: /opt/airflow/dags/script.py
Traceback (most recent call last):
  File "/home/airflow/.local/lib/python3.8/site-packages/airflow/models/dagbag.py", line 342, in parse
    loader.exec_module(new_module)
  File "<frozen importlib._bootstrap_external>", line 843, in exec_module
  File "<frozen importlib._bootstrap>", line 219, in _call_with_frames_removed
  File "/opt/airflow/dags/script.py", line 72, in <module>
    logstash_task = DockerOperator(
  File "/home/airflow/.local/lib/python3.8/site-packages/airflow/models/baseoperator.py", line 437, in apply_defaults
    result = func(self, **kwargs, default_args=default_args)
  File "/home/airflow/.local/lib/python3.8/site-packages/airflow/providers/docker/operators/docker.py", line 230, in __init__
    super().__init__(**kwargs)
  File "/home/airflow/.local/lib/python3.8/site-packages/airflow/models/baseoperator.py", line 437, in apply_defaults
    result = func(self, **kwargs, default_args=default_args)
  File "/home/airflow/.local/lib/python3.8/site-packages/airflow/models/baseoperator.py", line 794, in __init__
    raise AirflowException(
airflow.exceptions.AirflowException: Invalid arguments were passed to DockerOperator (task_id: logstash). Invalid arguments were:
**kwargs: {'restart': 'always', 'volumes': ['/home/lincoln/tubes/logstash-config:/usr/share/logstash/pipeline'], 'depends_on': ['elasticsearch'], 'ports': [5044]}
[2023-11-04T14:05:02.109+0000] {processor.py:841} WARNING - No viable dags retrieved from /opt/airflow/dags/script.py
[2023-11-04T14:05:02.223+0000] {processor.py:179} INFO - Processing /opt/airflow/dags/script.py took 0.229 seconds
[2023-11-04T14:05:32.283+0000] {processor.py:157} INFO - Started process (PID=740) to work on /opt/airflow/dags/script.py
[2023-11-04T14:05:32.286+0000] {processor.py:829} INFO - Processing file /opt/airflow/dags/script.py for tasks to queue
[2023-11-04T14:05:32.288+0000] {logging_mixin.py:151} INFO - [2023-11-04T14:05:32.287+0000] {dagbag.py:536} INFO - Filling up the DagBag from /opt/airflow/dags/script.py
[2023-11-04T14:05:32.331+0000] {logging_mixin.py:151} INFO - [2023-11-04T14:05:32.316+0000] {dagbag.py:346} ERROR - Failed to import: /opt/airflow/dags/script.py
Traceback (most recent call last):
  File "/home/airflow/.local/lib/python3.8/site-packages/airflow/models/dagbag.py", line 342, in parse
    loader.exec_module(new_module)
  File "<frozen importlib._bootstrap_external>", line 843, in exec_module
  File "<frozen importlib._bootstrap>", line 219, in _call_with_frames_removed
  File "/opt/airflow/dags/script.py", line 72, in <module>
    logstash_task = DockerOperator(
  File "/home/airflow/.local/lib/python3.8/site-packages/airflow/models/baseoperator.py", line 437, in apply_defaults
    result = func(self, **kwargs, default_args=default_args)
  File "/home/airflow/.local/lib/python3.8/site-packages/airflow/providers/docker/operators/docker.py", line 230, in __init__
    super().__init__(**kwargs)
  File "/home/airflow/.local/lib/python3.8/site-packages/airflow/models/baseoperator.py", line 437, in apply_defaults
    result = func(self, **kwargs, default_args=default_args)
  File "/home/airflow/.local/lib/python3.8/site-packages/airflow/models/baseoperator.py", line 794, in __init__
    raise AirflowException(
airflow.exceptions.AirflowException: Invalid arguments were passed to DockerOperator (task_id: logstash). Invalid arguments were:
**kwargs: {'restart': 'always', 'volumes': ['/home/lincoln/tubes/logstash-config:/usr/share/logstash/pipeline'], 'depends_on': ['elasticsearch'], 'ports': [5044]}
[2023-11-04T14:05:32.333+0000] {processor.py:841} WARNING - No viable dags retrieved from /opt/airflow/dags/script.py
[2023-11-04T14:05:32.393+0000] {processor.py:179} INFO - Processing /opt/airflow/dags/script.py took 0.119 seconds
[2023-11-04T14:05:38.485+0000] {processor.py:157} INFO - Started process (PID=741) to work on /opt/airflow/dags/script.py
[2023-11-04T14:05:38.488+0000] {processor.py:829} INFO - Processing file /opt/airflow/dags/script.py for tasks to queue
[2023-11-04T14:05:38.496+0000] {logging_mixin.py:151} INFO - [2023-11-04T14:05:38.490+0000] {dagbag.py:536} INFO - Filling up the DagBag from /opt/airflow/dags/script.py
[2023-11-04T14:05:38.557+0000] {logging_mixin.py:151} INFO - [2023-11-04T14:05:38.548+0000] {dagbag.py:346} ERROR - Failed to import: /opt/airflow/dags/script.py
Traceback (most recent call last):
  File "/home/airflow/.local/lib/python3.8/site-packages/airflow/models/dagbag.py", line 342, in parse
    loader.exec_module(new_module)
  File "<frozen importlib._bootstrap_external>", line 843, in exec_module
  File "<frozen importlib._bootstrap>", line 219, in _call_with_frames_removed
  File "/opt/airflow/dags/script.py", line 72, in <module>
    logstash_task = DockerOperator(
  File "/home/airflow/.local/lib/python3.8/site-packages/airflow/models/baseoperator.py", line 437, in apply_defaults
    result = func(self, **kwargs, default_args=default_args)
  File "/home/airflow/.local/lib/python3.8/site-packages/airflow/providers/docker/operators/docker.py", line 230, in __init__
    super().__init__(**kwargs)
  File "/home/airflow/.local/lib/python3.8/site-packages/airflow/models/baseoperator.py", line 437, in apply_defaults
    result = func(self, **kwargs, default_args=default_args)
  File "/home/airflow/.local/lib/python3.8/site-packages/airflow/models/baseoperator.py", line 794, in __init__
    raise AirflowException(
airflow.exceptions.AirflowException: Invalid arguments were passed to DockerOperator (task_id: logstash). Invalid arguments were:
**kwargs: {'restart_policy': {'Name': 'always'}, 'volumes': ['/home/lincoln/tubes/logstash-config:/usr/share/logstash/pipeline']}
[2023-11-04T14:05:38.559+0000] {processor.py:841} WARNING - No viable dags retrieved from /opt/airflow/dags/script.py
[2023-11-04T14:05:38.630+0000] {processor.py:179} INFO - Processing /opt/airflow/dags/script.py took 0.176 seconds
[2023-11-04T14:06:09.055+0000] {processor.py:157} INFO - Started process (PID=750) to work on /opt/airflow/dags/script.py
[2023-11-04T14:06:09.059+0000] {processor.py:829} INFO - Processing file /opt/airflow/dags/script.py for tasks to queue
[2023-11-04T14:06:09.062+0000] {logging_mixin.py:151} INFO - [2023-11-04T14:06:09.061+0000] {dagbag.py:536} INFO - Filling up the DagBag from /opt/airflow/dags/script.py
[2023-11-04T14:06:09.104+0000] {logging_mixin.py:151} INFO - [2023-11-04T14:06:09.092+0000] {dagbag.py:346} ERROR - Failed to import: /opt/airflow/dags/script.py
Traceback (most recent call last):
  File "/home/airflow/.local/lib/python3.8/site-packages/airflow/models/dagbag.py", line 342, in parse
    loader.exec_module(new_module)
  File "<frozen importlib._bootstrap_external>", line 843, in exec_module
  File "<frozen importlib._bootstrap>", line 219, in _call_with_frames_removed
  File "/opt/airflow/dags/script.py", line 72, in <module>
    logstash_task = DockerOperator(
  File "/home/airflow/.local/lib/python3.8/site-packages/airflow/models/baseoperator.py", line 437, in apply_defaults
    result = func(self, **kwargs, default_args=default_args)
  File "/home/airflow/.local/lib/python3.8/site-packages/airflow/providers/docker/operators/docker.py", line 230, in __init__
    super().__init__(**kwargs)
  File "/home/airflow/.local/lib/python3.8/site-packages/airflow/models/baseoperator.py", line 437, in apply_defaults
    result = func(self, **kwargs, default_args=default_args)
  File "/home/airflow/.local/lib/python3.8/site-packages/airflow/models/baseoperator.py", line 794, in __init__
    raise AirflowException(
airflow.exceptions.AirflowException: Invalid arguments were passed to DockerOperator (task_id: logstash). Invalid arguments were:
**kwargs: {'restart_policy': {'Name': 'always'}, 'volumes': ['/home/lincoln/tubes/logstash-config:/usr/share/logstash/pipeline']}
[2023-11-04T14:06:09.105+0000] {processor.py:841} WARNING - No viable dags retrieved from /opt/airflow/dags/script.py
[2023-11-04T14:06:09.165+0000] {processor.py:179} INFO - Processing /opt/airflow/dags/script.py took 0.124 seconds
[2023-11-04T14:06:30.298+0000] {processor.py:157} INFO - Started process (PID=760) to work on /opt/airflow/dags/script.py
[2023-11-04T14:06:30.305+0000] {processor.py:829} INFO - Processing file /opt/airflow/dags/script.py for tasks to queue
[2023-11-04T14:06:30.309+0000] {logging_mixin.py:151} INFO - [2023-11-04T14:06:30.308+0000] {dagbag.py:536} INFO - Filling up the DagBag from /opt/airflow/dags/script.py
[2023-11-04T14:06:30.424+0000] {logging_mixin.py:151} INFO - [2023-11-04T14:06:30.402+0000] {dagbag.py:346} ERROR - Failed to import: /opt/airflow/dags/script.py
Traceback (most recent call last):
  File "/home/airflow/.local/lib/python3.8/site-packages/airflow/models/dagbag.py", line 342, in parse
    loader.exec_module(new_module)
  File "<frozen importlib._bootstrap_external>", line 843, in exec_module
  File "<frozen importlib._bootstrap>", line 219, in _call_with_frames_removed
  File "/opt/airflow/dags/script.py", line 72, in <module>
    logstash_task = DockerOperator(
  File "/home/airflow/.local/lib/python3.8/site-packages/airflow/models/baseoperator.py", line 437, in apply_defaults
    result = func(self, **kwargs, default_args=default_args)
  File "/home/airflow/.local/lib/python3.8/site-packages/airflow/providers/docker/operators/docker.py", line 230, in __init__
    super().__init__(**kwargs)
  File "/home/airflow/.local/lib/python3.8/site-packages/airflow/models/baseoperator.py", line 437, in apply_defaults
    result = func(self, **kwargs, default_args=default_args)
  File "/home/airflow/.local/lib/python3.8/site-packages/airflow/models/baseoperator.py", line 794, in __init__
    raise AirflowException(
airflow.exceptions.AirflowException: Invalid arguments were passed to DockerOperator (task_id: logstash). Invalid arguments were:
**kwargs: {'restart_policy': {'Name': 'always'}, 'volumes': ['/home/lincoln/tubes/logstash-config:/usr/share/logstash/pipeline']}
[2023-11-04T14:06:30.426+0000] {processor.py:841} WARNING - No viable dags retrieved from /opt/airflow/dags/script.py
[2023-11-04T14:06:30.490+0000] {processor.py:179} INFO - Processing /opt/airflow/dags/script.py took 0.204 seconds
[2023-11-04T14:07:00.634+0000] {processor.py:157} INFO - Started process (PID=769) to work on /opt/airflow/dags/script.py
[2023-11-04T14:07:00.636+0000] {processor.py:829} INFO - Processing file /opt/airflow/dags/script.py for tasks to queue
[2023-11-04T14:07:00.639+0000] {logging_mixin.py:151} INFO - [2023-11-04T14:07:00.638+0000] {dagbag.py:536} INFO - Filling up the DagBag from /opt/airflow/dags/script.py
[2023-11-04T14:07:00.674+0000] {logging_mixin.py:151} INFO - [2023-11-04T14:07:00.663+0000] {dagbag.py:346} ERROR - Failed to import: /opt/airflow/dags/script.py
Traceback (most recent call last):
  File "/home/airflow/.local/lib/python3.8/site-packages/airflow/models/dagbag.py", line 342, in parse
    loader.exec_module(new_module)
  File "<frozen importlib._bootstrap_external>", line 843, in exec_module
  File "<frozen importlib._bootstrap>", line 219, in _call_with_frames_removed
  File "/opt/airflow/dags/script.py", line 72, in <module>
    logstash_task = DockerOperator(
  File "/home/airflow/.local/lib/python3.8/site-packages/airflow/models/baseoperator.py", line 437, in apply_defaults
    result = func(self, **kwargs, default_args=default_args)
  File "/home/airflow/.local/lib/python3.8/site-packages/airflow/providers/docker/operators/docker.py", line 230, in __init__
    super().__init__(**kwargs)
  File "/home/airflow/.local/lib/python3.8/site-packages/airflow/models/baseoperator.py", line 437, in apply_defaults
    result = func(self, **kwargs, default_args=default_args)
  File "/home/airflow/.local/lib/python3.8/site-packages/airflow/models/baseoperator.py", line 794, in __init__
    raise AirflowException(
airflow.exceptions.AirflowException: Invalid arguments were passed to DockerOperator (task_id: logstash). Invalid arguments were:
**kwargs: {'restart_policy': {'Name': 'always'}, 'volumes': ['/home/lincoln/tubes/logstash-config:/usr/share/logstash/pipeline']}
[2023-11-04T14:07:00.675+0000] {processor.py:841} WARNING - No viable dags retrieved from /opt/airflow/dags/script.py
[2023-11-04T14:07:00.756+0000] {processor.py:179} INFO - Processing /opt/airflow/dags/script.py took 0.130 seconds
[2023-11-04T14:07:30.099+0000] {processor.py:157} INFO - Started process (PID=777) to work on /opt/airflow/dags/script.py
[2023-11-04T14:07:30.102+0000] {processor.py:829} INFO - Processing file /opt/airflow/dags/script.py for tasks to queue
[2023-11-04T14:07:30.108+0000] {logging_mixin.py:151} INFO - [2023-11-04T14:07:30.104+0000] {dagbag.py:536} INFO - Filling up the DagBag from /opt/airflow/dags/script.py
[2023-11-04T14:07:30.238+0000] {logging_mixin.py:151} INFO - [2023-11-04T14:07:30.223+0000] {dagbag.py:346} ERROR - Failed to import: /opt/airflow/dags/script.py
Traceback (most recent call last):
  File "/home/airflow/.local/lib/python3.8/site-packages/airflow/models/dagbag.py", line 342, in parse
    loader.exec_module(new_module)
  File "<frozen importlib._bootstrap_external>", line 843, in exec_module
  File "<frozen importlib._bootstrap>", line 219, in _call_with_frames_removed
  File "/opt/airflow/dags/script.py", line 88, in <module>
    dag=kwargs['dag'],
NameError: name 'kwargs' is not defined
[2023-11-04T14:07:30.239+0000] {processor.py:841} WARNING - No viable dags retrieved from /opt/airflow/dags/script.py
[2023-11-04T14:07:30.363+0000] {processor.py:179} INFO - Processing /opt/airflow/dags/script.py took 0.293 seconds
[2023-11-04T14:08:00.652+0000] {processor.py:157} INFO - Started process (PID=786) to work on /opt/airflow/dags/script.py
[2023-11-04T14:08:00.655+0000] {processor.py:829} INFO - Processing file /opt/airflow/dags/script.py for tasks to queue
[2023-11-04T14:08:00.657+0000] {logging_mixin.py:151} INFO - [2023-11-04T14:08:00.657+0000] {dagbag.py:536} INFO - Filling up the DagBag from /opt/airflow/dags/script.py
[2023-11-04T14:08:00.708+0000] {logging_mixin.py:151} INFO - [2023-11-04T14:08:00.701+0000] {dagbag.py:346} ERROR - Failed to import: /opt/airflow/dags/script.py
Traceback (most recent call last):
  File "/home/airflow/.local/lib/python3.8/site-packages/airflow/models/dagbag.py", line 342, in parse
    loader.exec_module(new_module)
  File "<frozen importlib._bootstrap_external>", line 843, in exec_module
  File "<frozen importlib._bootstrap>", line 219, in _call_with_frames_removed
  File "/opt/airflow/dags/script.py", line 88, in <module>
    dag=kwargs['dag'],
NameError: name 'kwargs' is not defined
[2023-11-04T14:08:00.709+0000] {processor.py:841} WARNING - No viable dags retrieved from /opt/airflow/dags/script.py
[2023-11-04T14:08:00.780+0000] {processor.py:179} INFO - Processing /opt/airflow/dags/script.py took 0.137 seconds
[2023-11-04T14:08:30.908+0000] {processor.py:157} INFO - Started process (PID=795) to work on /opt/airflow/dags/script.py
[2023-11-04T14:08:30.910+0000] {processor.py:829} INFO - Processing file /opt/airflow/dags/script.py for tasks to queue
[2023-11-04T14:08:30.912+0000] {logging_mixin.py:151} INFO - [2023-11-04T14:08:30.911+0000] {dagbag.py:536} INFO - Filling up the DagBag from /opt/airflow/dags/script.py
[2023-11-04T14:08:30.941+0000] {logging_mixin.py:151} INFO - [2023-11-04T14:08:30.935+0000] {dagbag.py:346} ERROR - Failed to import: /opt/airflow/dags/script.py
Traceback (most recent call last):
  File "/home/airflow/.local/lib/python3.8/site-packages/airflow/models/dagbag.py", line 342, in parse
    loader.exec_module(new_module)
  File "<frozen importlib._bootstrap_external>", line 843, in exec_module
  File "<frozen importlib._bootstrap>", line 219, in _call_with_frames_removed
  File "/opt/airflow/dags/script.py", line 88, in <module>
    dag=kwargs['dag'],
NameError: name 'kwargs' is not defined
[2023-11-04T14:08:30.942+0000] {processor.py:841} WARNING - No viable dags retrieved from /opt/airflow/dags/script.py
[2023-11-04T14:08:31.088+0000] {processor.py:179} INFO - Processing /opt/airflow/dags/script.py took 0.186 seconds
[2023-11-04T14:08:53.211+0000] {processor.py:157} INFO - Started process (PID=797) to work on /opt/airflow/dags/script.py
[2023-11-04T14:08:53.213+0000] {processor.py:829} INFO - Processing file /opt/airflow/dags/script.py for tasks to queue
[2023-11-04T14:08:53.215+0000] {logging_mixin.py:151} INFO - [2023-11-04T14:08:53.215+0000] {dagbag.py:536} INFO - Filling up the DagBag from /opt/airflow/dags/script.py
[2023-11-04T14:08:53.281+0000] {logging_mixin.py:151} INFO - [2023-11-04T14:08:53.270+0000] {dagbag.py:346} ERROR - Failed to import: /opt/airflow/dags/script.py
Traceback (most recent call last):
  File "/home/airflow/.local/lib/python3.8/site-packages/airflow/models/dagbag.py", line 342, in parse
    loader.exec_module(new_module)
  File "<frozen importlib._bootstrap_external>", line 843, in exec_module
  File "<frozen importlib._bootstrap>", line 219, in _call_with_frames_removed
  File "/opt/airflow/dags/script.py", line 88, in <module>
    dag=kwargs['dag'],
NameError: name 'kwargs' is not defined
[2023-11-04T14:08:53.283+0000] {processor.py:841} WARNING - No viable dags retrieved from /opt/airflow/dags/script.py
[2023-11-04T14:08:53.485+0000] {processor.py:179} INFO - Processing /opt/airflow/dags/script.py took 0.282 seconds
[2023-11-04T14:09:23.651+0000] {processor.py:157} INFO - Started process (PID=805) to work on /opt/airflow/dags/script.py
[2023-11-04T14:09:23.654+0000] {processor.py:829} INFO - Processing file /opt/airflow/dags/script.py for tasks to queue
[2023-11-04T14:09:23.659+0000] {logging_mixin.py:151} INFO - [2023-11-04T14:09:23.655+0000] {dagbag.py:536} INFO - Filling up the DagBag from /opt/airflow/dags/script.py
[2023-11-04T14:09:23.737+0000] {logging_mixin.py:151} INFO - [2023-11-04T14:09:23.725+0000] {dagbag.py:346} ERROR - Failed to import: /opt/airflow/dags/script.py
Traceback (most recent call last):
  File "/home/airflow/.local/lib/python3.8/site-packages/airflow/models/dagbag.py", line 342, in parse
    loader.exec_module(new_module)
  File "<frozen importlib._bootstrap_external>", line 843, in exec_module
  File "<frozen importlib._bootstrap>", line 219, in _call_with_frames_removed
  File "/opt/airflow/dags/script.py", line 88, in <module>
    dag=kwargs['dag'],
NameError: name 'kwargs' is not defined
[2023-11-04T14:09:23.739+0000] {processor.py:841} WARNING - No viable dags retrieved from /opt/airflow/dags/script.py
[2023-11-04T14:09:24.023+0000] {processor.py:179} INFO - Processing /opt/airflow/dags/script.py took 0.387 seconds
[2023-11-04T14:09:31.786+0000] {processor.py:157} INFO - Started process (PID=813) to work on /opt/airflow/dags/script.py
[2023-11-04T14:09:31.792+0000] {processor.py:829} INFO - Processing file /opt/airflow/dags/script.py for tasks to queue
[2023-11-04T14:09:31.795+0000] {logging_mixin.py:151} INFO - [2023-11-04T14:09:31.793+0000] {dagbag.py:536} INFO - Filling up the DagBag from /opt/airflow/dags/script.py
[2023-11-04T14:09:31.838+0000] {logging_mixin.py:151} INFO - [2023-11-04T14:09:31.827+0000] {dagbag.py:346} ERROR - Failed to import: /opt/airflow/dags/script.py
Traceback (most recent call last):
  File "/home/airflow/.local/lib/python3.8/site-packages/airflow/models/dagbag.py", line 342, in parse
    loader.exec_module(new_module)
  File "<frozen importlib._bootstrap_external>", line 843, in exec_module
  File "<frozen importlib._bootstrap>", line 219, in _call_with_frames_removed
  File "/opt/airflow/dags/script.py", line 72, in <module>
    logstash_task = DockerOperator(
  File "/home/airflow/.local/lib/python3.8/site-packages/airflow/models/baseoperator.py", line 437, in apply_defaults
    result = func(self, **kwargs, default_args=default_args)
  File "/home/airflow/.local/lib/python3.8/site-packages/airflow/providers/docker/operators/docker.py", line 230, in __init__
    super().__init__(**kwargs)
  File "/home/airflow/.local/lib/python3.8/site-packages/airflow/models/baseoperator.py", line 437, in apply_defaults
    result = func(self, **kwargs, default_args=default_args)
  File "/home/airflow/.local/lib/python3.8/site-packages/airflow/models/baseoperator.py", line 794, in __init__
    raise AirflowException(
airflow.exceptions.AirflowException: Invalid arguments were passed to DockerOperator (task_id: logstash). Invalid arguments were:
**kwargs: {'volumes': ['/home/lincoln/tubes/logstash-config:/usr/share/logstash/pipeline'], 'ports': [5044]}
[2023-11-04T14:09:31.839+0000] {processor.py:841} WARNING - No viable dags retrieved from /opt/airflow/dags/script.py
[2023-11-04T14:09:31.958+0000] {processor.py:179} INFO - Processing /opt/airflow/dags/script.py took 0.183 seconds
[2023-11-04T14:10:02.382+0000] {processor.py:157} INFO - Started process (PID=823) to work on /opt/airflow/dags/script.py
[2023-11-04T14:10:02.385+0000] {processor.py:829} INFO - Processing file /opt/airflow/dags/script.py for tasks to queue
[2023-11-04T14:10:02.390+0000] {logging_mixin.py:151} INFO - [2023-11-04T14:10:02.387+0000] {dagbag.py:536} INFO - Filling up the DagBag from /opt/airflow/dags/script.py
[2023-11-04T14:10:02.445+0000] {logging_mixin.py:151} INFO - [2023-11-04T14:10:02.428+0000] {dagbag.py:346} ERROR - Failed to import: /opt/airflow/dags/script.py
Traceback (most recent call last):
  File "/home/airflow/.local/lib/python3.8/site-packages/airflow/models/dagbag.py", line 342, in parse
    loader.exec_module(new_module)
  File "<frozen importlib._bootstrap_external>", line 843, in exec_module
  File "<frozen importlib._bootstrap>", line 219, in _call_with_frames_removed
  File "/opt/airflow/dags/script.py", line 72, in <module>
    logstash_task = DockerOperator(
  File "/home/airflow/.local/lib/python3.8/site-packages/airflow/models/baseoperator.py", line 437, in apply_defaults
    result = func(self, **kwargs, default_args=default_args)
  File "/home/airflow/.local/lib/python3.8/site-packages/airflow/providers/docker/operators/docker.py", line 230, in __init__
    super().__init__(**kwargs)
  File "/home/airflow/.local/lib/python3.8/site-packages/airflow/models/baseoperator.py", line 437, in apply_defaults
    result = func(self, **kwargs, default_args=default_args)
  File "/home/airflow/.local/lib/python3.8/site-packages/airflow/models/baseoperator.py", line 794, in __init__
    raise AirflowException(
airflow.exceptions.AirflowException: Invalid arguments were passed to DockerOperator (task_id: logstash). Invalid arguments were:
**kwargs: {'volumes': ['/home/lincoln/tubes/logstash-config:/usr/share/logstash/pipeline'], 'ports': [5044]}
[2023-11-04T14:10:02.446+0000] {processor.py:841} WARNING - No viable dags retrieved from /opt/airflow/dags/script.py
[2023-11-04T14:10:02.655+0000] {processor.py:179} INFO - Processing /opt/airflow/dags/script.py took 0.285 seconds
[2023-11-04T14:10:32.789+0000] {processor.py:157} INFO - Started process (PID=832) to work on /opt/airflow/dags/script.py
[2023-11-04T14:10:32.792+0000] {processor.py:829} INFO - Processing file /opt/airflow/dags/script.py for tasks to queue
[2023-11-04T14:10:32.794+0000] {logging_mixin.py:151} INFO - [2023-11-04T14:10:32.793+0000] {dagbag.py:536} INFO - Filling up the DagBag from /opt/airflow/dags/script.py
[2023-11-04T14:10:32.833+0000] {logging_mixin.py:151} INFO - [2023-11-04T14:10:32.823+0000] {dagbag.py:346} ERROR - Failed to import: /opt/airflow/dags/script.py
Traceback (most recent call last):
  File "/home/airflow/.local/lib/python3.8/site-packages/airflow/models/dagbag.py", line 342, in parse
    loader.exec_module(new_module)
  File "<frozen importlib._bootstrap_external>", line 843, in exec_module
  File "<frozen importlib._bootstrap>", line 219, in _call_with_frames_removed
  File "/opt/airflow/dags/script.py", line 72, in <module>
    logstash_task = DockerOperator(
  File "/home/airflow/.local/lib/python3.8/site-packages/airflow/models/baseoperator.py", line 437, in apply_defaults
    result = func(self, **kwargs, default_args=default_args)
  File "/home/airflow/.local/lib/python3.8/site-packages/airflow/providers/docker/operators/docker.py", line 230, in __init__
    super().__init__(**kwargs)
  File "/home/airflow/.local/lib/python3.8/site-packages/airflow/models/baseoperator.py", line 437, in apply_defaults
    result = func(self, **kwargs, default_args=default_args)
  File "/home/airflow/.local/lib/python3.8/site-packages/airflow/models/baseoperator.py", line 794, in __init__
    raise AirflowException(
airflow.exceptions.AirflowException: Invalid arguments were passed to DockerOperator (task_id: logstash). Invalid arguments were:
**kwargs: {'volumes': ['/home/lincoln/tubes/logstash-config:/usr/share/logstash/pipeline'], 'ports': [5044]}
[2023-11-04T14:10:32.834+0000] {processor.py:841} WARNING - No viable dags retrieved from /opt/airflow/dags/script.py
[2023-11-04T14:10:32.901+0000] {processor.py:179} INFO - Processing /opt/airflow/dags/script.py took 0.119 seconds
[2023-11-04T14:10:37.877+0000] {processor.py:157} INFO - Started process (PID=833) to work on /opt/airflow/dags/script.py
[2023-11-04T14:10:37.880+0000] {processor.py:829} INFO - Processing file /opt/airflow/dags/script.py for tasks to queue
[2023-11-04T14:10:37.885+0000] {logging_mixin.py:151} INFO - [2023-11-04T14:10:37.881+0000] {dagbag.py:536} INFO - Filling up the DagBag from /opt/airflow/dags/script.py
[2023-11-04T14:10:37.937+0000] {logging_mixin.py:151} INFO - [2023-11-04T14:10:37.916+0000] {dagbag.py:346} ERROR - Failed to import: /opt/airflow/dags/script.py
Traceback (most recent call last):
  File "/home/airflow/.local/lib/python3.8/site-packages/airflow/models/dagbag.py", line 342, in parse
    loader.exec_module(new_module)
  File "<frozen importlib._bootstrap_external>", line 843, in exec_module
  File "<frozen importlib._bootstrap>", line 219, in _call_with_frames_removed
  File "/opt/airflow/dags/script.py", line 72, in <module>
    logstash_task = DockerOperator(
  File "/home/airflow/.local/lib/python3.8/site-packages/airflow/models/baseoperator.py", line 437, in apply_defaults
    result = func(self, **kwargs, default_args=default_args)
  File "/home/airflow/.local/lib/python3.8/site-packages/airflow/providers/docker/operators/docker.py", line 230, in __init__
    super().__init__(**kwargs)
  File "/home/airflow/.local/lib/python3.8/site-packages/airflow/models/baseoperator.py", line 437, in apply_defaults
    result = func(self, **kwargs, default_args=default_args)
  File "/home/airflow/.local/lib/python3.8/site-packages/airflow/models/baseoperator.py", line 794, in __init__
    raise AirflowException(
airflow.exceptions.AirflowException: Invalid arguments were passed to DockerOperator (task_id: logstash). Invalid arguments were:
**kwargs: {'volumes': [{'host': '/home/lincoln/tubes/logstash-config', 'container': '/usr/share/logstash/pipeline', 'mode': 'rw'}], 'ports': [{'host_port': 5044, 'container_port': 5044}]}
[2023-11-04T14:10:37.937+0000] {processor.py:841} WARNING - No viable dags retrieved from /opt/airflow/dags/script.py
[2023-11-04T14:10:38.026+0000] {processor.py:179} INFO - Processing /opt/airflow/dags/script.py took 0.160 seconds
[2023-11-04T14:11:04.271+0000] {processor.py:157} INFO - Started process (PID=842) to work on /opt/airflow/dags/script.py
[2023-11-04T14:11:04.273+0000] {processor.py:829} INFO - Processing file /opt/airflow/dags/script.py for tasks to queue
[2023-11-04T14:11:04.281+0000] {logging_mixin.py:151} INFO - [2023-11-04T14:11:04.275+0000] {dagbag.py:536} INFO - Filling up the DagBag from /opt/airflow/dags/script.py
[2023-11-04T14:11:04.335+0000] {logging_mixin.py:151} INFO - [2023-11-04T14:11:04.319+0000] {dagbag.py:346} ERROR - Failed to import: /opt/airflow/dags/script.py
Traceback (most recent call last):
  File "/home/airflow/.local/lib/python3.8/site-packages/airflow/models/dagbag.py", line 342, in parse
    loader.exec_module(new_module)
  File "<frozen importlib._bootstrap_external>", line 843, in exec_module
  File "<frozen importlib._bootstrap>", line 219, in _call_with_frames_removed
  File "/opt/airflow/dags/script.py", line 72, in <module>
    logstash_task = DockerOperator(
  File "/home/airflow/.local/lib/python3.8/site-packages/airflow/models/baseoperator.py", line 437, in apply_defaults
    result = func(self, **kwargs, default_args=default_args)
  File "/home/airflow/.local/lib/python3.8/site-packages/airflow/providers/docker/operators/docker.py", line 230, in __init__
    super().__init__(**kwargs)
  File "/home/airflow/.local/lib/python3.8/site-packages/airflow/models/baseoperator.py", line 437, in apply_defaults
    result = func(self, **kwargs, default_args=default_args)
  File "/home/airflow/.local/lib/python3.8/site-packages/airflow/models/baseoperator.py", line 794, in __init__
    raise AirflowException(
airflow.exceptions.AirflowException: Invalid arguments were passed to DockerOperator (task_id: logstash). Invalid arguments were:
**kwargs: {'volumes': ['/home/lincoln/tubes/logstash-config:/usr/share/logstash/pipeline'], 'ports': [5044]}
[2023-11-04T14:11:04.336+0000] {processor.py:841} WARNING - No viable dags retrieved from /opt/airflow/dags/script.py
[2023-11-04T14:11:04.487+0000] {processor.py:179} INFO - Processing /opt/airflow/dags/script.py took 0.235 seconds
[2023-11-04T14:11:08.430+0000] {processor.py:157} INFO - Started process (PID=843) to work on /opt/airflow/dags/script.py
[2023-11-04T14:11:08.431+0000] {processor.py:829} INFO - Processing file /opt/airflow/dags/script.py for tasks to queue
[2023-11-04T14:11:08.434+0000] {logging_mixin.py:151} INFO - [2023-11-04T14:11:08.432+0000] {dagbag.py:536} INFO - Filling up the DagBag from /opt/airflow/dags/script.py
[2023-11-04T14:11:08.461+0000] {logging_mixin.py:151} INFO - [2023-11-04T14:11:08.458+0000] {dagbag.py:346} ERROR - Failed to import: /opt/airflow/dags/script.py
Traceback (most recent call last):
  File "/home/airflow/.local/lib/python3.8/site-packages/airflow/models/dagbag.py", line 342, in parse
    loader.exec_module(new_module)
  File "<frozen importlib._bootstrap_external>", line 843, in exec_module
  File "<frozen importlib._bootstrap>", line 219, in _call_with_frames_removed
  File "/opt/airflow/dags/script.py", line 88, in <module>
    dag=kwargs['dag'],
NameError: name 'kwargs' is not defined
[2023-11-04T14:11:08.462+0000] {processor.py:841} WARNING - No viable dags retrieved from /opt/airflow/dags/script.py
[2023-11-04T14:11:08.522+0000] {processor.py:179} INFO - Processing /opt/airflow/dags/script.py took 0.096 seconds
[2023-11-04T14:11:10.486+0000] {processor.py:157} INFO - Started process (PID=844) to work on /opt/airflow/dags/script.py
[2023-11-04T14:11:10.488+0000] {processor.py:829} INFO - Processing file /opt/airflow/dags/script.py for tasks to queue
[2023-11-04T14:11:10.491+0000] {logging_mixin.py:151} INFO - [2023-11-04T14:11:10.490+0000] {dagbag.py:536} INFO - Filling up the DagBag from /opt/airflow/dags/script.py
[2023-11-04T14:11:10.529+0000] {logging_mixin.py:151} INFO - [2023-11-04T14:11:10.526+0000] {dagbag.py:346} ERROR - Failed to import: /opt/airflow/dags/script.py
Traceback (most recent call last):
  File "/home/airflow/.local/lib/python3.8/site-packages/airflow/models/dagbag.py", line 342, in parse
    loader.exec_module(new_module)
  File "<frozen importlib._bootstrap_external>", line 843, in exec_module
  File "<frozen importlib._bootstrap>", line 219, in _call_with_frames_removed
  File "/opt/airflow/dags/script.py", line 88, in <module>
    dag=kwargs['dag'],
NameError: name 'kwargs' is not defined
[2023-11-04T14:11:10.530+0000] {processor.py:841} WARNING - No viable dags retrieved from /opt/airflow/dags/script.py
[2023-11-04T14:11:10.584+0000] {processor.py:179} INFO - Processing /opt/airflow/dags/script.py took 0.107 seconds
[2023-11-04T14:11:12.601+0000] {processor.py:157} INFO - Started process (PID=845) to work on /opt/airflow/dags/script.py
[2023-11-04T14:11:12.603+0000] {processor.py:829} INFO - Processing file /opt/airflow/dags/script.py for tasks to queue
[2023-11-04T14:11:12.605+0000] {logging_mixin.py:151} INFO - [2023-11-04T14:11:12.604+0000] {dagbag.py:536} INFO - Filling up the DagBag from /opt/airflow/dags/script.py
[2023-11-04T14:11:12.632+0000] {logging_mixin.py:151} INFO - [2023-11-04T14:11:12.623+0000] {dagbag.py:346} ERROR - Failed to import: /opt/airflow/dags/script.py
Traceback (most recent call last):
  File "/home/airflow/.local/lib/python3.8/site-packages/airflow/models/dagbag.py", line 342, in parse
    loader.exec_module(new_module)
  File "<frozen importlib._bootstrap_external>", line 843, in exec_module
  File "<frozen importlib._bootstrap>", line 219, in _call_with_frames_removed
  File "/opt/airflow/dags/script.py", line 72, in <module>
    logstash_task = DockerOperator(
  File "/home/airflow/.local/lib/python3.8/site-packages/airflow/models/baseoperator.py", line 437, in apply_defaults
    result = func(self, **kwargs, default_args=default_args)
  File "/home/airflow/.local/lib/python3.8/site-packages/airflow/providers/docker/operators/docker.py", line 230, in __init__
    super().__init__(**kwargs)
  File "/home/airflow/.local/lib/python3.8/site-packages/airflow/models/baseoperator.py", line 437, in apply_defaults
    result = func(self, **kwargs, default_args=default_args)
  File "/home/airflow/.local/lib/python3.8/site-packages/airflow/models/baseoperator.py", line 794, in __init__
    raise AirflowException(
airflow.exceptions.AirflowException: Invalid arguments were passed to DockerOperator (task_id: logstash). Invalid arguments were:
**kwargs: {'volumes': [{'host': '/home/lincoln/tubes/logstash-config', 'container': '/usr/share/logstash/pipeline', 'mode': 'rw'}], 'ports': [{'host_port': 5044, 'container_port': 5044}]}
[2023-11-04T14:11:12.633+0000] {processor.py:841} WARNING - No viable dags retrieved from /opt/airflow/dags/script.py
[2023-11-04T14:11:12.683+0000] {processor.py:179} INFO - Processing /opt/airflow/dags/script.py took 0.089 seconds
[2023-11-04T14:11:13.671+0000] {processor.py:157} INFO - Started process (PID=846) to work on /opt/airflow/dags/script.py
[2023-11-04T14:11:13.675+0000] {processor.py:829} INFO - Processing file /opt/airflow/dags/script.py for tasks to queue
[2023-11-04T14:11:13.679+0000] {logging_mixin.py:151} INFO - [2023-11-04T14:11:13.677+0000] {dagbag.py:536} INFO - Filling up the DagBag from /opt/airflow/dags/script.py
[2023-11-04T14:11:13.707+0000] {logging_mixin.py:151} INFO - [2023-11-04T14:11:13.704+0000] {dagbag.py:346} ERROR - Failed to import: /opt/airflow/dags/script.py
Traceback (most recent call last):
  File "/home/airflow/.local/lib/python3.8/site-packages/airflow/models/dagbag.py", line 342, in parse
    loader.exec_module(new_module)
  File "<frozen importlib._bootstrap_external>", line 843, in exec_module
  File "<frozen importlib._bootstrap>", line 219, in _call_with_frames_removed
  File "/opt/airflow/dags/script.py", line 72, in <module>
    logstash_task = DockerOperator(
  File "/home/airflow/.local/lib/python3.8/site-packages/airflow/models/baseoperator.py", line 437, in apply_defaults
    result = func(self, **kwargs, default_args=default_args)
  File "/home/airflow/.local/lib/python3.8/site-packages/airflow/providers/docker/operators/docker.py", line 230, in __init__
    super().__init__(**kwargs)
  File "/home/airflow/.local/lib/python3.8/site-packages/airflow/models/baseoperator.py", line 437, in apply_defaults
    result = func(self, **kwargs, default_args=default_args)
  File "/home/airflow/.local/lib/python3.8/site-packages/airflow/models/baseoperator.py", line 794, in __init__
    raise AirflowException(
airflow.exceptions.AirflowException: Invalid arguments were passed to DockerOperator (task_id: logstash). Invalid arguments were:
**kwargs: {'volumes': ['/home/lincoln/tubes/logstash-config:/usr/share/logstash/pipeline'], 'ports': [5044]}
[2023-11-04T14:11:13.708+0000] {processor.py:841} WARNING - No viable dags retrieved from /opt/airflow/dags/script.py
[2023-11-04T14:11:13.764+0000] {processor.py:179} INFO - Processing /opt/airflow/dags/script.py took 0.102 seconds
[2023-11-04T14:11:17.789+0000] {processor.py:157} INFO - Started process (PID=847) to work on /opt/airflow/dags/script.py
[2023-11-04T14:11:17.792+0000] {processor.py:829} INFO - Processing file /opt/airflow/dags/script.py for tasks to queue
[2023-11-04T14:11:17.796+0000] {logging_mixin.py:151} INFO - [2023-11-04T14:11:17.795+0000] {dagbag.py:536} INFO - Filling up the DagBag from /opt/airflow/dags/script.py
[2023-11-04T14:11:17.827+0000] {logging_mixin.py:151} INFO - [2023-11-04T14:11:17.824+0000] {dagbag.py:346} ERROR - Failed to import: /opt/airflow/dags/script.py
Traceback (most recent call last):
  File "/home/airflow/.local/lib/python3.8/site-packages/airflow/models/dagbag.py", line 342, in parse
    loader.exec_module(new_module)
  File "<frozen importlib._bootstrap_external>", line 843, in exec_module
  File "<frozen importlib._bootstrap>", line 219, in _call_with_frames_removed
  File "/opt/airflow/dags/script.py", line 88, in <module>
    dag=kwargs['dag'],
NameError: name 'kwargs' is not defined
[2023-11-04T14:11:17.829+0000] {processor.py:841} WARNING - No viable dags retrieved from /opt/airflow/dags/script.py
[2023-11-04T14:11:17.908+0000] {processor.py:179} INFO - Processing /opt/airflow/dags/script.py took 0.129 seconds
[2023-11-04T14:11:20.899+0000] {processor.py:157} INFO - Started process (PID=849) to work on /opt/airflow/dags/script.py
[2023-11-04T14:11:20.901+0000] {processor.py:829} INFO - Processing file /opt/airflow/dags/script.py for tasks to queue
[2023-11-04T14:11:20.903+0000] {logging_mixin.py:151} INFO - [2023-11-04T14:11:20.902+0000] {dagbag.py:536} INFO - Filling up the DagBag from /opt/airflow/dags/script.py
[2023-11-04T14:11:20.928+0000] {logging_mixin.py:151} INFO - [2023-11-04T14:11:20.924+0000] {dagbag.py:346} ERROR - Failed to import: /opt/airflow/dags/script.py
Traceback (most recent call last):
  File "/home/airflow/.local/lib/python3.8/site-packages/airflow/models/dagbag.py", line 342, in parse
    loader.exec_module(new_module)
  File "<frozen importlib._bootstrap_external>", line 843, in exec_module
  File "<frozen importlib._bootstrap>", line 219, in _call_with_frames_removed
  File "/opt/airflow/dags/script.py", line 88, in <module>
    dag=kwargs['dag'],
NameError: name 'kwargs' is not defined
[2023-11-04T14:11:20.929+0000] {processor.py:841} WARNING - No viable dags retrieved from /opt/airflow/dags/script.py
[2023-11-04T14:11:21.000+0000] {processor.py:179} INFO - Processing /opt/airflow/dags/script.py took 0.112 seconds
[2023-11-04T14:11:34.686+0000] {processor.py:157} INFO - Started process (PID=857) to work on /opt/airflow/dags/script.py
[2023-11-04T14:11:34.690+0000] {processor.py:829} INFO - Processing file /opt/airflow/dags/script.py for tasks to queue
[2023-11-04T14:11:34.693+0000] {logging_mixin.py:151} INFO - [2023-11-04T14:11:34.692+0000] {dagbag.py:536} INFO - Filling up the DagBag from /opt/airflow/dags/script.py
[2023-11-04T14:11:35.500+0000] {logging_mixin.py:151} INFO - [2023-11-04T14:11:35.462+0000] {dagbag.py:346} ERROR - Failed to import: /opt/airflow/dags/script.py
Traceback (most recent call last):
  File "/home/airflow/.local/lib/python3.8/site-packages/airflow/models/dagbag.py", line 342, in parse
    loader.exec_module(new_module)
  File "<frozen importlib._bootstrap_external>", line 843, in exec_module
  File "<frozen importlib._bootstrap>", line 219, in _call_with_frames_removed
  File "/opt/airflow/dags/script.py", line 76, in <module>
    logstash_task = DockerOperator(
  File "/home/airflow/.local/lib/python3.8/site-packages/airflow/models/baseoperator.py", line 437, in apply_defaults
    result = func(self, **kwargs, default_args=default_args)
  File "/home/airflow/.local/lib/python3.8/site-packages/airflow/providers/docker/operators/docker.py", line 230, in __init__
    super().__init__(**kwargs)
  File "/home/airflow/.local/lib/python3.8/site-packages/airflow/models/baseoperator.py", line 437, in apply_defaults
    result = func(self, **kwargs, default_args=default_args)
  File "/home/airflow/.local/lib/python3.8/site-packages/airflow/models/baseoperator.py", line 794, in __init__
    raise AirflowException(
airflow.exceptions.AirflowException: Invalid arguments were passed to DockerOperator (task_id: logstash). Invalid arguments were:
**kwargs: {'volumes': ['/home/lincoln/tubes/logstash-config:/usr/share/logstash/pipeline']}
[2023-11-04T14:11:35.502+0000] {processor.py:841} WARNING - No viable dags retrieved from /opt/airflow/dags/script.py
[2023-11-04T14:11:36.893+0000] {processor.py:179} INFO - Processing /opt/airflow/dags/script.py took 2.213 seconds
[2023-11-04T14:11:43.900+0000] {processor.py:157} INFO - Started process (PID=858) to work on /opt/airflow/dags/script.py
[2023-11-04T14:11:43.902+0000] {processor.py:829} INFO - Processing file /opt/airflow/dags/script.py for tasks to queue
[2023-11-04T14:11:43.905+0000] {logging_mixin.py:151} INFO - [2023-11-04T14:11:43.903+0000] {dagbag.py:536} INFO - Filling up the DagBag from /opt/airflow/dags/script.py
[2023-11-04T14:11:45.238+0000] {processor.py:839} INFO - DAG(s) dict_keys(['traffic_data']) retrieved from /opt/airflow/dags/script.py
[2023-11-04T14:11:45.893+0000] {logging_mixin.py:151} INFO - [2023-11-04T14:11:45.879+0000] {dag.py:2941} INFO - Sync 1 DAGs
[2023-11-04T14:11:45.972+0000] {logging_mixin.py:151} INFO - [2023-11-04T14:11:45.971+0000] {dag.py:3722} INFO - Setting next_dagrun for traffic_data to 2023-11-04T14:10:45.966251+00:00, run_after=2023-11-04T14:11:45.966251+00:00
[2023-11-04T14:11:46.062+0000] {processor.py:179} INFO - Processing /opt/airflow/dags/script.py took 2.170 seconds
[2023-11-04T14:12:16.166+0000] {processor.py:157} INFO - Started process (PID=867) to work on /opt/airflow/dags/script.py
[2023-11-04T14:12:16.169+0000] {processor.py:829} INFO - Processing file /opt/airflow/dags/script.py for tasks to queue
[2023-11-04T14:12:16.173+0000] {logging_mixin.py:151} INFO - [2023-11-04T14:12:16.170+0000] {dagbag.py:536} INFO - Filling up the DagBag from /opt/airflow/dags/script.py
[2023-11-04T14:12:16.504+0000] {processor.py:839} INFO - DAG(s) dict_keys(['traffic_data']) retrieved from /opt/airflow/dags/script.py
[2023-11-04T14:12:16.650+0000] {logging_mixin.py:151} INFO - [2023-11-04T14:12:16.650+0000] {dag.py:2941} INFO - Sync 1 DAGs
[2023-11-04T14:12:17.039+0000] {logging_mixin.py:151} INFO - [2023-11-04T14:12:17.038+0000] {dag.py:3722} INFO - Setting next_dagrun for traffic_data to 2023-11-04T14:11:17.036290+00:00, run_after=2023-11-04T14:12:17.036290+00:00
[2023-11-04T14:12:17.076+0000] {processor.py:179} INFO - Processing /opt/airflow/dags/script.py took 0.937 seconds
[2023-11-04T14:12:47.431+0000] {processor.py:157} INFO - Started process (PID=876) to work on /opt/airflow/dags/script.py
[2023-11-04T14:12:47.434+0000] {processor.py:829} INFO - Processing file /opt/airflow/dags/script.py for tasks to queue
[2023-11-04T14:12:47.439+0000] {logging_mixin.py:151} INFO - [2023-11-04T14:12:47.437+0000] {dagbag.py:536} INFO - Filling up the DagBag from /opt/airflow/dags/script.py
[2023-11-04T14:12:47.802+0000] {processor.py:839} INFO - DAG(s) dict_keys(['traffic_data']) retrieved from /opt/airflow/dags/script.py
[2023-11-04T14:12:47.893+0000] {logging_mixin.py:151} INFO - [2023-11-04T14:12:47.892+0000] {dag.py:2941} INFO - Sync 1 DAGs
[2023-11-04T14:12:48.156+0000] {logging_mixin.py:151} INFO - [2023-11-04T14:12:48.155+0000] {dag.py:3722} INFO - Setting next_dagrun for traffic_data to 2023-11-04T14:11:48.154830+00:00, run_after=2023-11-04T14:12:48.154830+00:00
[2023-11-04T14:12:48.194+0000] {processor.py:179} INFO - Processing /opt/airflow/dags/script.py took 0.771 seconds
[2023-11-04T14:13:18.867+0000] {processor.py:157} INFO - Started process (PID=885) to work on /opt/airflow/dags/script.py
[2023-11-04T14:13:18.869+0000] {processor.py:829} INFO - Processing file /opt/airflow/dags/script.py for tasks to queue
[2023-11-04T14:13:18.872+0000] {logging_mixin.py:151} INFO - [2023-11-04T14:13:18.870+0000] {dagbag.py:536} INFO - Filling up the DagBag from /opt/airflow/dags/script.py
[2023-11-04T14:13:20.179+0000] {processor.py:839} INFO - DAG(s) dict_keys(['traffic_data']) retrieved from /opt/airflow/dags/script.py
[2023-11-04T14:13:20.926+0000] {logging_mixin.py:151} INFO - [2023-11-04T14:13:20.916+0000] {dag.py:2941} INFO - Sync 1 DAGs
[2023-11-04T14:13:21.058+0000] {processor.py:179} INFO - Processing /opt/airflow/dags/script.py took 2.199 seconds
[2023-11-04T14:13:51.226+0000] {processor.py:157} INFO - Started process (PID=894) to work on /opt/airflow/dags/script.py
[2023-11-04T14:13:51.231+0000] {processor.py:829} INFO - Processing file /opt/airflow/dags/script.py for tasks to queue
[2023-11-04T14:13:51.236+0000] {logging_mixin.py:151} INFO - [2023-11-04T14:13:51.233+0000] {dagbag.py:536} INFO - Filling up the DagBag from /opt/airflow/dags/script.py
[2023-11-04T14:13:52.961+0000] {processor.py:839} INFO - DAG(s) dict_keys(['traffic_data']) retrieved from /opt/airflow/dags/script.py
[2023-11-04T14:13:53.159+0000] {logging_mixin.py:151} INFO - [2023-11-04T14:13:53.158+0000] {dag.py:2941} INFO - Sync 1 DAGs
[2023-11-04T14:13:53.277+0000] {processor.py:179} INFO - Processing /opt/airflow/dags/script.py took 2.073 seconds
[2023-11-04T14:14:23.572+0000] {processor.py:157} INFO - Started process (PID=903) to work on /opt/airflow/dags/script.py
[2023-11-04T14:14:23.575+0000] {processor.py:829} INFO - Processing file /opt/airflow/dags/script.py for tasks to queue
[2023-11-04T14:14:23.577+0000] {logging_mixin.py:151} INFO - [2023-11-04T14:14:23.577+0000] {dagbag.py:536} INFO - Filling up the DagBag from /opt/airflow/dags/script.py
[2023-11-04T14:14:24.219+0000] {processor.py:839} INFO - DAG(s) dict_keys(['traffic_data']) retrieved from /opt/airflow/dags/script.py
[2023-11-04T14:14:24.275+0000] {logging_mixin.py:151} INFO - [2023-11-04T14:14:24.275+0000] {dag.py:2941} INFO - Sync 1 DAGs
[2023-11-04T14:14:24.370+0000] {processor.py:179} INFO - Processing /opt/airflow/dags/script.py took 0.806 seconds
[2023-11-04T14:14:54.509+0000] {processor.py:157} INFO - Started process (PID=913) to work on /opt/airflow/dags/script.py
[2023-11-04T14:14:54.511+0000] {processor.py:829} INFO - Processing file /opt/airflow/dags/script.py for tasks to queue
[2023-11-04T14:14:54.516+0000] {logging_mixin.py:151} INFO - [2023-11-04T14:14:54.513+0000] {dagbag.py:536} INFO - Filling up the DagBag from /opt/airflow/dags/script.py
[2023-11-04T14:14:54.958+0000] {processor.py:839} INFO - DAG(s) dict_keys(['traffic_data']) retrieved from /opt/airflow/dags/script.py
[2023-11-04T14:14:58.127+0000] {logging_mixin.py:151} INFO - [2023-11-04T14:14:58.111+0000] {dag.py:2941} INFO - Sync 1 DAGs
[2023-11-04T14:14:58.299+0000] {processor.py:179} INFO - Processing /opt/airflow/dags/script.py took 3.800 seconds
[2023-11-04T14:15:28.992+0000] {processor.py:157} INFO - Started process (PID=922) to work on /opt/airflow/dags/script.py
[2023-11-04T14:15:28.995+0000] {processor.py:829} INFO - Processing file /opt/airflow/dags/script.py for tasks to queue
[2023-11-04T14:15:29.001+0000] {logging_mixin.py:151} INFO - [2023-11-04T14:15:28.997+0000] {dagbag.py:536} INFO - Filling up the DagBag from /opt/airflow/dags/script.py
[2023-11-04T14:15:29.537+0000] {processor.py:839} INFO - DAG(s) dict_keys(['traffic_data']) retrieved from /opt/airflow/dags/script.py
[2023-11-04T14:15:30.148+0000] {logging_mixin.py:151} INFO - [2023-11-04T14:15:30.148+0000] {dag.py:2941} INFO - Sync 1 DAGs
[2023-11-04T14:15:30.243+0000] {processor.py:179} INFO - Processing /opt/airflow/dags/script.py took 1.266 seconds
[2023-11-04T14:16:00.652+0000] {processor.py:157} INFO - Started process (PID=931) to work on /opt/airflow/dags/script.py
[2023-11-04T14:16:00.660+0000] {processor.py:829} INFO - Processing file /opt/airflow/dags/script.py for tasks to queue
[2023-11-04T14:16:00.678+0000] {logging_mixin.py:151} INFO - [2023-11-04T14:16:00.669+0000] {dagbag.py:536} INFO - Filling up the DagBag from /opt/airflow/dags/script.py
[2023-11-04T14:16:06.028+0000] {processor.py:839} INFO - DAG(s) dict_keys(['traffic_data']) retrieved from /opt/airflow/dags/script.py
[2023-11-04T14:16:16.297+0000] {logging_mixin.py:151} INFO - [2023-11-04T14:16:16.296+0000] {dag.py:2941} INFO - Sync 1 DAGs
[2023-11-04T14:16:16.586+0000] {processor.py:179} INFO - Processing /opt/airflow/dags/script.py took 15.986 seconds
[2023-11-04T14:16:47.254+0000] {processor.py:157} INFO - Started process (PID=940) to work on /opt/airflow/dags/script.py
[2023-11-04T14:16:47.274+0000] {processor.py:829} INFO - Processing file /opt/airflow/dags/script.py for tasks to queue
[2023-11-04T14:16:47.329+0000] {logging_mixin.py:151} INFO - [2023-11-04T14:16:47.319+0000] {dagbag.py:536} INFO - Filling up the DagBag from /opt/airflow/dags/script.py
[2023-11-04T14:17:04.415+0000] {processor.py:839} INFO - DAG(s) dict_keys(['traffic_data']) retrieved from /opt/airflow/dags/script.py
[2023-11-04T14:17:04.783+0000] {logging_mixin.py:151} INFO - [2023-11-04T14:17:04.768+0000] {dag.py:2941} INFO - Sync 1 DAGs
[2023-11-04T14:17:04.989+0000] {logging_mixin.py:151} INFO - [2023-11-04T14:17:04.989+0000] {dag.py:3722} INFO - Setting next_dagrun for traffic_data to 2023-11-04T14:16:04.979320+00:00, run_after=2023-11-04T14:17:04.979320+00:00
[2023-11-04T14:17:05.092+0000] {processor.py:179} INFO - Processing /opt/airflow/dags/script.py took 17.956 seconds
[2023-11-04T14:17:35.938+0000] {processor.py:157} INFO - Started process (PID=956) to work on /opt/airflow/dags/script.py
[2023-11-04T14:17:35.968+0000] {processor.py:829} INFO - Processing file /opt/airflow/dags/script.py for tasks to queue
[2023-11-04T14:17:36.062+0000] {logging_mixin.py:151} INFO - [2023-11-04T14:17:36.022+0000] {dagbag.py:536} INFO - Filling up the DagBag from /opt/airflow/dags/script.py
[2023-11-04T14:17:37.871+0000] {processor.py:839} INFO - DAG(s) dict_keys(['traffic_data']) retrieved from /opt/airflow/dags/script.py
[2023-11-04T14:18:08.181+0000] {logging_mixin.py:151} INFO - [2023-11-04T14:18:08.180+0000] {dag.py:2941} INFO - Sync 1 DAGs
[2023-11-04T14:18:08.353+0000] {processor.py:179} INFO - Processing /opt/airflow/dags/script.py took 32.334 seconds
[2023-11-04T14:18:38.893+0000] {processor.py:157} INFO - Started process (PID=966) to work on /opt/airflow/dags/script.py
[2023-11-04T14:18:38.904+0000] {processor.py:829} INFO - Processing file /opt/airflow/dags/script.py for tasks to queue
[2023-11-04T14:18:38.941+0000] {logging_mixin.py:151} INFO - [2023-11-04T14:18:38.925+0000] {dagbag.py:536} INFO - Filling up the DagBag from /opt/airflow/dags/script.py
[2023-11-04T14:18:42.237+0000] {processor.py:839} INFO - DAG(s) dict_keys(['traffic_data']) retrieved from /opt/airflow/dags/script.py
[2023-11-04T14:18:54.751+0000] {logging_mixin.py:151} INFO - [2023-11-04T14:18:54.749+0000] {dag.py:2941} INFO - Sync 1 DAGs
[2023-11-04T14:18:55.030+0000] {processor.py:179} INFO - Processing /opt/airflow/dags/script.py took 16.354 seconds
[2023-11-04T14:19:25.480+0000] {processor.py:157} INFO - Started process (PID=981) to work on /opt/airflow/dags/script.py
[2023-11-04T14:19:25.489+0000] {processor.py:829} INFO - Processing file /opt/airflow/dags/script.py for tasks to queue
[2023-11-04T14:19:25.504+0000] {logging_mixin.py:151} INFO - [2023-11-04T14:19:25.496+0000] {dagbag.py:536} INFO - Filling up the DagBag from /opt/airflow/dags/script.py
[2023-11-04T14:19:31.092+0000] {processor.py:839} INFO - DAG(s) dict_keys(['traffic_data']) retrieved from /opt/airflow/dags/script.py
[2023-11-04T14:20:06.470+0000] {processor.py:182} ERROR - Got an exception! Propagating...
Traceback (most recent call last):
  File "/home/airflow/.local/lib/python3.8/site-packages/sqlalchemy/engine/base.py", line 3371, in _wrap_pool_connect
    return fn()
  File "/home/airflow/.local/lib/python3.8/site-packages/sqlalchemy/pool/base.py", line 327, in connect
    return _ConnectionFairy._checkout(self)
  File "/home/airflow/.local/lib/python3.8/site-packages/sqlalchemy/pool/base.py", line 894, in _checkout
    fairy = _ConnectionRecord.checkout(pool)
  File "/home/airflow/.local/lib/python3.8/site-packages/sqlalchemy/pool/base.py", line 493, in checkout
    rec = pool._do_get()
  File "/home/airflow/.local/lib/python3.8/site-packages/sqlalchemy/pool/impl.py", line 146, in _do_get
    self._dec_overflow()
  File "/home/airflow/.local/lib/python3.8/site-packages/sqlalchemy/util/langhelpers.py", line 70, in __exit__
    compat.raise_(
  File "/home/airflow/.local/lib/python3.8/site-packages/sqlalchemy/util/compat.py", line 211, in raise_
    raise exception
  File "/home/airflow/.local/lib/python3.8/site-packages/sqlalchemy/pool/impl.py", line 143, in _do_get
    return self._create_connection()
  File "/home/airflow/.local/lib/python3.8/site-packages/sqlalchemy/pool/base.py", line 273, in _create_connection
    return _ConnectionRecord(self)
  File "/home/airflow/.local/lib/python3.8/site-packages/sqlalchemy/pool/base.py", line 388, in __init__
    self.__connect()
  File "/home/airflow/.local/lib/python3.8/site-packages/sqlalchemy/pool/base.py", line 691, in __connect
    pool.logger.debug("Error on connect(): %s", e)
  File "/home/airflow/.local/lib/python3.8/site-packages/sqlalchemy/util/langhelpers.py", line 70, in __exit__
    compat.raise_(
  File "/home/airflow/.local/lib/python3.8/site-packages/sqlalchemy/util/compat.py", line 211, in raise_
    raise exception
  File "/home/airflow/.local/lib/python3.8/site-packages/sqlalchemy/pool/base.py", line 686, in __connect
    self.dbapi_connection = connection = pool._invoke_creator(self)
  File "/home/airflow/.local/lib/python3.8/site-packages/sqlalchemy/engine/create.py", line 574, in connect
    return dialect.connect(*cargs, **cparams)
  File "/home/airflow/.local/lib/python3.8/site-packages/sqlalchemy/engine/default.py", line 598, in connect
    return self.dbapi.connect(*cargs, **cparams)
  File "/home/airflow/.local/lib/python3.8/site-packages/psycopg2/__init__.py", line 122, in connect
    conn = _connect(dsn, connection_factory=connection_factory, **kwasync)
psycopg2.OperationalError: could not translate host name "postgres" to address: Temporary failure in name resolution


The above exception was the direct cause of the following exception:

Traceback (most recent call last):
  File "/home/airflow/.local/lib/python3.8/site-packages/airflow/dag_processing/processor.py", line 178, in _run_file_processor
    _handle_dag_file_processing()
  File "/home/airflow/.local/lib/python3.8/site-packages/airflow/dag_processing/processor.py", line 159, in _handle_dag_file_processing
    result: tuple[int, int] = dag_file_processor.process_file(
  File "/home/airflow/.local/lib/python3.8/site-packages/airflow/utils/session.py", line 77, in wrapper
    return func(*args, session=session, **kwargs)
  File "/home/airflow/.local/lib/python3.8/site-packages/airflow/dag_processing/processor.py", line 857, in process_file
    serialize_errors = DagFileProcessor.save_dag_to_db(
  File "/home/airflow/.local/lib/python3.8/site-packages/airflow/api_internal/internal_api_call.py", line 114, in wrapper
    return func(*args, **kwargs)
  File "/home/airflow/.local/lib/python3.8/site-packages/airflow/utils/session.py", line 77, in wrapper
    return func(*args, session=session, **kwargs)
  File "/home/airflow/.local/lib/python3.8/site-packages/airflow/dag_processing/processor.py", line 893, in save_dag_to_db
    import_errors = DagBag._sync_to_db(dags=dags, processor_subdir=dag_directory, session=session)
  File "/home/airflow/.local/lib/python3.8/site-packages/airflow/utils/session.py", line 74, in wrapper
    return func(*args, **kwargs)
  File "/home/airflow/.local/lib/python3.8/site-packages/airflow/models/dagbag.py", line 654, in _sync_to_db
    for attempt in run_with_db_retries(logger=log):
  File "/home/airflow/.local/lib/python3.8/site-packages/tenacity/__init__.py", line 347, in __iter__
    do = self.iter(retry_state=retry_state)
  File "/home/airflow/.local/lib/python3.8/site-packages/tenacity/__init__.py", line 325, in iter
    raise retry_exc.reraise()
  File "/home/airflow/.local/lib/python3.8/site-packages/tenacity/__init__.py", line 158, in reraise
    raise self.last_attempt.result()
  File "/usr/local/lib/python3.8/concurrent/futures/_base.py", line 437, in result
    return self.__get_result()
  File "/usr/local/lib/python3.8/concurrent/futures/_base.py", line 389, in __get_result
    raise self._exception
  File "/home/airflow/.local/lib/python3.8/site-packages/airflow/models/dagbag.py", line 666, in _sync_to_db
    serialize_errors.extend(_serialize_dag_capturing_errors(dag, session))
  File "/home/airflow/.local/lib/python3.8/site-packages/airflow/models/dagbag.py", line 633, in _serialize_dag_capturing_errors
    dag_was_updated = SerializedDagModel.write_dag(
  File "/home/airflow/.local/lib/python3.8/site-packages/airflow/utils/session.py", line 74, in wrapper
    return func(*args, **kwargs)
  File "/home/airflow/.local/lib/python3.8/site-packages/airflow/models/serialized_dag.py", line 147, in write_dag
    if session.scalar(
  File "/home/airflow/.local/lib/python3.8/site-packages/sqlalchemy/orm/session.py", line 1747, in scalar
    return self.execute(
  File "/home/airflow/.local/lib/python3.8/site-packages/sqlalchemy/orm/session.py", line 1716, in execute
    conn = self._connection_for_bind(bind)
  File "/home/airflow/.local/lib/python3.8/site-packages/sqlalchemy/orm/session.py", line 1555, in _connection_for_bind
    return self._transaction._connection_for_bind(
  File "/home/airflow/.local/lib/python3.8/site-packages/sqlalchemy/orm/session.py", line 750, in _connection_for_bind
    conn = bind.connect()
  File "/home/airflow/.local/lib/python3.8/site-packages/sqlalchemy/future/engine.py", line 406, in connect
    return super(Engine, self).connect()
  File "/home/airflow/.local/lib/python3.8/site-packages/sqlalchemy/engine/base.py", line 3325, in connect
    return self._connection_cls(self, close_with_result=close_with_result)
  File "/home/airflow/.local/lib/python3.8/site-packages/sqlalchemy/engine/base.py", line 96, in __init__
    else engine.raw_connection()
  File "/home/airflow/.local/lib/python3.8/site-packages/sqlalchemy/engine/base.py", line 3404, in raw_connection
    return self._wrap_pool_connect(self.pool.connect, _connection)
  File "/home/airflow/.local/lib/python3.8/site-packages/sqlalchemy/engine/base.py", line 3374, in _wrap_pool_connect
    Connection._handle_dbapi_exception_noconnection(
  File "/home/airflow/.local/lib/python3.8/site-packages/sqlalchemy/engine/base.py", line 2208, in _handle_dbapi_exception_noconnection
    util.raise_(
  File "/home/airflow/.local/lib/python3.8/site-packages/sqlalchemy/util/compat.py", line 211, in raise_
    raise exception
  File "/home/airflow/.local/lib/python3.8/site-packages/sqlalchemy/engine/base.py", line 3371, in _wrap_pool_connect
    return fn()
  File "/home/airflow/.local/lib/python3.8/site-packages/sqlalchemy/pool/base.py", line 327, in connect
    return _ConnectionFairy._checkout(self)
  File "/home/airflow/.local/lib/python3.8/site-packages/sqlalchemy/pool/base.py", line 894, in _checkout
    fairy = _ConnectionRecord.checkout(pool)
  File "/home/airflow/.local/lib/python3.8/site-packages/sqlalchemy/pool/base.py", line 493, in checkout
    rec = pool._do_get()
  File "/home/airflow/.local/lib/python3.8/site-packages/sqlalchemy/pool/impl.py", line 146, in _do_get
    self._dec_overflow()
  File "/home/airflow/.local/lib/python3.8/site-packages/sqlalchemy/util/langhelpers.py", line 70, in __exit__
    compat.raise_(
  File "/home/airflow/.local/lib/python3.8/site-packages/sqlalchemy/util/compat.py", line 211, in raise_
    raise exception
  File "/home/airflow/.local/lib/python3.8/site-packages/sqlalchemy/pool/impl.py", line 143, in _do_get
    return self._create_connection()
  File "/home/airflow/.local/lib/python3.8/site-packages/sqlalchemy/pool/base.py", line 273, in _create_connection
    return _ConnectionRecord(self)
  File "/home/airflow/.local/lib/python3.8/site-packages/sqlalchemy/pool/base.py", line 388, in __init__
    self.__connect()
  File "/home/airflow/.local/lib/python3.8/site-packages/sqlalchemy/pool/base.py", line 691, in __connect
    pool.logger.debug("Error on connect(): %s", e)
  File "/home/airflow/.local/lib/python3.8/site-packages/sqlalchemy/util/langhelpers.py", line 70, in __exit__
    compat.raise_(
  File "/home/airflow/.local/lib/python3.8/site-packages/sqlalchemy/util/compat.py", line 211, in raise_
    raise exception
  File "/home/airflow/.local/lib/python3.8/site-packages/sqlalchemy/pool/base.py", line 686, in __connect
    self.dbapi_connection = connection = pool._invoke_creator(self)
  File "/home/airflow/.local/lib/python3.8/site-packages/sqlalchemy/engine/create.py", line 574, in connect
    return dialect.connect(*cargs, **cparams)
  File "/home/airflow/.local/lib/python3.8/site-packages/sqlalchemy/engine/default.py", line 598, in connect
    return self.dbapi.connect(*cargs, **cparams)
  File "/home/airflow/.local/lib/python3.8/site-packages/psycopg2/__init__.py", line 122, in connect
    conn = _connect(dsn, connection_factory=connection_factory, **kwasync)
sqlalchemy.exc.OperationalError: (psycopg2.OperationalError) could not translate host name "postgres" to address: Temporary failure in name resolution

(Background on this error at: https://sqlalche.me/e/14/e3q8)
[2023-11-04T14:20:44.472+0000] {processor.py:157} INFO - Started process (PID=990) to work on /opt/airflow/dags/script.py
[2023-11-04T14:20:44.476+0000] {processor.py:829} INFO - Processing file /opt/airflow/dags/script.py for tasks to queue
[2023-11-04T14:20:44.504+0000] {logging_mixin.py:151} INFO - [2023-11-04T14:20:44.502+0000] {dagbag.py:536} INFO - Filling up the DagBag from /opt/airflow/dags/script.py
[2023-11-04T14:20:49.985+0000] {processor.py:839} INFO - DAG(s) dict_keys(['traffic_data']) retrieved from /opt/airflow/dags/script.py
[2023-11-04T14:21:16.516+0000] {logging_mixin.py:151} INFO - [2023-11-04T14:21:16.514+0000] {dag.py:2941} INFO - Sync 1 DAGs
[2023-11-04T14:21:16.875+0000] {processor.py:182} ERROR - Got an exception! Propagating...
Traceback (most recent call last):
  File "/home/airflow/.local/lib/python3.8/site-packages/sqlalchemy/engine/base.py", line 1910, in _execute_context
    self.dialect.do_execute(
  File "/home/airflow/.local/lib/python3.8/site-packages/sqlalchemy/engine/default.py", line 736, in do_execute
    cursor.execute(statement, parameters)
psycopg2.errors.UniqueViolation: duplicate key value violates unique constraint "serialized_dag_pkey"
DETAIL:  Key (dag_id)=(traffic_data) already exists.


The above exception was the direct cause of the following exception:

Traceback (most recent call last):
  File "/home/airflow/.local/lib/python3.8/site-packages/airflow/dag_processing/processor.py", line 178, in _run_file_processor
    _handle_dag_file_processing()
  File "/home/airflow/.local/lib/python3.8/site-packages/airflow/dag_processing/processor.py", line 159, in _handle_dag_file_processing
    result: tuple[int, int] = dag_file_processor.process_file(
  File "/home/airflow/.local/lib/python3.8/site-packages/airflow/utils/session.py", line 77, in wrapper
    return func(*args, session=session, **kwargs)
  File "/home/airflow/.local/lib/python3.8/site-packages/airflow/dag_processing/processor.py", line 857, in process_file
    serialize_errors = DagFileProcessor.save_dag_to_db(
  File "/home/airflow/.local/lib/python3.8/site-packages/airflow/api_internal/internal_api_call.py", line 114, in wrapper
    return func(*args, **kwargs)
  File "/home/airflow/.local/lib/python3.8/site-packages/airflow/utils/session.py", line 77, in wrapper
    return func(*args, session=session, **kwargs)
  File "/home/airflow/.local/lib/python3.8/site-packages/airflow/dag_processing/processor.py", line 893, in save_dag_to_db
    import_errors = DagBag._sync_to_db(dags=dags, processor_subdir=dag_directory, session=session)
  File "/home/airflow/.local/lib/python3.8/site-packages/airflow/utils/session.py", line 74, in wrapper
    return func(*args, **kwargs)
  File "/home/airflow/.local/lib/python3.8/site-packages/airflow/models/dagbag.py", line 654, in _sync_to_db
    for attempt in run_with_db_retries(logger=log):
  File "/home/airflow/.local/lib/python3.8/site-packages/tenacity/__init__.py", line 347, in __iter__
    do = self.iter(retry_state=retry_state)
  File "/home/airflow/.local/lib/python3.8/site-packages/tenacity/__init__.py", line 325, in iter
    raise retry_exc.reraise()
  File "/home/airflow/.local/lib/python3.8/site-packages/tenacity/__init__.py", line 158, in reraise
    raise self.last_attempt.result()
  File "/usr/local/lib/python3.8/concurrent/futures/_base.py", line 437, in result
    return self.__get_result()
  File "/usr/local/lib/python3.8/concurrent/futures/_base.py", line 389, in __get_result
    raise self._exception
  File "/home/airflow/.local/lib/python3.8/site-packages/airflow/models/dagbag.py", line 668, in _sync_to_db
    DAG.bulk_write_to_db(dags.values(), processor_subdir=processor_subdir, session=session)
  File "/home/airflow/.local/lib/python3.8/site-packages/airflow/utils/session.py", line 74, in wrapper
    return func(*args, **kwargs)
  File "/home/airflow/.local/lib/python3.8/site-packages/airflow/models/dag.py", line 3113, in bulk_write_to_db
    session.flush()  # this is required to ensure each dataset has its PK loaded
  File "/home/airflow/.local/lib/python3.8/site-packages/sqlalchemy/orm/session.py", line 3449, in flush
    self._flush(objects)
  File "/home/airflow/.local/lib/python3.8/site-packages/sqlalchemy/orm/session.py", line 3589, in _flush
    transaction.rollback(_capture_exception=True)
  File "/home/airflow/.local/lib/python3.8/site-packages/sqlalchemy/util/langhelpers.py", line 70, in __exit__
    compat.raise_(
  File "/home/airflow/.local/lib/python3.8/site-packages/sqlalchemy/util/compat.py", line 211, in raise_
    raise exception
  File "/home/airflow/.local/lib/python3.8/site-packages/sqlalchemy/orm/session.py", line 3549, in _flush
    flush_context.execute()
  File "/home/airflow/.local/lib/python3.8/site-packages/sqlalchemy/orm/unitofwork.py", line 456, in execute
    rec.execute(self)
  File "/home/airflow/.local/lib/python3.8/site-packages/sqlalchemy/orm/unitofwork.py", line 630, in execute
    util.preloaded.orm_persistence.save_obj(
  File "/home/airflow/.local/lib/python3.8/site-packages/sqlalchemy/orm/persistence.py", line 245, in save_obj
    _emit_insert_statements(
  File "/home/airflow/.local/lib/python3.8/site-packages/sqlalchemy/orm/persistence.py", line 1097, in _emit_insert_statements
    c = connection._execute_20(
  File "/home/airflow/.local/lib/python3.8/site-packages/sqlalchemy/engine/base.py", line 1710, in _execute_20
    return meth(self, args_10style, kwargs_10style, execution_options)
  File "/home/airflow/.local/lib/python3.8/site-packages/sqlalchemy/sql/elements.py", line 334, in _execute_on_connection
    return connection._execute_clauseelement(
  File "/home/airflow/.local/lib/python3.8/site-packages/sqlalchemy/engine/base.py", line 1577, in _execute_clauseelement
    ret = self._execute_context(
  File "/home/airflow/.local/lib/python3.8/site-packages/sqlalchemy/engine/base.py", line 1953, in _execute_context
    self._handle_dbapi_exception(
  File "/home/airflow/.local/lib/python3.8/site-packages/sqlalchemy/engine/base.py", line 2134, in _handle_dbapi_exception
    util.raise_(
  File "/home/airflow/.local/lib/python3.8/site-packages/sqlalchemy/util/compat.py", line 211, in raise_
    raise exception
  File "/home/airflow/.local/lib/python3.8/site-packages/sqlalchemy/engine/base.py", line 1910, in _execute_context
    self.dialect.do_execute(
  File "/home/airflow/.local/lib/python3.8/site-packages/sqlalchemy/engine/default.py", line 736, in do_execute
    cursor.execute(statement, parameters)
sqlalchemy.exc.IntegrityError: (psycopg2.errors.UniqueViolation) duplicate key value violates unique constraint "serialized_dag_pkey"
DETAIL:  Key (dag_id)=(traffic_data) already exists.

[SQL: INSERT INTO serialized_dag (dag_id, fileloc, fileloc_hash, data, data_compressed, last_updated, dag_hash, processor_subdir) VALUES (%(dag_id)s, %(fileloc)s, %(fileloc_hash)s, %(data)s, %(data_compressed)s, %(last_updated)s, %(dag_hash)s, %(processor_subdir)s)]
[parameters: {'dag_id': 'traffic_data', 'fileloc': '/opt/airflow/dags/script.py', 'fileloc_hash': 70704377147227127, 'data': '{"__version": 1, "dag": {"default_args": {"__var": {"owner": "airflow", "depends_on_past": false, "start_date": {"__var": 1698969600.0, "__type": "da ... (2492 characters truncated) ... onOperator", "_task_module": "airflow.operators.python", "_is_empty": false, "op_args": [], "op_kwargs": {}}], "dag_dependencies": [], "params": {}}}', 'data_compressed': None, 'last_updated': datetime.datetime(2023, 11, 4, 14, 21, 15, 524495, tzinfo=Timezone('UTC')), 'dag_hash': '17ad111d9ad7086add2d1564c8620c4f', 'processor_subdir': None}]
(Background on this error at: https://sqlalche.me/e/14/gkpj)
[2023-11-04T14:21:47.218+0000] {processor.py:157} INFO - Started process (PID=1007) to work on /opt/airflow/dags/script.py
[2023-11-04T14:21:47.221+0000] {processor.py:829} INFO - Processing file /opt/airflow/dags/script.py for tasks to queue
[2023-11-04T14:21:47.226+0000] {logging_mixin.py:151} INFO - [2023-11-04T14:21:47.223+0000] {dagbag.py:536} INFO - Filling up the DagBag from /opt/airflow/dags/script.py
[2023-11-04T14:21:47.792+0000] {processor.py:839} INFO - DAG(s) dict_keys(['traffic_data']) retrieved from /opt/airflow/dags/script.py
[2023-11-04T14:21:48.908+0000] {logging_mixin.py:151} INFO - [2023-11-04T14:21:48.893+0000] {dag.py:2941} INFO - Sync 1 DAGs
[2023-11-04T14:21:49.066+0000] {processor.py:179} INFO - Processing /opt/airflow/dags/script.py took 1.860 seconds
[2023-11-04T14:22:19.458+0000] {processor.py:157} INFO - Started process (PID=1017) to work on /opt/airflow/dags/script.py
[2023-11-04T14:22:19.461+0000] {processor.py:829} INFO - Processing file /opt/airflow/dags/script.py for tasks to queue
[2023-11-04T14:22:19.470+0000] {logging_mixin.py:151} INFO - [2023-11-04T14:22:19.462+0000] {dagbag.py:536} INFO - Filling up the DagBag from /opt/airflow/dags/script.py
[2023-11-04T14:22:27.600+0000] {processor.py:839} INFO - DAG(s) dict_keys(['traffic_data']) retrieved from /opt/airflow/dags/script.py
[2023-11-04T14:22:43.067+0000] {logging_mixin.py:151} INFO - [2023-11-04T14:22:43.059+0000] {dag.py:2941} INFO - Sync 1 DAGs
[2023-11-04T14:22:43.273+0000] {processor.py:179} INFO - Processing /opt/airflow/dags/script.py took 23.835 seconds
[2023-11-04T14:23:17.860+0000] {processor.py:157} INFO - Started process (PID=1026) to work on /opt/airflow/dags/script.py
[2023-11-04T14:23:17.939+0000] {processor.py:829} INFO - Processing file /opt/airflow/dags/script.py for tasks to queue
[2023-11-04T14:23:18.160+0000] {logging_mixin.py:151} INFO - [2023-11-04T14:23:18.025+0000] {dagbag.py:536} INFO - Filling up the DagBag from /opt/airflow/dags/script.py
[2023-11-04T14:23:38.521+0000] {logging_mixin.py:151} WARNING - Exception ignored in: <function _collection_gced at 0x7eff17622ee0>
[2023-11-04T14:23:38.523+0000] {logging_mixin.py:151} WARNING - Traceback (most recent call last):
[2023-11-04T14:23:38.524+0000] {logging_mixin.py:151} WARNING -   File "/home/airflow/.local/lib/python3.8/site-packages/sqlalchemy/event/registry.py", line 53, in _collection_gced
[2023-11-04T14:23:38.530+0000] {logging_mixin.py:151} WARNING -     def _collection_gced(ref):
[2023-11-04T14:23:38.530+0000] {logging_mixin.py:151} WARNING -   File "/home/airflow/.local/lib/python3.8/site-packages/airflow/dag_processing/manager.py", line 470, in _exit_gracefully
[2023-11-04T14:23:38.531+0000] {logging_mixin.py:151} WARNING -     self.log.debug("Current Stacktrace is: %s", "\n".join(map(str, inspect.stack())))
[2023-11-04T14:23:38.531+0000] {logging_mixin.py:151} WARNING -   File "/usr/local/lib/python3.8/inspect.py", line 1526, in stack
[2023-11-04T14:23:38.532+0000] {logging_mixin.py:151} WARNING -     return getouterframes(sys._getframe(1), context)
[2023-11-04T14:23:38.532+0000] {logging_mixin.py:151} WARNING -   File "/usr/local/lib/python3.8/inspect.py", line 1503, in getouterframes
[2023-11-04T14:23:38.533+0000] {logging_mixin.py:151} WARNING -     frameinfo = (frame,) + getframeinfo(frame, context)
[2023-11-04T14:23:38.533+0000] {logging_mixin.py:151} WARNING -   File "/usr/local/lib/python3.8/inspect.py", line 1473, in getframeinfo
[2023-11-04T14:23:38.534+0000] {logging_mixin.py:151} WARNING -     filename = getsourcefile(frame) or getfile(frame)
[2023-11-04T14:23:38.535+0000] {logging_mixin.py:151} WARNING -   File "/usr/local/lib/python3.8/inspect.py", line 705, in getsourcefile
[2023-11-04T14:23:38.537+0000] {logging_mixin.py:151} WARNING -     if os.path.exists(filename):
[2023-11-04T14:23:38.537+0000] {logging_mixin.py:151} WARNING -   File "/usr/local/lib/python3.8/genericpath.py", line 19, in exists
[2023-11-04T14:23:38.538+0000] {logging_mixin.py:151} WARNING -     os.stat(path)
[2023-11-04T14:23:38.538+0000] {logging_mixin.py:151} WARNING -   File "/home/airflow/.local/lib/python3.8/site-packages/airflow/dag_processing/manager.py", line 474, in _exit_gracefully
[2023-11-04T14:23:38.538+0000] {logging_mixin.py:151} WARNING -     sys.exit(os.EX_OK)
[2023-11-04T14:23:38.539+0000] {logging_mixin.py:151} WARNING - SystemExit: 0
[2023-11-04T14:23:38.814+0000] {processor.py:839} INFO - DAG(s) dict_keys(['traffic_data']) retrieved from /opt/airflow/dags/script.py
[2023-11-04T14:24:37.618+0000] {processor.py:157} INFO - Started process (PID=39) to work on /opt/airflow/dags/script.py
[2023-11-04T14:24:37.634+0000] {processor.py:829} INFO - Processing file /opt/airflow/dags/script.py for tasks to queue
[2023-11-04T14:24:37.639+0000] {logging_mixin.py:151} INFO - [2023-11-04T14:24:37.639+0000] {dagbag.py:536} INFO - Filling up the DagBag from /opt/airflow/dags/script.py
[2023-11-04T14:24:38.436+0000] {processor.py:839} INFO - DAG(s) dict_keys(['traffic_data']) retrieved from /opt/airflow/dags/script.py
[2023-11-04T14:24:40.112+0000] {logging_mixin.py:151} INFO - [2023-11-04T14:24:40.111+0000] {dag.py:2941} INFO - Sync 1 DAGs
[2023-11-04T14:24:40.364+0000] {processor.py:179} INFO - Processing /opt/airflow/dags/script.py took 2.760 seconds
[2023-11-04T14:24:48.090+0000] {processor.py:157} INFO - Started process (PID=41) to work on /opt/airflow/dags/script.py
[2023-11-04T14:24:48.100+0000] {processor.py:829} INFO - Processing file /opt/airflow/dags/script.py for tasks to queue
[2023-11-04T14:24:48.117+0000] {logging_mixin.py:151} INFO - [2023-11-04T14:24:48.116+0000] {dagbag.py:536} INFO - Filling up the DagBag from /opt/airflow/dags/script.py
[2023-11-04T14:24:48.705+0000] {processor.py:839} INFO - DAG(s) dict_keys(['traffic_data']) retrieved from /opt/airflow/dags/script.py
[2023-11-04T14:24:48.887+0000] {logging_mixin.py:151} INFO - [2023-11-04T14:24:48.886+0000] {taskinstance.py:1939} ERROR - {'DAG Id': 'traffic_data', 'Task Id': 'extract_data', 'Run Id': 'scheduled__2023-11-04T14:21:44.710474+00:00', 'Hostname': 'b9e2239f59f9', 'External Executor Id': '438da49e-3c00-4214-a53f-4e1ef2666f36'}
[2023-11-04T14:24:48.972+0000] {logging_mixin.py:151} INFO - [2023-11-04T14:24:48.972+0000] {taskinstance.py:1400} INFO - Marking task as UP_FOR_RETRY. dag_id=traffic_data, task_id=extract_data, execution_date=20231104T142144, start_date=20231104T142247, end_date=20231104T142448
[2023-11-04T14:24:49.045+0000] {processor.py:790} INFO - Executed failure callback for <TaskInstance: traffic_data.extract_data scheduled__2023-11-04T14:21:44.710474+00:00 [up_for_retry]> in state up_for_retry
[2023-11-04T14:24:49.065+0000] {logging_mixin.py:151} INFO - [2023-11-04T14:24:49.064+0000] {dag.py:2941} INFO - Sync 1 DAGs
[2023-11-04T14:24:49.242+0000] {processor.py:179} INFO - Processing /opt/airflow/dags/script.py took 1.213 seconds
[2023-11-04T14:25:19.568+0000] {processor.py:157} INFO - Started process (PID=50) to work on /opt/airflow/dags/script.py
[2023-11-04T14:25:19.571+0000] {processor.py:829} INFO - Processing file /opt/airflow/dags/script.py for tasks to queue
[2023-11-04T14:25:19.576+0000] {logging_mixin.py:151} INFO - [2023-11-04T14:25:19.575+0000] {dagbag.py:536} INFO - Filling up the DagBag from /opt/airflow/dags/script.py
[2023-11-04T14:25:19.937+0000] {processor.py:839} INFO - DAG(s) dict_keys(['traffic_data']) retrieved from /opt/airflow/dags/script.py
[2023-11-04T14:25:19.964+0000] {logging_mixin.py:151} INFO - [2023-11-04T14:25:19.962+0000] {dag.py:2941} INFO - Sync 1 DAGs
[2023-11-04T14:25:20.107+0000] {processor.py:179} INFO - Processing /opt/airflow/dags/script.py took 0.548 seconds
[2023-11-04T14:25:50.496+0000] {processor.py:157} INFO - Started process (PID=59) to work on /opt/airflow/dags/script.py
[2023-11-04T14:25:50.501+0000] {processor.py:829} INFO - Processing file /opt/airflow/dags/script.py for tasks to queue
[2023-11-04T14:25:50.511+0000] {logging_mixin.py:151} INFO - [2023-11-04T14:25:50.510+0000] {dagbag.py:536} INFO - Filling up the DagBag from /opt/airflow/dags/script.py
[2023-11-04T14:25:50.953+0000] {processor.py:839} INFO - DAG(s) dict_keys(['traffic_data']) retrieved from /opt/airflow/dags/script.py
[2023-11-04T14:25:51.578+0000] {logging_mixin.py:151} INFO - [2023-11-04T14:25:51.577+0000] {dag.py:2941} INFO - Sync 1 DAGs
[2023-11-04T14:25:52.061+0000] {processor.py:179} INFO - Processing /opt/airflow/dags/script.py took 1.587 seconds
[2023-11-04T14:26:33.160+0000] {processor.py:157} INFO - Started process (PID=68) to work on /opt/airflow/dags/script.py
[2023-11-04T14:26:33.192+0000] {processor.py:829} INFO - Processing file /opt/airflow/dags/script.py for tasks to queue
[2023-11-04T14:26:33.254+0000] {logging_mixin.py:151} INFO - [2023-11-04T14:26:33.250+0000] {dagbag.py:536} INFO - Filling up the DagBag from /opt/airflow/dags/script.py
[2023-11-04T14:26:35.549+0000] {processor.py:839} INFO - DAG(s) dict_keys(['traffic_data']) retrieved from /opt/airflow/dags/script.py
[2023-11-04T14:26:37.012+0000] {logging_mixin.py:151} INFO - [2023-11-04T14:26:37.011+0000] {dag.py:2941} INFO - Sync 1 DAGs
[2023-11-04T14:26:37.596+0000] {processor.py:179} INFO - Processing /opt/airflow/dags/script.py took 4.258 seconds
[2023-11-04T14:27:07.919+0000] {processor.py:157} INFO - Started process (PID=76) to work on /opt/airflow/dags/script.py
[2023-11-04T14:27:07.926+0000] {processor.py:829} INFO - Processing file /opt/airflow/dags/script.py for tasks to queue
[2023-11-04T14:27:07.992+0000] {logging_mixin.py:151} INFO - [2023-11-04T14:27:07.984+0000] {dagbag.py:536} INFO - Filling up the DagBag from /opt/airflow/dags/script.py
[2023-11-04T14:27:08.897+0000] {processor.py:839} INFO - DAG(s) dict_keys(['traffic_data']) retrieved from /opt/airflow/dags/script.py
[2023-11-04T14:27:10.080+0000] {logging_mixin.py:151} INFO - [2023-11-04T14:27:10.079+0000] {dag.py:2941} INFO - Sync 1 DAGs
[2023-11-04T14:27:19.796+0000] {processor.py:179} INFO - Processing /opt/airflow/dags/script.py took 11.945 seconds
[2023-11-04T14:27:50.800+0000] {processor.py:157} INFO - Started process (PID=93) to work on /opt/airflow/dags/script.py
[2023-11-04T14:27:50.805+0000] {processor.py:829} INFO - Processing file /opt/airflow/dags/script.py for tasks to queue
[2023-11-04T14:27:50.825+0000] {logging_mixin.py:151} INFO - [2023-11-04T14:27:50.819+0000] {dagbag.py:536} INFO - Filling up the DagBag from /opt/airflow/dags/script.py
[2023-11-04T14:27:52.751+0000] {processor.py:839} INFO - DAG(s) dict_keys(['traffic_data']) retrieved from /opt/airflow/dags/script.py
[2023-11-04T14:27:56.055+0000] {logging_mixin.py:151} INFO - [2023-11-04T14:27:56.043+0000] {dag.py:2941} INFO - Sync 1 DAGs
[2023-11-04T14:27:56.257+0000] {processor.py:179} INFO - Processing /opt/airflow/dags/script.py took 5.495 seconds
[2023-11-04T14:28:48.669+0000] {processor.py:157} INFO - Started process (PID=94) to work on /opt/airflow/dags/script.py
[2023-11-04T14:28:48.880+0000] {processor.py:829} INFO - Processing file /opt/airflow/dags/script.py for tasks to queue
[2023-11-04T14:28:49.259+0000] {logging_mixin.py:151} INFO - [2023-11-04T14:28:49.244+0000] {dagbag.py:536} INFO - Filling up the DagBag from /opt/airflow/dags/script.py
[2023-11-04T14:28:55.396+0000] {processor.py:839} INFO - DAG(s) dict_keys(['traffic_data']) retrieved from /opt/airflow/dags/script.py
[2023-11-04T14:30:30.793+0000] {processor.py:157} INFO - Started process (PID=39) to work on /opt/airflow/dags/script.py
[2023-11-04T14:30:30.823+0000] {processor.py:829} INFO - Processing file /opt/airflow/dags/script.py for tasks to queue
[2023-11-04T14:30:30.906+0000] {logging_mixin.py:151} INFO - [2023-11-04T14:30:30.905+0000] {dagbag.py:536} INFO - Filling up the DagBag from /opt/airflow/dags/script.py
[2023-11-04T14:30:32.025+0000] {processor.py:839} INFO - DAG(s) dict_keys(['traffic_data']) retrieved from /opt/airflow/dags/script.py
[2023-11-04T14:30:32.595+0000] {logging_mixin.py:151} INFO - [2023-11-04T14:30:32.594+0000] {dag.py:2941} INFO - Sync 1 DAGs
[2023-11-04T14:30:32.716+0000] {processor.py:179} INFO - Processing /opt/airflow/dags/script.py took 1.944 seconds
[2023-11-04T14:31:03.088+0000] {processor.py:157} INFO - Started process (PID=49) to work on /opt/airflow/dags/script.py
[2023-11-04T14:31:03.093+0000] {processor.py:829} INFO - Processing file /opt/airflow/dags/script.py for tasks to queue
[2023-11-04T14:31:03.110+0000] {logging_mixin.py:151} INFO - [2023-11-04T14:31:03.110+0000] {dagbag.py:536} INFO - Filling up the DagBag from /opt/airflow/dags/script.py
[2023-11-04T14:31:03.491+0000] {processor.py:839} INFO - DAG(s) dict_keys(['traffic_data']) retrieved from /opt/airflow/dags/script.py
[2023-11-04T14:31:03.582+0000] {logging_mixin.py:151} INFO - [2023-11-04T14:31:03.581+0000] {dag.py:2941} INFO - Sync 1 DAGs
[2023-11-04T14:31:03.788+0000] {processor.py:179} INFO - Processing /opt/airflow/dags/script.py took 0.726 seconds
[2023-11-04T14:31:34.105+0000] {processor.py:157} INFO - Started process (PID=57) to work on /opt/airflow/dags/script.py
[2023-11-04T14:31:34.106+0000] {processor.py:829} INFO - Processing file /opt/airflow/dags/script.py for tasks to queue
[2023-11-04T14:31:34.112+0000] {logging_mixin.py:151} INFO - [2023-11-04T14:31:34.111+0000] {dagbag.py:536} INFO - Filling up the DagBag from /opt/airflow/dags/script.py
[2023-11-04T14:31:34.353+0000] {processor.py:839} INFO - DAG(s) dict_keys(['traffic_data']) retrieved from /opt/airflow/dags/script.py
[2023-11-04T14:31:34.586+0000] {logging_mixin.py:151} INFO - [2023-11-04T14:31:34.584+0000] {dag.py:2941} INFO - Sync 1 DAGs
[2023-11-04T14:31:34.777+0000] {processor.py:179} INFO - Processing /opt/airflow/dags/script.py took 0.686 seconds
[2023-11-04T14:32:05.274+0000] {processor.py:157} INFO - Started process (PID=66) to work on /opt/airflow/dags/script.py
[2023-11-04T14:32:05.278+0000] {processor.py:829} INFO - Processing file /opt/airflow/dags/script.py for tasks to queue
[2023-11-04T14:32:05.331+0000] {logging_mixin.py:151} INFO - [2023-11-04T14:32:05.324+0000] {dagbag.py:536} INFO - Filling up the DagBag from /opt/airflow/dags/script.py
[2023-11-04T14:32:06.103+0000] {processor.py:839} INFO - DAG(s) dict_keys(['traffic_data']) retrieved from /opt/airflow/dags/script.py
[2023-11-04T14:32:06.255+0000] {logging_mixin.py:151} INFO - [2023-11-04T14:32:06.254+0000] {dag.py:2941} INFO - Sync 1 DAGs
[2023-11-04T14:32:06.450+0000] {processor.py:179} INFO - Processing /opt/airflow/dags/script.py took 1.226 seconds
[2023-11-04T14:32:36.758+0000] {processor.py:157} INFO - Started process (PID=75) to work on /opt/airflow/dags/script.py
[2023-11-04T14:32:36.761+0000] {processor.py:829} INFO - Processing file /opt/airflow/dags/script.py for tasks to queue
[2023-11-04T14:32:36.766+0000] {logging_mixin.py:151} INFO - [2023-11-04T14:32:36.765+0000] {dagbag.py:536} INFO - Filling up the DagBag from /opt/airflow/dags/script.py
[2023-11-04T14:32:37.104+0000] {processor.py:839} INFO - DAG(s) dict_keys(['traffic_data']) retrieved from /opt/airflow/dags/script.py
[2023-11-04T14:32:37.502+0000] {logging_mixin.py:151} INFO - [2023-11-04T14:32:37.501+0000] {dag.py:2941} INFO - Sync 1 DAGs
[2023-11-04T14:32:37.593+0000] {processor.py:179} INFO - Processing /opt/airflow/dags/script.py took 0.843 seconds
[2023-11-04T14:33:07.712+0000] {processor.py:157} INFO - Started process (PID=84) to work on /opt/airflow/dags/script.py
[2023-11-04T14:33:07.715+0000] {processor.py:829} INFO - Processing file /opt/airflow/dags/script.py for tasks to queue
[2023-11-04T14:33:07.719+0000] {logging_mixin.py:151} INFO - [2023-11-04T14:33:07.718+0000] {dagbag.py:536} INFO - Filling up the DagBag from /opt/airflow/dags/script.py
[2023-11-04T14:33:08.083+0000] {processor.py:839} INFO - DAG(s) dict_keys(['traffic_data']) retrieved from /opt/airflow/dags/script.py
[2023-11-04T14:33:08.149+0000] {logging_mixin.py:151} INFO - [2023-11-04T14:33:08.148+0000] {dag.py:2941} INFO - Sync 1 DAGs
[2023-11-04T14:33:08.240+0000] {processor.py:179} INFO - Processing /opt/airflow/dags/script.py took 0.540 seconds
[2023-11-04T14:33:38.715+0000] {processor.py:157} INFO - Started process (PID=94) to work on /opt/airflow/dags/script.py
[2023-11-04T14:33:38.723+0000] {processor.py:829} INFO - Processing file /opt/airflow/dags/script.py for tasks to queue
[2023-11-04T14:33:38.819+0000] {logging_mixin.py:151} INFO - [2023-11-04T14:33:38.811+0000] {dagbag.py:536} INFO - Filling up the DagBag from /opt/airflow/dags/script.py
[2023-11-04T14:33:39.625+0000] {processor.py:839} INFO - DAG(s) dict_keys(['traffic_data']) retrieved from /opt/airflow/dags/script.py
[2023-11-04T14:33:40.287+0000] {logging_mixin.py:151} INFO - [2023-11-04T14:33:40.286+0000] {dag.py:2941} INFO - Sync 1 DAGs
[2023-11-04T14:33:41.304+0000] {processor.py:179} INFO - Processing /opt/airflow/dags/script.py took 2.661 seconds
[2023-11-04T14:34:11.631+0000] {processor.py:157} INFO - Started process (PID=110) to work on /opt/airflow/dags/script.py
[2023-11-04T14:34:11.636+0000] {processor.py:829} INFO - Processing file /opt/airflow/dags/script.py for tasks to queue
[2023-11-04T14:34:11.646+0000] {logging_mixin.py:151} INFO - [2023-11-04T14:34:11.646+0000] {dagbag.py:536} INFO - Filling up the DagBag from /opt/airflow/dags/script.py
[2023-11-04T14:34:12.100+0000] {processor.py:839} INFO - DAG(s) dict_keys(['traffic_data']) retrieved from /opt/airflow/dags/script.py
[2023-11-04T14:34:12.204+0000] {logging_mixin.py:151} INFO - [2023-11-04T14:34:12.204+0000] {dag.py:2941} INFO - Sync 1 DAGs
[2023-11-04T14:34:12.297+0000] {processor.py:179} INFO - Processing /opt/airflow/dags/script.py took 0.677 seconds
[2023-11-04T14:34:42.681+0000] {processor.py:157} INFO - Started process (PID=119) to work on /opt/airflow/dags/script.py
[2023-11-04T14:34:42.686+0000] {processor.py:829} INFO - Processing file /opt/airflow/dags/script.py for tasks to queue
[2023-11-04T14:34:42.698+0000] {logging_mixin.py:151} INFO - [2023-11-04T14:34:42.697+0000] {dagbag.py:536} INFO - Filling up the DagBag from /opt/airflow/dags/script.py
[2023-11-04T14:34:43.109+0000] {processor.py:839} INFO - DAG(s) dict_keys(['traffic_data']) retrieved from /opt/airflow/dags/script.py
[2023-11-04T14:34:43.194+0000] {logging_mixin.py:151} INFO - [2023-11-04T14:34:43.193+0000] {dag.py:2941} INFO - Sync 1 DAGs
[2023-11-04T14:34:43.301+0000] {processor.py:179} INFO - Processing /opt/airflow/dags/script.py took 0.648 seconds
[2023-11-04T14:35:13.654+0000] {processor.py:157} INFO - Started process (PID=128) to work on /opt/airflow/dags/script.py
[2023-11-04T14:35:13.657+0000] {processor.py:829} INFO - Processing file /opt/airflow/dags/script.py for tasks to queue
[2023-11-04T14:35:13.675+0000] {logging_mixin.py:151} INFO - [2023-11-04T14:35:13.674+0000] {dagbag.py:536} INFO - Filling up the DagBag from /opt/airflow/dags/script.py
[2023-11-04T14:35:14.118+0000] {processor.py:839} INFO - DAG(s) dict_keys(['traffic_data']) retrieved from /opt/airflow/dags/script.py
[2023-11-04T14:35:14.712+0000] {logging_mixin.py:151} INFO - [2023-11-04T14:35:14.711+0000] {dag.py:2941} INFO - Sync 1 DAGs
[2023-11-04T14:35:14.847+0000] {processor.py:179} INFO - Processing /opt/airflow/dags/script.py took 1.215 seconds
[2023-11-04T14:35:45.408+0000] {processor.py:157} INFO - Started process (PID=137) to work on /opt/airflow/dags/script.py
[2023-11-04T14:35:45.412+0000] {processor.py:829} INFO - Processing file /opt/airflow/dags/script.py for tasks to queue
[2023-11-04T14:35:45.416+0000] {logging_mixin.py:151} INFO - [2023-11-04T14:35:45.415+0000] {dagbag.py:536} INFO - Filling up the DagBag from /opt/airflow/dags/script.py
[2023-11-04T14:35:45.801+0000] {processor.py:839} INFO - DAG(s) dict_keys(['traffic_data']) retrieved from /opt/airflow/dags/script.py
[2023-11-04T14:35:45.875+0000] {logging_mixin.py:151} INFO - [2023-11-04T14:35:45.874+0000] {dag.py:2941} INFO - Sync 1 DAGs
[2023-11-04T14:35:45.993+0000] {processor.py:179} INFO - Processing /opt/airflow/dags/script.py took 0.592 seconds
[2023-11-04T14:48:43.378+0000] {processor.py:157} INFO - Started process (PID=63) to work on /opt/airflow/dags/script.py
[2023-11-04T14:48:43.403+0000] {processor.py:829} INFO - Processing file /opt/airflow/dags/script.py for tasks to queue
[2023-11-04T14:48:43.598+0000] {logging_mixin.py:151} INFO - [2023-11-04T14:48:43.580+0000] {dagbag.py:536} INFO - Filling up the DagBag from /opt/airflow/dags/script.py
[2023-11-04T14:48:53.777+0000] {processor.py:839} INFO - DAG(s) dict_keys(['traffic_data']) retrieved from /opt/airflow/dags/script.py
[2023-11-04T14:49:07.834+0000] {logging_mixin.py:151} INFO - [2023-11-04T14:49:07.832+0000] {dag.py:2941} INFO - Sync 1 DAGs
[2023-11-04T14:49:08.779+0000] {logging_mixin.py:151} INFO - [2023-11-04T14:49:08.741+0000] {dagbag.py:644} ERROR - Failed to write serialized DAG: /opt/airflow/dags/script.py
Traceback (most recent call last):
  File "/home/airflow/.local/lib/python3.8/site-packages/airflow/models/dagbag.py", line 633, in _serialize_dag_capturing_errors
    dag_was_updated = SerializedDagModel.write_dag(
  File "/home/airflow/.local/lib/python3.8/site-packages/airflow/utils/session.py", line 74, in wrapper
    return func(*args, **kwargs)
  File "/home/airflow/.local/lib/python3.8/site-packages/airflow/models/serialized_dag.py", line 147, in write_dag
    if session.scalar(
  File "/home/airflow/.local/lib/python3.8/site-packages/sqlalchemy/orm/session.py", line 1747, in scalar
    return self.execute(
  File "/home/airflow/.local/lib/python3.8/site-packages/sqlalchemy/orm/session.py", line 1716, in execute
    conn = self._connection_for_bind(bind)
  File "/home/airflow/.local/lib/python3.8/site-packages/sqlalchemy/orm/session.py", line 1555, in _connection_for_bind
    return self._transaction._connection_for_bind(
  File "/home/airflow/.local/lib/python3.8/site-packages/sqlalchemy/orm/session.py", line 724, in _connection_for_bind
    self._assert_active()
  File "/home/airflow/.local/lib/python3.8/site-packages/sqlalchemy/orm/session.py", line 604, in _assert_active
    raise sa_exc.PendingRollbackError(
sqlalchemy.exc.PendingRollbackError: This Session's transaction has been rolled back due to a previous exception during flush. To begin a new transaction with this Session, first issue Session.rollback(). Original exception was: (psycopg2.errors.UniqueViolation) duplicate key value violates unique constraint "serialized_dag_pkey"
DETAIL:  Key (dag_id)=(traffic_data) already exists.

[SQL: INSERT INTO serialized_dag (dag_id, fileloc, fileloc_hash, data, data_compressed, last_updated, dag_hash, processor_subdir) VALUES (%(dag_id)s, %(fileloc)s, %(fileloc_hash)s, %(data)s, %(data_compressed)s, %(last_updated)s, %(dag_hash)s, %(processor_subdir)s)]
[parameters: {'dag_id': 'traffic_data', 'fileloc': '/opt/airflow/dags/script.py', 'fileloc_hash': 70704377147227127, 'data': '{"__version": 1, "dag": {"max_active_runs": 1, "schedule_interval": {"__var": 60.0, "__type": "timedelta"}, "default_args": {"__var": {"owner": "airf ... (2492 characters truncated) ... onOperator", "_task_module": "airflow.operators.python", "_is_empty": false, "op_args": [], "op_kwargs": {}}], "dag_dependencies": [], "params": {}}}', 'data_compressed': None, 'last_updated': datetime.datetime(2023, 11, 4, 14, 48, 54, 518134, tzinfo=Timezone('UTC')), 'dag_hash': '17ad111d9ad7086add2d1564c8620c4f', 'processor_subdir': None}]
(Background on this error at: https://sqlalche.me/e/14/gkpj) (Background on this error at: https://sqlalche.me/e/14/7s2a)
[2023-11-04T14:49:08.782+0000] {logging_mixin.py:151} INFO - [2023-11-04T14:49:08.782+0000] {dag.py:2941} INFO - Sync 1 DAGs
[2023-11-04T14:49:08.787+0000] {processor.py:182} ERROR - Got an exception! Propagating...
Traceback (most recent call last):
  File "/home/airflow/.local/lib/python3.8/site-packages/airflow/dag_processing/processor.py", line 178, in _run_file_processor
    _handle_dag_file_processing()
  File "/home/airflow/.local/lib/python3.8/site-packages/airflow/dag_processing/processor.py", line 159, in _handle_dag_file_processing
    result: tuple[int, int] = dag_file_processor.process_file(
  File "/home/airflow/.local/lib/python3.8/site-packages/airflow/utils/session.py", line 77, in wrapper
    return func(*args, session=session, **kwargs)
  File "/home/airflow/.local/lib/python3.8/site-packages/airflow/dag_processing/processor.py", line 857, in process_file
    serialize_errors = DagFileProcessor.save_dag_to_db(
  File "/home/airflow/.local/lib/python3.8/site-packages/airflow/api_internal/internal_api_call.py", line 114, in wrapper
    return func(*args, **kwargs)
  File "/home/airflow/.local/lib/python3.8/site-packages/airflow/utils/session.py", line 77, in wrapper
    return func(*args, session=session, **kwargs)
  File "/home/airflow/.local/lib/python3.8/site-packages/airflow/dag_processing/processor.py", line 893, in save_dag_to_db
    import_errors = DagBag._sync_to_db(dags=dags, processor_subdir=dag_directory, session=session)
  File "/home/airflow/.local/lib/python3.8/site-packages/airflow/utils/session.py", line 74, in wrapper
    return func(*args, **kwargs)
  File "/home/airflow/.local/lib/python3.8/site-packages/airflow/models/dagbag.py", line 654, in _sync_to_db
    for attempt in run_with_db_retries(logger=log):
  File "/home/airflow/.local/lib/python3.8/site-packages/tenacity/__init__.py", line 347, in __iter__
    do = self.iter(retry_state=retry_state)
  File "/home/airflow/.local/lib/python3.8/site-packages/tenacity/__init__.py", line 314, in iter
    return fut.result()
  File "/usr/local/lib/python3.8/concurrent/futures/_base.py", line 437, in result
    return self.__get_result()
  File "/usr/local/lib/python3.8/concurrent/futures/_base.py", line 389, in __get_result
    raise self._exception
  File "/home/airflow/.local/lib/python3.8/site-packages/airflow/models/dagbag.py", line 668, in _sync_to_db
    DAG.bulk_write_to_db(dags.values(), processor_subdir=processor_subdir, session=session)
  File "/home/airflow/.local/lib/python3.8/site-packages/airflow/utils/session.py", line 74, in wrapper
    return func(*args, **kwargs)
  File "/home/airflow/.local/lib/python3.8/site-packages/airflow/models/dag.py", line 2953, in bulk_write_to_db
    orm_dags: list[DagModel] = session.scalars(query).unique().all()
  File "/home/airflow/.local/lib/python3.8/site-packages/sqlalchemy/orm/session.py", line 1778, in scalars
    return self.execute(
  File "/home/airflow/.local/lib/python3.8/site-packages/sqlalchemy/orm/session.py", line 1716, in execute
    conn = self._connection_for_bind(bind)
  File "/home/airflow/.local/lib/python3.8/site-packages/sqlalchemy/orm/session.py", line 1555, in _connection_for_bind
    return self._transaction._connection_for_bind(
  File "/home/airflow/.local/lib/python3.8/site-packages/sqlalchemy/orm/session.py", line 724, in _connection_for_bind
    self._assert_active()
  File "/home/airflow/.local/lib/python3.8/site-packages/sqlalchemy/orm/session.py", line 604, in _assert_active
    raise sa_exc.PendingRollbackError(
sqlalchemy.exc.PendingRollbackError: This Session's transaction has been rolled back due to a previous exception during flush. To begin a new transaction with this Session, first issue Session.rollback(). Original exception was: (psycopg2.errors.UniqueViolation) duplicate key value violates unique constraint "serialized_dag_pkey"
DETAIL:  Key (dag_id)=(traffic_data) already exists.

[SQL: INSERT INTO serialized_dag (dag_id, fileloc, fileloc_hash, data, data_compressed, last_updated, dag_hash, processor_subdir) VALUES (%(dag_id)s, %(fileloc)s, %(fileloc_hash)s, %(data)s, %(data_compressed)s, %(last_updated)s, %(dag_hash)s, %(processor_subdir)s)]
[parameters: {'dag_id': 'traffic_data', 'fileloc': '/opt/airflow/dags/script.py', 'fileloc_hash': 70704377147227127, 'data': '{"__version": 1, "dag": {"max_active_runs": 1, "schedule_interval": {"__var": 60.0, "__type": "timedelta"}, "default_args": {"__var": {"owner": "airf ... (2492 characters truncated) ... onOperator", "_task_module": "airflow.operators.python", "_is_empty": false, "op_args": [], "op_kwargs": {}}], "dag_dependencies": [], "params": {}}}', 'data_compressed': None, 'last_updated': datetime.datetime(2023, 11, 4, 14, 48, 54, 518134, tzinfo=Timezone('UTC')), 'dag_hash': '17ad111d9ad7086add2d1564c8620c4f', 'processor_subdir': None}]
(Background on this error at: https://sqlalche.me/e/14/gkpj) (Background on this error at: https://sqlalche.me/e/14/7s2a)
[2023-11-04T14:49:41.390+0000] {processor.py:157} INFO - Started process (PID=73) to work on /opt/airflow/dags/script.py
[2023-11-04T14:49:42.092+0000] {processor.py:829} INFO - Processing file /opt/airflow/dags/script.py for tasks to queue
[2023-11-04T14:49:43.150+0000] {logging_mixin.py:151} INFO - [2023-11-04T14:49:42.529+0000] {dagbag.py:536} INFO - Filling up the DagBag from /opt/airflow/dags/script.py
[2023-11-04T14:49:59.664+0000] {processor.py:839} INFO - DAG(s) dict_keys(['traffic_data']) retrieved from /opt/airflow/dags/script.py
[2023-11-04T14:51:01.120+0000] {processor.py:157} INFO - Started process (PID=98) to work on /opt/airflow/dags/script.py
[2023-11-04T14:51:01.186+0000] {processor.py:829} INFO - Processing file /opt/airflow/dags/script.py for tasks to queue
[2023-11-04T14:51:01.275+0000] {logging_mixin.py:151} INFO - [2023-11-04T14:51:01.226+0000] {dagbag.py:536} INFO - Filling up the DagBag from /opt/airflow/dags/script.py
[2023-11-04T14:51:09.871+0000] {processor.py:839} INFO - DAG(s) dict_keys(['traffic_data']) retrieved from /opt/airflow/dags/script.py
[2023-11-04T14:51:25.947+0000] {logging_mixin.py:151} INFO - [2023-11-04T14:51:25.944+0000] {dag.py:2941} INFO - Sync 1 DAGs
[2023-11-04T14:51:26.093+0000] {processor.py:179} INFO - Processing /opt/airflow/dags/script.py took 25.176 seconds
[2023-11-04T14:51:56.940+0000] {processor.py:157} INFO - Started process (PID=105) to work on /opt/airflow/dags/script.py
[2023-11-04T14:51:56.946+0000] {processor.py:829} INFO - Processing file /opt/airflow/dags/script.py for tasks to queue
[2023-11-04T14:51:56.963+0000] {logging_mixin.py:151} INFO - [2023-11-04T14:51:56.955+0000] {dagbag.py:536} INFO - Filling up the DagBag from /opt/airflow/dags/script.py
[2023-11-04T14:51:58.462+0000] {processor.py:839} INFO - DAG(s) dict_keys(['traffic_data']) retrieved from /opt/airflow/dags/script.py
[2023-11-04T14:51:58.906+0000] {logging_mixin.py:151} INFO - [2023-11-04T14:51:58.893+0000] {dag.py:2941} INFO - Sync 1 DAGs
[2023-11-04T14:51:59.311+0000] {processor.py:179} INFO - Processing /opt/airflow/dags/script.py took 2.461 seconds
[2023-11-04T14:52:29.922+0000] {processor.py:157} INFO - Started process (PID=122) to work on /opt/airflow/dags/script.py
[2023-11-04T14:52:29.949+0000] {processor.py:829} INFO - Processing file /opt/airflow/dags/script.py for tasks to queue
[2023-11-04T14:52:29.972+0000] {logging_mixin.py:151} INFO - [2023-11-04T14:52:29.957+0000] {dagbag.py:536} INFO - Filling up the DagBag from /opt/airflow/dags/script.py
[2023-11-04T14:52:31.434+0000] {processor.py:839} INFO - DAG(s) dict_keys(['traffic_data']) retrieved from /opt/airflow/dags/script.py
[2023-11-04T14:52:43.267+0000] {logging_mixin.py:151} INFO - [2023-11-04T14:52:43.266+0000] {dag.py:2941} INFO - Sync 1 DAGs
[2023-11-04T14:52:43.319+0000] {logging_mixin.py:151} INFO - [2023-11-04T14:52:43.319+0000] {dag.py:3722} INFO - Setting next_dagrun for traffic_data to 2023-11-04T14:51:43.318650+00:00, run_after=2023-11-04T14:52:43.318650+00:00
[2023-11-04T14:52:43.369+0000] {processor.py:179} INFO - Processing /opt/airflow/dags/script.py took 13.265 seconds
[2023-11-04T14:53:13.589+0000] {processor.py:157} INFO - Started process (PID=132) to work on /opt/airflow/dags/script.py
[2023-11-04T14:53:13.593+0000] {processor.py:829} INFO - Processing file /opt/airflow/dags/script.py for tasks to queue
[2023-11-04T14:53:13.607+0000] {logging_mixin.py:151} INFO - [2023-11-04T14:53:13.600+0000] {dagbag.py:536} INFO - Filling up the DagBag from /opt/airflow/dags/script.py
[2023-11-04T14:53:14.434+0000] {processor.py:839} INFO - DAG(s) dict_keys(['traffic_data']) retrieved from /opt/airflow/dags/script.py
[2023-11-04T14:53:14.673+0000] {logging_mixin.py:151} INFO - [2023-11-04T14:53:14.672+0000] {dag.py:2941} INFO - Sync 1 DAGs
[2023-11-04T14:53:19.283+0000] {processor.py:179} INFO - Processing /opt/airflow/dags/script.py took 5.703 seconds
[2023-11-04T14:53:50.352+0000] {processor.py:157} INFO - Started process (PID=140) to work on /opt/airflow/dags/script.py
[2023-11-04T14:53:50.359+0000] {processor.py:829} INFO - Processing file /opt/airflow/dags/script.py for tasks to queue
[2023-11-04T14:53:50.370+0000] {logging_mixin.py:151} INFO - [2023-11-04T14:53:50.365+0000] {dagbag.py:536} INFO - Filling up the DagBag from /opt/airflow/dags/script.py
[2023-11-04T14:53:50.989+0000] {processor.py:839} INFO - DAG(s) dict_keys(['traffic_data']) retrieved from /opt/airflow/dags/script.py
[2023-11-04T14:53:53.888+0000] {logging_mixin.py:151} INFO - [2023-11-04T14:53:53.887+0000] {dag.py:2941} INFO - Sync 1 DAGs
[2023-11-04T14:53:53.979+0000] {processor.py:179} INFO - Processing /opt/airflow/dags/script.py took 3.702 seconds
[2023-11-04T14:54:24.527+0000] {processor.py:157} INFO - Started process (PID=150) to work on /opt/airflow/dags/script.py
[2023-11-04T14:54:24.532+0000] {processor.py:829} INFO - Processing file /opt/airflow/dags/script.py for tasks to queue
[2023-11-04T14:54:24.535+0000] {logging_mixin.py:151} INFO - [2023-11-04T14:54:24.533+0000] {dagbag.py:536} INFO - Filling up the DagBag from /opt/airflow/dags/script.py
[2023-11-04T14:54:24.852+0000] {processor.py:839} INFO - DAG(s) dict_keys(['traffic_data']) retrieved from /opt/airflow/dags/script.py
[2023-11-04T14:54:24.935+0000] {logging_mixin.py:151} INFO - [2023-11-04T14:54:24.935+0000] {dag.py:2941} INFO - Sync 1 DAGs
[2023-11-04T14:54:25.097+0000] {processor.py:179} INFO - Processing /opt/airflow/dags/script.py took 0.593 seconds
[2023-11-04T14:54:56.465+0000] {processor.py:157} INFO - Started process (PID=158) to work on /opt/airflow/dags/script.py
[2023-11-04T14:54:56.490+0000] {processor.py:829} INFO - Processing file /opt/airflow/dags/script.py for tasks to queue
[2023-11-04T14:54:56.527+0000] {logging_mixin.py:151} INFO - [2023-11-04T14:54:56.511+0000] {dagbag.py:536} INFO - Filling up the DagBag from /opt/airflow/dags/script.py
[2023-11-04T14:54:58.234+0000] {processor.py:839} INFO - DAG(s) dict_keys(['traffic_data']) retrieved from /opt/airflow/dags/script.py
[2023-11-04T14:55:08.314+0000] {logging_mixin.py:151} INFO - [2023-11-04T14:55:08.309+0000] {dag.py:2941} INFO - Sync 1 DAGs
[2023-11-04T14:55:08.430+0000] {processor.py:179} INFO - Processing /opt/airflow/dags/script.py took 12.126 seconds
[2023-11-04T14:55:38.637+0000] {processor.py:157} INFO - Started process (PID=175) to work on /opt/airflow/dags/script.py
[2023-11-04T14:55:38.641+0000] {processor.py:829} INFO - Processing file /opt/airflow/dags/script.py for tasks to queue
[2023-11-04T14:55:38.647+0000] {logging_mixin.py:151} INFO - [2023-11-04T14:55:38.644+0000] {dagbag.py:536} INFO - Filling up the DagBag from /opt/airflow/dags/script.py
[2023-11-04T14:55:39.223+0000] {processor.py:839} INFO - DAG(s) dict_keys(['traffic_data']) retrieved from /opt/airflow/dags/script.py
[2023-11-04T14:55:39.373+0000] {logging_mixin.py:151} INFO - [2023-11-04T14:55:39.372+0000] {dag.py:2941} INFO - Sync 1 DAGs
[2023-11-04T14:55:40.440+0000] {processor.py:179} INFO - Processing /opt/airflow/dags/script.py took 1.830 seconds
[2023-11-04T14:56:11.059+0000] {processor.py:157} INFO - Started process (PID=184) to work on /opt/airflow/dags/script.py
[2023-11-04T14:56:11.064+0000] {processor.py:829} INFO - Processing file /opt/airflow/dags/script.py for tasks to queue
[2023-11-04T14:56:11.068+0000] {logging_mixin.py:151} INFO - [2023-11-04T14:56:11.065+0000] {dagbag.py:536} INFO - Filling up the DagBag from /opt/airflow/dags/script.py
[2023-11-04T14:56:11.485+0000] {processor.py:839} INFO - DAG(s) dict_keys(['traffic_data']) retrieved from /opt/airflow/dags/script.py
[2023-11-04T14:56:12.425+0000] {logging_mixin.py:151} INFO - [2023-11-04T14:56:12.424+0000] {dag.py:2941} INFO - Sync 1 DAGs
[2023-11-04T14:56:12.508+0000] {processor.py:179} INFO - Processing /opt/airflow/dags/script.py took 1.465 seconds
[2023-11-04T14:56:42.820+0000] {processor.py:157} INFO - Started process (PID=194) to work on /opt/airflow/dags/script.py
[2023-11-04T14:56:42.822+0000] {processor.py:829} INFO - Processing file /opt/airflow/dags/script.py for tasks to queue
[2023-11-04T14:56:42.824+0000] {logging_mixin.py:151} INFO - [2023-11-04T14:56:42.824+0000] {dagbag.py:536} INFO - Filling up the DagBag from /opt/airflow/dags/script.py
[2023-11-04T14:56:43.119+0000] {processor.py:839} INFO - DAG(s) dict_keys(['traffic_data']) retrieved from /opt/airflow/dags/script.py
[2023-11-04T14:56:43.177+0000] {logging_mixin.py:151} INFO - [2023-11-04T14:56:43.177+0000] {dag.py:2941} INFO - Sync 1 DAGs
[2023-11-04T14:56:43.270+0000] {processor.py:179} INFO - Processing /opt/airflow/dags/script.py took 0.457 seconds
[2023-11-04T14:57:14.387+0000] {processor.py:157} INFO - Started process (PID=201) to work on /opt/airflow/dags/script.py
[2023-11-04T14:57:14.397+0000] {processor.py:829} INFO - Processing file /opt/airflow/dags/script.py for tasks to queue
[2023-11-04T14:57:14.405+0000] {logging_mixin.py:151} INFO - [2023-11-04T14:57:14.400+0000] {dagbag.py:536} INFO - Filling up the DagBag from /opt/airflow/dags/script.py
[2023-11-04T14:57:15.250+0000] {processor.py:839} INFO - DAG(s) dict_keys(['traffic_data']) retrieved from /opt/airflow/dags/script.py
[2023-11-04T14:57:17.569+0000] {logging_mixin.py:151} INFO - [2023-11-04T14:57:17.558+0000] {dag.py:2941} INFO - Sync 1 DAGs
[2023-11-04T14:57:17.828+0000] {processor.py:179} INFO - Processing /opt/airflow/dags/script.py took 3.471 seconds
[2023-11-04T14:57:47.923+0000] {processor.py:157} INFO - Started process (PID=211) to work on /opt/airflow/dags/script.py
[2023-11-04T14:57:47.927+0000] {processor.py:829} INFO - Processing file /opt/airflow/dags/script.py for tasks to queue
[2023-11-04T14:57:47.929+0000] {logging_mixin.py:151} INFO - [2023-11-04T14:57:47.928+0000] {dagbag.py:536} INFO - Filling up the DagBag from /opt/airflow/dags/script.py
[2023-11-04T14:57:48.529+0000] {processor.py:839} INFO - DAG(s) dict_keys(['traffic_data']) retrieved from /opt/airflow/dags/script.py
[2023-11-04T14:57:48.707+0000] {logging_mixin.py:151} INFO - [2023-11-04T14:57:48.707+0000] {dag.py:2941} INFO - Sync 1 DAGs
[2023-11-04T14:57:50.166+0000] {processor.py:179} INFO - Processing /opt/airflow/dags/script.py took 2.250 seconds
[2023-11-04T14:58:21.226+0000] {processor.py:157} INFO - Started process (PID=212) to work on /opt/airflow/dags/script.py
[2023-11-04T14:58:21.238+0000] {processor.py:829} INFO - Processing file /opt/airflow/dags/script.py for tasks to queue
[2023-11-04T14:58:21.257+0000] {logging_mixin.py:151} INFO - [2023-11-04T14:58:21.242+0000] {dagbag.py:536} INFO - Filling up the DagBag from /opt/airflow/dags/script.py
[2023-11-04T14:58:22.416+0000] {processor.py:839} INFO - DAG(s) dict_keys(['traffic_data']) retrieved from /opt/airflow/dags/script.py
[2023-11-04T14:59:42.478+0000] {processor.py:157} INFO - Started process (PID=229) to work on /opt/airflow/dags/script.py
[2023-11-04T14:59:42.493+0000] {processor.py:829} INFO - Processing file /opt/airflow/dags/script.py for tasks to queue
[2023-11-04T14:59:42.504+0000] {logging_mixin.py:151} INFO - [2023-11-04T14:59:42.499+0000] {dagbag.py:536} INFO - Filling up the DagBag from /opt/airflow/dags/script.py
[2023-11-04T14:59:43.758+0000] {processor.py:839} INFO - DAG(s) dict_keys(['traffic_data']) retrieved from /opt/airflow/dags/script.py
[2023-11-04T14:59:44.177+0000] {logging_mixin.py:151} INFO - [2023-11-04T14:59:44.177+0000] {dag.py:2941} INFO - Sync 1 DAGs
[2023-11-04T14:59:44.758+0000] {processor.py:179} INFO - Processing /opt/airflow/dags/script.py took 2.402 seconds
[2023-11-04T15:00:15.065+0000] {processor.py:157} INFO - Started process (PID=238) to work on /opt/airflow/dags/script.py
[2023-11-04T15:00:15.102+0000] {processor.py:829} INFO - Processing file /opt/airflow/dags/script.py for tasks to queue
[2023-11-04T15:00:15.149+0000] {logging_mixin.py:151} INFO - [2023-11-04T15:00:15.105+0000] {dagbag.py:536} INFO - Filling up the DagBag from /opt/airflow/dags/script.py
[2023-11-04T15:00:17.396+0000] {processor.py:839} INFO - DAG(s) dict_keys(['traffic_data']) retrieved from /opt/airflow/dags/script.py
[2023-11-04T15:00:20.956+0000] {logging_mixin.py:151} INFO - [2023-11-04T15:00:20.944+0000] {dag.py:2941} INFO - Sync 1 DAGs
[2023-11-04T15:00:21.265+0000] {processor.py:179} INFO - Processing /opt/airflow/dags/script.py took 6.235 seconds
[2023-11-04T15:00:51.784+0000] {processor.py:157} INFO - Started process (PID=246) to work on /opt/airflow/dags/script.py
[2023-11-04T15:00:51.811+0000] {processor.py:829} INFO - Processing file /opt/airflow/dags/script.py for tasks to queue
[2023-11-04T15:00:51.815+0000] {logging_mixin.py:151} INFO - [2023-11-04T15:00:51.814+0000] {dagbag.py:536} INFO - Filling up the DagBag from /opt/airflow/dags/script.py
[2023-11-04T15:00:54.891+0000] {processor.py:839} INFO - DAG(s) dict_keys(['traffic_data']) retrieved from /opt/airflow/dags/script.py
[2023-11-04T15:00:55.816+0000] {logging_mixin.py:151} INFO - [2023-11-04T15:00:55.815+0000] {dag.py:2941} INFO - Sync 1 DAGs
[2023-11-04T15:01:12.264+0000] {processor.py:179} INFO - Processing /opt/airflow/dags/script.py took 20.510 seconds
[2023-11-04T15:01:45.982+0000] {processor.py:157} INFO - Started process (PID=254) to work on /opt/airflow/dags/script.py
[2023-11-04T15:01:45.993+0000] {processor.py:829} INFO - Processing file /opt/airflow/dags/script.py for tasks to queue
[2023-11-04T15:01:45.891+0000] {logging_mixin.py:151} INFO - [2023-11-04T15:01:46.000+0000] {dagbag.py:536} INFO - Filling up the DagBag from /opt/airflow/dags/script.py
[2023-11-04T15:01:46.895+0000] {processor.py:839} INFO - DAG(s) dict_keys(['traffic_data']) retrieved from /opt/airflow/dags/script.py
[2023-11-04T15:02:10.774+0000] {logging_mixin.py:151} INFO - [2023-11-04T15:02:10.772+0000] {dag.py:2941} INFO - Sync 1 DAGs
[2023-11-04T15:02:11.039+0000] {processor.py:179} INFO - Processing /opt/airflow/dags/script.py took 27.583 seconds
[2023-11-04T15:02:41.587+0000] {processor.py:157} INFO - Started process (PID=271) to work on /opt/airflow/dags/script.py
[2023-11-04T15:02:42.092+0000] {processor.py:829} INFO - Processing file /opt/airflow/dags/script.py for tasks to queue
[2023-11-04T15:02:42.138+0000] {logging_mixin.py:151} INFO - [2023-11-04T15:02:42.111+0000] {dagbag.py:536} INFO - Filling up the DagBag from /opt/airflow/dags/script.py
[2023-11-04T15:02:43.285+0000] {processor.py:839} INFO - DAG(s) dict_keys(['traffic_data']) retrieved from /opt/airflow/dags/script.py
[2023-11-04T15:02:43.598+0000] {logging_mixin.py:151} INFO - [2023-11-04T15:02:43.598+0000] {dag.py:2941} INFO - Sync 1 DAGs
[2023-11-04T15:02:43.857+0000] {processor.py:179} INFO - Processing /opt/airflow/dags/script.py took 2.334 seconds
[2023-11-04T15:03:14.014+0000] {processor.py:157} INFO - Started process (PID=279) to work on /opt/airflow/dags/script.py
[2023-11-04T15:03:14.016+0000] {processor.py:829} INFO - Processing file /opt/airflow/dags/script.py for tasks to queue
[2023-11-04T15:03:14.018+0000] {logging_mixin.py:151} INFO - [2023-11-04T15:03:14.017+0000] {dagbag.py:536} INFO - Filling up the DagBag from /opt/airflow/dags/script.py
[2023-11-04T15:03:14.267+0000] {processor.py:839} INFO - DAG(s) dict_keys(['traffic_data']) retrieved from /opt/airflow/dags/script.py
[2023-11-04T15:03:14.727+0000] {logging_mixin.py:151} INFO - [2023-11-04T15:03:14.727+0000] {dag.py:2941} INFO - Sync 1 DAGs
[2023-11-04T15:03:14.791+0000] {processor.py:179} INFO - Processing /opt/airflow/dags/script.py took 0.788 seconds
[2023-11-04T15:03:45.077+0000] {processor.py:157} INFO - Started process (PID=288) to work on /opt/airflow/dags/script.py
[2023-11-04T15:03:45.078+0000] {processor.py:829} INFO - Processing file /opt/airflow/dags/script.py for tasks to queue
[2023-11-04T15:03:45.079+0000] {logging_mixin.py:151} INFO - [2023-11-04T15:03:45.078+0000] {dagbag.py:536} INFO - Filling up the DagBag from /opt/airflow/dags/script.py
[2023-11-04T15:03:45.233+0000] {processor.py:839} INFO - DAG(s) dict_keys(['traffic_data']) retrieved from /opt/airflow/dags/script.py
[2023-11-04T15:03:45.270+0000] {logging_mixin.py:151} INFO - [2023-11-04T15:03:45.270+0000] {dag.py:2941} INFO - Sync 1 DAGs
[2023-11-04T15:03:45.656+0000] {processor.py:179} INFO - Processing /opt/airflow/dags/script.py took 0.583 seconds
[2023-11-04T15:04:15.888+0000] {processor.py:157} INFO - Started process (PID=297) to work on /opt/airflow/dags/script.py
[2023-11-04T15:04:15.889+0000] {processor.py:829} INFO - Processing file /opt/airflow/dags/script.py for tasks to queue
[2023-11-04T15:04:15.890+0000] {logging_mixin.py:151} INFO - [2023-11-04T15:04:15.890+0000] {dagbag.py:536} INFO - Filling up the DagBag from /opt/airflow/dags/script.py
[2023-11-04T15:04:16.017+0000] {processor.py:839} INFO - DAG(s) dict_keys(['traffic_data']) retrieved from /opt/airflow/dags/script.py
[2023-11-04T15:04:16.036+0000] {logging_mixin.py:151} INFO - [2023-11-04T15:04:16.036+0000] {dag.py:2941} INFO - Sync 1 DAGs
[2023-11-04T15:04:16.289+0000] {processor.py:179} INFO - Processing /opt/airflow/dags/script.py took 0.410 seconds
[2023-11-04T15:04:46.498+0000] {processor.py:157} INFO - Started process (PID=306) to work on /opt/airflow/dags/script.py
[2023-11-04T15:04:46.499+0000] {processor.py:829} INFO - Processing file /opt/airflow/dags/script.py for tasks to queue
[2023-11-04T15:04:46.500+0000] {logging_mixin.py:151} INFO - [2023-11-04T15:04:46.500+0000] {dagbag.py:536} INFO - Filling up the DagBag from /opt/airflow/dags/script.py
[2023-11-04T15:04:46.676+0000] {processor.py:839} INFO - DAG(s) dict_keys(['traffic_data']) retrieved from /opt/airflow/dags/script.py
[2023-11-04T15:04:47.021+0000] {logging_mixin.py:151} INFO - [2023-11-04T15:04:47.020+0000] {dag.py:2941} INFO - Sync 1 DAGs
[2023-11-04T15:04:47.084+0000] {processor.py:179} INFO - Processing /opt/airflow/dags/script.py took 0.591 seconds
[2023-11-04T15:05:17.312+0000] {processor.py:157} INFO - Started process (PID=315) to work on /opt/airflow/dags/script.py
[2023-11-04T15:05:17.319+0000] {processor.py:829} INFO - Processing file /opt/airflow/dags/script.py for tasks to queue
[2023-11-04T15:05:17.321+0000] {logging_mixin.py:151} INFO - [2023-11-04T15:05:17.321+0000] {dagbag.py:536} INFO - Filling up the DagBag from /opt/airflow/dags/script.py
[2023-11-04T15:05:17.543+0000] {processor.py:839} INFO - DAG(s) dict_keys(['traffic_data']) retrieved from /opt/airflow/dags/script.py
[2023-11-04T15:05:17.578+0000] {logging_mixin.py:151} INFO - [2023-11-04T15:05:17.577+0000] {dag.py:2941} INFO - Sync 1 DAGs
[2023-11-04T15:05:17.640+0000] {processor.py:179} INFO - Processing /opt/airflow/dags/script.py took 0.343 seconds
[2023-11-04T15:05:47.823+0000] {processor.py:157} INFO - Started process (PID=324) to work on /opt/airflow/dags/script.py
[2023-11-04T15:05:47.824+0000] {processor.py:829} INFO - Processing file /opt/airflow/dags/script.py for tasks to queue
[2023-11-04T15:05:47.825+0000] {logging_mixin.py:151} INFO - [2023-11-04T15:05:47.825+0000] {dagbag.py:536} INFO - Filling up the DagBag from /opt/airflow/dags/script.py
[2023-11-04T15:05:47.965+0000] {processor.py:839} INFO - DAG(s) dict_keys(['traffic_data']) retrieved from /opt/airflow/dags/script.py
[2023-11-04T15:05:47.987+0000] {logging_mixin.py:151} INFO - [2023-11-04T15:05:47.986+0000] {dag.py:2941} INFO - Sync 1 DAGs
[2023-11-04T15:05:48.056+0000] {processor.py:179} INFO - Processing /opt/airflow/dags/script.py took 0.238 seconds
[2023-11-04T15:06:18.264+0000] {processor.py:157} INFO - Started process (PID=333) to work on /opt/airflow/dags/script.py
[2023-11-04T15:06:18.272+0000] {processor.py:829} INFO - Processing file /opt/airflow/dags/script.py for tasks to queue
[2023-11-04T15:06:18.274+0000] {logging_mixin.py:151} INFO - [2023-11-04T15:06:18.273+0000] {dagbag.py:536} INFO - Filling up the DagBag from /opt/airflow/dags/script.py
[2023-11-04T15:06:18.402+0000] {processor.py:839} INFO - DAG(s) dict_keys(['traffic_data']) retrieved from /opt/airflow/dags/script.py
[2023-11-04T15:06:18.706+0000] {logging_mixin.py:151} INFO - [2023-11-04T15:06:18.706+0000] {dag.py:2941} INFO - Sync 1 DAGs
[2023-11-04T15:06:18.776+0000] {processor.py:179} INFO - Processing /opt/airflow/dags/script.py took 0.516 seconds
[2023-11-04T15:06:49.453+0000] {processor.py:157} INFO - Started process (PID=342) to work on /opt/airflow/dags/script.py
[2023-11-04T15:06:49.455+0000] {processor.py:829} INFO - Processing file /opt/airflow/dags/script.py for tasks to queue
[2023-11-04T15:06:49.457+0000] {logging_mixin.py:151} INFO - [2023-11-04T15:06:49.456+0000] {dagbag.py:536} INFO - Filling up the DagBag from /opt/airflow/dags/script.py
[2023-11-04T15:06:49.617+0000] {processor.py:839} INFO - DAG(s) dict_keys(['traffic_data']) retrieved from /opt/airflow/dags/script.py
[2023-11-04T15:06:49.653+0000] {logging_mixin.py:151} INFO - [2023-11-04T15:06:49.652+0000] {dag.py:2941} INFO - Sync 1 DAGs
[2023-11-04T15:06:49.905+0000] {processor.py:179} INFO - Processing /opt/airflow/dags/script.py took 0.457 seconds
[2023-11-04T15:07:20.121+0000] {processor.py:157} INFO - Started process (PID=351) to work on /opt/airflow/dags/script.py
[2023-11-04T15:07:20.122+0000] {processor.py:829} INFO - Processing file /opt/airflow/dags/script.py for tasks to queue
[2023-11-04T15:07:20.124+0000] {logging_mixin.py:151} INFO - [2023-11-04T15:07:20.123+0000] {dagbag.py:536} INFO - Filling up the DagBag from /opt/airflow/dags/script.py
[2023-11-04T15:07:20.293+0000] {processor.py:839} INFO - DAG(s) dict_keys(['traffic_data']) retrieved from /opt/airflow/dags/script.py
[2023-11-04T15:07:20.320+0000] {logging_mixin.py:151} INFO - [2023-11-04T15:07:20.320+0000] {dag.py:2941} INFO - Sync 1 DAGs
[2023-11-04T15:07:20.980+0000] {processor.py:179} INFO - Processing /opt/airflow/dags/script.py took 0.864 seconds
[2023-11-04T15:07:51.196+0000] {processor.py:157} INFO - Started process (PID=360) to work on /opt/airflow/dags/script.py
[2023-11-04T15:07:51.197+0000] {processor.py:829} INFO - Processing file /opt/airflow/dags/script.py for tasks to queue
[2023-11-04T15:07:51.198+0000] {logging_mixin.py:151} INFO - [2023-11-04T15:07:51.198+0000] {dagbag.py:536} INFO - Filling up the DagBag from /opt/airflow/dags/script.py
[2023-11-04T15:07:51.925+0000] {processor.py:839} INFO - DAG(s) dict_keys(['traffic_data']) retrieved from /opt/airflow/dags/script.py
[2023-11-04T15:07:52.166+0000] {logging_mixin.py:151} INFO - [2023-11-04T15:07:52.165+0000] {dag.py:2941} INFO - Sync 1 DAGs
[2023-11-04T15:07:52.234+0000] {processor.py:179} INFO - Processing /opt/airflow/dags/script.py took 1.044 seconds
[2023-11-04T15:08:22.449+0000] {processor.py:157} INFO - Started process (PID=377) to work on /opt/airflow/dags/script.py
[2023-11-04T15:08:22.450+0000] {processor.py:829} INFO - Processing file /opt/airflow/dags/script.py for tasks to queue
[2023-11-04T15:08:22.452+0000] {logging_mixin.py:151} INFO - [2023-11-04T15:08:22.451+0000] {dagbag.py:536} INFO - Filling up the DagBag from /opt/airflow/dags/script.py
[2023-11-04T15:08:22.703+0000] {processor.py:839} INFO - DAG(s) dict_keys(['traffic_data']) retrieved from /opt/airflow/dags/script.py
[2023-11-04T15:08:22.755+0000] {logging_mixin.py:151} INFO - [2023-11-04T15:08:22.755+0000] {dag.py:2941} INFO - Sync 1 DAGs
[2023-11-04T15:08:22.849+0000] {processor.py:179} INFO - Processing /opt/airflow/dags/script.py took 0.404 seconds
[2023-11-04T15:08:53.051+0000] {processor.py:157} INFO - Started process (PID=386) to work on /opt/airflow/dags/script.py
[2023-11-04T15:08:53.053+0000] {processor.py:829} INFO - Processing file /opt/airflow/dags/script.py for tasks to queue
[2023-11-04T15:08:53.055+0000] {logging_mixin.py:151} INFO - [2023-11-04T15:08:53.054+0000] {dagbag.py:536} INFO - Filling up the DagBag from /opt/airflow/dags/script.py
[2023-11-04T15:08:53.247+0000] {processor.py:839} INFO - DAG(s) dict_keys(['traffic_data']) retrieved from /opt/airflow/dags/script.py
[2023-11-04T15:08:53.273+0000] {logging_mixin.py:151} INFO - [2023-11-04T15:08:53.273+0000] {dag.py:2941} INFO - Sync 1 DAGs
[2023-11-04T15:08:53.351+0000] {processor.py:179} INFO - Processing /opt/airflow/dags/script.py took 0.305 seconds
[2023-11-04T15:09:23.580+0000] {processor.py:157} INFO - Started process (PID=395) to work on /opt/airflow/dags/script.py
[2023-11-04T15:09:23.581+0000] {processor.py:829} INFO - Processing file /opt/airflow/dags/script.py for tasks to queue
[2023-11-04T15:09:23.582+0000] {logging_mixin.py:151} INFO - [2023-11-04T15:09:23.581+0000] {dagbag.py:536} INFO - Filling up the DagBag from /opt/airflow/dags/script.py
[2023-11-04T15:09:23.812+0000] {processor.py:839} INFO - DAG(s) dict_keys(['traffic_data']) retrieved from /opt/airflow/dags/script.py
[2023-11-04T15:09:24.232+0000] {logging_mixin.py:151} INFO - [2023-11-04T15:09:24.232+0000] {dag.py:2941} INFO - Sync 1 DAGs
[2023-11-04T15:09:24.315+0000] {processor.py:179} INFO - Processing /opt/airflow/dags/script.py took 0.741 seconds
[2023-11-04T15:09:54.466+0000] {processor.py:157} INFO - Started process (PID=404) to work on /opt/airflow/dags/script.py
[2023-11-04T15:09:54.467+0000] {processor.py:829} INFO - Processing file /opt/airflow/dags/script.py for tasks to queue
[2023-11-04T15:09:54.468+0000] {logging_mixin.py:151} INFO - [2023-11-04T15:09:54.468+0000] {dagbag.py:536} INFO - Filling up the DagBag from /opt/airflow/dags/script.py
[2023-11-04T15:09:54.606+0000] {processor.py:839} INFO - DAG(s) dict_keys(['traffic_data']) retrieved from /opt/airflow/dags/script.py
[2023-11-04T15:09:54.810+0000] {logging_mixin.py:151} INFO - [2023-11-04T15:09:54.809+0000] {dag.py:2941} INFO - Sync 1 DAGs
[2023-11-04T15:09:54.863+0000] {processor.py:179} INFO - Processing /opt/airflow/dags/script.py took 0.401 seconds
[2023-11-04T15:10:25.062+0000] {processor.py:157} INFO - Started process (PID=413) to work on /opt/airflow/dags/script.py
[2023-11-04T15:10:25.063+0000] {processor.py:829} INFO - Processing file /opt/airflow/dags/script.py for tasks to queue
[2023-11-04T15:10:25.064+0000] {logging_mixin.py:151} INFO - [2023-11-04T15:10:25.064+0000] {dagbag.py:536} INFO - Filling up the DagBag from /opt/airflow/dags/script.py
[2023-11-04T15:10:25.367+0000] {processor.py:839} INFO - DAG(s) dict_keys(['traffic_data']) retrieved from /opt/airflow/dags/script.py
[2023-11-04T15:10:25.382+0000] {logging_mixin.py:151} INFO - [2023-11-04T15:10:25.382+0000] {dag.py:2941} INFO - Sync 1 DAGs
[2023-11-04T15:10:25.452+0000] {processor.py:179} INFO - Processing /opt/airflow/dags/script.py took 0.395 seconds
[2023-11-04T15:10:55.656+0000] {processor.py:157} INFO - Started process (PID=422) to work on /opt/airflow/dags/script.py
[2023-11-04T15:10:55.657+0000] {processor.py:829} INFO - Processing file /opt/airflow/dags/script.py for tasks to queue
[2023-11-04T15:10:55.658+0000] {logging_mixin.py:151} INFO - [2023-11-04T15:10:55.657+0000] {dagbag.py:536} INFO - Filling up the DagBag from /opt/airflow/dags/script.py
[2023-11-04T15:10:55.796+0000] {processor.py:839} INFO - DAG(s) dict_keys(['traffic_data']) retrieved from /opt/airflow/dags/script.py
[2023-11-04T15:10:56.132+0000] {logging_mixin.py:151} INFO - [2023-11-04T15:10:56.131+0000] {dag.py:2941} INFO - Sync 1 DAGs
[2023-11-04T15:10:56.197+0000] {processor.py:179} INFO - Processing /opt/airflow/dags/script.py took 0.544 seconds
[2023-11-04T15:11:26.914+0000] {processor.py:157} INFO - Started process (PID=431) to work on /opt/airflow/dags/script.py
[2023-11-04T15:11:26.916+0000] {processor.py:829} INFO - Processing file /opt/airflow/dags/script.py for tasks to queue
[2023-11-04T15:11:26.917+0000] {logging_mixin.py:151} INFO - [2023-11-04T15:11:26.917+0000] {dagbag.py:536} INFO - Filling up the DagBag from /opt/airflow/dags/script.py
[2023-11-04T15:11:27.089+0000] {processor.py:839} INFO - DAG(s) dict_keys(['traffic_data']) retrieved from /opt/airflow/dags/script.py
[2023-11-04T15:11:27.129+0000] {logging_mixin.py:151} INFO - [2023-11-04T15:11:27.129+0000] {dag.py:2941} INFO - Sync 1 DAGs
[2023-11-04T15:11:27.402+0000] {processor.py:179} INFO - Processing /opt/airflow/dags/script.py took 0.493 seconds
[2023-11-04T15:11:57.604+0000] {processor.py:157} INFO - Started process (PID=440) to work on /opt/airflow/dags/script.py
[2023-11-04T15:11:57.605+0000] {processor.py:829} INFO - Processing file /opt/airflow/dags/script.py for tasks to queue
[2023-11-04T15:11:57.606+0000] {logging_mixin.py:151} INFO - [2023-11-04T15:11:57.606+0000] {dagbag.py:536} INFO - Filling up the DagBag from /opt/airflow/dags/script.py
[2023-11-04T15:11:57.780+0000] {processor.py:839} INFO - DAG(s) dict_keys(['traffic_data']) retrieved from /opt/airflow/dags/script.py
[2023-11-04T15:11:57.802+0000] {logging_mixin.py:151} INFO - [2023-11-04T15:11:57.801+0000] {dag.py:2941} INFO - Sync 1 DAGs
[2023-11-04T15:11:58.115+0000] {processor.py:179} INFO - Processing /opt/airflow/dags/script.py took 0.515 seconds
[2023-11-04T15:12:28.311+0000] {processor.py:157} INFO - Started process (PID=449) to work on /opt/airflow/dags/script.py
[2023-11-04T15:12:28.313+0000] {processor.py:829} INFO - Processing file /opt/airflow/dags/script.py for tasks to queue
[2023-11-04T15:12:28.314+0000] {logging_mixin.py:151} INFO - [2023-11-04T15:12:28.314+0000] {dagbag.py:536} INFO - Filling up the DagBag from /opt/airflow/dags/script.py
[2023-11-04T15:12:28.443+0000] {processor.py:839} INFO - DAG(s) dict_keys(['traffic_data']) retrieved from /opt/airflow/dags/script.py
[2023-11-04T15:12:28.844+0000] {logging_mixin.py:151} INFO - [2023-11-04T15:12:28.844+0000] {dag.py:2941} INFO - Sync 1 DAGs
[2023-11-04T15:12:28.918+0000] {processor.py:179} INFO - Processing /opt/airflow/dags/script.py took 0.612 seconds
[2023-11-04T15:12:59.095+0000] {processor.py:157} INFO - Started process (PID=458) to work on /opt/airflow/dags/script.py
[2023-11-04T15:12:59.096+0000] {processor.py:829} INFO - Processing file /opt/airflow/dags/script.py for tasks to queue
[2023-11-04T15:12:59.097+0000] {logging_mixin.py:151} INFO - [2023-11-04T15:12:59.097+0000] {dagbag.py:536} INFO - Filling up the DagBag from /opt/airflow/dags/script.py
[2023-11-04T15:12:59.236+0000] {processor.py:839} INFO - DAG(s) dict_keys(['traffic_data']) retrieved from /opt/airflow/dags/script.py
[2023-11-04T15:12:59.433+0000] {logging_mixin.py:151} INFO - [2023-11-04T15:12:59.433+0000] {dag.py:2941} INFO - Sync 1 DAGs
[2023-11-04T15:12:59.487+0000] {processor.py:179} INFO - Processing /opt/airflow/dags/script.py took 0.397 seconds
[2023-11-04T15:13:29.695+0000] {processor.py:157} INFO - Started process (PID=467) to work on /opt/airflow/dags/script.py
[2023-11-04T15:13:29.696+0000] {processor.py:829} INFO - Processing file /opt/airflow/dags/script.py for tasks to queue
[2023-11-04T15:13:29.697+0000] {logging_mixin.py:151} INFO - [2023-11-04T15:13:29.697+0000] {dagbag.py:536} INFO - Filling up the DagBag from /opt/airflow/dags/script.py
[2023-11-04T15:13:30.021+0000] {processor.py:839} INFO - DAG(s) dict_keys(['traffic_data']) retrieved from /opt/airflow/dags/script.py
[2023-11-04T15:13:30.039+0000] {logging_mixin.py:151} INFO - [2023-11-04T15:13:30.038+0000] {dag.py:2941} INFO - Sync 1 DAGs
[2023-11-04T15:13:30.109+0000] {processor.py:179} INFO - Processing /opt/airflow/dags/script.py took 0.419 seconds
[2023-11-04T15:14:00.192+0000] {processor.py:157} INFO - Started process (PID=476) to work on /opt/airflow/dags/script.py
[2023-11-04T15:14:00.193+0000] {processor.py:829} INFO - Processing file /opt/airflow/dags/script.py for tasks to queue
[2023-11-04T15:14:00.194+0000] {logging_mixin.py:151} INFO - [2023-11-04T15:14:00.193+0000] {dagbag.py:536} INFO - Filling up the DagBag from /opt/airflow/dags/script.py
[2023-11-04T15:14:00.381+0000] {processor.py:839} INFO - DAG(s) dict_keys(['traffic_data']) retrieved from /opt/airflow/dags/script.py
[2023-11-04T15:14:00.802+0000] {logging_mixin.py:151} INFO - [2023-11-04T15:14:00.802+0000] {dag.py:2941} INFO - Sync 1 DAGs
[2023-11-04T15:14:00.888+0000] {processor.py:179} INFO - Processing /opt/airflow/dags/script.py took 0.701 seconds
[2023-11-04T15:14:31.376+0000] {processor.py:157} INFO - Started process (PID=485) to work on /opt/airflow/dags/script.py
[2023-11-04T15:14:31.378+0000] {processor.py:829} INFO - Processing file /opt/airflow/dags/script.py for tasks to queue
[2023-11-04T15:14:31.379+0000] {logging_mixin.py:151} INFO - [2023-11-04T15:14:31.379+0000] {dagbag.py:536} INFO - Filling up the DagBag from /opt/airflow/dags/script.py
[2023-11-04T15:14:31.507+0000] {processor.py:839} INFO - DAG(s) dict_keys(['traffic_data']) retrieved from /opt/airflow/dags/script.py
[2023-11-04T15:14:31.541+0000] {logging_mixin.py:151} INFO - [2023-11-04T15:14:31.541+0000] {dag.py:2941} INFO - Sync 1 DAGs
[2023-11-04T15:14:31.765+0000] {processor.py:179} INFO - Processing /opt/airflow/dags/script.py took 0.393 seconds
[2023-11-04T15:15:01.965+0000] {processor.py:157} INFO - Started process (PID=494) to work on /opt/airflow/dags/script.py
[2023-11-04T15:15:01.966+0000] {processor.py:829} INFO - Processing file /opt/airflow/dags/script.py for tasks to queue
[2023-11-04T15:15:01.967+0000] {logging_mixin.py:151} INFO - [2023-11-04T15:15:01.967+0000] {dagbag.py:536} INFO - Filling up the DagBag from /opt/airflow/dags/script.py
[2023-11-04T15:15:02.169+0000] {processor.py:839} INFO - DAG(s) dict_keys(['traffic_data']) retrieved from /opt/airflow/dags/script.py
[2023-11-04T15:15:02.192+0000] {logging_mixin.py:151} INFO - [2023-11-04T15:15:02.192+0000] {dag.py:2941} INFO - Sync 1 DAGs
[2023-11-04T15:15:02.421+0000] {processor.py:179} INFO - Processing /opt/airflow/dags/script.py took 0.461 seconds
[2023-11-04T15:15:32.615+0000] {processor.py:157} INFO - Started process (PID=504) to work on /opt/airflow/dags/script.py
[2023-11-04T15:15:32.618+0000] {processor.py:829} INFO - Processing file /opt/airflow/dags/script.py for tasks to queue
[2023-11-04T15:15:32.619+0000] {logging_mixin.py:151} INFO - [2023-11-04T15:15:32.618+0000] {dagbag.py:536} INFO - Filling up the DagBag from /opt/airflow/dags/script.py
[2023-11-04T15:15:32.750+0000] {processor.py:839} INFO - DAG(s) dict_keys(['traffic_data']) retrieved from /opt/airflow/dags/script.py
[2023-11-04T15:15:33.080+0000] {logging_mixin.py:151} INFO - [2023-11-04T15:15:33.079+0000] {dag.py:2941} INFO - Sync 1 DAGs
[2023-11-04T15:15:33.155+0000] {processor.py:179} INFO - Processing /opt/airflow/dags/script.py took 0.544 seconds
[2023-11-04T15:16:03.359+0000] {processor.py:157} INFO - Started process (PID=513) to work on /opt/airflow/dags/script.py
[2023-11-04T15:16:03.361+0000] {processor.py:829} INFO - Processing file /opt/airflow/dags/script.py for tasks to queue
[2023-11-04T15:16:03.362+0000] {logging_mixin.py:151} INFO - [2023-11-04T15:16:03.362+0000] {dagbag.py:536} INFO - Filling up the DagBag from /opt/airflow/dags/script.py
[2023-11-04T15:16:03.664+0000] {processor.py:839} INFO - DAG(s) dict_keys(['traffic_data']) retrieved from /opt/airflow/dags/script.py
[2023-11-04T15:16:03.696+0000] {logging_mixin.py:151} INFO - [2023-11-04T15:16:03.696+0000] {dag.py:2941} INFO - Sync 1 DAGs
[2023-11-04T15:16:03.764+0000] {processor.py:179} INFO - Processing /opt/airflow/dags/script.py took 0.409 seconds
[2023-11-04T15:16:33.962+0000] {processor.py:157} INFO - Started process (PID=522) to work on /opt/airflow/dags/script.py
[2023-11-04T15:16:33.963+0000] {processor.py:829} INFO - Processing file /opt/airflow/dags/script.py for tasks to queue
[2023-11-04T15:16:33.964+0000] {logging_mixin.py:151} INFO - [2023-11-04T15:16:33.964+0000] {dagbag.py:536} INFO - Filling up the DagBag from /opt/airflow/dags/script.py
[2023-11-04T15:16:34.098+0000] {processor.py:839} INFO - DAG(s) dict_keys(['traffic_data']) retrieved from /opt/airflow/dags/script.py
[2023-11-04T15:16:34.116+0000] {logging_mixin.py:151} INFO - [2023-11-04T15:16:34.115+0000] {dag.py:2941} INFO - Sync 1 DAGs
[2023-11-04T15:16:34.179+0000] {processor.py:179} INFO - Processing /opt/airflow/dags/script.py took 0.222 seconds
[2023-11-04T15:17:04.371+0000] {processor.py:157} INFO - Started process (PID=531) to work on /opt/airflow/dags/script.py
[2023-11-04T15:17:04.373+0000] {processor.py:829} INFO - Processing file /opt/airflow/dags/script.py for tasks to queue
[2023-11-04T15:17:04.374+0000] {logging_mixin.py:151} INFO - [2023-11-04T15:17:04.373+0000] {dagbag.py:536} INFO - Filling up the DagBag from /opt/airflow/dags/script.py
[2023-11-04T15:17:04.503+0000] {processor.py:839} INFO - DAG(s) dict_keys(['traffic_data']) retrieved from /opt/airflow/dags/script.py
[2023-11-04T15:17:04.841+0000] {logging_mixin.py:151} INFO - [2023-11-04T15:17:04.841+0000] {dag.py:2941} INFO - Sync 1 DAGs
[2023-11-04T15:17:04.910+0000] {processor.py:179} INFO - Processing /opt/airflow/dags/script.py took 0.543 seconds
[2023-11-04T15:17:35.064+0000] {processor.py:157} INFO - Started process (PID=540) to work on /opt/airflow/dags/script.py
[2023-11-04T15:17:35.066+0000] {processor.py:829} INFO - Processing file /opt/airflow/dags/script.py for tasks to queue
[2023-11-04T15:17:35.067+0000] {logging_mixin.py:151} INFO - [2023-11-04T15:17:35.067+0000] {dagbag.py:536} INFO - Filling up the DagBag from /opt/airflow/dags/script.py
[2023-11-04T15:17:35.212+0000] {processor.py:839} INFO - DAG(s) dict_keys(['traffic_data']) retrieved from /opt/airflow/dags/script.py
[2023-11-04T15:17:35.249+0000] {logging_mixin.py:151} INFO - [2023-11-04T15:17:35.249+0000] {dag.py:2941} INFO - Sync 1 DAGs
[2023-11-04T15:17:35.488+0000] {processor.py:179} INFO - Processing /opt/airflow/dags/script.py took 0.429 seconds
[2023-11-04T15:18:05.700+0000] {processor.py:157} INFO - Started process (PID=549) to work on /opt/airflow/dags/script.py
[2023-11-04T15:18:05.701+0000] {processor.py:829} INFO - Processing file /opt/airflow/dags/script.py for tasks to queue
[2023-11-04T15:18:05.702+0000] {logging_mixin.py:151} INFO - [2023-11-04T15:18:05.701+0000] {dagbag.py:536} INFO - Filling up the DagBag from /opt/airflow/dags/script.py
[2023-11-04T15:18:05.831+0000] {processor.py:839} INFO - DAG(s) dict_keys(['traffic_data']) retrieved from /opt/airflow/dags/script.py
[2023-11-04T15:18:05.847+0000] {logging_mixin.py:151} INFO - [2023-11-04T15:18:05.847+0000] {dag.py:2941} INFO - Sync 1 DAGs
[2023-11-04T15:18:06.079+0000] {processor.py:179} INFO - Processing /opt/airflow/dags/script.py took 0.383 seconds
[2023-11-04T15:18:36.281+0000] {processor.py:157} INFO - Started process (PID=558) to work on /opt/airflow/dags/script.py
[2023-11-04T15:18:36.283+0000] {processor.py:829} INFO - Processing file /opt/airflow/dags/script.py for tasks to queue
[2023-11-04T15:18:36.284+0000] {logging_mixin.py:151} INFO - [2023-11-04T15:18:36.283+0000] {dagbag.py:536} INFO - Filling up the DagBag from /opt/airflow/dags/script.py
[2023-11-04T15:18:36.432+0000] {processor.py:839} INFO - DAG(s) dict_keys(['traffic_data']) retrieved from /opt/airflow/dags/script.py
[2023-11-04T15:18:36.733+0000] {logging_mixin.py:151} INFO - [2023-11-04T15:18:36.733+0000] {dag.py:2941} INFO - Sync 1 DAGs
[2023-11-04T15:18:36.789+0000] {processor.py:179} INFO - Processing /opt/airflow/dags/script.py took 0.513 seconds
[2023-11-04T15:19:06.942+0000] {processor.py:157} INFO - Started process (PID=567) to work on /opt/airflow/dags/script.py
[2023-11-04T15:19:06.942+0000] {processor.py:829} INFO - Processing file /opt/airflow/dags/script.py for tasks to queue
[2023-11-04T15:19:06.943+0000] {logging_mixin.py:151} INFO - [2023-11-04T15:19:06.943+0000] {dagbag.py:536} INFO - Filling up the DagBag from /opt/airflow/dags/script.py
[2023-11-04T15:19:07.107+0000] {processor.py:839} INFO - DAG(s) dict_keys(['traffic_data']) retrieved from /opt/airflow/dags/script.py
[2023-11-04T15:19:07.146+0000] {logging_mixin.py:151} INFO - [2023-11-04T15:19:07.146+0000] {dag.py:2941} INFO - Sync 1 DAGs
[2023-11-04T15:19:07.211+0000] {processor.py:179} INFO - Processing /opt/airflow/dags/script.py took 0.275 seconds
[2023-11-04T15:19:37.403+0000] {processor.py:157} INFO - Started process (PID=576) to work on /opt/airflow/dags/script.py
[2023-11-04T15:19:37.404+0000] {processor.py:829} INFO - Processing file /opt/airflow/dags/script.py for tasks to queue
[2023-11-04T15:19:37.406+0000] {logging_mixin.py:151} INFO - [2023-11-04T15:19:37.405+0000] {dagbag.py:536} INFO - Filling up the DagBag from /opt/airflow/dags/script.py
[2023-11-04T15:19:37.539+0000] {processor.py:839} INFO - DAG(s) dict_keys(['traffic_data']) retrieved from /opt/airflow/dags/script.py
[2023-11-04T15:19:37.558+0000] {logging_mixin.py:151} INFO - [2023-11-04T15:19:37.557+0000] {dag.py:2941} INFO - Sync 1 DAGs
[2023-11-04T15:19:37.622+0000] {processor.py:179} INFO - Processing /opt/airflow/dags/script.py took 0.224 seconds
[2023-11-04T15:20:07.819+0000] {processor.py:157} INFO - Started process (PID=585) to work on /opt/airflow/dags/script.py
[2023-11-04T15:20:07.820+0000] {processor.py:829} INFO - Processing file /opt/airflow/dags/script.py for tasks to queue
[2023-11-04T15:20:07.821+0000] {logging_mixin.py:151} INFO - [2023-11-04T15:20:07.820+0000] {dagbag.py:536} INFO - Filling up the DagBag from /opt/airflow/dags/script.py
[2023-11-04T15:20:07.954+0000] {processor.py:839} INFO - DAG(s) dict_keys(['traffic_data']) retrieved from /opt/airflow/dags/script.py
[2023-11-04T15:20:08.262+0000] {logging_mixin.py:151} INFO - [2023-11-04T15:20:08.262+0000] {dag.py:2941} INFO - Sync 1 DAGs
[2023-11-04T15:20:08.327+0000] {processor.py:179} INFO - Processing /opt/airflow/dags/script.py took 0.513 seconds
[2023-11-04T15:20:38.531+0000] {processor.py:157} INFO - Started process (PID=594) to work on /opt/airflow/dags/script.py
[2023-11-04T15:20:38.539+0000] {processor.py:829} INFO - Processing file /opt/airflow/dags/script.py for tasks to queue
[2023-11-04T15:20:38.540+0000] {logging_mixin.py:151} INFO - [2023-11-04T15:20:38.540+0000] {dagbag.py:536} INFO - Filling up the DagBag from /opt/airflow/dags/script.py
[2023-11-04T15:20:38.696+0000] {processor.py:839} INFO - DAG(s) dict_keys(['traffic_data']) retrieved from /opt/airflow/dags/script.py
[2023-11-04T15:20:38.739+0000] {logging_mixin.py:151} INFO - [2023-11-04T15:20:38.738+0000] {dag.py:2941} INFO - Sync 1 DAGs
[2023-11-04T15:20:38.968+0000] {processor.py:179} INFO - Processing /opt/airflow/dags/script.py took 0.443 seconds
[2023-11-04T15:21:09.166+0000] {processor.py:157} INFO - Started process (PID=603) to work on /opt/airflow/dags/script.py
[2023-11-04T15:21:09.167+0000] {processor.py:829} INFO - Processing file /opt/airflow/dags/script.py for tasks to queue
[2023-11-04T15:21:09.168+0000] {logging_mixin.py:151} INFO - [2023-11-04T15:21:09.168+0000] {dagbag.py:536} INFO - Filling up the DagBag from /opt/airflow/dags/script.py
[2023-11-04T15:21:09.294+0000] {processor.py:839} INFO - DAG(s) dict_keys(['traffic_data']) retrieved from /opt/airflow/dags/script.py
[2023-11-04T15:21:09.312+0000] {logging_mixin.py:151} INFO - [2023-11-04T15:21:09.311+0000] {dag.py:2941} INFO - Sync 1 DAGs
[2023-11-04T15:21:09.549+0000] {processor.py:179} INFO - Processing /opt/airflow/dags/script.py took 0.387 seconds
[2023-11-04T15:21:39.800+0000] {processor.py:157} INFO - Started process (PID=612) to work on /opt/airflow/dags/script.py
[2023-11-04T15:21:39.829+0000] {processor.py:829} INFO - Processing file /opt/airflow/dags/script.py for tasks to queue
[2023-11-04T15:21:39.848+0000] {logging_mixin.py:151} INFO - [2023-11-04T15:21:39.842+0000] {dagbag.py:536} INFO - Filling up the DagBag from /opt/airflow/dags/script.py
[2023-11-04T15:21:40.250+0000] {processor.py:839} INFO - DAG(s) dict_keys(['traffic_data']) retrieved from /opt/airflow/dags/script.py
[2023-11-04T15:21:40.374+0000] {logging_mixin.py:151} INFO - [2023-11-04T15:21:40.373+0000] {dag.py:2941} INFO - Sync 1 DAGs
[2023-11-04T15:21:40.455+0000] {processor.py:179} INFO - Processing /opt/airflow/dags/script.py took 0.672 seconds
[2023-11-04T15:22:10.661+0000] {processor.py:157} INFO - Started process (PID=621) to work on /opt/airflow/dags/script.py
[2023-11-04T15:22:10.669+0000] {processor.py:829} INFO - Processing file /opt/airflow/dags/script.py for tasks to queue
[2023-11-04T15:22:10.670+0000] {logging_mixin.py:151} INFO - [2023-11-04T15:22:10.670+0000] {dagbag.py:536} INFO - Filling up the DagBag from /opt/airflow/dags/script.py
[2023-11-04T15:22:10.914+0000] {processor.py:839} INFO - DAG(s) dict_keys(['traffic_data']) retrieved from /opt/airflow/dags/script.py
[2023-11-04T15:22:10.959+0000] {logging_mixin.py:151} INFO - [2023-11-04T15:22:10.958+0000] {dag.py:2941} INFO - Sync 1 DAGs
[2023-11-04T15:22:11.033+0000] {processor.py:179} INFO - Processing /opt/airflow/dags/script.py took 0.377 seconds
[2023-11-04T15:22:41.235+0000] {processor.py:157} INFO - Started process (PID=630) to work on /opt/airflow/dags/script.py
[2023-11-04T15:22:41.236+0000] {processor.py:829} INFO - Processing file /opt/airflow/dags/script.py for tasks to queue
[2023-11-04T15:22:41.237+0000] {logging_mixin.py:151} INFO - [2023-11-04T15:22:41.237+0000] {dagbag.py:536} INFO - Filling up the DagBag from /opt/airflow/dags/script.py
[2023-11-04T15:22:41.370+0000] {processor.py:839} INFO - DAG(s) dict_keys(['traffic_data']) retrieved from /opt/airflow/dags/script.py
[2023-11-04T15:22:41.387+0000] {logging_mixin.py:151} INFO - [2023-11-04T15:22:41.387+0000] {dag.py:2941} INFO - Sync 1 DAGs
[2023-11-04T15:22:41.455+0000] {processor.py:179} INFO - Processing /opt/airflow/dags/script.py took 0.224 seconds
[2023-11-04T15:23:11.648+0000] {processor.py:157} INFO - Started process (PID=639) to work on /opt/airflow/dags/script.py
[2023-11-04T15:23:11.650+0000] {processor.py:829} INFO - Processing file /opt/airflow/dags/script.py for tasks to queue
[2023-11-04T15:23:11.651+0000] {logging_mixin.py:151} INFO - [2023-11-04T15:23:11.650+0000] {dagbag.py:536} INFO - Filling up the DagBag from /opt/airflow/dags/script.py
[2023-11-04T15:23:11.778+0000] {processor.py:839} INFO - DAG(s) dict_keys(['traffic_data']) retrieved from /opt/airflow/dags/script.py
[2023-11-04T15:23:12.087+0000] {logging_mixin.py:151} INFO - [2023-11-04T15:23:12.087+0000] {dag.py:2941} INFO - Sync 1 DAGs
[2023-11-04T15:23:12.147+0000] {processor.py:179} INFO - Processing /opt/airflow/dags/script.py took 0.504 seconds
[2023-11-04T15:23:42.352+0000] {processor.py:157} INFO - Started process (PID=648) to work on /opt/airflow/dags/script.py
[2023-11-04T15:23:42.353+0000] {processor.py:829} INFO - Processing file /opt/airflow/dags/script.py for tasks to queue
[2023-11-04T15:23:42.354+0000] {logging_mixin.py:151} INFO - [2023-11-04T15:23:42.354+0000] {dagbag.py:536} INFO - Filling up the DagBag from /opt/airflow/dags/script.py
[2023-11-04T15:23:42.480+0000] {processor.py:839} INFO - DAG(s) dict_keys(['traffic_data']) retrieved from /opt/airflow/dags/script.py
[2023-11-04T15:23:42.701+0000] {logging_mixin.py:151} INFO - [2023-11-04T15:23:42.701+0000] {dag.py:2941} INFO - Sync 1 DAGs
[2023-11-04T15:23:42.771+0000] {processor.py:179} INFO - Processing /opt/airflow/dags/script.py took 0.423 seconds
[2023-11-04T15:24:12.973+0000] {processor.py:157} INFO - Started process (PID=657) to work on /opt/airflow/dags/script.py
[2023-11-04T15:24:12.974+0000] {processor.py:829} INFO - Processing file /opt/airflow/dags/script.py for tasks to queue
[2023-11-04T15:24:12.976+0000] {logging_mixin.py:151} INFO - [2023-11-04T15:24:12.975+0000] {dagbag.py:536} INFO - Filling up the DagBag from /opt/airflow/dags/script.py
[2023-11-04T15:24:13.321+0000] {processor.py:839} INFO - DAG(s) dict_keys(['traffic_data']) retrieved from /opt/airflow/dags/script.py
[2023-11-04T15:24:13.340+0000] {logging_mixin.py:151} INFO - [2023-11-04T15:24:13.339+0000] {dag.py:2941} INFO - Sync 1 DAGs
[2023-11-04T15:24:13.410+0000] {processor.py:179} INFO - Processing /opt/airflow/dags/script.py took 0.443 seconds
[2023-11-04T15:24:43.647+0000] {processor.py:157} INFO - Started process (PID=666) to work on /opt/airflow/dags/script.py
[2023-11-04T15:24:43.648+0000] {processor.py:829} INFO - Processing file /opt/airflow/dags/script.py for tasks to queue
[2023-11-04T15:24:43.648+0000] {logging_mixin.py:151} INFO - [2023-11-04T15:24:43.648+0000] {dagbag.py:536} INFO - Filling up the DagBag from /opt/airflow/dags/script.py
[2023-11-04T15:24:43.973+0000] {processor.py:839} INFO - DAG(s) dict_keys(['traffic_data']) retrieved from /opt/airflow/dags/script.py
[2023-11-04T15:24:44.104+0000] {logging_mixin.py:151} INFO - [2023-11-04T15:24:44.104+0000] {dag.py:2941} INFO - Sync 1 DAGs
[2023-11-04T15:24:44.162+0000] {processor.py:179} INFO - Processing /opt/airflow/dags/script.py took 0.520 seconds
[2023-11-04T15:25:14.365+0000] {processor.py:157} INFO - Started process (PID=675) to work on /opt/airflow/dags/script.py
[2023-11-04T15:25:14.367+0000] {processor.py:829} INFO - Processing file /opt/airflow/dags/script.py for tasks to queue
[2023-11-04T15:25:14.369+0000] {logging_mixin.py:151} INFO - [2023-11-04T15:25:14.369+0000] {dagbag.py:536} INFO - Filling up the DagBag from /opt/airflow/dags/script.py
[2023-11-04T15:25:14.523+0000] {processor.py:839} INFO - DAG(s) dict_keys(['traffic_data']) retrieved from /opt/airflow/dags/script.py
[2023-11-04T15:25:14.575+0000] {logging_mixin.py:151} INFO - [2023-11-04T15:25:14.574+0000] {dag.py:2941} INFO - Sync 1 DAGs
[2023-11-04T15:25:14.611+0000] {logging_mixin.py:151} INFO - [2023-11-04T15:25:14.611+0000] {dag.py:3722} INFO - Setting next_dagrun for traffic_data to 2023-11-04T15:24:14.610826+00:00, run_after=2023-11-04T15:25:14.610826+00:00
[2023-11-04T15:25:14.883+0000] {processor.py:179} INFO - Processing /opt/airflow/dags/script.py took 0.524 seconds
[2023-11-04T15:25:45.088+0000] {processor.py:157} INFO - Started process (PID=684) to work on /opt/airflow/dags/script.py
[2023-11-04T15:25:45.089+0000] {processor.py:829} INFO - Processing file /opt/airflow/dags/script.py for tasks to queue
[2023-11-04T15:25:45.090+0000] {logging_mixin.py:151} INFO - [2023-11-04T15:25:45.090+0000] {dagbag.py:536} INFO - Filling up the DagBag from /opt/airflow/dags/script.py
[2023-11-04T15:25:45.232+0000] {processor.py:839} INFO - DAG(s) dict_keys(['traffic_data']) retrieved from /opt/airflow/dags/script.py
[2023-11-04T15:25:45.253+0000] {logging_mixin.py:151} INFO - [2023-11-04T15:25:45.252+0000] {dag.py:2941} INFO - Sync 1 DAGs
[2023-11-04T15:25:45.498+0000] {processor.py:179} INFO - Processing /opt/airflow/dags/script.py took 0.415 seconds
[2023-11-04T15:26:15.699+0000] {processor.py:157} INFO - Started process (PID=693) to work on /opt/airflow/dags/script.py
[2023-11-04T15:26:15.700+0000] {processor.py:829} INFO - Processing file /opt/airflow/dags/script.py for tasks to queue
[2023-11-04T15:26:15.702+0000] {logging_mixin.py:151} INFO - [2023-11-04T15:26:15.701+0000] {dagbag.py:536} INFO - Filling up the DagBag from /opt/airflow/dags/script.py
[2023-11-04T15:26:15.844+0000] {processor.py:839} INFO - DAG(s) dict_keys(['traffic_data']) retrieved from /opt/airflow/dags/script.py
[2023-11-04T15:26:16.167+0000] {logging_mixin.py:151} INFO - [2023-11-04T15:26:16.166+0000] {dag.py:2941} INFO - Sync 1 DAGs
[2023-11-04T15:26:16.226+0000] {processor.py:179} INFO - Processing /opt/airflow/dags/script.py took 0.532 seconds
[2023-11-04T15:26:46.429+0000] {processor.py:157} INFO - Started process (PID=702) to work on /opt/airflow/dags/script.py
[2023-11-04T15:26:46.430+0000] {processor.py:829} INFO - Processing file /opt/airflow/dags/script.py for tasks to queue
[2023-11-04T15:26:46.431+0000] {logging_mixin.py:151} INFO - [2023-11-04T15:26:46.431+0000] {dagbag.py:536} INFO - Filling up the DagBag from /opt/airflow/dags/script.py
[2023-11-04T15:26:46.582+0000] {processor.py:839} INFO - DAG(s) dict_keys(['traffic_data']) retrieved from /opt/airflow/dags/script.py
[2023-11-04T15:26:46.841+0000] {logging_mixin.py:151} INFO - [2023-11-04T15:26:46.841+0000] {dag.py:2941} INFO - Sync 1 DAGs
[2023-11-04T15:26:46.930+0000] {processor.py:179} INFO - Processing /opt/airflow/dags/script.py took 0.506 seconds
[2023-11-04T15:27:17.148+0000] {processor.py:157} INFO - Started process (PID=711) to work on /opt/airflow/dags/script.py
[2023-11-04T15:27:17.152+0000] {processor.py:829} INFO - Processing file /opt/airflow/dags/script.py for tasks to queue
[2023-11-04T15:27:17.154+0000] {logging_mixin.py:151} INFO - [2023-11-04T15:27:17.153+0000] {dagbag.py:536} INFO - Filling up the DagBag from /opt/airflow/dags/script.py
[2023-11-04T15:27:17.528+0000] {processor.py:839} INFO - DAG(s) dict_keys(['traffic_data']) retrieved from /opt/airflow/dags/script.py
[2023-11-04T15:27:17.548+0000] {logging_mixin.py:151} INFO - [2023-11-04T15:27:17.548+0000] {dag.py:2941} INFO - Sync 1 DAGs
[2023-11-04T15:27:17.622+0000] {processor.py:179} INFO - Processing /opt/airflow/dags/script.py took 0.481 seconds
[2023-11-04T15:27:47.820+0000] {processor.py:157} INFO - Started process (PID=720) to work on /opt/airflow/dags/script.py
[2023-11-04T15:27:47.821+0000] {processor.py:829} INFO - Processing file /opt/airflow/dags/script.py for tasks to queue
[2023-11-04T15:27:47.822+0000] {logging_mixin.py:151} INFO - [2023-11-04T15:27:47.822+0000] {dagbag.py:536} INFO - Filling up the DagBag from /opt/airflow/dags/script.py
[2023-11-04T15:27:47.949+0000] {processor.py:839} INFO - DAG(s) dict_keys(['traffic_data']) retrieved from /opt/airflow/dags/script.py
[2023-11-04T15:27:48.262+0000] {logging_mixin.py:151} INFO - [2023-11-04T15:27:48.262+0000] {dag.py:2941} INFO - Sync 1 DAGs
[2023-11-04T15:27:48.331+0000] {processor.py:179} INFO - Processing /opt/airflow/dags/script.py took 0.516 seconds
[2023-11-04T15:28:18.471+0000] {processor.py:157} INFO - Started process (PID=729) to work on /opt/airflow/dags/script.py
[2023-11-04T15:28:18.472+0000] {processor.py:829} INFO - Processing file /opt/airflow/dags/script.py for tasks to queue
[2023-11-04T15:28:18.474+0000] {logging_mixin.py:151} INFO - [2023-11-04T15:28:18.473+0000] {dagbag.py:536} INFO - Filling up the DagBag from /opt/airflow/dags/script.py
[2023-11-04T15:28:18.597+0000] {processor.py:839} INFO - DAG(s) dict_keys(['traffic_data']) retrieved from /opt/airflow/dags/script.py
[2023-11-04T15:28:18.635+0000] {logging_mixin.py:151} INFO - [2023-11-04T15:28:18.634+0000] {dag.py:2941} INFO - Sync 1 DAGs
[2023-11-04T15:28:18.865+0000] {processor.py:179} INFO - Processing /opt/airflow/dags/script.py took 0.398 seconds
[2023-11-04T15:28:49.091+0000] {processor.py:157} INFO - Started process (PID=738) to work on /opt/airflow/dags/script.py
[2023-11-04T15:28:49.092+0000] {processor.py:829} INFO - Processing file /opt/airflow/dags/script.py for tasks to queue
[2023-11-04T15:28:49.093+0000] {logging_mixin.py:151} INFO - [2023-11-04T15:28:49.093+0000] {dagbag.py:536} INFO - Filling up the DagBag from /opt/airflow/dags/script.py
[2023-11-04T15:28:49.219+0000] {processor.py:839} INFO - DAG(s) dict_keys(['traffic_data']) retrieved from /opt/airflow/dags/script.py
[2023-11-04T15:28:49.237+0000] {logging_mixin.py:151} INFO - [2023-11-04T15:28:49.237+0000] {dag.py:2941} INFO - Sync 1 DAGs
[2023-11-04T15:28:49.466+0000] {processor.py:179} INFO - Processing /opt/airflow/dags/script.py took 0.379 seconds
[2023-11-04T15:29:19.686+0000] {processor.py:157} INFO - Started process (PID=747) to work on /opt/airflow/dags/script.py
[2023-11-04T15:29:19.688+0000] {processor.py:829} INFO - Processing file /opt/airflow/dags/script.py for tasks to queue
[2023-11-04T15:29:19.689+0000] {logging_mixin.py:151} INFO - [2023-11-04T15:29:19.689+0000] {dagbag.py:536} INFO - Filling up the DagBag from /opt/airflow/dags/script.py
[2023-11-04T15:29:19.892+0000] {processor.py:839} INFO - DAG(s) dict_keys(['traffic_data']) retrieved from /opt/airflow/dags/script.py
[2023-11-04T15:29:20.237+0000] {logging_mixin.py:151} INFO - [2023-11-04T15:29:20.236+0000] {dag.py:2941} INFO - Sync 1 DAGs
[2023-11-04T15:29:20.305+0000] {processor.py:179} INFO - Processing /opt/airflow/dags/script.py took 0.623 seconds
[2023-11-04T15:29:50.874+0000] {processor.py:157} INFO - Started process (PID=756) to work on /opt/airflow/dags/script.py
[2023-11-04T15:29:50.876+0000] {processor.py:829} INFO - Processing file /opt/airflow/dags/script.py for tasks to queue
[2023-11-04T15:29:50.877+0000] {logging_mixin.py:151} INFO - [2023-11-04T15:29:50.877+0000] {dagbag.py:536} INFO - Filling up the DagBag from /opt/airflow/dags/script.py
[2023-11-04T15:29:51.216+0000] {processor.py:839} INFO - DAG(s) dict_keys(['traffic_data']) retrieved from /opt/airflow/dags/script.py
[2023-11-04T15:29:51.246+0000] {logging_mixin.py:151} INFO - [2023-11-04T15:29:51.246+0000] {dag.py:2941} INFO - Sync 1 DAGs
[2023-11-04T15:29:51.306+0000] {processor.py:179} INFO - Processing /opt/airflow/dags/script.py took 0.437 seconds
[2023-11-04T15:30:21.502+0000] {processor.py:157} INFO - Started process (PID=765) to work on /opt/airflow/dags/script.py
[2023-11-04T15:30:21.510+0000] {processor.py:829} INFO - Processing file /opt/airflow/dags/script.py for tasks to queue
[2023-11-04T15:30:21.511+0000] {logging_mixin.py:151} INFO - [2023-11-04T15:30:21.511+0000] {dagbag.py:536} INFO - Filling up the DagBag from /opt/airflow/dags/script.py
[2023-11-04T15:30:21.811+0000] {processor.py:839} INFO - DAG(s) dict_keys(['traffic_data']) retrieved from /opt/airflow/dags/script.py
[2023-11-04T15:30:22.017+0000] {logging_mixin.py:151} INFO - [2023-11-04T15:30:22.016+0000] {dag.py:2941} INFO - Sync 1 DAGs
[2023-11-04T15:30:22.086+0000] {processor.py:179} INFO - Processing /opt/airflow/dags/script.py took 0.589 seconds
[2023-11-04T15:30:52.298+0000] {processor.py:157} INFO - Started process (PID=774) to work on /opt/airflow/dags/script.py
[2023-11-04T15:30:52.300+0000] {processor.py:829} INFO - Processing file /opt/airflow/dags/script.py for tasks to queue
[2023-11-04T15:30:52.302+0000] {logging_mixin.py:151} INFO - [2023-11-04T15:30:52.301+0000] {dagbag.py:536} INFO - Filling up the DagBag from /opt/airflow/dags/script.py
[2023-11-04T15:30:52.886+0000] {processor.py:839} INFO - DAG(s) dict_keys(['traffic_data']) retrieved from /opt/airflow/dags/script.py
[2023-11-04T15:30:53.225+0000] {logging_mixin.py:151} INFO - [2023-11-04T15:30:53.225+0000] {dag.py:2941} INFO - Sync 1 DAGs
[2023-11-04T15:30:53.553+0000] {processor.py:179} INFO - Processing /opt/airflow/dags/script.py took 1.259 seconds
[2023-11-04T15:31:23.760+0000] {processor.py:157} INFO - Started process (PID=783) to work on /opt/airflow/dags/script.py
[2023-11-04T15:31:23.761+0000] {processor.py:829} INFO - Processing file /opt/airflow/dags/script.py for tasks to queue
[2023-11-04T15:31:23.762+0000] {logging_mixin.py:151} INFO - [2023-11-04T15:31:23.762+0000] {dagbag.py:536} INFO - Filling up the DagBag from /opt/airflow/dags/script.py
[2023-11-04T15:31:23.916+0000] {processor.py:839} INFO - DAG(s) dict_keys(['traffic_data']) retrieved from /opt/airflow/dags/script.py
[2023-11-04T15:31:24.288+0000] {logging_mixin.py:151} INFO - [2023-11-04T15:31:24.288+0000] {dag.py:2941} INFO - Sync 1 DAGs
[2023-11-04T15:31:24.433+0000] {processor.py:179} INFO - Processing /opt/airflow/dags/script.py took 0.677 seconds
[2023-11-04T15:31:54.610+0000] {processor.py:157} INFO - Started process (PID=792) to work on /opt/airflow/dags/script.py
[2023-11-04T15:31:54.612+0000] {processor.py:829} INFO - Processing file /opt/airflow/dags/script.py for tasks to queue
[2023-11-04T15:31:54.614+0000] {logging_mixin.py:151} INFO - [2023-11-04T15:31:54.613+0000] {dagbag.py:536} INFO - Filling up the DagBag from /opt/airflow/dags/script.py
[2023-11-04T15:31:54.831+0000] {processor.py:839} INFO - DAG(s) dict_keys(['traffic_data']) retrieved from /opt/airflow/dags/script.py
[2023-11-04T15:31:55.872+0000] {logging_mixin.py:151} INFO - [2023-11-04T15:31:55.872+0000] {dag.py:2941} INFO - Sync 1 DAGs
[2023-11-04T15:31:56.009+0000] {processor.py:179} INFO - Processing /opt/airflow/dags/script.py took 1.404 seconds
[2023-11-04T15:32:26.176+0000] {processor.py:157} INFO - Started process (PID=801) to work on /opt/airflow/dags/script.py
[2023-11-04T15:32:26.178+0000] {processor.py:829} INFO - Processing file /opt/airflow/dags/script.py for tasks to queue
[2023-11-04T15:32:26.179+0000] {logging_mixin.py:151} INFO - [2023-11-04T15:32:26.179+0000] {dagbag.py:536} INFO - Filling up the DagBag from /opt/airflow/dags/script.py
[2023-11-04T15:32:26.583+0000] {processor.py:839} INFO - DAG(s) dict_keys(['traffic_data']) retrieved from /opt/airflow/dags/script.py
[2023-11-04T15:32:26.788+0000] {logging_mixin.py:151} INFO - [2023-11-04T15:32:26.787+0000] {dag.py:2941} INFO - Sync 1 DAGs
[2023-11-04T15:32:26.864+0000] {processor.py:179} INFO - Processing /opt/airflow/dags/script.py took 0.693 seconds
[2023-11-04T15:32:56.958+0000] {processor.py:157} INFO - Started process (PID=810) to work on /opt/airflow/dags/script.py
[2023-11-04T15:32:56.962+0000] {processor.py:829} INFO - Processing file /opt/airflow/dags/script.py for tasks to queue
[2023-11-04T15:32:56.965+0000] {logging_mixin.py:151} INFO - [2023-11-04T15:32:56.963+0000] {dagbag.py:536} INFO - Filling up the DagBag from /opt/airflow/dags/script.py
[2023-11-04T15:32:57.500+0000] {processor.py:839} INFO - DAG(s) dict_keys(['traffic_data']) retrieved from /opt/airflow/dags/script.py
[2023-11-04T15:32:57.530+0000] {logging_mixin.py:151} INFO - [2023-11-04T15:32:57.530+0000] {dag.py:2941} INFO - Sync 1 DAGs
[2023-11-04T15:32:57.591+0000] {processor.py:179} INFO - Processing /opt/airflow/dags/script.py took 0.648 seconds
[2023-11-04T15:33:27.797+0000] {processor.py:157} INFO - Started process (PID=819) to work on /opt/airflow/dags/script.py
[2023-11-04T15:33:27.797+0000] {processor.py:829} INFO - Processing file /opt/airflow/dags/script.py for tasks to queue
[2023-11-04T15:33:27.799+0000] {logging_mixin.py:151} INFO - [2023-11-04T15:33:27.798+0000] {dagbag.py:536} INFO - Filling up the DagBag from /opt/airflow/dags/script.py
[2023-11-04T15:33:28.221+0000] {processor.py:839} INFO - DAG(s) dict_keys(['traffic_data']) retrieved from /opt/airflow/dags/script.py
[2023-11-04T15:33:28.367+0000] {logging_mixin.py:151} INFO - [2023-11-04T15:33:28.367+0000] {dag.py:2941} INFO - Sync 1 DAGs
[2023-11-04T15:33:28.428+0000] {processor.py:179} INFO - Processing /opt/airflow/dags/script.py took 0.636 seconds
[2023-11-04T15:33:58.572+0000] {processor.py:157} INFO - Started process (PID=835) to work on /opt/airflow/dags/script.py
[2023-11-04T15:33:58.573+0000] {processor.py:829} INFO - Processing file /opt/airflow/dags/script.py for tasks to queue
[2023-11-04T15:33:58.575+0000] {logging_mixin.py:151} INFO - [2023-11-04T15:33:58.574+0000] {dagbag.py:536} INFO - Filling up the DagBag from /opt/airflow/dags/script.py
[2023-11-04T15:33:58.740+0000] {processor.py:839} INFO - DAG(s) dict_keys(['traffic_data']) retrieved from /opt/airflow/dags/script.py
[2023-11-04T15:33:58.784+0000] {logging_mixin.py:151} INFO - [2023-11-04T15:33:58.784+0000] {dag.py:2941} INFO - Sync 1 DAGs
[2023-11-04T15:33:59.102+0000] {processor.py:179} INFO - Processing /opt/airflow/dags/script.py took 0.534 seconds
[2023-11-04T15:34:29.317+0000] {processor.py:157} INFO - Started process (PID=844) to work on /opt/airflow/dags/script.py
[2023-11-04T15:34:29.318+0000] {processor.py:829} INFO - Processing file /opt/airflow/dags/script.py for tasks to queue
[2023-11-04T15:34:29.319+0000] {logging_mixin.py:151} INFO - [2023-11-04T15:34:29.318+0000] {dagbag.py:536} INFO - Filling up the DagBag from /opt/airflow/dags/script.py
[2023-11-04T15:34:29.447+0000] {processor.py:839} INFO - DAG(s) dict_keys(['traffic_data']) retrieved from /opt/airflow/dags/script.py
[2023-11-04T15:34:29.801+0000] {logging_mixin.py:151} INFO - [2023-11-04T15:34:29.800+0000] {dag.py:2941} INFO - Sync 1 DAGs
[2023-11-04T15:34:29.856+0000] {processor.py:179} INFO - Processing /opt/airflow/dags/script.py took 0.544 seconds
[2023-11-04T15:34:59.970+0000] {processor.py:157} INFO - Started process (PID=853) to work on /opt/airflow/dags/script.py
[2023-11-04T15:34:59.972+0000] {processor.py:829} INFO - Processing file /opt/airflow/dags/script.py for tasks to queue
[2023-11-04T15:34:59.973+0000] {logging_mixin.py:151} INFO - [2023-11-04T15:34:59.973+0000] {dagbag.py:536} INFO - Filling up the DagBag from /opt/airflow/dags/script.py
[2023-11-04T15:35:00.140+0000] {processor.py:839} INFO - DAG(s) dict_keys(['traffic_data']) retrieved from /opt/airflow/dags/script.py
[2023-11-04T15:35:00.426+0000] {logging_mixin.py:151} INFO - [2023-11-04T15:35:00.426+0000] {dag.py:2941} INFO - Sync 1 DAGs
[2023-11-04T15:35:00.493+0000] {processor.py:179} INFO - Processing /opt/airflow/dags/script.py took 0.528 seconds
[2023-11-04T15:35:30.722+0000] {processor.py:157} INFO - Started process (PID=862) to work on /opt/airflow/dags/script.py
[2023-11-04T15:35:30.723+0000] {processor.py:829} INFO - Processing file /opt/airflow/dags/script.py for tasks to queue
[2023-11-04T15:35:30.725+0000] {logging_mixin.py:151} INFO - [2023-11-04T15:35:30.724+0000] {dagbag.py:536} INFO - Filling up the DagBag from /opt/airflow/dags/script.py
[2023-11-04T15:35:31.110+0000] {processor.py:839} INFO - DAG(s) dict_keys(['traffic_data']) retrieved from /opt/airflow/dags/script.py
[2023-11-04T15:35:31.250+0000] {logging_mixin.py:151} INFO - [2023-11-04T15:35:31.250+0000] {dag.py:2941} INFO - Sync 1 DAGs
[2023-11-04T15:35:31.307+0000] {processor.py:179} INFO - Processing /opt/airflow/dags/script.py took 0.592 seconds
[2023-11-04T15:36:01.419+0000] {processor.py:157} INFO - Started process (PID=871) to work on /opt/airflow/dags/script.py
[2023-11-04T15:36:01.427+0000] {processor.py:829} INFO - Processing file /opt/airflow/dags/script.py for tasks to queue
[2023-11-04T15:36:01.429+0000] {logging_mixin.py:151} INFO - [2023-11-04T15:36:01.428+0000] {dagbag.py:536} INFO - Filling up the DagBag from /opt/airflow/dags/script.py
[2023-11-04T15:36:01.770+0000] {processor.py:839} INFO - DAG(s) dict_keys(['traffic_data']) retrieved from /opt/airflow/dags/script.py
[2023-11-04T15:36:01.816+0000] {logging_mixin.py:151} INFO - [2023-11-04T15:36:01.816+0000] {dag.py:2941} INFO - Sync 1 DAGs
[2023-11-04T15:36:01.893+0000] {processor.py:179} INFO - Processing /opt/airflow/dags/script.py took 0.479 seconds
[2023-11-04T15:36:32.102+0000] {processor.py:157} INFO - Started process (PID=880) to work on /opt/airflow/dags/script.py
[2023-11-04T15:36:32.103+0000] {processor.py:829} INFO - Processing file /opt/airflow/dags/script.py for tasks to queue
[2023-11-04T15:36:32.104+0000] {logging_mixin.py:151} INFO - [2023-11-04T15:36:32.104+0000] {dagbag.py:536} INFO - Filling up the DagBag from /opt/airflow/dags/script.py
[2023-11-04T15:36:32.230+0000] {processor.py:839} INFO - DAG(s) dict_keys(['traffic_data']) retrieved from /opt/airflow/dags/script.py
[2023-11-04T15:36:32.588+0000] {logging_mixin.py:151} INFO - [2023-11-04T15:36:32.588+0000] {dag.py:2941} INFO - Sync 1 DAGs
[2023-11-04T15:36:32.643+0000] {processor.py:179} INFO - Processing /opt/airflow/dags/script.py took 0.545 seconds
[2023-11-04T15:37:02.752+0000] {processor.py:157} INFO - Started process (PID=889) to work on /opt/airflow/dags/script.py
[2023-11-04T15:37:02.753+0000] {processor.py:829} INFO - Processing file /opt/airflow/dags/script.py for tasks to queue
[2023-11-04T15:37:02.754+0000] {logging_mixin.py:151} INFO - [2023-11-04T15:37:02.754+0000] {dagbag.py:536} INFO - Filling up the DagBag from /opt/airflow/dags/script.py
[2023-11-04T15:37:02.882+0000] {processor.py:839} INFO - DAG(s) dict_keys(['traffic_data']) retrieved from /opt/airflow/dags/script.py
[2023-11-04T15:37:02.921+0000] {logging_mixin.py:151} INFO - [2023-11-04T15:37:02.921+0000] {dag.py:2941} INFO - Sync 1 DAGs
[2023-11-04T15:37:03.165+0000] {processor.py:179} INFO - Processing /opt/airflow/dags/script.py took 0.417 seconds
[2023-11-04T15:37:33.365+0000] {processor.py:157} INFO - Started process (PID=898) to work on /opt/airflow/dags/script.py
[2023-11-04T15:37:33.366+0000] {processor.py:829} INFO - Processing file /opt/airflow/dags/script.py for tasks to queue
[2023-11-04T15:37:33.367+0000] {logging_mixin.py:151} INFO - [2023-11-04T15:37:33.366+0000] {dagbag.py:536} INFO - Filling up the DagBag from /opt/airflow/dags/script.py
[2023-11-04T15:37:33.515+0000] {processor.py:839} INFO - DAG(s) dict_keys(['traffic_data']) retrieved from /opt/airflow/dags/script.py
[2023-11-04T15:37:33.845+0000] {logging_mixin.py:151} INFO - [2023-11-04T15:37:33.845+0000] {dag.py:2941} INFO - Sync 1 DAGs
[2023-11-04T15:37:33.911+0000] {processor.py:179} INFO - Processing /opt/airflow/dags/script.py took 0.551 seconds
[2023-11-04T15:38:04.033+0000] {processor.py:157} INFO - Started process (PID=907) to work on /opt/airflow/dags/script.py
[2023-11-04T15:38:04.034+0000] {processor.py:829} INFO - Processing file /opt/airflow/dags/script.py for tasks to queue
[2023-11-04T15:38:04.036+0000] {logging_mixin.py:151} INFO - [2023-11-04T15:38:04.035+0000] {dagbag.py:536} INFO - Filling up the DagBag from /opt/airflow/dags/script.py
[2023-11-04T15:38:04.452+0000] {processor.py:839} INFO - DAG(s) dict_keys(['traffic_data']) retrieved from /opt/airflow/dags/script.py
[2023-11-04T15:38:04.488+0000] {logging_mixin.py:151} INFO - [2023-11-04T15:38:04.487+0000] {dag.py:2941} INFO - Sync 1 DAGs
[2023-11-04T15:38:04.551+0000] {processor.py:179} INFO - Processing /opt/airflow/dags/script.py took 0.523 seconds
[2023-11-04T15:38:34.742+0000] {processor.py:157} INFO - Started process (PID=916) to work on /opt/airflow/dags/script.py
[2023-11-04T15:38:34.743+0000] {processor.py:829} INFO - Processing file /opt/airflow/dags/script.py for tasks to queue
[2023-11-04T15:38:34.745+0000] {logging_mixin.py:151} INFO - [2023-11-04T15:38:34.744+0000] {dagbag.py:536} INFO - Filling up the DagBag from /opt/airflow/dags/script.py
[2023-11-04T15:38:35.091+0000] {processor.py:839} INFO - DAG(s) dict_keys(['traffic_data']) retrieved from /opt/airflow/dags/script.py
[2023-11-04T15:38:35.226+0000] {logging_mixin.py:151} INFO - [2023-11-04T15:38:35.226+0000] {dag.py:2941} INFO - Sync 1 DAGs
[2023-11-04T15:38:35.289+0000] {processor.py:179} INFO - Processing /opt/airflow/dags/script.py took 0.552 seconds
[2023-11-04T15:39:05.416+0000] {processor.py:157} INFO - Started process (PID=925) to work on /opt/airflow/dags/script.py
[2023-11-04T15:39:05.417+0000] {processor.py:829} INFO - Processing file /opt/airflow/dags/script.py for tasks to queue
[2023-11-04T15:39:05.418+0000] {logging_mixin.py:151} INFO - [2023-11-04T15:39:05.418+0000] {dagbag.py:536} INFO - Filling up the DagBag from /opt/airflow/dags/script.py
[2023-11-04T15:39:05.611+0000] {processor.py:839} INFO - DAG(s) dict_keys(['traffic_data']) retrieved from /opt/airflow/dags/script.py
[2023-11-04T15:39:05.658+0000] {logging_mixin.py:151} INFO - [2023-11-04T15:39:05.658+0000] {dag.py:2941} INFO - Sync 1 DAGs
[2023-11-04T15:39:05.975+0000] {processor.py:179} INFO - Processing /opt/airflow/dags/script.py took 0.564 seconds
[2023-11-04T15:39:36.170+0000] {processor.py:157} INFO - Started process (PID=934) to work on /opt/airflow/dags/script.py
[2023-11-04T15:39:36.172+0000] {processor.py:829} INFO - Processing file /opt/airflow/dags/script.py for tasks to queue
[2023-11-04T15:39:36.173+0000] {logging_mixin.py:151} INFO - [2023-11-04T15:39:36.172+0000] {dagbag.py:536} INFO - Filling up the DagBag from /opt/airflow/dags/script.py
[2023-11-04T15:39:36.304+0000] {processor.py:839} INFO - DAG(s) dict_keys(['traffic_data']) retrieved from /opt/airflow/dags/script.py
[2023-11-04T15:39:36.703+0000] {logging_mixin.py:151} INFO - [2023-11-04T15:39:36.703+0000] {dag.py:2941} INFO - Sync 1 DAGs
[2023-11-04T15:39:36.766+0000] {processor.py:179} INFO - Processing /opt/airflow/dags/script.py took 0.600 seconds
[2023-11-04T15:40:06.859+0000] {processor.py:157} INFO - Started process (PID=943) to work on /opt/airflow/dags/script.py
[2023-11-04T15:40:06.860+0000] {processor.py:829} INFO - Processing file /opt/airflow/dags/script.py for tasks to queue
[2023-11-04T15:40:06.862+0000] {logging_mixin.py:151} INFO - [2023-11-04T15:40:06.861+0000] {dagbag.py:536} INFO - Filling up the DagBag from /opt/airflow/dags/script.py
[2023-11-04T15:40:06.994+0000] {processor.py:839} INFO - DAG(s) dict_keys(['traffic_data']) retrieved from /opt/airflow/dags/script.py
[2023-11-04T15:40:07.217+0000] {logging_mixin.py:151} INFO - [2023-11-04T15:40:07.217+0000] {dag.py:2941} INFO - Sync 1 DAGs
[2023-11-04T15:40:07.286+0000] {processor.py:179} INFO - Processing /opt/airflow/dags/script.py took 0.431 seconds
[2023-11-04T15:40:37.485+0000] {processor.py:157} INFO - Started process (PID=952) to work on /opt/airflow/dags/script.py
[2023-11-04T15:40:37.494+0000] {processor.py:829} INFO - Processing file /opt/airflow/dags/script.py for tasks to queue
[2023-11-04T15:40:37.495+0000] {logging_mixin.py:151} INFO - [2023-11-04T15:40:37.494+0000] {dagbag.py:536} INFO - Filling up the DagBag from /opt/airflow/dags/script.py
[2023-11-04T15:40:38.085+0000] {processor.py:839} INFO - DAG(s) dict_keys(['traffic_data']) retrieved from /opt/airflow/dags/script.py
[2023-11-04T15:40:38.367+0000] {logging_mixin.py:151} INFO - [2023-11-04T15:40:38.366+0000] {dag.py:2941} INFO - Sync 1 DAGs
[2023-11-04T15:40:38.441+0000] {processor.py:179} INFO - Processing /opt/airflow/dags/script.py took 0.961 seconds
[2023-11-04T15:41:08.625+0000] {processor.py:157} INFO - Started process (PID=962) to work on /opt/airflow/dags/script.py
[2023-11-04T15:41:08.626+0000] {processor.py:829} INFO - Processing file /opt/airflow/dags/script.py for tasks to queue
[2023-11-04T15:41:08.627+0000] {logging_mixin.py:151} INFO - [2023-11-04T15:41:08.627+0000] {dagbag.py:536} INFO - Filling up the DagBag from /opt/airflow/dags/script.py
[2023-11-04T15:41:08.949+0000] {processor.py:839} INFO - DAG(s) dict_keys(['traffic_data']) retrieved from /opt/airflow/dags/script.py
[2023-11-04T15:41:09.084+0000] {logging_mixin.py:151} INFO - [2023-11-04T15:41:09.084+0000] {dag.py:2941} INFO - Sync 1 DAGs
[2023-11-04T15:41:09.140+0000] {processor.py:179} INFO - Processing /opt/airflow/dags/script.py took 0.520 seconds
[2023-11-04T15:41:39.186+0000] {processor.py:157} INFO - Started process (PID=970) to work on /opt/airflow/dags/script.py
[2023-11-04T15:41:39.188+0000] {processor.py:829} INFO - Processing file /opt/airflow/dags/script.py for tasks to queue
[2023-11-04T15:41:39.190+0000] {logging_mixin.py:151} INFO - [2023-11-04T15:41:39.190+0000] {dagbag.py:536} INFO - Filling up the DagBag from /opt/airflow/dags/script.py
[2023-11-04T15:41:39.561+0000] {processor.py:839} INFO - DAG(s) dict_keys(['traffic_data']) retrieved from /opt/airflow/dags/script.py
[2023-11-04T15:41:39.594+0000] {logging_mixin.py:151} INFO - [2023-11-04T15:41:39.594+0000] {dag.py:2941} INFO - Sync 1 DAGs
[2023-11-04T15:41:39.659+0000] {processor.py:179} INFO - Processing /opt/airflow/dags/script.py took 0.479 seconds
[2023-11-04T15:42:09.857+0000] {processor.py:157} INFO - Started process (PID=979) to work on /opt/airflow/dags/script.py
[2023-11-04T15:42:09.859+0000] {processor.py:829} INFO - Processing file /opt/airflow/dags/script.py for tasks to queue
[2023-11-04T15:42:09.860+0000] {logging_mixin.py:151} INFO - [2023-11-04T15:42:09.860+0000] {dagbag.py:536} INFO - Filling up the DagBag from /opt/airflow/dags/script.py
[2023-11-04T15:42:10.013+0000] {processor.py:839} INFO - DAG(s) dict_keys(['traffic_data']) retrieved from /opt/airflow/dags/script.py
[2023-11-04T15:42:10.372+0000] {logging_mixin.py:151} INFO - [2023-11-04T15:42:10.372+0000] {dag.py:2941} INFO - Sync 1 DAGs
[2023-11-04T15:42:10.428+0000] {processor.py:179} INFO - Processing /opt/airflow/dags/script.py took 0.575 seconds
[2023-11-04T15:42:40.517+0000] {processor.py:157} INFO - Started process (PID=988) to work on /opt/airflow/dags/script.py
[2023-11-04T15:42:40.518+0000] {processor.py:829} INFO - Processing file /opt/airflow/dags/script.py for tasks to queue
[2023-11-04T15:42:40.519+0000] {logging_mixin.py:151} INFO - [2023-11-04T15:42:40.519+0000] {dagbag.py:536} INFO - Filling up the DagBag from /opt/airflow/dags/script.py
[2023-11-04T15:42:40.670+0000] {processor.py:839} INFO - DAG(s) dict_keys(['traffic_data']) retrieved from /opt/airflow/dags/script.py
[2023-11-04T15:42:40.734+0000] {logging_mixin.py:151} INFO - [2023-11-04T15:42:40.733+0000] {dag.py:2941} INFO - Sync 1 DAGs
[2023-11-04T15:42:41.036+0000] {processor.py:179} INFO - Processing /opt/airflow/dags/script.py took 0.524 seconds
[2023-11-04T15:43:11.247+0000] {processor.py:157} INFO - Started process (PID=997) to work on /opt/airflow/dags/script.py
[2023-11-04T15:43:11.249+0000] {processor.py:829} INFO - Processing file /opt/airflow/dags/script.py for tasks to queue
[2023-11-04T15:43:11.250+0000] {logging_mixin.py:151} INFO - [2023-11-04T15:43:11.250+0000] {dagbag.py:536} INFO - Filling up the DagBag from /opt/airflow/dags/script.py
[2023-11-04T15:43:11.387+0000] {processor.py:839} INFO - DAG(s) dict_keys(['traffic_data']) retrieved from /opt/airflow/dags/script.py
[2023-11-04T15:43:11.728+0000] {logging_mixin.py:151} INFO - [2023-11-04T15:43:11.728+0000] {dag.py:2941} INFO - Sync 1 DAGs
[2023-11-04T15:43:11.803+0000] {processor.py:179} INFO - Processing /opt/airflow/dags/script.py took 0.561 seconds
[2023-11-04T15:43:41.875+0000] {processor.py:157} INFO - Started process (PID=1006) to work on /opt/airflow/dags/script.py
[2023-11-04T15:43:41.876+0000] {processor.py:829} INFO - Processing file /opt/airflow/dags/script.py for tasks to queue
[2023-11-04T15:43:41.877+0000] {logging_mixin.py:151} INFO - [2023-11-04T15:43:41.877+0000] {dagbag.py:536} INFO - Filling up the DagBag from /opt/airflow/dags/script.py
[2023-11-04T15:43:42.193+0000] {processor.py:839} INFO - DAG(s) dict_keys(['traffic_data']) retrieved from /opt/airflow/dags/script.py
[2023-11-04T15:43:42.226+0000] {logging_mixin.py:151} INFO - [2023-11-04T15:43:42.226+0000] {dag.py:2941} INFO - Sync 1 DAGs
[2023-11-04T15:43:42.256+0000] {logging_mixin.py:151} INFO - [2023-11-04T15:43:42.256+0000] {dag.py:3722} INFO - Setting next_dagrun for traffic_data to 2023-11-04T15:42:42.255878+00:00, run_after=2023-11-04T15:43:42.255878+00:00
[2023-11-04T15:43:42.288+0000] {processor.py:179} INFO - Processing /opt/airflow/dags/script.py took 0.418 seconds
[2023-11-04T15:44:12.512+0000] {processor.py:157} INFO - Started process (PID=1015) to work on /opt/airflow/dags/script.py
[2023-11-04T15:44:12.520+0000] {processor.py:829} INFO - Processing file /opt/airflow/dags/script.py for tasks to queue
[2023-11-04T15:44:12.521+0000] {logging_mixin.py:151} INFO - [2023-11-04T15:44:12.521+0000] {dagbag.py:536} INFO - Filling up the DagBag from /opt/airflow/dags/script.py
[2023-11-04T15:44:12.876+0000] {processor.py:839} INFO - DAG(s) dict_keys(['traffic_data']) retrieved from /opt/airflow/dags/script.py
[2023-11-04T15:44:13.018+0000] {logging_mixin.py:151} INFO - [2023-11-04T15:44:13.018+0000] {dag.py:2941} INFO - Sync 1 DAGs
[2023-11-04T15:44:13.075+0000] {processor.py:179} INFO - Processing /opt/airflow/dags/script.py took 0.568 seconds
[2023-11-04T15:44:43.187+0000] {processor.py:157} INFO - Started process (PID=1024) to work on /opt/airflow/dags/script.py
[2023-11-04T15:44:43.188+0000] {processor.py:829} INFO - Processing file /opt/airflow/dags/script.py for tasks to queue
[2023-11-04T15:44:43.189+0000] {logging_mixin.py:151} INFO - [2023-11-04T15:44:43.188+0000] {dagbag.py:536} INFO - Filling up the DagBag from /opt/airflow/dags/script.py
[2023-11-04T15:44:43.328+0000] {processor.py:839} INFO - DAG(s) dict_keys(['traffic_data']) retrieved from /opt/airflow/dags/script.py
[2023-11-04T15:44:43.370+0000] {logging_mixin.py:151} INFO - [2023-11-04T15:44:43.370+0000] {dag.py:2941} INFO - Sync 1 DAGs
[2023-11-04T15:44:43.627+0000] {processor.py:179} INFO - Processing /opt/airflow/dags/script.py took 0.447 seconds
[2023-11-04T15:45:13.823+0000] {processor.py:157} INFO - Started process (PID=1033) to work on /opt/airflow/dags/script.py
[2023-11-04T15:45:13.825+0000] {processor.py:829} INFO - Processing file /opt/airflow/dags/script.py for tasks to queue
[2023-11-04T15:45:13.826+0000] {logging_mixin.py:151} INFO - [2023-11-04T15:45:13.825+0000] {dagbag.py:536} INFO - Filling up the DagBag from /opt/airflow/dags/script.py
[2023-11-04T15:45:13.954+0000] {processor.py:839} INFO - DAG(s) dict_keys(['traffic_data']) retrieved from /opt/airflow/dags/script.py
[2023-11-04T15:45:14.282+0000] {logging_mixin.py:151} INFO - [2023-11-04T15:45:14.282+0000] {dag.py:2941} INFO - Sync 1 DAGs
[2023-11-04T15:45:14.341+0000] {processor.py:179} INFO - Processing /opt/airflow/dags/script.py took 0.522 seconds
[2023-11-04T15:45:44.454+0000] {processor.py:157} INFO - Started process (PID=1042) to work on /opt/airflow/dags/script.py
[2023-11-04T15:45:44.455+0000] {processor.py:829} INFO - Processing file /opt/airflow/dags/script.py for tasks to queue
[2023-11-04T15:45:44.456+0000] {logging_mixin.py:151} INFO - [2023-11-04T15:45:44.455+0000] {dagbag.py:536} INFO - Filling up the DagBag from /opt/airflow/dags/script.py
[2023-11-04T15:45:44.610+0000] {processor.py:839} INFO - DAG(s) dict_keys(['traffic_data']) retrieved from /opt/airflow/dags/script.py
[2023-11-04T15:45:44.832+0000] {logging_mixin.py:151} INFO - [2023-11-04T15:45:44.832+0000] {dag.py:2941} INFO - Sync 1 DAGs
[2023-11-04T15:45:44.894+0000] {processor.py:179} INFO - Processing /opt/airflow/dags/script.py took 0.445 seconds
[2023-11-04T15:46:15.115+0000] {processor.py:157} INFO - Started process (PID=1051) to work on /opt/airflow/dags/script.py
[2023-11-04T15:46:15.117+0000] {processor.py:829} INFO - Processing file /opt/airflow/dags/script.py for tasks to queue
[2023-11-04T15:46:15.119+0000] {logging_mixin.py:151} INFO - [2023-11-04T15:46:15.118+0000] {dagbag.py:536} INFO - Filling up the DagBag from /opt/airflow/dags/script.py
[2023-11-04T15:46:15.518+0000] {processor.py:839} INFO - DAG(s) dict_keys(['traffic_data']) retrieved from /opt/airflow/dags/script.py
[2023-11-04T15:46:15.781+0000] {logging_mixin.py:151} INFO - [2023-11-04T15:46:15.780+0000] {dag.py:2941} INFO - Sync 1 DAGs
[2023-11-04T15:46:15.879+0000] {processor.py:179} INFO - Processing /opt/airflow/dags/script.py took 0.771 seconds
[2023-11-04T15:46:46.060+0000] {processor.py:157} INFO - Started process (PID=1061) to work on /opt/airflow/dags/script.py
[2023-11-04T15:46:46.062+0000] {processor.py:829} INFO - Processing file /opt/airflow/dags/script.py for tasks to queue
[2023-11-04T15:46:46.063+0000] {logging_mixin.py:151} INFO - [2023-11-04T15:46:46.063+0000] {dagbag.py:536} INFO - Filling up the DagBag from /opt/airflow/dags/script.py
[2023-11-04T15:46:47.221+0000] {processor.py:839} INFO - DAG(s) dict_keys(['traffic_data']) retrieved from /opt/airflow/dags/script.py
[2023-11-04T15:46:47.350+0000] {logging_mixin.py:151} INFO - [2023-11-04T15:46:47.349+0000] {dag.py:2941} INFO - Sync 1 DAGs
[2023-11-04T15:46:47.542+0000] {processor.py:179} INFO - Processing /opt/airflow/dags/script.py took 1.486 seconds
[2023-11-04T15:47:17.633+0000] {processor.py:157} INFO - Started process (PID=1069) to work on /opt/airflow/dags/script.py
[2023-11-04T15:47:17.634+0000] {processor.py:829} INFO - Processing file /opt/airflow/dags/script.py for tasks to queue
[2023-11-04T15:47:17.635+0000] {logging_mixin.py:151} INFO - [2023-11-04T15:47:17.634+0000] {dagbag.py:536} INFO - Filling up the DagBag from /opt/airflow/dags/script.py
[2023-11-04T15:47:18.014+0000] {processor.py:839} INFO - DAG(s) dict_keys(['traffic_data']) retrieved from /opt/airflow/dags/script.py
[2023-11-04T15:47:18.159+0000] {logging_mixin.py:151} INFO - [2023-11-04T15:47:18.159+0000] {dag.py:2941} INFO - Sync 1 DAGs
[2023-11-04T15:47:18.216+0000] {processor.py:179} INFO - Processing /opt/airflow/dags/script.py took 0.592 seconds
[2023-11-04T15:47:48.320+0000] {processor.py:157} INFO - Started process (PID=1078) to work on /opt/airflow/dags/script.py
[2023-11-04T15:47:48.322+0000] {processor.py:829} INFO - Processing file /opt/airflow/dags/script.py for tasks to queue
[2023-11-04T15:47:48.323+0000] {logging_mixin.py:151} INFO - [2023-11-04T15:47:48.323+0000] {dagbag.py:536} INFO - Filling up the DagBag from /opt/airflow/dags/script.py
[2023-11-04T15:47:48.504+0000] {processor.py:839} INFO - DAG(s) dict_keys(['traffic_data']) retrieved from /opt/airflow/dags/script.py
[2023-11-04T15:47:48.540+0000] {logging_mixin.py:151} INFO - [2023-11-04T15:47:48.540+0000] {dag.py:2941} INFO - Sync 1 DAGs
[2023-11-04T15:47:48.807+0000] {processor.py:179} INFO - Processing /opt/airflow/dags/script.py took 0.493 seconds
[2023-11-04T15:48:19.010+0000] {processor.py:157} INFO - Started process (PID=1086) to work on /opt/airflow/dags/script.py
[2023-11-04T15:48:19.011+0000] {processor.py:829} INFO - Processing file /opt/airflow/dags/script.py for tasks to queue
[2023-11-04T15:48:19.012+0000] {logging_mixin.py:151} INFO - [2023-11-04T15:48:19.011+0000] {dagbag.py:536} INFO - Filling up the DagBag from /opt/airflow/dags/script.py
[2023-11-04T15:48:19.176+0000] {processor.py:839} INFO - DAG(s) dict_keys(['traffic_data']) retrieved from /opt/airflow/dags/script.py
[2023-11-04T15:48:19.513+0000] {logging_mixin.py:151} INFO - [2023-11-04T15:48:19.512+0000] {dag.py:2941} INFO - Sync 1 DAGs
[2023-11-04T15:48:19.573+0000] {processor.py:179} INFO - Processing /opt/airflow/dags/script.py took 0.568 seconds
[2023-11-04T15:48:49.706+0000] {processor.py:157} INFO - Started process (PID=1095) to work on /opt/airflow/dags/script.py
[2023-11-04T15:48:49.708+0000] {processor.py:829} INFO - Processing file /opt/airflow/dags/script.py for tasks to queue
[2023-11-04T15:48:49.710+0000] {logging_mixin.py:151} INFO - [2023-11-04T15:48:49.709+0000] {dagbag.py:536} INFO - Filling up the DagBag from /opt/airflow/dags/script.py
[2023-11-04T15:48:50.053+0000] {processor.py:839} INFO - DAG(s) dict_keys(['traffic_data']) retrieved from /opt/airflow/dags/script.py
[2023-11-04T15:48:50.091+0000] {logging_mixin.py:151} INFO - [2023-11-04T15:48:50.091+0000] {dag.py:2941} INFO - Sync 1 DAGs
[2023-11-04T15:48:50.155+0000] {processor.py:179} INFO - Processing /opt/airflow/dags/script.py took 0.454 seconds
[2023-11-04T15:49:20.370+0000] {processor.py:157} INFO - Started process (PID=1104) to work on /opt/airflow/dags/script.py
[2023-11-04T15:49:20.370+0000] {processor.py:829} INFO - Processing file /opt/airflow/dags/script.py for tasks to queue
[2023-11-04T15:49:20.372+0000] {logging_mixin.py:151} INFO - [2023-11-04T15:49:20.371+0000] {dagbag.py:536} INFO - Filling up the DagBag from /opt/airflow/dags/script.py
[2023-11-04T15:49:24.581+0000] {processor.py:839} INFO - DAG(s) dict_keys(['traffic_data']) retrieved from /opt/airflow/dags/script.py
[2023-11-04T15:49:25.012+0000] {logging_mixin.py:151} INFO - [2023-11-04T15:49:25.012+0000] {dag.py:2941} INFO - Sync 1 DAGs
[2023-11-04T15:49:25.105+0000] {processor.py:179} INFO - Processing /opt/airflow/dags/script.py took 4.741 seconds
[2023-11-04T15:49:55.300+0000] {processor.py:157} INFO - Started process (PID=1114) to work on /opt/airflow/dags/script.py
[2023-11-04T15:49:55.301+0000] {processor.py:829} INFO - Processing file /opt/airflow/dags/script.py for tasks to queue
[2023-11-04T15:49:55.303+0000] {logging_mixin.py:151} INFO - [2023-11-04T15:49:55.302+0000] {dagbag.py:536} INFO - Filling up the DagBag from /opt/airflow/dags/script.py
[2023-11-04T15:49:55.721+0000] {processor.py:839} INFO - DAG(s) dict_keys(['traffic_data']) retrieved from /opt/airflow/dags/script.py
[2023-11-04T15:49:55.738+0000] {logging_mixin.py:151} INFO - [2023-11-04T15:49:55.738+0000] {dag.py:2941} INFO - Sync 1 DAGs
[2023-11-04T15:49:55.802+0000] {processor.py:179} INFO - Processing /opt/airflow/dags/script.py took 0.507 seconds
[2023-11-04T15:50:25.959+0000] {processor.py:157} INFO - Started process (PID=1122) to work on /opt/airflow/dags/script.py
[2023-11-04T15:50:25.961+0000] {processor.py:829} INFO - Processing file /opt/airflow/dags/script.py for tasks to queue
[2023-11-04T15:50:25.964+0000] {logging_mixin.py:151} INFO - [2023-11-04T15:50:25.963+0000] {dagbag.py:536} INFO - Filling up the DagBag from /opt/airflow/dags/script.py
[2023-11-04T15:50:26.190+0000] {processor.py:839} INFO - DAG(s) dict_keys(['traffic_data']) retrieved from /opt/airflow/dags/script.py
[2023-11-04T15:50:26.542+0000] {logging_mixin.py:151} INFO - [2023-11-04T15:50:26.541+0000] {dag.py:2941} INFO - Sync 1 DAGs
[2023-11-04T15:50:26.606+0000] {processor.py:179} INFO - Processing /opt/airflow/dags/script.py took 0.657 seconds
[2023-11-04T15:50:56.745+0000] {processor.py:157} INFO - Started process (PID=1131) to work on /opt/airflow/dags/script.py
[2023-11-04T15:50:56.746+0000] {processor.py:829} INFO - Processing file /opt/airflow/dags/script.py for tasks to queue
[2023-11-04T15:50:56.748+0000] {logging_mixin.py:151} INFO - [2023-11-04T15:50:56.747+0000] {dagbag.py:536} INFO - Filling up the DagBag from /opt/airflow/dags/script.py
[2023-11-04T15:50:56.885+0000] {processor.py:839} INFO - DAG(s) dict_keys(['traffic_data']) retrieved from /opt/airflow/dags/script.py
[2023-11-04T15:50:56.927+0000] {logging_mixin.py:151} INFO - [2023-11-04T15:50:56.926+0000] {dag.py:2941} INFO - Sync 1 DAGs
[2023-11-04T15:50:57.264+0000] {processor.py:179} INFO - Processing /opt/airflow/dags/script.py took 0.526 seconds
[2023-11-04T15:51:27.478+0000] {processor.py:157} INFO - Started process (PID=1140) to work on /opt/airflow/dags/script.py
[2023-11-04T15:51:27.479+0000] {processor.py:829} INFO - Processing file /opt/airflow/dags/script.py for tasks to queue
[2023-11-04T15:51:27.480+0000] {logging_mixin.py:151} INFO - [2023-11-04T15:51:27.480+0000] {dagbag.py:536} INFO - Filling up the DagBag from /opt/airflow/dags/script.py
[2023-11-04T15:51:27.601+0000] {processor.py:839} INFO - DAG(s) dict_keys(['traffic_data']) retrieved from /opt/airflow/dags/script.py
[2023-11-04T15:51:27.937+0000] {logging_mixin.py:151} INFO - [2023-11-04T15:51:27.936+0000] {dag.py:2941} INFO - Sync 1 DAGs
[2023-11-04T15:51:28.005+0000] {processor.py:179} INFO - Processing /opt/airflow/dags/script.py took 0.533 seconds
[2023-11-04T15:51:58.211+0000] {processor.py:157} INFO - Started process (PID=1149) to work on /opt/airflow/dags/script.py
[2023-11-04T15:51:58.212+0000] {processor.py:829} INFO - Processing file /opt/airflow/dags/script.py for tasks to queue
[2023-11-04T15:51:58.213+0000] {logging_mixin.py:151} INFO - [2023-11-04T15:51:58.213+0000] {dagbag.py:536} INFO - Filling up the DagBag from /opt/airflow/dags/script.py
[2023-11-04T15:51:58.505+0000] {processor.py:839} INFO - DAG(s) dict_keys(['traffic_data']) retrieved from /opt/airflow/dags/script.py
[2023-11-04T15:51:58.716+0000] {logging_mixin.py:151} INFO - [2023-11-04T15:51:58.716+0000] {dag.py:2941} INFO - Sync 1 DAGs
[2023-11-04T15:51:58.782+0000] {processor.py:179} INFO - Processing /opt/airflow/dags/script.py took 0.575 seconds
[2023-11-04T15:52:28.990+0000] {processor.py:157} INFO - Started process (PID=1158) to work on /opt/airflow/dags/script.py
[2023-11-04T15:52:28.991+0000] {processor.py:829} INFO - Processing file /opt/airflow/dags/script.py for tasks to queue
[2023-11-04T15:52:28.993+0000] {logging_mixin.py:151} INFO - [2023-11-04T15:52:28.992+0000] {dagbag.py:536} INFO - Filling up the DagBag from /opt/airflow/dags/script.py
[2023-11-04T15:52:29.332+0000] {processor.py:839} INFO - DAG(s) dict_keys(['traffic_data']) retrieved from /opt/airflow/dags/script.py
[2023-11-04T15:52:29.370+0000] {logging_mixin.py:151} INFO - [2023-11-04T15:52:29.370+0000] {dag.py:2941} INFO - Sync 1 DAGs
[2023-11-04T15:52:29.431+0000] {processor.py:179} INFO - Processing /opt/airflow/dags/script.py took 0.447 seconds
[2023-11-04T15:52:59.629+0000] {processor.py:157} INFO - Started process (PID=1167) to work on /opt/airflow/dags/script.py
[2023-11-04T15:52:59.631+0000] {processor.py:829} INFO - Processing file /opt/airflow/dags/script.py for tasks to queue
[2023-11-04T15:52:59.632+0000] {logging_mixin.py:151} INFO - [2023-11-04T15:52:59.632+0000] {dagbag.py:536} INFO - Filling up the DagBag from /opt/airflow/dags/script.py
[2023-11-04T15:52:59.926+0000] {processor.py:839} INFO - DAG(s) dict_keys(['traffic_data']) retrieved from /opt/airflow/dags/script.py
[2023-11-04T15:53:00.088+0000] {logging_mixin.py:151} INFO - [2023-11-04T15:53:00.087+0000] {dag.py:2941} INFO - Sync 1 DAGs
[2023-11-04T15:53:00.152+0000] {processor.py:179} INFO - Processing /opt/airflow/dags/script.py took 0.527 seconds
[2023-11-04T15:53:30.357+0000] {processor.py:157} INFO - Started process (PID=1176) to work on /opt/airflow/dags/script.py
[2023-11-04T15:53:30.359+0000] {processor.py:829} INFO - Processing file /opt/airflow/dags/script.py for tasks to queue
[2023-11-04T15:53:30.360+0000] {logging_mixin.py:151} INFO - [2023-11-04T15:53:30.359+0000] {dagbag.py:536} INFO - Filling up the DagBag from /opt/airflow/dags/script.py
[2023-11-04T15:53:30.521+0000] {processor.py:839} INFO - DAG(s) dict_keys(['traffic_data']) retrieved from /opt/airflow/dags/script.py
[2023-11-04T15:53:30.563+0000] {logging_mixin.py:151} INFO - [2023-11-04T15:53:30.563+0000] {dag.py:2941} INFO - Sync 1 DAGs
[2023-11-04T15:53:31.015+0000] {processor.py:179} INFO - Processing /opt/airflow/dags/script.py took 0.662 seconds
[2023-11-04T15:54:01.250+0000] {processor.py:157} INFO - Started process (PID=1185) to work on /opt/airflow/dags/script.py
[2023-11-04T15:54:01.251+0000] {processor.py:829} INFO - Processing file /opt/airflow/dags/script.py for tasks to queue
[2023-11-04T15:54:01.252+0000] {logging_mixin.py:151} INFO - [2023-11-04T15:54:01.252+0000] {dagbag.py:536} INFO - Filling up the DagBag from /opt/airflow/dags/script.py
[2023-11-04T15:54:01.404+0000] {processor.py:839} INFO - DAG(s) dict_keys(['traffic_data']) retrieved from /opt/airflow/dags/script.py
[2023-11-04T15:54:01.803+0000] {logging_mixin.py:151} INFO - [2023-11-04T15:54:01.803+0000] {dag.py:2941} INFO - Sync 1 DAGs
[2023-11-04T15:54:01.871+0000] {processor.py:179} INFO - Processing /opt/airflow/dags/script.py took 0.626 seconds
[2023-11-04T15:54:31.975+0000] {processor.py:157} INFO - Started process (PID=1194) to work on /opt/airflow/dags/script.py
[2023-11-04T15:54:31.977+0000] {processor.py:829} INFO - Processing file /opt/airflow/dags/script.py for tasks to queue
[2023-11-04T15:54:31.979+0000] {logging_mixin.py:151} INFO - [2023-11-04T15:54:31.978+0000] {dagbag.py:536} INFO - Filling up the DagBag from /opt/airflow/dags/script.py
[2023-11-04T15:54:32.290+0000] {processor.py:839} INFO - DAG(s) dict_keys(['traffic_data']) retrieved from /opt/airflow/dags/script.py
[2023-11-04T15:54:32.332+0000] {logging_mixin.py:151} INFO - [2023-11-04T15:54:32.331+0000] {dag.py:2941} INFO - Sync 1 DAGs
[2023-11-04T15:54:32.395+0000] {processor.py:179} INFO - Processing /opt/airflow/dags/script.py took 0.424 seconds
[2023-11-04T15:55:02.594+0000] {processor.py:157} INFO - Started process (PID=1203) to work on /opt/airflow/dags/script.py
[2023-11-04T15:55:02.595+0000] {processor.py:829} INFO - Processing file /opt/airflow/dags/script.py for tasks to queue
[2023-11-04T15:55:02.596+0000] {logging_mixin.py:151} INFO - [2023-11-04T15:55:02.596+0000] {dagbag.py:536} INFO - Filling up the DagBag from /opt/airflow/dags/script.py
[2023-11-04T15:55:02.951+0000] {processor.py:839} INFO - DAG(s) dict_keys(['traffic_data']) retrieved from /opt/airflow/dags/script.py
[2023-11-04T15:55:03.095+0000] {logging_mixin.py:151} INFO - [2023-11-04T15:55:03.095+0000] {dag.py:2941} INFO - Sync 1 DAGs
[2023-11-04T15:55:03.151+0000] {processor.py:179} INFO - Processing /opt/airflow/dags/script.py took 0.561 seconds
[2023-11-04T15:55:33.268+0000] {processor.py:157} INFO - Started process (PID=1212) to work on /opt/airflow/dags/script.py
[2023-11-04T15:55:33.270+0000] {processor.py:829} INFO - Processing file /opt/airflow/dags/script.py for tasks to queue
[2023-11-04T15:55:33.271+0000] {logging_mixin.py:151} INFO - [2023-11-04T15:55:33.271+0000] {dagbag.py:536} INFO - Filling up the DagBag from /opt/airflow/dags/script.py
[2023-11-04T15:55:33.592+0000] {processor.py:839} INFO - DAG(s) dict_keys(['traffic_data']) retrieved from /opt/airflow/dags/script.py
[2023-11-04T15:55:33.629+0000] {logging_mixin.py:151} INFO - [2023-11-04T15:55:33.629+0000] {dag.py:2941} INFO - Sync 1 DAGs
[2023-11-04T15:55:33.694+0000] {processor.py:179} INFO - Processing /opt/airflow/dags/script.py took 0.429 seconds
[2023-11-04T15:56:03.896+0000] {processor.py:157} INFO - Started process (PID=1221) to work on /opt/airflow/dags/script.py
[2023-11-04T15:56:03.897+0000] {processor.py:829} INFO - Processing file /opt/airflow/dags/script.py for tasks to queue
[2023-11-04T15:56:03.898+0000] {logging_mixin.py:151} INFO - [2023-11-04T15:56:03.898+0000] {dagbag.py:536} INFO - Filling up the DagBag from /opt/airflow/dags/script.py
[2023-11-04T15:56:04.041+0000] {processor.py:839} INFO - DAG(s) dict_keys(['traffic_data']) retrieved from /opt/airflow/dags/script.py
[2023-11-04T15:56:04.440+0000] {logging_mixin.py:151} INFO - [2023-11-04T15:56:04.440+0000] {dag.py:2941} INFO - Sync 1 DAGs
[2023-11-04T15:56:04.500+0000] {processor.py:179} INFO - Processing /opt/airflow/dags/script.py took 0.609 seconds
[2023-11-04T15:56:34.631+0000] {processor.py:157} INFO - Started process (PID=1237) to work on /opt/airflow/dags/script.py
[2023-11-04T15:56:34.633+0000] {processor.py:829} INFO - Processing file /opt/airflow/dags/script.py for tasks to queue
[2023-11-04T15:56:34.634+0000] {logging_mixin.py:151} INFO - [2023-11-04T15:56:34.634+0000] {dagbag.py:536} INFO - Filling up the DagBag from /opt/airflow/dags/script.py
[2023-11-04T15:56:34.801+0000] {processor.py:839} INFO - DAG(s) dict_keys(['traffic_data']) retrieved from /opt/airflow/dags/script.py
[2023-11-04T15:56:35.174+0000] {logging_mixin.py:151} INFO - [2023-11-04T15:56:35.173+0000] {dag.py:2941} INFO - Sync 1 DAGs
[2023-11-04T15:56:35.345+0000] {processor.py:179} INFO - Processing /opt/airflow/dags/script.py took 0.719 seconds
[2023-11-04T15:57:05.554+0000] {processor.py:157} INFO - Started process (PID=1246) to work on /opt/airflow/dags/script.py
[2023-11-04T15:57:05.556+0000] {processor.py:829} INFO - Processing file /opt/airflow/dags/script.py for tasks to queue
[2023-11-04T15:57:05.557+0000] {logging_mixin.py:151} INFO - [2023-11-04T15:57:05.557+0000] {dagbag.py:536} INFO - Filling up the DagBag from /opt/airflow/dags/script.py
[2023-11-04T15:57:05.907+0000] {processor.py:839} INFO - DAG(s) dict_keys(['traffic_data']) retrieved from /opt/airflow/dags/script.py
[2023-11-04T15:57:06.058+0000] {logging_mixin.py:151} INFO - [2023-11-04T15:57:06.057+0000] {dag.py:2941} INFO - Sync 1 DAGs
[2023-11-04T15:57:06.119+0000] {processor.py:179} INFO - Processing /opt/airflow/dags/script.py took 0.570 seconds
[2023-11-04T15:57:36.220+0000] {processor.py:157} INFO - Started process (PID=1255) to work on /opt/airflow/dags/script.py
[2023-11-04T15:57:36.221+0000] {processor.py:829} INFO - Processing file /opt/airflow/dags/script.py for tasks to queue
[2023-11-04T15:57:36.223+0000] {logging_mixin.py:151} INFO - [2023-11-04T15:57:36.222+0000] {dagbag.py:536} INFO - Filling up the DagBag from /opt/airflow/dags/script.py
[2023-11-04T15:57:36.537+0000] {processor.py:839} INFO - DAG(s) dict_keys(['traffic_data']) retrieved from /opt/airflow/dags/script.py
[2023-11-04T15:57:36.571+0000] {logging_mixin.py:151} INFO - [2023-11-04T15:57:36.571+0000] {dag.py:2941} INFO - Sync 1 DAGs
[2023-11-04T15:57:36.648+0000] {processor.py:179} INFO - Processing /opt/airflow/dags/script.py took 0.433 seconds
[2023-11-04T15:58:06.851+0000] {processor.py:157} INFO - Started process (PID=1264) to work on /opt/airflow/dags/script.py
[2023-11-04T15:58:06.852+0000] {processor.py:829} INFO - Processing file /opt/airflow/dags/script.py for tasks to queue
[2023-11-04T15:58:06.853+0000] {logging_mixin.py:151} INFO - [2023-11-04T15:58:06.852+0000] {dagbag.py:536} INFO - Filling up the DagBag from /opt/airflow/dags/script.py
[2023-11-04T15:58:07.250+0000] {processor.py:839} INFO - DAG(s) dict_keys(['traffic_data']) retrieved from /opt/airflow/dags/script.py
[2023-11-04T15:58:07.697+0000] {logging_mixin.py:151} INFO - [2023-11-04T15:58:07.696+0000] {dag.py:2941} INFO - Sync 1 DAGs
[2023-11-04T15:58:07.790+0000] {processor.py:179} INFO - Processing /opt/airflow/dags/script.py took 0.944 seconds
[2023-11-04T15:58:37.977+0000] {processor.py:157} INFO - Started process (PID=1274) to work on /opt/airflow/dags/script.py
[2023-11-04T15:58:37.979+0000] {processor.py:829} INFO - Processing file /opt/airflow/dags/script.py for tasks to queue
[2023-11-04T15:58:37.980+0000] {logging_mixin.py:151} INFO - [2023-11-04T15:58:37.979+0000] {dagbag.py:536} INFO - Filling up the DagBag from /opt/airflow/dags/script.py
[2023-11-04T15:58:38.339+0000] {processor.py:839} INFO - DAG(s) dict_keys(['traffic_data']) retrieved from /opt/airflow/dags/script.py
[2023-11-04T15:58:38.375+0000] {logging_mixin.py:151} INFO - [2023-11-04T15:58:38.374+0000] {dag.py:2941} INFO - Sync 1 DAGs
[2023-11-04T15:58:38.431+0000] {processor.py:179} INFO - Processing /opt/airflow/dags/script.py took 0.459 seconds
[2023-11-04T15:59:08.665+0000] {processor.py:157} INFO - Started process (PID=1283) to work on /opt/airflow/dags/script.py
[2023-11-04T15:59:08.666+0000] {processor.py:829} INFO - Processing file /opt/airflow/dags/script.py for tasks to queue
[2023-11-04T15:59:08.667+0000] {logging_mixin.py:151} INFO - [2023-11-04T15:59:08.666+0000] {dagbag.py:536} INFO - Filling up the DagBag from /opt/airflow/dags/script.py
[2023-11-04T15:59:08.791+0000] {processor.py:839} INFO - DAG(s) dict_keys(['traffic_data']) retrieved from /opt/airflow/dags/script.py
[2023-11-04T15:59:08.808+0000] {logging_mixin.py:151} INFO - [2023-11-04T15:59:08.807+0000] {dag.py:2941} INFO - Sync 1 DAGs
[2023-11-04T15:59:09.053+0000] {processor.py:179} INFO - Processing /opt/airflow/dags/script.py took 0.393 seconds
[2023-11-04T15:59:39.261+0000] {processor.py:157} INFO - Started process (PID=1292) to work on /opt/airflow/dags/script.py
[2023-11-04T15:59:39.263+0000] {processor.py:829} INFO - Processing file /opt/airflow/dags/script.py for tasks to queue
[2023-11-04T15:59:39.264+0000] {logging_mixin.py:151} INFO - [2023-11-04T15:59:39.264+0000] {dagbag.py:536} INFO - Filling up the DagBag from /opt/airflow/dags/script.py
[2023-11-04T15:59:39.385+0000] {processor.py:839} INFO - DAG(s) dict_keys(['traffic_data']) retrieved from /opt/airflow/dags/script.py
[2023-11-04T15:59:39.707+0000] {logging_mixin.py:151} INFO - [2023-11-04T15:59:39.707+0000] {dag.py:2941} INFO - Sync 1 DAGs
[2023-11-04T15:59:39.764+0000] {processor.py:179} INFO - Processing /opt/airflow/dags/script.py took 0.507 seconds
[2023-11-04T16:00:09.863+0000] {processor.py:157} INFO - Started process (PID=1301) to work on /opt/airflow/dags/script.py
[2023-11-04T16:00:09.864+0000] {processor.py:829} INFO - Processing file /opt/airflow/dags/script.py for tasks to queue
[2023-11-04T16:00:09.865+0000] {logging_mixin.py:151} INFO - [2023-11-04T16:00:09.864+0000] {dagbag.py:536} INFO - Filling up the DagBag from /opt/airflow/dags/script.py
[2023-11-04T16:00:10.235+0000] {processor.py:839} INFO - DAG(s) dict_keys(['traffic_data']) retrieved from /opt/airflow/dags/script.py
[2023-11-04T16:00:10.265+0000] {logging_mixin.py:151} INFO - [2023-11-04T16:00:10.264+0000] {dag.py:2941} INFO - Sync 1 DAGs
[2023-11-04T16:00:10.321+0000] {processor.py:179} INFO - Processing /opt/airflow/dags/script.py took 0.462 seconds
[2023-11-04T16:00:40.531+0000] {processor.py:157} INFO - Started process (PID=1310) to work on /opt/airflow/dags/script.py
[2023-11-04T16:00:40.533+0000] {processor.py:829} INFO - Processing file /opt/airflow/dags/script.py for tasks to queue
[2023-11-04T16:00:40.534+0000] {logging_mixin.py:151} INFO - [2023-11-04T16:00:40.534+0000] {dagbag.py:536} INFO - Filling up the DagBag from /opt/airflow/dags/script.py
[2023-11-04T16:00:40.945+0000] {processor.py:839} INFO - DAG(s) dict_keys(['traffic_data']) retrieved from /opt/airflow/dags/script.py
[2023-11-04T16:00:40.966+0000] {logging_mixin.py:151} INFO - [2023-11-04T16:00:40.965+0000] {dag.py:2941} INFO - Sync 1 DAGs
[2023-11-04T16:00:41.051+0000] {processor.py:179} INFO - Processing /opt/airflow/dags/script.py took 0.524 seconds
[2023-11-04T16:01:11.263+0000] {processor.py:157} INFO - Started process (PID=1319) to work on /opt/airflow/dags/script.py
[2023-11-04T16:01:11.264+0000] {processor.py:829} INFO - Processing file /opt/airflow/dags/script.py for tasks to queue
[2023-11-04T16:01:11.265+0000] {logging_mixin.py:151} INFO - [2023-11-04T16:01:11.265+0000] {dagbag.py:536} INFO - Filling up the DagBag from /opt/airflow/dags/script.py
[2023-11-04T16:01:11.563+0000] {processor.py:839} INFO - DAG(s) dict_keys(['traffic_data']) retrieved from /opt/airflow/dags/script.py
[2023-11-04T16:01:11.693+0000] {logging_mixin.py:151} INFO - [2023-11-04T16:01:11.693+0000] {dag.py:2941} INFO - Sync 1 DAGs
[2023-11-04T16:01:11.756+0000] {processor.py:179} INFO - Processing /opt/airflow/dags/script.py took 0.497 seconds
[2023-11-04T16:01:41.953+0000] {processor.py:157} INFO - Started process (PID=1328) to work on /opt/airflow/dags/script.py
[2023-11-04T16:01:41.962+0000] {processor.py:829} INFO - Processing file /opt/airflow/dags/script.py for tasks to queue
[2023-11-04T16:01:41.963+0000] {logging_mixin.py:151} INFO - [2023-11-04T16:01:41.963+0000] {dagbag.py:536} INFO - Filling up the DagBag from /opt/airflow/dags/script.py
[2023-11-04T16:01:42.264+0000] {processor.py:839} INFO - DAG(s) dict_keys(['traffic_data']) retrieved from /opt/airflow/dags/script.py
[2023-11-04T16:01:42.296+0000] {logging_mixin.py:151} INFO - [2023-11-04T16:01:42.295+0000] {dag.py:2941} INFO - Sync 1 DAGs
[2023-11-04T16:01:42.349+0000] {processor.py:179} INFO - Processing /opt/airflow/dags/script.py took 0.400 seconds
[2023-11-04T16:02:12.549+0000] {processor.py:157} INFO - Started process (PID=1337) to work on /opt/airflow/dags/script.py
[2023-11-04T16:02:12.550+0000] {processor.py:829} INFO - Processing file /opt/airflow/dags/script.py for tasks to queue
[2023-11-04T16:02:12.551+0000] {logging_mixin.py:151} INFO - [2023-11-04T16:02:12.550+0000] {dagbag.py:536} INFO - Filling up the DagBag from /opt/airflow/dags/script.py
[2023-11-04T16:02:12.755+0000] {processor.py:839} INFO - DAG(s) dict_keys(['traffic_data']) retrieved from /opt/airflow/dags/script.py
[2023-11-04T16:02:12.779+0000] {logging_mixin.py:151} INFO - [2023-11-04T16:02:12.778+0000] {dag.py:2941} INFO - Sync 1 DAGs
[2023-11-04T16:02:13.107+0000] {logging_mixin.py:151} INFO - [2023-11-04T16:02:13.106+0000] {dag.py:3722} INFO - Setting next_dagrun for traffic_data to 2023-11-04T16:01:13.106495+00:00, run_after=2023-11-04T16:02:13.106495+00:00
[2023-11-04T16:02:13.142+0000] {processor.py:179} INFO - Processing /opt/airflow/dags/script.py took 0.597 seconds
[2023-11-04T16:02:43.350+0000] {processor.py:157} INFO - Started process (PID=1346) to work on /opt/airflow/dags/script.py
[2023-11-04T16:02:43.351+0000] {processor.py:829} INFO - Processing file /opt/airflow/dags/script.py for tasks to queue
[2023-11-04T16:02:43.352+0000] {logging_mixin.py:151} INFO - [2023-11-04T16:02:43.352+0000] {dagbag.py:536} INFO - Filling up the DagBag from /opt/airflow/dags/script.py
[2023-11-04T16:02:43.472+0000] {processor.py:839} INFO - DAG(s) dict_keys(['traffic_data']) retrieved from /opt/airflow/dags/script.py
[2023-11-04T16:02:43.794+0000] {logging_mixin.py:151} INFO - [2023-11-04T16:02:43.794+0000] {dag.py:2941} INFO - Sync 1 DAGs
[2023-11-04T16:02:43.860+0000] {processor.py:179} INFO - Processing /opt/airflow/dags/script.py took 0.515 seconds
[2023-11-04T16:03:14.061+0000] {processor.py:157} INFO - Started process (PID=1355) to work on /opt/airflow/dags/script.py
[2023-11-04T16:03:14.061+0000] {processor.py:829} INFO - Processing file /opt/airflow/dags/script.py for tasks to queue
[2023-11-04T16:03:14.062+0000] {logging_mixin.py:151} INFO - [2023-11-04T16:03:14.062+0000] {dagbag.py:536} INFO - Filling up the DagBag from /opt/airflow/dags/script.py
[2023-11-04T16:03:14.349+0000] {processor.py:839} INFO - DAG(s) dict_keys(['traffic_data']) retrieved from /opt/airflow/dags/script.py
[2023-11-04T16:03:14.378+0000] {logging_mixin.py:151} INFO - [2023-11-04T16:03:14.378+0000] {dag.py:2941} INFO - Sync 1 DAGs
[2023-11-04T16:03:14.432+0000] {processor.py:179} INFO - Processing /opt/airflow/dags/script.py took 0.375 seconds
[2023-11-04T16:03:44.635+0000] {processor.py:157} INFO - Started process (PID=1364) to work on /opt/airflow/dags/script.py
[2023-11-04T16:03:44.636+0000] {processor.py:829} INFO - Processing file /opt/airflow/dags/script.py for tasks to queue
[2023-11-04T16:03:44.637+0000] {logging_mixin.py:151} INFO - [2023-11-04T16:03:44.637+0000] {dagbag.py:536} INFO - Filling up the DagBag from /opt/airflow/dags/script.py
[2023-11-04T16:03:44.941+0000] {processor.py:839} INFO - DAG(s) dict_keys(['traffic_data']) retrieved from /opt/airflow/dags/script.py
[2023-11-04T16:03:44.960+0000] {logging_mixin.py:151} INFO - [2023-11-04T16:03:44.959+0000] {dag.py:2941} INFO - Sync 1 DAGs
[2023-11-04T16:03:45.044+0000] {processor.py:179} INFO - Processing /opt/airflow/dags/script.py took 0.414 seconds
[2023-11-04T16:04:15.259+0000] {processor.py:157} INFO - Started process (PID=1373) to work on /opt/airflow/dags/script.py
[2023-11-04T16:04:15.261+0000] {processor.py:829} INFO - Processing file /opt/airflow/dags/script.py for tasks to queue
[2023-11-04T16:04:15.262+0000] {logging_mixin.py:151} INFO - [2023-11-04T16:04:15.261+0000] {dagbag.py:536} INFO - Filling up the DagBag from /opt/airflow/dags/script.py
[2023-11-04T16:04:15.551+0000] {processor.py:839} INFO - DAG(s) dict_keys(['traffic_data']) retrieved from /opt/airflow/dags/script.py
[2023-11-04T16:04:15.677+0000] {logging_mixin.py:151} INFO - [2023-11-04T16:04:15.676+0000] {dag.py:2941} INFO - Sync 1 DAGs
[2023-11-04T16:04:15.735+0000] {processor.py:179} INFO - Processing /opt/airflow/dags/script.py took 0.480 seconds
[2023-11-04T16:04:45.941+0000] {processor.py:157} INFO - Started process (PID=1382) to work on /opt/airflow/dags/script.py
[2023-11-04T16:04:45.943+0000] {processor.py:829} INFO - Processing file /opt/airflow/dags/script.py for tasks to queue
[2023-11-04T16:04:45.944+0000] {logging_mixin.py:151} INFO - [2023-11-04T16:04:45.943+0000] {dagbag.py:536} INFO - Filling up the DagBag from /opt/airflow/dags/script.py
[2023-11-04T16:04:46.069+0000] {processor.py:839} INFO - DAG(s) dict_keys(['traffic_data']) retrieved from /opt/airflow/dags/script.py
[2023-11-04T16:04:46.103+0000] {logging_mixin.py:151} INFO - [2023-11-04T16:04:46.102+0000] {dag.py:2941} INFO - Sync 1 DAGs
[2023-11-04T16:04:46.323+0000] {processor.py:179} INFO - Processing /opt/airflow/dags/script.py took 0.387 seconds
[2023-11-04T16:05:16.531+0000] {processor.py:157} INFO - Started process (PID=1393) to work on /opt/airflow/dags/script.py
[2023-11-04T16:05:16.532+0000] {processor.py:829} INFO - Processing file /opt/airflow/dags/script.py for tasks to queue
[2023-11-04T16:05:16.533+0000] {logging_mixin.py:151} INFO - [2023-11-04T16:05:16.533+0000] {dagbag.py:536} INFO - Filling up the DagBag from /opt/airflow/dags/script.py
[2023-11-04T16:05:16.654+0000] {processor.py:839} INFO - DAG(s) dict_keys(['traffic_data']) retrieved from /opt/airflow/dags/script.py
[2023-11-04T16:05:16.671+0000] {logging_mixin.py:151} INFO - [2023-11-04T16:05:16.671+0000] {dag.py:2941} INFO - Sync 1 DAGs
[2023-11-04T16:05:16.897+0000] {processor.py:179} INFO - Processing /opt/airflow/dags/script.py took 0.371 seconds
[2023-11-04T16:05:47.102+0000] {processor.py:157} INFO - Started process (PID=1402) to work on /opt/airflow/dags/script.py
[2023-11-04T16:05:47.111+0000] {processor.py:829} INFO - Processing file /opt/airflow/dags/script.py for tasks to queue
[2023-11-04T16:05:47.112+0000] {logging_mixin.py:151} INFO - [2023-11-04T16:05:47.111+0000] {dagbag.py:536} INFO - Filling up the DagBag from /opt/airflow/dags/script.py
[2023-11-04T16:05:47.425+0000] {processor.py:839} INFO - DAG(s) dict_keys(['traffic_data']) retrieved from /opt/airflow/dags/script.py
[2023-11-04T16:05:47.557+0000] {logging_mixin.py:151} INFO - [2023-11-04T16:05:47.557+0000] {dag.py:2941} INFO - Sync 1 DAGs
[2023-11-04T16:05:47.616+0000] {processor.py:179} INFO - Processing /opt/airflow/dags/script.py took 0.518 seconds
[2023-11-04T16:06:17.824+0000] {processor.py:157} INFO - Started process (PID=1411) to work on /opt/airflow/dags/script.py
[2023-11-04T16:06:17.826+0000] {processor.py:829} INFO - Processing file /opt/airflow/dags/script.py for tasks to queue
[2023-11-04T16:06:17.827+0000] {logging_mixin.py:151} INFO - [2023-11-04T16:06:17.826+0000] {dagbag.py:536} INFO - Filling up the DagBag from /opt/airflow/dags/script.py
[2023-11-04T16:06:18.137+0000] {processor.py:839} INFO - DAG(s) dict_keys(['traffic_data']) retrieved from /opt/airflow/dags/script.py
[2023-11-04T16:06:18.172+0000] {logging_mixin.py:151} INFO - [2023-11-04T16:06:18.172+0000] {dag.py:2941} INFO - Sync 1 DAGs
[2023-11-04T16:06:18.243+0000] {processor.py:179} INFO - Processing /opt/airflow/dags/script.py took 0.423 seconds
[2023-11-04T16:06:48.442+0000] {processor.py:157} INFO - Started process (PID=1420) to work on /opt/airflow/dags/script.py
[2023-11-04T16:06:48.450+0000] {processor.py:829} INFO - Processing file /opt/airflow/dags/script.py for tasks to queue
[2023-11-04T16:06:48.451+0000] {logging_mixin.py:151} INFO - [2023-11-04T16:06:48.451+0000] {dagbag.py:536} INFO - Filling up the DagBag from /opt/airflow/dags/script.py
[2023-11-04T16:06:48.754+0000] {processor.py:839} INFO - DAG(s) dict_keys(['traffic_data']) retrieved from /opt/airflow/dags/script.py
[2023-11-04T16:06:48.770+0000] {logging_mixin.py:151} INFO - [2023-11-04T16:06:48.770+0000] {dag.py:2941} INFO - Sync 1 DAGs
[2023-11-04T16:06:48.826+0000] {processor.py:179} INFO - Processing /opt/airflow/dags/script.py took 0.389 seconds
[2023-11-04T16:07:19.021+0000] {processor.py:157} INFO - Started process (PID=1429) to work on /opt/airflow/dags/script.py
[2023-11-04T16:07:19.022+0000] {processor.py:829} INFO - Processing file /opt/airflow/dags/script.py for tasks to queue
[2023-11-04T16:07:19.024+0000] {logging_mixin.py:151} INFO - [2023-11-04T16:07:19.023+0000] {dagbag.py:536} INFO - Filling up the DagBag from /opt/airflow/dags/script.py
[2023-11-04T16:07:19.356+0000] {processor.py:839} INFO - DAG(s) dict_keys(['traffic_data']) retrieved from /opt/airflow/dags/script.py
[2023-11-04T16:07:19.659+0000] {logging_mixin.py:151} INFO - [2023-11-04T16:07:19.658+0000] {dag.py:2941} INFO - Sync 1 DAGs
[2023-11-04T16:07:19.761+0000] {processor.py:179} INFO - Processing /opt/airflow/dags/script.py took 0.746 seconds
[2023-11-04T16:07:50.551+0000] {processor.py:157} INFO - Started process (PID=1438) to work on /opt/airflow/dags/script.py
[2023-11-04T16:07:50.552+0000] {processor.py:829} INFO - Processing file /opt/airflow/dags/script.py for tasks to queue
[2023-11-04T16:07:50.554+0000] {logging_mixin.py:151} INFO - [2023-11-04T16:07:50.553+0000] {dagbag.py:536} INFO - Filling up the DagBag from /opt/airflow/dags/script.py
[2023-11-04T16:07:50.695+0000] {processor.py:839} INFO - DAG(s) dict_keys(['traffic_data']) retrieved from /opt/airflow/dags/script.py
[2023-11-04T16:07:50.976+0000] {logging_mixin.py:151} INFO - [2023-11-04T16:07:50.975+0000] {dag.py:2941} INFO - Sync 1 DAGs
[2023-11-04T16:07:51.045+0000] {processor.py:179} INFO - Processing /opt/airflow/dags/script.py took 0.498 seconds
[2023-11-04T16:08:21.768+0000] {processor.py:157} INFO - Started process (PID=1447) to work on /opt/airflow/dags/script.py
[2023-11-04T16:08:21.769+0000] {processor.py:829} INFO - Processing file /opt/airflow/dags/script.py for tasks to queue
[2023-11-04T16:08:21.770+0000] {logging_mixin.py:151} INFO - [2023-11-04T16:08:21.769+0000] {dagbag.py:536} INFO - Filling up the DagBag from /opt/airflow/dags/script.py
[2023-11-04T16:08:22.091+0000] {processor.py:839} INFO - DAG(s) dict_keys(['traffic_data']) retrieved from /opt/airflow/dags/script.py
[2023-11-04T16:08:22.243+0000] {logging_mixin.py:151} INFO - [2023-11-04T16:08:22.243+0000] {dag.py:2941} INFO - Sync 1 DAGs
[2023-11-04T16:08:22.315+0000] {processor.py:179} INFO - Processing /opt/airflow/dags/script.py took 0.553 seconds
[2023-11-04T16:08:52.551+0000] {processor.py:157} INFO - Started process (PID=1457) to work on /opt/airflow/dags/script.py
[2023-11-04T16:08:52.560+0000] {processor.py:829} INFO - Processing file /opt/airflow/dags/script.py for tasks to queue
[2023-11-04T16:08:52.561+0000] {logging_mixin.py:151} INFO - [2023-11-04T16:08:52.560+0000] {dagbag.py:536} INFO - Filling up the DagBag from /opt/airflow/dags/script.py
[2023-11-04T16:08:52.868+0000] {processor.py:839} INFO - DAG(s) dict_keys(['traffic_data']) retrieved from /opt/airflow/dags/script.py
[2023-11-04T16:08:52.902+0000] {logging_mixin.py:151} INFO - [2023-11-04T16:08:52.901+0000] {dag.py:2941} INFO - Sync 1 DAGs
[2023-11-04T16:08:52.960+0000] {processor.py:179} INFO - Processing /opt/airflow/dags/script.py took 0.412 seconds
[2023-11-04T16:09:23.178+0000] {processor.py:157} INFO - Started process (PID=1466) to work on /opt/airflow/dags/script.py
[2023-11-04T16:09:23.179+0000] {processor.py:829} INFO - Processing file /opt/airflow/dags/script.py for tasks to queue
[2023-11-04T16:09:23.180+0000] {logging_mixin.py:151} INFO - [2023-11-04T16:09:23.180+0000] {dagbag.py:536} INFO - Filling up the DagBag from /opt/airflow/dags/script.py
[2023-11-04T16:09:23.488+0000] {processor.py:839} INFO - DAG(s) dict_keys(['traffic_data']) retrieved from /opt/airflow/dags/script.py
[2023-11-04T16:09:23.508+0000] {logging_mixin.py:151} INFO - [2023-11-04T16:09:23.507+0000] {dag.py:2941} INFO - Sync 1 DAGs
[2023-11-04T16:09:23.539+0000] {logging_mixin.py:151} INFO - [2023-11-04T16:09:23.539+0000] {dag.py:3722} INFO - Setting next_dagrun for traffic_data to 2023-11-04T16:08:23.538998+00:00, run_after=2023-11-04T16:09:23.538998+00:00
[2023-11-04T16:09:23.568+0000] {processor.py:179} INFO - Processing /opt/airflow/dags/script.py took 0.395 seconds
[2023-11-04T16:09:53.779+0000] {processor.py:157} INFO - Started process (PID=1475) to work on /opt/airflow/dags/script.py
[2023-11-04T16:09:53.781+0000] {processor.py:829} INFO - Processing file /opt/airflow/dags/script.py for tasks to queue
[2023-11-04T16:09:53.782+0000] {logging_mixin.py:151} INFO - [2023-11-04T16:09:53.781+0000] {dagbag.py:536} INFO - Filling up the DagBag from /opt/airflow/dags/script.py
[2023-11-04T16:09:54.182+0000] {processor.py:839} INFO - DAG(s) dict_keys(['traffic_data']) retrieved from /opt/airflow/dags/script.py
[2023-11-04T16:09:54.335+0000] {logging_mixin.py:151} INFO - [2023-11-04T16:09:54.335+0000] {dag.py:2941} INFO - Sync 1 DAGs
[2023-11-04T16:09:54.389+0000] {processor.py:179} INFO - Processing /opt/airflow/dags/script.py took 0.615 seconds
[2023-11-04T16:10:25.007+0000] {processor.py:157} INFO - Started process (PID=1484) to work on /opt/airflow/dags/script.py
[2023-11-04T16:10:25.008+0000] {processor.py:829} INFO - Processing file /opt/airflow/dags/script.py for tasks to queue
[2023-11-04T16:10:25.010+0000] {logging_mixin.py:151} INFO - [2023-11-04T16:10:25.009+0000] {dagbag.py:536} INFO - Filling up the DagBag from /opt/airflow/dags/script.py
[2023-11-04T16:10:25.161+0000] {processor.py:839} INFO - DAG(s) dict_keys(['traffic_data']) retrieved from /opt/airflow/dags/script.py
[2023-11-04T16:10:25.402+0000] {logging_mixin.py:151} INFO - [2023-11-04T16:10:25.402+0000] {dag.py:2941} INFO - Sync 1 DAGs
[2023-11-04T16:10:25.478+0000] {processor.py:179} INFO - Processing /opt/airflow/dags/script.py took 0.476 seconds
[2023-11-04T16:10:55.671+0000] {processor.py:157} INFO - Started process (PID=1493) to work on /opt/airflow/dags/script.py
[2023-11-04T16:10:55.673+0000] {processor.py:829} INFO - Processing file /opt/airflow/dags/script.py for tasks to queue
[2023-11-04T16:10:55.674+0000] {logging_mixin.py:151} INFO - [2023-11-04T16:10:55.674+0000] {dagbag.py:536} INFO - Filling up the DagBag from /opt/airflow/dags/script.py
[2023-11-04T16:10:56.128+0000] {processor.py:839} INFO - DAG(s) dict_keys(['traffic_data']) retrieved from /opt/airflow/dags/script.py
[2023-11-04T16:10:56.277+0000] {logging_mixin.py:151} INFO - [2023-11-04T16:10:56.276+0000] {dag.py:2941} INFO - Sync 1 DAGs
[2023-11-04T16:10:56.342+0000] {processor.py:179} INFO - Processing /opt/airflow/dags/script.py took 0.675 seconds
[2023-11-04T16:11:26.574+0000] {processor.py:157} INFO - Started process (PID=1502) to work on /opt/airflow/dags/script.py
[2023-11-04T16:11:26.576+0000] {processor.py:829} INFO - Processing file /opt/airflow/dags/script.py for tasks to queue
[2023-11-04T16:11:26.578+0000] {logging_mixin.py:151} INFO - [2023-11-04T16:11:26.577+0000] {dagbag.py:536} INFO - Filling up the DagBag from /opt/airflow/dags/script.py
[2023-11-04T16:11:27.215+0000] {processor.py:839} INFO - DAG(s) dict_keys(['traffic_data']) retrieved from /opt/airflow/dags/script.py
[2023-11-04T16:11:27.313+0000] {logging_mixin.py:151} INFO - [2023-11-04T16:11:27.313+0000] {dag.py:2941} INFO - Sync 1 DAGs
[2023-11-04T16:11:27.400+0000] {processor.py:179} INFO - Processing /opt/airflow/dags/script.py took 0.842 seconds
[2023-11-04T16:11:57.627+0000] {processor.py:157} INFO - Started process (PID=1511) to work on /opt/airflow/dags/script.py
[2023-11-04T16:11:57.629+0000] {processor.py:829} INFO - Processing file /opt/airflow/dags/script.py for tasks to queue
[2023-11-04T16:11:57.630+0000] {logging_mixin.py:151} INFO - [2023-11-04T16:11:57.629+0000] {dagbag.py:536} INFO - Filling up the DagBag from /opt/airflow/dags/script.py
[2023-11-04T16:11:57.956+0000] {processor.py:839} INFO - DAG(s) dict_keys(['traffic_data']) retrieved from /opt/airflow/dags/script.py
[2023-11-04T16:11:58.238+0000] {logging_mixin.py:151} INFO - [2023-11-04T16:11:58.237+0000] {dag.py:2941} INFO - Sync 1 DAGs
[2023-11-04T16:11:58.331+0000] {processor.py:179} INFO - Processing /opt/airflow/dags/script.py took 0.708 seconds
[2023-11-04T16:12:28.548+0000] {processor.py:157} INFO - Started process (PID=1520) to work on /opt/airflow/dags/script.py
[2023-11-04T16:12:28.550+0000] {processor.py:829} INFO - Processing file /opt/airflow/dags/script.py for tasks to queue
[2023-11-04T16:12:28.552+0000] {logging_mixin.py:151} INFO - [2023-11-04T16:12:28.551+0000] {dagbag.py:536} INFO - Filling up the DagBag from /opt/airflow/dags/script.py
[2023-11-04T16:12:29.108+0000] {processor.py:839} INFO - DAG(s) dict_keys(['traffic_data']) retrieved from /opt/airflow/dags/script.py
[2023-11-04T16:12:29.202+0000] {logging_mixin.py:151} INFO - [2023-11-04T16:12:29.202+0000] {dag.py:2941} INFO - Sync 1 DAGs
[2023-11-04T16:12:29.318+0000] {processor.py:179} INFO - Processing /opt/airflow/dags/script.py took 0.776 seconds
[2023-11-04T16:12:59.530+0000] {processor.py:157} INFO - Started process (PID=1529) to work on /opt/airflow/dags/script.py
[2023-11-04T16:12:59.531+0000] {processor.py:829} INFO - Processing file /opt/airflow/dags/script.py for tasks to queue
[2023-11-04T16:12:59.532+0000] {logging_mixin.py:151} INFO - [2023-11-04T16:12:59.531+0000] {dagbag.py:536} INFO - Filling up the DagBag from /opt/airflow/dags/script.py
[2023-11-04T16:12:59.884+0000] {processor.py:839} INFO - DAG(s) dict_keys(['traffic_data']) retrieved from /opt/airflow/dags/script.py
[2023-11-04T16:13:00.294+0000] {logging_mixin.py:151} INFO - [2023-11-04T16:13:00.293+0000] {dag.py:2941} INFO - Sync 1 DAGs
[2023-11-04T16:13:00.439+0000] {processor.py:179} INFO - Processing /opt/airflow/dags/script.py took 0.914 seconds
[2023-11-04T16:13:30.663+0000] {processor.py:157} INFO - Started process (PID=1538) to work on /opt/airflow/dags/script.py
[2023-11-04T16:13:30.666+0000] {processor.py:829} INFO - Processing file /opt/airflow/dags/script.py for tasks to queue
[2023-11-04T16:13:30.667+0000] {logging_mixin.py:151} INFO - [2023-11-04T16:13:30.666+0000] {dagbag.py:536} INFO - Filling up the DagBag from /opt/airflow/dags/script.py
[2023-11-04T16:13:30.812+0000] {processor.py:839} INFO - DAG(s) dict_keys(['traffic_data']) retrieved from /opt/airflow/dags/script.py
[2023-11-04T16:13:31.163+0000] {logging_mixin.py:151} INFO - [2023-11-04T16:13:31.163+0000] {dag.py:2941} INFO - Sync 1 DAGs
[2023-11-04T16:13:31.255+0000] {processor.py:179} INFO - Processing /opt/airflow/dags/script.py took 0.596 seconds
[2023-11-04T16:14:01.475+0000] {processor.py:157} INFO - Started process (PID=1547) to work on /opt/airflow/dags/script.py
[2023-11-04T16:14:01.477+0000] {processor.py:829} INFO - Processing file /opt/airflow/dags/script.py for tasks to queue
[2023-11-04T16:14:01.478+0000] {logging_mixin.py:151} INFO - [2023-11-04T16:14:01.478+0000] {dagbag.py:536} INFO - Filling up the DagBag from /opt/airflow/dags/script.py
[2023-11-04T16:14:01.910+0000] {processor.py:839} INFO - DAG(s) dict_keys(['traffic_data']) retrieved from /opt/airflow/dags/script.py
[2023-11-04T16:14:02.212+0000] {logging_mixin.py:151} INFO - [2023-11-04T16:14:02.212+0000] {dag.py:2941} INFO - Sync 1 DAGs
[2023-11-04T16:14:02.290+0000] {processor.py:179} INFO - Processing /opt/airflow/dags/script.py took 0.819 seconds
[2023-11-04T16:14:32.451+0000] {processor.py:157} INFO - Started process (PID=1556) to work on /opt/airflow/dags/script.py
[2023-11-04T16:14:32.453+0000] {processor.py:829} INFO - Processing file /opt/airflow/dags/script.py for tasks to queue
[2023-11-04T16:14:32.455+0000] {logging_mixin.py:151} INFO - [2023-11-04T16:14:32.454+0000] {dagbag.py:536} INFO - Filling up the DagBag from /opt/airflow/dags/script.py
[2023-11-04T16:14:32.917+0000] {processor.py:839} INFO - DAG(s) dict_keys(['traffic_data']) retrieved from /opt/airflow/dags/script.py
[2023-11-04T16:14:32.973+0000] {logging_mixin.py:151} INFO - [2023-11-04T16:14:32.973+0000] {dag.py:2941} INFO - Sync 1 DAGs
[2023-11-04T16:14:33.047+0000] {processor.py:179} INFO - Processing /opt/airflow/dags/script.py took 0.600 seconds
[2023-11-04T16:15:03.253+0000] {processor.py:157} INFO - Started process (PID=1566) to work on /opt/airflow/dags/script.py
[2023-11-04T16:15:03.255+0000] {processor.py:829} INFO - Processing file /opt/airflow/dags/script.py for tasks to queue
[2023-11-04T16:15:03.256+0000] {logging_mixin.py:151} INFO - [2023-11-04T16:15:03.255+0000] {dagbag.py:536} INFO - Filling up the DagBag from /opt/airflow/dags/script.py
[2023-11-04T16:15:03.684+0000] {processor.py:839} INFO - DAG(s) dict_keys(['traffic_data']) retrieved from /opt/airflow/dags/script.py
[2023-11-04T16:15:03.986+0000] {logging_mixin.py:151} INFO - [2023-11-04T16:15:03.986+0000] {dag.py:2941} INFO - Sync 1 DAGs
[2023-11-04T16:15:04.050+0000] {processor.py:179} INFO - Processing /opt/airflow/dags/script.py took 0.802 seconds
[2023-11-04T16:15:34.086+0000] {processor.py:157} INFO - Started process (PID=1575) to work on /opt/airflow/dags/script.py
[2023-11-04T16:15:34.088+0000] {processor.py:829} INFO - Processing file /opt/airflow/dags/script.py for tasks to queue
[2023-11-04T16:15:34.089+0000] {logging_mixin.py:151} INFO - [2023-11-04T16:15:34.089+0000] {dagbag.py:536} INFO - Filling up the DagBag from /opt/airflow/dags/script.py
[2023-11-04T16:15:34.530+0000] {processor.py:839} INFO - DAG(s) dict_keys(['traffic_data']) retrieved from /opt/airflow/dags/script.py
[2023-11-04T16:15:34.590+0000] {logging_mixin.py:151} INFO - [2023-11-04T16:15:34.590+0000] {dag.py:2941} INFO - Sync 1 DAGs
[2023-11-04T16:15:34.658+0000] {processor.py:179} INFO - Processing /opt/airflow/dags/script.py took 0.577 seconds
[2023-11-04T16:16:04.873+0000] {processor.py:157} INFO - Started process (PID=1584) to work on /opt/airflow/dags/script.py
[2023-11-04T16:16:04.874+0000] {processor.py:829} INFO - Processing file /opt/airflow/dags/script.py for tasks to queue
[2023-11-04T16:16:04.875+0000] {logging_mixin.py:151} INFO - [2023-11-04T16:16:04.875+0000] {dagbag.py:536} INFO - Filling up the DagBag from /opt/airflow/dags/script.py
[2023-11-04T16:16:05.273+0000] {processor.py:839} INFO - DAG(s) dict_keys(['traffic_data']) retrieved from /opt/airflow/dags/script.py
[2023-11-04T16:16:05.546+0000] {logging_mixin.py:151} INFO - [2023-11-04T16:16:05.545+0000] {dag.py:2941} INFO - Sync 1 DAGs
[2023-11-04T16:16:05.602+0000] {processor.py:179} INFO - Processing /opt/airflow/dags/script.py took 0.734 seconds
[2023-11-04T16:16:35.786+0000] {processor.py:157} INFO - Started process (PID=1594) to work on /opt/airflow/dags/script.py
[2023-11-04T16:16:35.789+0000] {processor.py:829} INFO - Processing file /opt/airflow/dags/script.py for tasks to queue
[2023-11-04T16:16:35.791+0000] {logging_mixin.py:151} INFO - [2023-11-04T16:16:35.790+0000] {dagbag.py:536} INFO - Filling up the DagBag from /opt/airflow/dags/script.py
[2023-11-04T16:16:36.239+0000] {processor.py:839} INFO - DAG(s) dict_keys(['traffic_data']) retrieved from /opt/airflow/dags/script.py
[2023-11-04T16:16:36.288+0000] {logging_mixin.py:151} INFO - [2023-11-04T16:16:36.288+0000] {dag.py:2941} INFO - Sync 1 DAGs
[2023-11-04T16:16:36.364+0000] {processor.py:179} INFO - Processing /opt/airflow/dags/script.py took 0.584 seconds
[2023-11-04T16:17:06.597+0000] {processor.py:157} INFO - Started process (PID=1602) to work on /opt/airflow/dags/script.py
[2023-11-04T16:17:06.598+0000] {processor.py:829} INFO - Processing file /opt/airflow/dags/script.py for tasks to queue
[2023-11-04T16:17:06.600+0000] {logging_mixin.py:151} INFO - [2023-11-04T16:17:06.599+0000] {dagbag.py:536} INFO - Filling up the DagBag from /opt/airflow/dags/script.py
[2023-11-04T16:17:07.194+0000] {processor.py:839} INFO - DAG(s) dict_keys(['traffic_data']) retrieved from /opt/airflow/dags/script.py
[2023-11-04T16:17:07.574+0000] {logging_mixin.py:151} INFO - [2023-11-04T16:17:07.573+0000] {dag.py:2941} INFO - Sync 1 DAGs
[2023-11-04T16:17:07.644+0000] {processor.py:179} INFO - Processing /opt/airflow/dags/script.py took 1.052 seconds
[2023-11-04T16:17:37.713+0000] {processor.py:157} INFO - Started process (PID=1611) to work on /opt/airflow/dags/script.py
[2023-11-04T16:17:37.716+0000] {processor.py:829} INFO - Processing file /opt/airflow/dags/script.py for tasks to queue
[2023-11-04T16:17:37.717+0000] {logging_mixin.py:151} INFO - [2023-11-04T16:17:37.717+0000] {dagbag.py:536} INFO - Filling up the DagBag from /opt/airflow/dags/script.py
[2023-11-04T16:17:38.392+0000] {processor.py:839} INFO - DAG(s) dict_keys(['traffic_data']) retrieved from /opt/airflow/dags/script.py
[2023-11-04T16:17:38.510+0000] {logging_mixin.py:151} INFO - [2023-11-04T16:17:38.510+0000] {dag.py:2941} INFO - Sync 1 DAGs
[2023-11-04T16:17:38.604+0000] {processor.py:179} INFO - Processing /opt/airflow/dags/script.py took 0.900 seconds
[2023-11-04T16:18:09.034+0000] {processor.py:157} INFO - Started process (PID=1620) to work on /opt/airflow/dags/script.py
[2023-11-04T16:18:09.036+0000] {processor.py:829} INFO - Processing file /opt/airflow/dags/script.py for tasks to queue
[2023-11-04T16:18:09.038+0000] {logging_mixin.py:151} INFO - [2023-11-04T16:18:09.038+0000] {dagbag.py:536} INFO - Filling up the DagBag from /opt/airflow/dags/script.py
[2023-11-04T16:18:09.523+0000] {processor.py:839} INFO - DAG(s) dict_keys(['traffic_data']) retrieved from /opt/airflow/dags/script.py
[2023-11-04T16:18:09.860+0000] {logging_mixin.py:151} INFO - [2023-11-04T16:18:09.859+0000] {dag.py:2941} INFO - Sync 1 DAGs
[2023-11-04T16:18:09.915+0000] {processor.py:179} INFO - Processing /opt/airflow/dags/script.py took 0.888 seconds
[2023-11-04T16:18:40.111+0000] {processor.py:157} INFO - Started process (PID=1630) to work on /opt/airflow/dags/script.py
[2023-11-04T16:18:40.113+0000] {processor.py:829} INFO - Processing file /opt/airflow/dags/script.py for tasks to queue
[2023-11-04T16:18:40.114+0000] {logging_mixin.py:151} INFO - [2023-11-04T16:18:40.114+0000] {dagbag.py:536} INFO - Filling up the DagBag from /opt/airflow/dags/script.py
[2023-11-04T16:18:40.588+0000] {processor.py:839} INFO - DAG(s) dict_keys(['traffic_data']) retrieved from /opt/airflow/dags/script.py
[2023-11-04T16:18:40.628+0000] {logging_mixin.py:151} INFO - [2023-11-04T16:18:40.628+0000] {dag.py:2941} INFO - Sync 1 DAGs
[2023-11-04T16:18:40.693+0000] {processor.py:179} INFO - Processing /opt/airflow/dags/script.py took 0.586 seconds
[2023-11-04T16:19:10.953+0000] {processor.py:157} INFO - Started process (PID=1638) to work on /opt/airflow/dags/script.py
[2023-11-04T16:19:10.955+0000] {processor.py:829} INFO - Processing file /opt/airflow/dags/script.py for tasks to queue
[2023-11-04T16:19:10.956+0000] {logging_mixin.py:151} INFO - [2023-11-04T16:19:10.956+0000] {dagbag.py:536} INFO - Filling up the DagBag from /opt/airflow/dags/script.py
[2023-11-04T16:19:11.206+0000] {processor.py:839} INFO - DAG(s) dict_keys(['traffic_data']) retrieved from /opt/airflow/dags/script.py
[2023-11-04T16:19:11.735+0000] {logging_mixin.py:151} INFO - [2023-11-04T16:19:11.735+0000] {dag.py:2941} INFO - Sync 1 DAGs
[2023-11-04T16:19:11.808+0000] {processor.py:179} INFO - Processing /opt/airflow/dags/script.py took 0.860 seconds
[2023-11-04T16:19:42.045+0000] {processor.py:157} INFO - Started process (PID=1649) to work on /opt/airflow/dags/script.py
[2023-11-04T16:19:42.047+0000] {processor.py:829} INFO - Processing file /opt/airflow/dags/script.py for tasks to queue
[2023-11-04T16:19:42.048+0000] {logging_mixin.py:151} INFO - [2023-11-04T16:19:42.047+0000] {dagbag.py:536} INFO - Filling up the DagBag from /opt/airflow/dags/script.py
[2023-11-04T16:19:42.485+0000] {processor.py:839} INFO - DAG(s) dict_keys(['traffic_data']) retrieved from /opt/airflow/dags/script.py
[2023-11-04T16:19:42.527+0000] {logging_mixin.py:151} INFO - [2023-11-04T16:19:42.526+0000] {dag.py:2941} INFO - Sync 1 DAGs
[2023-11-04T16:19:42.599+0000] {processor.py:179} INFO - Processing /opt/airflow/dags/script.py took 0.559 seconds
[2023-11-04T16:20:12.813+0000] {processor.py:157} INFO - Started process (PID=1664) to work on /opt/airflow/dags/script.py
[2023-11-04T16:20:12.815+0000] {processor.py:829} INFO - Processing file /opt/airflow/dags/script.py for tasks to queue
[2023-11-04T16:20:12.816+0000] {logging_mixin.py:151} INFO - [2023-11-04T16:20:12.816+0000] {dagbag.py:536} INFO - Filling up the DagBag from /opt/airflow/dags/script.py
[2023-11-04T16:20:13.302+0000] {processor.py:839} INFO - DAG(s) dict_keys(['traffic_data']) retrieved from /opt/airflow/dags/script.py
[2023-11-04T16:20:13.659+0000] {logging_mixin.py:151} INFO - [2023-11-04T16:20:13.658+0000] {dag.py:2941} INFO - Sync 1 DAGs
[2023-11-04T16:20:13.718+0000] {processor.py:179} INFO - Processing /opt/airflow/dags/script.py took 0.910 seconds
[2023-11-04T16:20:43.907+0000] {processor.py:157} INFO - Started process (PID=1675) to work on /opt/airflow/dags/script.py
[2023-11-04T16:20:43.909+0000] {processor.py:829} INFO - Processing file /opt/airflow/dags/script.py for tasks to queue
[2023-11-04T16:20:43.910+0000] {logging_mixin.py:151} INFO - [2023-11-04T16:20:43.910+0000] {dagbag.py:536} INFO - Filling up the DagBag from /opt/airflow/dags/script.py
[2023-11-04T16:20:44.594+0000] {processor.py:839} INFO - DAG(s) dict_keys(['traffic_data']) retrieved from /opt/airflow/dags/script.py
[2023-11-04T16:20:46.220+0000] {logging_mixin.py:151} INFO - [2023-11-04T16:20:46.215+0000] {dag.py:2941} INFO - Sync 1 DAGs
[2023-11-04T16:20:46.342+0000] {processor.py:179} INFO - Processing /opt/airflow/dags/script.py took 2.439 seconds
[2023-11-04T16:21:16.551+0000] {processor.py:157} INFO - Started process (PID=1684) to work on /opt/airflow/dags/script.py
[2023-11-04T16:21:16.553+0000] {processor.py:829} INFO - Processing file /opt/airflow/dags/script.py for tasks to queue
[2023-11-04T16:21:16.554+0000] {logging_mixin.py:151} INFO - [2023-11-04T16:21:16.553+0000] {dagbag.py:536} INFO - Filling up the DagBag from /opt/airflow/dags/script.py
[2023-11-04T16:21:17.788+0000] {processor.py:839} INFO - DAG(s) dict_keys(['traffic_data']) retrieved from /opt/airflow/dags/script.py
[2023-11-04T16:21:18.279+0000] {logging_mixin.py:151} INFO - [2023-11-04T16:21:18.275+0000] {dag.py:2941} INFO - Sync 1 DAGs
[2023-11-04T16:21:18.348+0000] {processor.py:179} INFO - Processing /opt/airflow/dags/script.py took 1.793 seconds
[2023-11-04T16:21:48.543+0000] {processor.py:157} INFO - Started process (PID=1693) to work on /opt/airflow/dags/script.py
[2023-11-04T16:21:48.545+0000] {processor.py:829} INFO - Processing file /opt/airflow/dags/script.py for tasks to queue
[2023-11-04T16:21:48.546+0000] {logging_mixin.py:151} INFO - [2023-11-04T16:21:48.546+0000] {dagbag.py:536} INFO - Filling up the DagBag from /opt/airflow/dags/script.py
[2023-11-04T16:21:49.160+0000] {processor.py:839} INFO - DAG(s) dict_keys(['traffic_data']) retrieved from /opt/airflow/dags/script.py
[2023-11-04T16:21:49.345+0000] {logging_mixin.py:151} INFO - [2023-11-04T16:21:49.343+0000] {dag.py:2941} INFO - Sync 1 DAGs
[2023-11-04T16:21:49.443+0000] {processor.py:179} INFO - Processing /opt/airflow/dags/script.py took 0.904 seconds
[2023-11-04T16:22:19.658+0000] {processor.py:157} INFO - Started process (PID=1703) to work on /opt/airflow/dags/script.py
[2023-11-04T16:22:19.665+0000] {processor.py:829} INFO - Processing file /opt/airflow/dags/script.py for tasks to queue
[2023-11-04T16:22:19.667+0000] {logging_mixin.py:151} INFO - [2023-11-04T16:22:19.666+0000] {dagbag.py:536} INFO - Filling up the DagBag from /opt/airflow/dags/script.py
[2023-11-04T16:22:20.267+0000] {processor.py:839} INFO - DAG(s) dict_keys(['traffic_data']) retrieved from /opt/airflow/dags/script.py
[2023-11-04T16:22:20.633+0000] {logging_mixin.py:151} INFO - [2023-11-04T16:22:20.632+0000] {dag.py:2941} INFO - Sync 1 DAGs
[2023-11-04T16:22:20.704+0000] {processor.py:179} INFO - Processing /opt/airflow/dags/script.py took 1.055 seconds
[2023-11-04T16:22:50.894+0000] {processor.py:157} INFO - Started process (PID=1711) to work on /opt/airflow/dags/script.py
[2023-11-04T16:22:50.896+0000] {processor.py:829} INFO - Processing file /opt/airflow/dags/script.py for tasks to queue
[2023-11-04T16:22:50.900+0000] {logging_mixin.py:151} INFO - [2023-11-04T16:22:50.897+0000] {dagbag.py:536} INFO - Filling up the DagBag from /opt/airflow/dags/script.py
[2023-11-04T16:22:51.433+0000] {processor.py:839} INFO - DAG(s) dict_keys(['traffic_data']) retrieved from /opt/airflow/dags/script.py
[2023-11-04T16:22:51.597+0000] {logging_mixin.py:151} INFO - [2023-11-04T16:22:51.593+0000] {dag.py:2941} INFO - Sync 1 DAGs
[2023-11-04T16:22:51.682+0000] {processor.py:179} INFO - Processing /opt/airflow/dags/script.py took 0.797 seconds
[2023-11-04T16:23:22.103+0000] {processor.py:157} INFO - Started process (PID=1720) to work on /opt/airflow/dags/script.py
[2023-11-04T16:23:22.105+0000] {processor.py:829} INFO - Processing file /opt/airflow/dags/script.py for tasks to queue
[2023-11-04T16:23:22.107+0000] {logging_mixin.py:151} INFO - [2023-11-04T16:23:22.106+0000] {dagbag.py:536} INFO - Filling up the DagBag from /opt/airflow/dags/script.py
[2023-11-04T16:23:22.575+0000] {processor.py:839} INFO - DAG(s) dict_keys(['traffic_data']) retrieved from /opt/airflow/dags/script.py
[2023-11-04T16:23:22.889+0000] {logging_mixin.py:151} INFO - [2023-11-04T16:23:22.889+0000] {dag.py:2941} INFO - Sync 1 DAGs
[2023-11-04T16:23:22.948+0000] {processor.py:179} INFO - Processing /opt/airflow/dags/script.py took 0.849 seconds
[2023-11-04T16:23:53.190+0000] {processor.py:157} INFO - Started process (PID=1729) to work on /opt/airflow/dags/script.py
[2023-11-04T16:23:53.192+0000] {processor.py:829} INFO - Processing file /opt/airflow/dags/script.py for tasks to queue
[2023-11-04T16:23:53.199+0000] {logging_mixin.py:151} INFO - [2023-11-04T16:23:53.195+0000] {dagbag.py:536} INFO - Filling up the DagBag from /opt/airflow/dags/script.py
[2023-11-04T16:23:54.925+0000] {processor.py:839} INFO - DAG(s) dict_keys(['traffic_data']) retrieved from /opt/airflow/dags/script.py
[2023-11-04T16:24:09.429+0000] {logging_mixin.py:151} INFO - [2023-11-04T16:24:09.424+0000] {dag.py:2941} INFO - Sync 1 DAGs
[2023-11-04T16:24:09.520+0000] {processor.py:179} INFO - Processing /opt/airflow/dags/script.py took 16.341 seconds
[2023-11-04T16:24:39.632+0000] {processor.py:157} INFO - Started process (PID=1740) to work on /opt/airflow/dags/script.py
[2023-11-04T16:24:39.634+0000] {processor.py:829} INFO - Processing file /opt/airflow/dags/script.py for tasks to queue
[2023-11-04T16:24:39.635+0000] {logging_mixin.py:151} INFO - [2023-11-04T16:24:39.634+0000] {dagbag.py:536} INFO - Filling up the DagBag from /opt/airflow/dags/script.py
[2023-11-04T16:24:40.067+0000] {processor.py:839} INFO - DAG(s) dict_keys(['traffic_data']) retrieved from /opt/airflow/dags/script.py
[2023-11-04T16:24:40.351+0000] {logging_mixin.py:151} INFO - [2023-11-04T16:24:40.351+0000] {dag.py:2941} INFO - Sync 1 DAGs
[2023-11-04T16:24:40.424+0000] {processor.py:179} INFO - Processing /opt/airflow/dags/script.py took 0.797 seconds
[2023-11-04T16:25:10.891+0000] {processor.py:157} INFO - Started process (PID=1750) to work on /opt/airflow/dags/script.py
[2023-11-04T16:25:10.893+0000] {processor.py:829} INFO - Processing file /opt/airflow/dags/script.py for tasks to queue
[2023-11-04T16:25:10.894+0000] {logging_mixin.py:151} INFO - [2023-11-04T16:25:10.893+0000] {dagbag.py:536} INFO - Filling up the DagBag from /opt/airflow/dags/script.py
[2023-11-04T16:25:11.337+0000] {processor.py:839} INFO - DAG(s) dict_keys(['traffic_data']) retrieved from /opt/airflow/dags/script.py
[2023-11-04T16:25:11.398+0000] {logging_mixin.py:151} INFO - [2023-11-04T16:25:11.398+0000] {dag.py:2941} INFO - Sync 1 DAGs
[2023-11-04T16:25:11.466+0000] {processor.py:179} INFO - Processing /opt/airflow/dags/script.py took 0.579 seconds
[2023-11-04T16:25:41.704+0000] {processor.py:157} INFO - Started process (PID=1759) to work on /opt/airflow/dags/script.py
[2023-11-04T16:25:41.706+0000] {processor.py:829} INFO - Processing file /opt/airflow/dags/script.py for tasks to queue
[2023-11-04T16:25:41.708+0000] {logging_mixin.py:151} INFO - [2023-11-04T16:25:41.707+0000] {dagbag.py:536} INFO - Filling up the DagBag from /opt/airflow/dags/script.py
[2023-11-04T16:25:42.157+0000] {processor.py:839} INFO - DAG(s) dict_keys(['traffic_data']) retrieved from /opt/airflow/dags/script.py
[2023-11-04T16:25:42.188+0000] {logging_mixin.py:151} INFO - [2023-11-04T16:25:42.187+0000] {dag.py:2941} INFO - Sync 1 DAGs
[2023-11-04T16:25:42.249+0000] {processor.py:179} INFO - Processing /opt/airflow/dags/script.py took 0.549 seconds
[2023-11-04T16:26:12.457+0000] {processor.py:157} INFO - Started process (PID=1769) to work on /opt/airflow/dags/script.py
[2023-11-04T16:26:12.458+0000] {processor.py:829} INFO - Processing file /opt/airflow/dags/script.py for tasks to queue
[2023-11-04T16:26:12.459+0000] {logging_mixin.py:151} INFO - [2023-11-04T16:26:12.459+0000] {dagbag.py:536} INFO - Filling up the DagBag from /opt/airflow/dags/script.py
[2023-11-04T16:26:12.864+0000] {processor.py:839} INFO - DAG(s) dict_keys(['traffic_data']) retrieved from /opt/airflow/dags/script.py
[2023-11-04T16:26:13.116+0000] {logging_mixin.py:151} INFO - [2023-11-04T16:26:13.115+0000] {dag.py:2941} INFO - Sync 1 DAGs
[2023-11-04T16:26:13.192+0000] {processor.py:179} INFO - Processing /opt/airflow/dags/script.py took 0.740 seconds
[2023-11-04T16:26:43.733+0000] {processor.py:157} INFO - Started process (PID=1778) to work on /opt/airflow/dags/script.py
[2023-11-04T16:26:43.735+0000] {processor.py:829} INFO - Processing file /opt/airflow/dags/script.py for tasks to queue
[2023-11-04T16:26:43.736+0000] {logging_mixin.py:151} INFO - [2023-11-04T16:26:43.735+0000] {dagbag.py:536} INFO - Filling up the DagBag from /opt/airflow/dags/script.py
[2023-11-04T16:26:44.133+0000] {processor.py:839} INFO - DAG(s) dict_keys(['traffic_data']) retrieved from /opt/airflow/dags/script.py
[2023-11-04T16:26:44.178+0000] {logging_mixin.py:151} INFO - [2023-11-04T16:26:44.177+0000] {dag.py:2941} INFO - Sync 1 DAGs
[2023-11-04T16:26:44.238+0000] {processor.py:179} INFO - Processing /opt/airflow/dags/script.py took 0.510 seconds
[2023-11-04T16:27:14.449+0000] {processor.py:157} INFO - Started process (PID=1787) to work on /opt/airflow/dags/script.py
[2023-11-04T16:27:14.451+0000] {processor.py:829} INFO - Processing file /opt/airflow/dags/script.py for tasks to queue
[2023-11-04T16:27:14.453+0000] {logging_mixin.py:151} INFO - [2023-11-04T16:27:14.452+0000] {dagbag.py:536} INFO - Filling up the DagBag from /opt/airflow/dags/script.py
[2023-11-04T16:27:14.929+0000] {processor.py:839} INFO - DAG(s) dict_keys(['traffic_data']) retrieved from /opt/airflow/dags/script.py
[2023-11-04T16:27:14.981+0000] {logging_mixin.py:151} INFO - [2023-11-04T16:27:14.980+0000] {dag.py:2941} INFO - Sync 1 DAGs
[2023-11-04T16:27:15.050+0000] {processor.py:179} INFO - Processing /opt/airflow/dags/script.py took 0.606 seconds
[2023-11-04T16:27:45.263+0000] {processor.py:157} INFO - Started process (PID=1796) to work on /opt/airflow/dags/script.py
[2023-11-04T16:27:45.265+0000] {processor.py:829} INFO - Processing file /opt/airflow/dags/script.py for tasks to queue
[2023-11-04T16:27:45.267+0000] {logging_mixin.py:151} INFO - [2023-11-04T16:27:45.266+0000] {dagbag.py:536} INFO - Filling up the DagBag from /opt/airflow/dags/script.py
[2023-11-04T16:27:45.709+0000] {processor.py:839} INFO - DAG(s) dict_keys(['traffic_data']) retrieved from /opt/airflow/dags/script.py
[2023-11-04T16:27:45.983+0000] {logging_mixin.py:151} INFO - [2023-11-04T16:27:45.982+0000] {dag.py:2941} INFO - Sync 1 DAGs
[2023-11-04T16:27:46.058+0000] {processor.py:179} INFO - Processing /opt/airflow/dags/script.py took 0.801 seconds
[2023-11-04T16:28:16.499+0000] {processor.py:157} INFO - Started process (PID=1813) to work on /opt/airflow/dags/script.py
[2023-11-04T16:28:16.501+0000] {processor.py:829} INFO - Processing file /opt/airflow/dags/script.py for tasks to queue
[2023-11-04T16:28:16.503+0000] {logging_mixin.py:151} INFO - [2023-11-04T16:28:16.502+0000] {dagbag.py:536} INFO - Filling up the DagBag from /opt/airflow/dags/script.py
[2023-11-04T16:28:16.997+0000] {processor.py:839} INFO - DAG(s) dict_keys(['traffic_data']) retrieved from /opt/airflow/dags/script.py
[2023-11-04T16:28:17.084+0000] {logging_mixin.py:151} INFO - [2023-11-04T16:28:17.084+0000] {dag.py:2941} INFO - Sync 1 DAGs
[2023-11-04T16:28:17.161+0000] {processor.py:179} INFO - Processing /opt/airflow/dags/script.py took 0.665 seconds
[2023-11-04T16:28:47.431+0000] {processor.py:157} INFO - Started process (PID=1822) to work on /opt/airflow/dags/script.py
[2023-11-04T16:28:47.434+0000] {processor.py:829} INFO - Processing file /opt/airflow/dags/script.py for tasks to queue
[2023-11-04T16:28:47.435+0000] {logging_mixin.py:151} INFO - [2023-11-04T16:28:47.435+0000] {dagbag.py:536} INFO - Filling up the DagBag from /opt/airflow/dags/script.py
[2023-11-04T16:28:47.887+0000] {processor.py:839} INFO - DAG(s) dict_keys(['traffic_data']) retrieved from /opt/airflow/dags/script.py
[2023-11-04T16:28:47.917+0000] {logging_mixin.py:151} INFO - [2023-11-04T16:28:47.916+0000] {dag.py:2941} INFO - Sync 1 DAGs
[2023-11-04T16:28:47.977+0000] {processor.py:179} INFO - Processing /opt/airflow/dags/script.py took 0.560 seconds
[2023-11-04T16:29:18.592+0000] {processor.py:157} INFO - Started process (PID=1831) to work on /opt/airflow/dags/script.py
[2023-11-04T16:29:18.594+0000] {processor.py:829} INFO - Processing file /opt/airflow/dags/script.py for tasks to queue
[2023-11-04T16:29:18.595+0000] {logging_mixin.py:151} INFO - [2023-11-04T16:29:18.595+0000] {dagbag.py:536} INFO - Filling up the DagBag from /opt/airflow/dags/script.py
[2023-11-04T16:29:18.977+0000] {processor.py:839} INFO - DAG(s) dict_keys(['traffic_data']) retrieved from /opt/airflow/dags/script.py
[2023-11-04T16:29:19.222+0000] {logging_mixin.py:151} INFO - [2023-11-04T16:29:19.221+0000] {dag.py:2941} INFO - Sync 1 DAGs
[2023-11-04T16:29:19.287+0000] {processor.py:179} INFO - Processing /opt/airflow/dags/script.py took 0.699 seconds
[2023-11-04T16:29:49.492+0000] {processor.py:157} INFO - Started process (PID=1840) to work on /opt/airflow/dags/script.py
[2023-11-04T16:29:49.495+0000] {processor.py:829} INFO - Processing file /opt/airflow/dags/script.py for tasks to queue
[2023-11-04T16:29:49.496+0000] {logging_mixin.py:151} INFO - [2023-11-04T16:29:49.496+0000] {dagbag.py:536} INFO - Filling up the DagBag from /opt/airflow/dags/script.py
[2023-11-04T16:29:49.853+0000] {processor.py:839} INFO - DAG(s) dict_keys(['traffic_data']) retrieved from /opt/airflow/dags/script.py
[2023-11-04T16:29:49.895+0000] {logging_mixin.py:151} INFO - [2023-11-04T16:29:49.895+0000] {dag.py:2941} INFO - Sync 1 DAGs
[2023-11-04T16:29:49.973+0000] {processor.py:179} INFO - Processing /opt/airflow/dags/script.py took 0.485 seconds
[2023-11-04T16:30:20.172+0000] {processor.py:157} INFO - Started process (PID=1849) to work on /opt/airflow/dags/script.py
[2023-11-04T16:30:20.174+0000] {processor.py:829} INFO - Processing file /opt/airflow/dags/script.py for tasks to queue
[2023-11-04T16:30:20.175+0000] {logging_mixin.py:151} INFO - [2023-11-04T16:30:20.174+0000] {dagbag.py:536} INFO - Filling up the DagBag from /opt/airflow/dags/script.py
[2023-11-04T16:30:20.676+0000] {processor.py:839} INFO - DAG(s) dict_keys(['traffic_data']) retrieved from /opt/airflow/dags/script.py
[2023-11-04T16:30:20.701+0000] {logging_mixin.py:151} INFO - [2023-11-04T16:30:20.701+0000] {dag.py:2941} INFO - Sync 1 DAGs
[2023-11-04T16:30:20.783+0000] {processor.py:179} INFO - Processing /opt/airflow/dags/script.py took 0.616 seconds
[2023-11-04T16:30:50.973+0000] {processor.py:157} INFO - Started process (PID=1858) to work on /opt/airflow/dags/script.py
[2023-11-04T16:30:50.975+0000] {processor.py:829} INFO - Processing file /opt/airflow/dags/script.py for tasks to queue
[2023-11-04T16:30:50.976+0000] {logging_mixin.py:151} INFO - [2023-11-04T16:30:50.976+0000] {dagbag.py:536} INFO - Filling up the DagBag from /opt/airflow/dags/script.py
[2023-11-04T16:30:51.388+0000] {processor.py:839} INFO - DAG(s) dict_keys(['traffic_data']) retrieved from /opt/airflow/dags/script.py
[2023-11-04T16:30:51.688+0000] {logging_mixin.py:151} INFO - [2023-11-04T16:30:51.688+0000] {dag.py:2941} INFO - Sync 1 DAGs
[2023-11-04T16:30:51.749+0000] {processor.py:179} INFO - Processing /opt/airflow/dags/script.py took 0.780 seconds
[2023-11-04T16:31:21.965+0000] {processor.py:157} INFO - Started process (PID=1867) to work on /opt/airflow/dags/script.py
[2023-11-04T16:31:21.966+0000] {processor.py:829} INFO - Processing file /opt/airflow/dags/script.py for tasks to queue
[2023-11-04T16:31:21.968+0000] {logging_mixin.py:151} INFO - [2023-11-04T16:31:21.967+0000] {dagbag.py:536} INFO - Filling up the DagBag from /opt/airflow/dags/script.py
[2023-11-04T16:31:22.443+0000] {processor.py:839} INFO - DAG(s) dict_keys(['traffic_data']) retrieved from /opt/airflow/dags/script.py
[2023-11-04T16:31:22.492+0000] {logging_mixin.py:151} INFO - [2023-11-04T16:31:22.492+0000] {dag.py:2941} INFO - Sync 1 DAGs
[2023-11-04T16:31:22.594+0000] {processor.py:179} INFO - Processing /opt/airflow/dags/script.py took 0.633 seconds
[2023-11-04T16:31:52.827+0000] {processor.py:157} INFO - Started process (PID=1876) to work on /opt/airflow/dags/script.py
[2023-11-04T16:31:52.830+0000] {processor.py:829} INFO - Processing file /opt/airflow/dags/script.py for tasks to queue
[2023-11-04T16:31:52.831+0000] {logging_mixin.py:151} INFO - [2023-11-04T16:31:52.831+0000] {dagbag.py:536} INFO - Filling up the DagBag from /opt/airflow/dags/script.py
[2023-11-04T16:31:53.471+0000] {processor.py:839} INFO - DAG(s) dict_keys(['traffic_data']) retrieved from /opt/airflow/dags/script.py
[2023-11-04T16:31:53.495+0000] {logging_mixin.py:151} INFO - [2023-11-04T16:31:53.495+0000] {dag.py:2941} INFO - Sync 1 DAGs
[2023-11-04T16:31:53.580+0000] {processor.py:179} INFO - Processing /opt/airflow/dags/script.py took 0.758 seconds
[2023-11-04T16:32:24.124+0000] {processor.py:157} INFO - Started process (PID=1885) to work on /opt/airflow/dags/script.py
[2023-11-04T16:32:24.126+0000] {processor.py:829} INFO - Processing file /opt/airflow/dags/script.py for tasks to queue
[2023-11-04T16:32:24.127+0000] {logging_mixin.py:151} INFO - [2023-11-04T16:32:24.127+0000] {dagbag.py:536} INFO - Filling up the DagBag from /opt/airflow/dags/script.py
[2023-11-04T16:32:24.519+0000] {processor.py:839} INFO - DAG(s) dict_keys(['traffic_data']) retrieved from /opt/airflow/dags/script.py
[2023-11-04T16:32:24.805+0000] {logging_mixin.py:151} INFO - [2023-11-04T16:32:24.804+0000] {dag.py:2941} INFO - Sync 1 DAGs
[2023-11-04T16:32:24.867+0000] {processor.py:179} INFO - Processing /opt/airflow/dags/script.py took 0.747 seconds
[2023-11-04T16:32:55.081+0000] {processor.py:157} INFO - Started process (PID=1894) to work on /opt/airflow/dags/script.py
[2023-11-04T16:32:55.084+0000] {processor.py:829} INFO - Processing file /opt/airflow/dags/script.py for tasks to queue
[2023-11-04T16:32:55.086+0000] {logging_mixin.py:151} INFO - [2023-11-04T16:32:55.085+0000] {dagbag.py:536} INFO - Filling up the DagBag from /opt/airflow/dags/script.py
[2023-11-04T16:32:55.648+0000] {processor.py:839} INFO - DAG(s) dict_keys(['traffic_data']) retrieved from /opt/airflow/dags/script.py
[2023-11-04T16:32:55.764+0000] {logging_mixin.py:151} INFO - [2023-11-04T16:32:55.763+0000] {dag.py:2941} INFO - Sync 1 DAGs
[2023-11-04T16:32:55.838+0000] {processor.py:179} INFO - Processing /opt/airflow/dags/script.py took 0.760 seconds
[2023-11-04T16:33:26.028+0000] {processor.py:157} INFO - Started process (PID=1903) to work on /opt/airflow/dags/script.py
[2023-11-04T16:33:26.030+0000] {processor.py:829} INFO - Processing file /opt/airflow/dags/script.py for tasks to queue
[2023-11-04T16:33:26.031+0000] {logging_mixin.py:151} INFO - [2023-11-04T16:33:26.030+0000] {dagbag.py:536} INFO - Filling up the DagBag from /opt/airflow/dags/script.py
[2023-11-04T16:33:26.406+0000] {processor.py:839} INFO - DAG(s) dict_keys(['traffic_data']) retrieved from /opt/airflow/dags/script.py
[2023-11-04T16:33:26.428+0000] {logging_mixin.py:151} INFO - [2023-11-04T16:33:26.427+0000] {dag.py:2941} INFO - Sync 1 DAGs
[2023-11-04T16:33:26.487+0000] {processor.py:179} INFO - Processing /opt/airflow/dags/script.py took 0.464 seconds
[2023-11-04T16:33:56.716+0000] {processor.py:157} INFO - Started process (PID=1912) to work on /opt/airflow/dags/script.py
[2023-11-04T16:33:56.717+0000] {processor.py:829} INFO - Processing file /opt/airflow/dags/script.py for tasks to queue
[2023-11-04T16:33:56.718+0000] {logging_mixin.py:151} INFO - [2023-11-04T16:33:56.718+0000] {dagbag.py:536} INFO - Filling up the DagBag from /opt/airflow/dags/script.py
[2023-11-04T16:33:57.116+0000] {processor.py:839} INFO - DAG(s) dict_keys(['traffic_data']) retrieved from /opt/airflow/dags/script.py
[2023-11-04T16:33:57.370+0000] {logging_mixin.py:151} INFO - [2023-11-04T16:33:57.370+0000] {dag.py:2941} INFO - Sync 1 DAGs
[2023-11-04T16:33:57.428+0000] {processor.py:179} INFO - Processing /opt/airflow/dags/script.py took 0.716 seconds
[2023-11-04T16:34:27.638+0000] {processor.py:157} INFO - Started process (PID=1921) to work on /opt/airflow/dags/script.py
[2023-11-04T16:34:27.640+0000] {processor.py:829} INFO - Processing file /opt/airflow/dags/script.py for tasks to queue
[2023-11-04T16:34:27.641+0000] {logging_mixin.py:151} INFO - [2023-11-04T16:34:27.640+0000] {dagbag.py:536} INFO - Filling up the DagBag from /opt/airflow/dags/script.py
[2023-11-04T16:34:28.051+0000] {processor.py:839} INFO - DAG(s) dict_keys(['traffic_data']) retrieved from /opt/airflow/dags/script.py
[2023-11-04T16:34:28.096+0000] {logging_mixin.py:151} INFO - [2023-11-04T16:34:28.096+0000] {dag.py:2941} INFO - Sync 1 DAGs
[2023-11-04T16:34:28.161+0000] {processor.py:179} INFO - Processing /opt/airflow/dags/script.py took 0.528 seconds
[2023-11-04T16:34:58.366+0000] {processor.py:157} INFO - Started process (PID=1930) to work on /opt/airflow/dags/script.py
[2023-11-04T16:34:58.368+0000] {processor.py:829} INFO - Processing file /opt/airflow/dags/script.py for tasks to queue
[2023-11-04T16:34:58.369+0000] {logging_mixin.py:151} INFO - [2023-11-04T16:34:58.369+0000] {dagbag.py:536} INFO - Filling up the DagBag from /opt/airflow/dags/script.py
[2023-11-04T16:34:58.825+0000] {processor.py:839} INFO - DAG(s) dict_keys(['traffic_data']) retrieved from /opt/airflow/dags/script.py
[2023-11-04T16:34:58.847+0000] {logging_mixin.py:151} INFO - [2023-11-04T16:34:58.847+0000] {dag.py:2941} INFO - Sync 1 DAGs
[2023-11-04T16:34:58.934+0000] {processor.py:179} INFO - Processing /opt/airflow/dags/script.py took 0.573 seconds
[2023-11-04T16:35:29.152+0000] {processor.py:157} INFO - Started process (PID=1939) to work on /opt/airflow/dags/script.py
[2023-11-04T16:35:29.154+0000] {processor.py:829} INFO - Processing file /opt/airflow/dags/script.py for tasks to queue
[2023-11-04T16:35:29.155+0000] {logging_mixin.py:151} INFO - [2023-11-04T16:35:29.155+0000] {dagbag.py:536} INFO - Filling up the DagBag from /opt/airflow/dags/script.py
[2023-11-04T16:35:29.581+0000] {processor.py:839} INFO - DAG(s) dict_keys(['traffic_data']) retrieved from /opt/airflow/dags/script.py
[2023-11-04T16:35:29.828+0000] {logging_mixin.py:151} INFO - [2023-11-04T16:35:29.828+0000] {dag.py:2941} INFO - Sync 1 DAGs
[2023-11-04T16:35:29.889+0000] {processor.py:179} INFO - Processing /opt/airflow/dags/script.py took 0.741 seconds
[2023-11-04T16:36:00.014+0000] {processor.py:157} INFO - Started process (PID=1948) to work on /opt/airflow/dags/script.py
[2023-11-04T16:36:00.016+0000] {processor.py:829} INFO - Processing file /opt/airflow/dags/script.py for tasks to queue
[2023-11-04T16:36:00.017+0000] {logging_mixin.py:151} INFO - [2023-11-04T16:36:00.016+0000] {dagbag.py:536} INFO - Filling up the DagBag from /opt/airflow/dags/script.py
[2023-11-04T16:36:00.483+0000] {processor.py:839} INFO - DAG(s) dict_keys(['traffic_data']) retrieved from /opt/airflow/dags/script.py
[2023-11-04T16:36:00.560+0000] {logging_mixin.py:151} INFO - [2023-11-04T16:36:00.560+0000] {dag.py:2941} INFO - Sync 1 DAGs
[2023-11-04T16:36:00.681+0000] {processor.py:179} INFO - Processing /opt/airflow/dags/script.py took 0.674 seconds
[2023-11-04T16:36:30.881+0000] {processor.py:157} INFO - Started process (PID=1957) to work on /opt/airflow/dags/script.py
[2023-11-04T16:36:30.883+0000] {processor.py:829} INFO - Processing file /opt/airflow/dags/script.py for tasks to queue
[2023-11-04T16:36:30.884+0000] {logging_mixin.py:151} INFO - [2023-11-04T16:36:30.884+0000] {dagbag.py:536} INFO - Filling up the DagBag from /opt/airflow/dags/script.py
[2023-11-04T16:36:31.258+0000] {processor.py:839} INFO - DAG(s) dict_keys(['traffic_data']) retrieved from /opt/airflow/dags/script.py
[2023-11-04T16:36:31.273+0000] {logging_mixin.py:151} INFO - [2023-11-04T16:36:31.273+0000] {dag.py:2941} INFO - Sync 1 DAGs
[2023-11-04T16:36:31.337+0000] {processor.py:179} INFO - Processing /opt/airflow/dags/script.py took 0.460 seconds
[2023-11-04T16:37:01.525+0000] {processor.py:157} INFO - Started process (PID=1967) to work on /opt/airflow/dags/script.py
[2023-11-04T16:37:01.527+0000] {processor.py:829} INFO - Processing file /opt/airflow/dags/script.py for tasks to queue
[2023-11-04T16:37:01.528+0000] {logging_mixin.py:151} INFO - [2023-11-04T16:37:01.527+0000] {dagbag.py:536} INFO - Filling up the DagBag from /opt/airflow/dags/script.py
[2023-11-04T16:37:01.941+0000] {processor.py:839} INFO - DAG(s) dict_keys(['traffic_data']) retrieved from /opt/airflow/dags/script.py
[2023-11-04T16:37:02.203+0000] {logging_mixin.py:151} INFO - [2023-11-04T16:37:02.202+0000] {dag.py:2941} INFO - Sync 1 DAGs
[2023-11-04T16:37:02.258+0000] {processor.py:179} INFO - Processing /opt/airflow/dags/script.py took 0.736 seconds
[2023-11-04T16:37:32.475+0000] {processor.py:157} INFO - Started process (PID=1976) to work on /opt/airflow/dags/script.py
[2023-11-04T16:37:32.477+0000] {processor.py:829} INFO - Processing file /opt/airflow/dags/script.py for tasks to queue
[2023-11-04T16:37:32.478+0000] {logging_mixin.py:151} INFO - [2023-11-04T16:37:32.477+0000] {dagbag.py:536} INFO - Filling up the DagBag from /opt/airflow/dags/script.py
[2023-11-04T16:37:32.885+0000] {processor.py:839} INFO - DAG(s) dict_keys(['traffic_data']) retrieved from /opt/airflow/dags/script.py
[2023-11-04T16:37:32.936+0000] {logging_mixin.py:151} INFO - [2023-11-04T16:37:32.936+0000] {dag.py:2941} INFO - Sync 1 DAGs
[2023-11-04T16:37:33.006+0000] {processor.py:179} INFO - Processing /opt/airflow/dags/script.py took 0.535 seconds
[2023-11-04T16:38:03.214+0000] {processor.py:157} INFO - Started process (PID=1985) to work on /opt/airflow/dags/script.py
[2023-11-04T16:38:03.216+0000] {processor.py:829} INFO - Processing file /opt/airflow/dags/script.py for tasks to queue
[2023-11-04T16:38:03.218+0000] {logging_mixin.py:151} INFO - [2023-11-04T16:38:03.217+0000] {dagbag.py:536} INFO - Filling up the DagBag from /opt/airflow/dags/script.py
[2023-11-04T16:38:03.665+0000] {processor.py:839} INFO - DAG(s) dict_keys(['traffic_data']) retrieved from /opt/airflow/dags/script.py
[2023-11-04T16:38:03.692+0000] {logging_mixin.py:151} INFO - [2023-11-04T16:38:03.692+0000] {dag.py:2941} INFO - Sync 1 DAGs
[2023-11-04T16:38:03.763+0000] {processor.py:179} INFO - Processing /opt/airflow/dags/script.py took 0.554 seconds
[2023-11-04T16:38:33.959+0000] {processor.py:157} INFO - Started process (PID=1994) to work on /opt/airflow/dags/script.py
[2023-11-04T16:38:33.961+0000] {processor.py:829} INFO - Processing file /opt/airflow/dags/script.py for tasks to queue
[2023-11-04T16:38:33.962+0000] {logging_mixin.py:151} INFO - [2023-11-04T16:38:33.962+0000] {dagbag.py:536} INFO - Filling up the DagBag from /opt/airflow/dags/script.py
[2023-11-04T16:38:34.377+0000] {processor.py:839} INFO - DAG(s) dict_keys(['traffic_data']) retrieved from /opt/airflow/dags/script.py
[2023-11-04T16:38:34.618+0000] {logging_mixin.py:151} INFO - [2023-11-04T16:38:34.618+0000] {dag.py:2941} INFO - Sync 1 DAGs
[2023-11-04T16:38:34.683+0000] {processor.py:179} INFO - Processing /opt/airflow/dags/script.py took 0.729 seconds
[2023-11-04T16:39:04.916+0000] {processor.py:157} INFO - Started process (PID=2003) to work on /opt/airflow/dags/script.py
[2023-11-04T16:39:04.918+0000] {processor.py:829} INFO - Processing file /opt/airflow/dags/script.py for tasks to queue
[2023-11-04T16:39:04.919+0000] {logging_mixin.py:151} INFO - [2023-11-04T16:39:04.919+0000] {dagbag.py:536} INFO - Filling up the DagBag from /opt/airflow/dags/script.py
[2023-11-04T16:39:05.310+0000] {processor.py:839} INFO - DAG(s) dict_keys(['traffic_data']) retrieved from /opt/airflow/dags/script.py
[2023-11-04T16:39:05.346+0000] {logging_mixin.py:151} INFO - [2023-11-04T16:39:05.346+0000] {dag.py:2941} INFO - Sync 1 DAGs
[2023-11-04T16:39:05.409+0000] {processor.py:179} INFO - Processing /opt/airflow/dags/script.py took 0.496 seconds
[2023-11-04T16:39:35.597+0000] {processor.py:157} INFO - Started process (PID=2012) to work on /opt/airflow/dags/script.py
[2023-11-04T16:39:35.598+0000] {processor.py:829} INFO - Processing file /opt/airflow/dags/script.py for tasks to queue
[2023-11-04T16:39:35.599+0000] {logging_mixin.py:151} INFO - [2023-11-04T16:39:35.599+0000] {dagbag.py:536} INFO - Filling up the DagBag from /opt/airflow/dags/script.py
[2023-11-04T16:39:36.005+0000] {processor.py:839} INFO - DAG(s) dict_keys(['traffic_data']) retrieved from /opt/airflow/dags/script.py
[2023-11-04T16:39:36.021+0000] {logging_mixin.py:151} INFO - [2023-11-04T16:39:36.021+0000] {dag.py:2941} INFO - Sync 1 DAGs
[2023-11-04T16:39:36.086+0000] {processor.py:179} INFO - Processing /opt/airflow/dags/script.py took 0.495 seconds
[2023-11-04T16:40:06.793+0000] {processor.py:157} INFO - Started process (PID=2021) to work on /opt/airflow/dags/script.py
[2023-11-04T16:40:06.795+0000] {processor.py:829} INFO - Processing file /opt/airflow/dags/script.py for tasks to queue
[2023-11-04T16:40:06.796+0000] {logging_mixin.py:151} INFO - [2023-11-04T16:40:06.795+0000] {dagbag.py:536} INFO - Filling up the DagBag from /opt/airflow/dags/script.py
[2023-11-04T16:40:07.302+0000] {processor.py:839} INFO - DAG(s) dict_keys(['traffic_data']) retrieved from /opt/airflow/dags/script.py
[2023-11-04T16:40:07.720+0000] {logging_mixin.py:151} INFO - [2023-11-04T16:40:07.714+0000] {dag.py:2941} INFO - Sync 1 DAGs
[2023-11-04T16:40:07.830+0000] {processor.py:179} INFO - Processing /opt/airflow/dags/script.py took 1.042 seconds
[2023-11-04T16:40:38.033+0000] {processor.py:157} INFO - Started process (PID=2031) to work on /opt/airflow/dags/script.py
[2023-11-04T16:40:38.035+0000] {processor.py:829} INFO - Processing file /opt/airflow/dags/script.py for tasks to queue
[2023-11-04T16:40:38.036+0000] {logging_mixin.py:151} INFO - [2023-11-04T16:40:38.035+0000] {dagbag.py:536} INFO - Filling up the DagBag from /opt/airflow/dags/script.py
[2023-11-04T16:40:38.476+0000] {processor.py:839} INFO - DAG(s) dict_keys(['traffic_data']) retrieved from /opt/airflow/dags/script.py
[2023-11-04T16:40:38.535+0000] {logging_mixin.py:151} INFO - [2023-11-04T16:40:38.535+0000] {dag.py:2941} INFO - Sync 1 DAGs
[2023-11-04T16:40:38.596+0000] {processor.py:179} INFO - Processing /opt/airflow/dags/script.py took 0.569 seconds
[2023-11-04T16:41:08.780+0000] {processor.py:157} INFO - Started process (PID=2041) to work on /opt/airflow/dags/script.py
[2023-11-04T16:41:08.782+0000] {processor.py:829} INFO - Processing file /opt/airflow/dags/script.py for tasks to queue
[2023-11-04T16:41:08.783+0000] {logging_mixin.py:151} INFO - [2023-11-04T16:41:08.783+0000] {dagbag.py:536} INFO - Filling up the DagBag from /opt/airflow/dags/script.py
[2023-11-04T16:41:09.191+0000] {processor.py:839} INFO - DAG(s) dict_keys(['traffic_data']) retrieved from /opt/airflow/dags/script.py
[2023-11-04T16:41:09.207+0000] {logging_mixin.py:151} INFO - [2023-11-04T16:41:09.206+0000] {dag.py:2941} INFO - Sync 1 DAGs
[2023-11-04T16:41:09.271+0000] {processor.py:179} INFO - Processing /opt/airflow/dags/script.py took 0.495 seconds
[2023-11-04T16:41:39.984+0000] {processor.py:157} INFO - Started process (PID=2051) to work on /opt/airflow/dags/script.py
[2023-11-04T16:41:39.986+0000] {processor.py:829} INFO - Processing file /opt/airflow/dags/script.py for tasks to queue
[2023-11-04T16:41:39.987+0000] {logging_mixin.py:151} INFO - [2023-11-04T16:41:39.987+0000] {dagbag.py:536} INFO - Filling up the DagBag from /opt/airflow/dags/script.py
[2023-11-04T16:41:40.400+0000] {processor.py:839} INFO - DAG(s) dict_keys(['traffic_data']) retrieved from /opt/airflow/dags/script.py
[2023-11-04T16:41:40.632+0000] {logging_mixin.py:151} INFO - [2023-11-04T16:41:40.632+0000] {dag.py:2941} INFO - Sync 1 DAGs
[2023-11-04T16:41:40.690+0000] {processor.py:179} INFO - Processing /opt/airflow/dags/script.py took 0.710 seconds
[2023-11-04T16:42:10.900+0000] {processor.py:157} INFO - Started process (PID=2060) to work on /opt/airflow/dags/script.py
[2023-11-04T16:42:10.901+0000] {processor.py:829} INFO - Processing file /opt/airflow/dags/script.py for tasks to queue
[2023-11-04T16:42:10.903+0000] {logging_mixin.py:151} INFO - [2023-11-04T16:42:10.902+0000] {dagbag.py:536} INFO - Filling up the DagBag from /opt/airflow/dags/script.py
[2023-11-04T16:42:11.271+0000] {processor.py:839} INFO - DAG(s) dict_keys(['traffic_data']) retrieved from /opt/airflow/dags/script.py
[2023-11-04T16:42:11.322+0000] {logging_mixin.py:151} INFO - [2023-11-04T16:42:11.322+0000] {dag.py:2941} INFO - Sync 1 DAGs
[2023-11-04T16:42:11.381+0000] {processor.py:179} INFO - Processing /opt/airflow/dags/script.py took 0.486 seconds
[2023-11-04T16:42:41.587+0000] {processor.py:157} INFO - Started process (PID=2069) to work on /opt/airflow/dags/script.py
[2023-11-04T16:42:41.589+0000] {processor.py:829} INFO - Processing file /opt/airflow/dags/script.py for tasks to queue
[2023-11-04T16:42:41.590+0000] {logging_mixin.py:151} INFO - [2023-11-04T16:42:41.589+0000] {dagbag.py:536} INFO - Filling up the DagBag from /opt/airflow/dags/script.py
[2023-11-04T16:42:42.087+0000] {processor.py:839} INFO - DAG(s) dict_keys(['traffic_data']) retrieved from /opt/airflow/dags/script.py
[2023-11-04T16:42:42.182+0000] {logging_mixin.py:151} INFO - [2023-11-04T16:42:42.182+0000] {dag.py:2941} INFO - Sync 1 DAGs
[2023-11-04T16:42:42.258+0000] {processor.py:179} INFO - Processing /opt/airflow/dags/script.py took 0.677 seconds
[2023-11-04T16:43:12.474+0000] {processor.py:157} INFO - Started process (PID=2079) to work on /opt/airflow/dags/script.py
[2023-11-04T16:43:12.477+0000] {processor.py:829} INFO - Processing file /opt/airflow/dags/script.py for tasks to queue
[2023-11-04T16:43:12.478+0000] {logging_mixin.py:151} INFO - [2023-11-04T16:43:12.477+0000] {dagbag.py:536} INFO - Filling up the DagBag from /opt/airflow/dags/script.py
[2023-11-04T16:43:12.882+0000] {processor.py:839} INFO - DAG(s) dict_keys(['traffic_data']) retrieved from /opt/airflow/dags/script.py
[2023-11-04T16:43:13.114+0000] {logging_mixin.py:151} INFO - [2023-11-04T16:43:13.114+0000] {dag.py:2941} INFO - Sync 1 DAGs
[2023-11-04T16:43:13.184+0000] {processor.py:179} INFO - Processing /opt/airflow/dags/script.py took 0.714 seconds
[2023-11-04T16:43:43.669+0000] {processor.py:157} INFO - Started process (PID=2088) to work on /opt/airflow/dags/script.py
[2023-11-04T16:43:43.671+0000] {processor.py:829} INFO - Processing file /opt/airflow/dags/script.py for tasks to queue
[2023-11-04T16:43:43.672+0000] {logging_mixin.py:151} INFO - [2023-11-04T16:43:43.672+0000] {dagbag.py:536} INFO - Filling up the DagBag from /opt/airflow/dags/script.py
[2023-11-04T16:43:44.042+0000] {processor.py:839} INFO - DAG(s) dict_keys(['traffic_data']) retrieved from /opt/airflow/dags/script.py
[2023-11-04T16:43:44.084+0000] {logging_mixin.py:151} INFO - [2023-11-04T16:43:44.083+0000] {dag.py:2941} INFO - Sync 1 DAGs
[2023-11-04T16:43:44.141+0000] {processor.py:179} INFO - Processing /opt/airflow/dags/script.py took 0.477 seconds
[2023-11-04T16:44:14.393+0000] {processor.py:157} INFO - Started process (PID=2097) to work on /opt/airflow/dags/script.py
[2023-11-04T16:44:14.394+0000] {processor.py:829} INFO - Processing file /opt/airflow/dags/script.py for tasks to queue
[2023-11-04T16:44:14.396+0000] {logging_mixin.py:151} INFO - [2023-11-04T16:44:14.395+0000] {dagbag.py:536} INFO - Filling up the DagBag from /opt/airflow/dags/script.py
[2023-11-04T16:44:14.957+0000] {processor.py:839} INFO - DAG(s) dict_keys(['traffic_data']) retrieved from /opt/airflow/dags/script.py
[2023-11-04T16:44:14.984+0000] {logging_mixin.py:151} INFO - [2023-11-04T16:44:14.982+0000] {dag.py:2941} INFO - Sync 1 DAGs
[2023-11-04T16:44:15.096+0000] {processor.py:179} INFO - Processing /opt/airflow/dags/script.py took 0.708 seconds
[2023-11-04T16:44:45.281+0000] {processor.py:157} INFO - Started process (PID=2106) to work on /opt/airflow/dags/script.py
[2023-11-04T16:44:45.283+0000] {processor.py:829} INFO - Processing file /opt/airflow/dags/script.py for tasks to queue
[2023-11-04T16:44:45.284+0000] {logging_mixin.py:151} INFO - [2023-11-04T16:44:45.283+0000] {dagbag.py:536} INFO - Filling up the DagBag from /opt/airflow/dags/script.py
[2023-11-04T16:44:45.740+0000] {processor.py:839} INFO - DAG(s) dict_keys(['traffic_data']) retrieved from /opt/airflow/dags/script.py
[2023-11-04T16:44:46.016+0000] {logging_mixin.py:151} INFO - [2023-11-04T16:44:46.015+0000] {dag.py:2941} INFO - Sync 1 DAGs
[2023-11-04T16:44:46.079+0000] {processor.py:179} INFO - Processing /opt/airflow/dags/script.py took 0.804 seconds
[2023-11-04T16:45:16.773+0000] {processor.py:157} INFO - Started process (PID=2115) to work on /opt/airflow/dags/script.py
[2023-11-04T16:45:16.774+0000] {processor.py:829} INFO - Processing file /opt/airflow/dags/script.py for tasks to queue
[2023-11-04T16:45:16.775+0000] {logging_mixin.py:151} INFO - [2023-11-04T16:45:16.775+0000] {dagbag.py:536} INFO - Filling up the DagBag from /opt/airflow/dags/script.py
[2023-11-04T16:45:17.220+0000] {processor.py:839} INFO - DAG(s) dict_keys(['traffic_data']) retrieved from /opt/airflow/dags/script.py
[2023-11-04T16:45:17.280+0000] {logging_mixin.py:151} INFO - [2023-11-04T16:45:17.279+0000] {dag.py:2941} INFO - Sync 1 DAGs
[2023-11-04T16:45:17.342+0000] {processor.py:179} INFO - Processing /opt/airflow/dags/script.py took 0.574 seconds
[2023-11-04T16:45:47.552+0000] {processor.py:157} INFO - Started process (PID=2124) to work on /opt/airflow/dags/script.py
[2023-11-04T16:45:47.554+0000] {processor.py:829} INFO - Processing file /opt/airflow/dags/script.py for tasks to queue
[2023-11-04T16:45:47.555+0000] {logging_mixin.py:151} INFO - [2023-11-04T16:45:47.555+0000] {dagbag.py:536} INFO - Filling up the DagBag from /opt/airflow/dags/script.py
[2023-11-04T16:45:47.980+0000] {processor.py:839} INFO - DAG(s) dict_keys(['traffic_data']) retrieved from /opt/airflow/dags/script.py
[2023-11-04T16:45:48.016+0000] {logging_mixin.py:151} INFO - [2023-11-04T16:45:48.015+0000] {dag.py:2941} INFO - Sync 1 DAGs
[2023-11-04T16:45:48.078+0000] {processor.py:179} INFO - Processing /opt/airflow/dags/script.py took 0.530 seconds
[2023-11-04T16:46:18.278+0000] {processor.py:157} INFO - Started process (PID=2134) to work on /opt/airflow/dags/script.py
[2023-11-04T16:46:18.280+0000] {processor.py:829} INFO - Processing file /opt/airflow/dags/script.py for tasks to queue
[2023-11-04T16:46:18.281+0000] {logging_mixin.py:151} INFO - [2023-11-04T16:46:18.281+0000] {dagbag.py:536} INFO - Filling up the DagBag from /opt/airflow/dags/script.py
[2023-11-04T16:46:18.670+0000] {processor.py:839} INFO - DAG(s) dict_keys(['traffic_data']) retrieved from /opt/airflow/dags/script.py
[2023-11-04T16:46:18.897+0000] {logging_mixin.py:151} INFO - [2023-11-04T16:46:18.896+0000] {dag.py:2941} INFO - Sync 1 DAGs
[2023-11-04T16:46:18.963+0000] {processor.py:179} INFO - Processing /opt/airflow/dags/script.py took 0.690 seconds
[2023-11-04T16:46:49.148+0000] {processor.py:157} INFO - Started process (PID=2143) to work on /opt/airflow/dags/script.py
[2023-11-04T16:46:49.150+0000] {processor.py:829} INFO - Processing file /opt/airflow/dags/script.py for tasks to queue
[2023-11-04T16:46:49.152+0000] {logging_mixin.py:151} INFO - [2023-11-04T16:46:49.151+0000] {dagbag.py:536} INFO - Filling up the DagBag from /opt/airflow/dags/script.py
[2023-11-04T16:46:49.501+0000] {processor.py:839} INFO - DAG(s) dict_keys(['traffic_data']) retrieved from /opt/airflow/dags/script.py
[2023-11-04T16:46:49.558+0000] {logging_mixin.py:151} INFO - [2023-11-04T16:46:49.558+0000] {dag.py:2941} INFO - Sync 1 DAGs
[2023-11-04T16:46:49.623+0000] {processor.py:179} INFO - Processing /opt/airflow/dags/script.py took 0.481 seconds
[2023-11-04T16:47:19.846+0000] {processor.py:157} INFO - Started process (PID=2152) to work on /opt/airflow/dags/script.py
[2023-11-04T16:47:19.848+0000] {processor.py:829} INFO - Processing file /opt/airflow/dags/script.py for tasks to queue
[2023-11-04T16:47:19.850+0000] {logging_mixin.py:151} INFO - [2023-11-04T16:47:19.849+0000] {dagbag.py:536} INFO - Filling up the DagBag from /opt/airflow/dags/script.py
[2023-11-04T16:47:20.333+0000] {processor.py:839} INFO - DAG(s) dict_keys(['traffic_data']) retrieved from /opt/airflow/dags/script.py
[2023-11-04T16:47:20.357+0000] {logging_mixin.py:151} INFO - [2023-11-04T16:47:20.357+0000] {dag.py:2941} INFO - Sync 1 DAGs
[2023-11-04T16:47:20.420+0000] {processor.py:179} INFO - Processing /opt/airflow/dags/script.py took 0.578 seconds
[2023-11-04T16:47:50.626+0000] {processor.py:157} INFO - Started process (PID=2161) to work on /opt/airflow/dags/script.py
[2023-11-04T16:47:50.629+0000] {processor.py:829} INFO - Processing file /opt/airflow/dags/script.py for tasks to queue
[2023-11-04T16:47:50.630+0000] {logging_mixin.py:151} INFO - [2023-11-04T16:47:50.629+0000] {dagbag.py:536} INFO - Filling up the DagBag from /opt/airflow/dags/script.py
[2023-11-04T16:47:51.000+0000] {processor.py:839} INFO - DAG(s) dict_keys(['traffic_data']) retrieved from /opt/airflow/dags/script.py
[2023-11-04T16:47:51.292+0000] {logging_mixin.py:151} INFO - [2023-11-04T16:47:51.291+0000] {dag.py:2941} INFO - Sync 1 DAGs
[2023-11-04T16:47:51.364+0000] {processor.py:179} INFO - Processing /opt/airflow/dags/script.py took 0.749 seconds
[2023-11-04T16:48:21.490+0000] {processor.py:157} INFO - Started process (PID=2170) to work on /opt/airflow/dags/script.py
[2023-11-04T16:48:21.492+0000] {processor.py:829} INFO - Processing file /opt/airflow/dags/script.py for tasks to queue
[2023-11-04T16:48:21.493+0000] {logging_mixin.py:151} INFO - [2023-11-04T16:48:21.493+0000] {dagbag.py:536} INFO - Filling up the DagBag from /opt/airflow/dags/script.py
[2023-11-04T16:48:22.088+0000] {processor.py:839} INFO - DAG(s) dict_keys(['traffic_data']) retrieved from /opt/airflow/dags/script.py
[2023-11-04T16:48:22.225+0000] {logging_mixin.py:151} INFO - [2023-11-04T16:48:22.221+0000] {dag.py:2941} INFO - Sync 1 DAGs
[2023-11-04T16:48:22.317+0000] {processor.py:179} INFO - Processing /opt/airflow/dags/script.py took 0.833 seconds
[2023-11-04T16:48:52.574+0000] {processor.py:157} INFO - Started process (PID=2179) to work on /opt/airflow/dags/script.py
[2023-11-04T16:48:52.575+0000] {processor.py:829} INFO - Processing file /opt/airflow/dags/script.py for tasks to queue
[2023-11-04T16:48:52.577+0000] {logging_mixin.py:151} INFO - [2023-11-04T16:48:52.576+0000] {dagbag.py:536} INFO - Filling up the DagBag from /opt/airflow/dags/script.py
[2023-11-04T16:48:53.056+0000] {processor.py:839} INFO - DAG(s) dict_keys(['traffic_data']) retrieved from /opt/airflow/dags/script.py
[2023-11-04T16:48:53.094+0000] {logging_mixin.py:151} INFO - [2023-11-04T16:48:53.094+0000] {dag.py:2941} INFO - Sync 1 DAGs
[2023-11-04T16:48:53.164+0000] {processor.py:179} INFO - Processing /opt/airflow/dags/script.py took 0.596 seconds
[2023-11-04T16:49:23.362+0000] {processor.py:157} INFO - Started process (PID=2189) to work on /opt/airflow/dags/script.py
[2023-11-04T16:49:23.364+0000] {processor.py:829} INFO - Processing file /opt/airflow/dags/script.py for tasks to queue
[2023-11-04T16:49:23.365+0000] {logging_mixin.py:151} INFO - [2023-11-04T16:49:23.364+0000] {dagbag.py:536} INFO - Filling up the DagBag from /opt/airflow/dags/script.py
[2023-11-04T16:49:23.761+0000] {processor.py:839} INFO - DAG(s) dict_keys(['traffic_data']) retrieved from /opt/airflow/dags/script.py
[2023-11-04T16:49:24.000+0000] {logging_mixin.py:151} INFO - [2023-11-04T16:49:24.000+0000] {dag.py:2941} INFO - Sync 1 DAGs
[2023-11-04T16:49:24.097+0000] {processor.py:179} INFO - Processing /opt/airflow/dags/script.py took 0.739 seconds
[2023-11-04T16:49:54.341+0000] {processor.py:157} INFO - Started process (PID=2198) to work on /opt/airflow/dags/script.py
[2023-11-04T16:49:54.345+0000] {processor.py:829} INFO - Processing file /opt/airflow/dags/script.py for tasks to queue
[2023-11-04T16:49:54.348+0000] {logging_mixin.py:151} INFO - [2023-11-04T16:49:54.346+0000] {dagbag.py:536} INFO - Filling up the DagBag from /opt/airflow/dags/script.py
[2023-11-04T16:49:54.924+0000] {processor.py:839} INFO - DAG(s) dict_keys(['traffic_data']) retrieved from /opt/airflow/dags/script.py
[2023-11-04T16:49:54.985+0000] {logging_mixin.py:151} INFO - [2023-11-04T16:49:54.984+0000] {dag.py:2941} INFO - Sync 1 DAGs
[2023-11-04T16:49:55.063+0000] {processor.py:179} INFO - Processing /opt/airflow/dags/script.py took 0.736 seconds
[2023-11-04T16:50:25.247+0000] {processor.py:157} INFO - Started process (PID=2214) to work on /opt/airflow/dags/script.py
[2023-11-04T16:50:25.249+0000] {processor.py:829} INFO - Processing file /opt/airflow/dags/script.py for tasks to queue
[2023-11-04T16:50:25.250+0000] {logging_mixin.py:151} INFO - [2023-11-04T16:50:25.250+0000] {dagbag.py:536} INFO - Filling up the DagBag from /opt/airflow/dags/script.py
[2023-11-04T16:50:25.741+0000] {processor.py:839} INFO - DAG(s) dict_keys(['traffic_data']) retrieved from /opt/airflow/dags/script.py
[2023-11-04T16:50:25.761+0000] {logging_mixin.py:151} INFO - [2023-11-04T16:50:25.760+0000] {dag.py:2941} INFO - Sync 1 DAGs
[2023-11-04T16:50:25.824+0000] {processor.py:179} INFO - Processing /opt/airflow/dags/script.py took 0.581 seconds
[2023-11-04T16:50:56.041+0000] {processor.py:157} INFO - Started process (PID=2224) to work on /opt/airflow/dags/script.py
[2023-11-04T16:50:56.042+0000] {processor.py:829} INFO - Processing file /opt/airflow/dags/script.py for tasks to queue
[2023-11-04T16:50:56.043+0000] {logging_mixin.py:151} INFO - [2023-11-04T16:50:56.043+0000] {dagbag.py:536} INFO - Filling up the DagBag from /opt/airflow/dags/script.py
[2023-11-04T16:50:56.451+0000] {processor.py:839} INFO - DAG(s) dict_keys(['traffic_data']) retrieved from /opt/airflow/dags/script.py
[2023-11-04T16:50:56.710+0000] {logging_mixin.py:151} INFO - [2023-11-04T16:50:56.709+0000] {dag.py:2941} INFO - Sync 1 DAGs
[2023-11-04T16:50:56.768+0000] {processor.py:179} INFO - Processing /opt/airflow/dags/script.py took 0.731 seconds
[2023-11-04T16:51:27.298+0000] {processor.py:157} INFO - Started process (PID=2233) to work on /opt/airflow/dags/script.py
[2023-11-04T16:51:27.300+0000] {processor.py:829} INFO - Processing file /opt/airflow/dags/script.py for tasks to queue
[2023-11-04T16:51:27.302+0000] {logging_mixin.py:151} INFO - [2023-11-04T16:51:27.301+0000] {dagbag.py:536} INFO - Filling up the DagBag from /opt/airflow/dags/script.py
[2023-11-04T16:51:27.870+0000] {processor.py:839} INFO - DAG(s) dict_keys(['traffic_data']) retrieved from /opt/airflow/dags/script.py
[2023-11-04T16:51:27.919+0000] {logging_mixin.py:151} INFO - [2023-11-04T16:51:27.919+0000] {dag.py:2941} INFO - Sync 1 DAGs
[2023-11-04T16:51:27.983+0000] {processor.py:179} INFO - Processing /opt/airflow/dags/script.py took 0.690 seconds
[2023-11-04T16:51:58.172+0000] {processor.py:157} INFO - Started process (PID=2242) to work on /opt/airflow/dags/script.py
[2023-11-04T16:51:58.174+0000] {processor.py:829} INFO - Processing file /opt/airflow/dags/script.py for tasks to queue
[2023-11-04T16:51:58.175+0000] {logging_mixin.py:151} INFO - [2023-11-04T16:51:58.175+0000] {dagbag.py:536} INFO - Filling up the DagBag from /opt/airflow/dags/script.py
[2023-11-04T16:51:58.641+0000] {processor.py:839} INFO - DAG(s) dict_keys(['traffic_data']) retrieved from /opt/airflow/dags/script.py
[2023-11-04T16:51:58.684+0000] {logging_mixin.py:151} INFO - [2023-11-04T16:51:58.684+0000] {dag.py:2941} INFO - Sync 1 DAGs
[2023-11-04T16:51:58.747+0000] {processor.py:179} INFO - Processing /opt/airflow/dags/script.py took 0.580 seconds
[2023-11-04T16:52:28.943+0000] {processor.py:157} INFO - Started process (PID=2251) to work on /opt/airflow/dags/script.py
[2023-11-04T16:52:28.944+0000] {processor.py:829} INFO - Processing file /opt/airflow/dags/script.py for tasks to queue
[2023-11-04T16:52:28.945+0000] {logging_mixin.py:151} INFO - [2023-11-04T16:52:28.945+0000] {dagbag.py:536} INFO - Filling up the DagBag from /opt/airflow/dags/script.py
[2023-11-04T16:52:29.357+0000] {processor.py:839} INFO - DAG(s) dict_keys(['traffic_data']) retrieved from /opt/airflow/dags/script.py
[2023-11-04T16:52:29.675+0000] {logging_mixin.py:151} INFO - [2023-11-04T16:52:29.674+0000] {dag.py:2941} INFO - Sync 1 DAGs
[2023-11-04T16:52:29.748+0000] {processor.py:179} INFO - Processing /opt/airflow/dags/script.py took 0.809 seconds
[2023-11-04T16:52:59.960+0000] {processor.py:157} INFO - Started process (PID=2260) to work on /opt/airflow/dags/script.py
[2023-11-04T16:52:59.963+0000] {processor.py:829} INFO - Processing file /opt/airflow/dags/script.py for tasks to queue
[2023-11-04T16:52:59.965+0000] {logging_mixin.py:151} INFO - [2023-11-04T16:52:59.964+0000] {dagbag.py:536} INFO - Filling up the DagBag from /opt/airflow/dags/script.py
[2023-11-04T16:53:00.421+0000] {processor.py:839} INFO - DAG(s) dict_keys(['traffic_data']) retrieved from /opt/airflow/dags/script.py
[2023-11-04T16:53:00.552+0000] {logging_mixin.py:151} INFO - [2023-11-04T16:53:00.552+0000] {dag.py:2941} INFO - Sync 1 DAGs
[2023-11-04T16:53:00.684+0000] {processor.py:179} INFO - Processing /opt/airflow/dags/script.py took 0.728 seconds
[2023-11-04T16:53:30.897+0000] {processor.py:157} INFO - Started process (PID=2270) to work on /opt/airflow/dags/script.py
[2023-11-04T16:53:30.899+0000] {processor.py:829} INFO - Processing file /opt/airflow/dags/script.py for tasks to queue
[2023-11-04T16:53:30.900+0000] {logging_mixin.py:151} INFO - [2023-11-04T16:53:30.899+0000] {dagbag.py:536} INFO - Filling up the DagBag from /opt/airflow/dags/script.py
[2023-11-04T16:53:31.293+0000] {processor.py:839} INFO - DAG(s) dict_keys(['traffic_data']) retrieved from /opt/airflow/dags/script.py
[2023-11-04T16:53:31.315+0000] {logging_mixin.py:151} INFO - [2023-11-04T16:53:31.314+0000] {dag.py:2941} INFO - Sync 1 DAGs
[2023-11-04T16:53:31.383+0000] {processor.py:179} INFO - Processing /opt/airflow/dags/script.py took 0.490 seconds
[2023-11-04T16:54:01.629+0000] {processor.py:157} INFO - Started process (PID=2279) to work on /opt/airflow/dags/script.py
[2023-11-04T16:54:01.631+0000] {processor.py:829} INFO - Processing file /opt/airflow/dags/script.py for tasks to queue
[2023-11-04T16:54:01.632+0000] {logging_mixin.py:151} INFO - [2023-11-04T16:54:01.632+0000] {dagbag.py:536} INFO - Filling up the DagBag from /opt/airflow/dags/script.py
[2023-11-04T16:54:02.092+0000] {processor.py:839} INFO - DAG(s) dict_keys(['traffic_data']) retrieved from /opt/airflow/dags/script.py
[2023-11-04T16:54:02.363+0000] {logging_mixin.py:151} INFO - [2023-11-04T16:54:02.363+0000] {dag.py:2941} INFO - Sync 1 DAGs
[2023-11-04T16:54:02.433+0000] {processor.py:179} INFO - Processing /opt/airflow/dags/script.py took 0.809 seconds
[2023-11-04T16:54:32.474+0000] {processor.py:157} INFO - Started process (PID=2288) to work on /opt/airflow/dags/script.py
[2023-11-04T16:54:32.476+0000] {processor.py:829} INFO - Processing file /opt/airflow/dags/script.py for tasks to queue
[2023-11-04T16:54:32.477+0000] {logging_mixin.py:151} INFO - [2023-11-04T16:54:32.477+0000] {dagbag.py:536} INFO - Filling up the DagBag from /opt/airflow/dags/script.py
[2023-11-04T16:54:32.880+0000] {processor.py:839} INFO - DAG(s) dict_keys(['traffic_data']) retrieved from /opt/airflow/dags/script.py
[2023-11-04T16:54:32.929+0000] {logging_mixin.py:151} INFO - [2023-11-04T16:54:32.929+0000] {dag.py:2941} INFO - Sync 1 DAGs
[2023-11-04T16:54:32.984+0000] {processor.py:179} INFO - Processing /opt/airflow/dags/script.py took 0.516 seconds
[2023-11-04T16:55:03.173+0000] {processor.py:157} INFO - Started process (PID=2298) to work on /opt/airflow/dags/script.py
[2023-11-04T16:55:03.174+0000] {processor.py:829} INFO - Processing file /opt/airflow/dags/script.py for tasks to queue
[2023-11-04T16:55:03.176+0000] {logging_mixin.py:151} INFO - [2023-11-04T16:55:03.175+0000] {dagbag.py:536} INFO - Filling up the DagBag from /opt/airflow/dags/script.py
[2023-11-04T16:55:03.568+0000] {processor.py:839} INFO - DAG(s) dict_keys(['traffic_data']) retrieved from /opt/airflow/dags/script.py
[2023-11-04T16:55:03.589+0000] {logging_mixin.py:151} INFO - [2023-11-04T16:55:03.588+0000] {dag.py:2941} INFO - Sync 1 DAGs
[2023-11-04T16:55:03.647+0000] {processor.py:179} INFO - Processing /opt/airflow/dags/script.py took 0.477 seconds
[2023-11-04T16:55:33.855+0000] {processor.py:157} INFO - Started process (PID=2307) to work on /opt/airflow/dags/script.py
[2023-11-04T16:55:33.857+0000] {processor.py:829} INFO - Processing file /opt/airflow/dags/script.py for tasks to queue
[2023-11-04T16:55:33.858+0000] {logging_mixin.py:151} INFO - [2023-11-04T16:55:33.858+0000] {dagbag.py:536} INFO - Filling up the DagBag from /opt/airflow/dags/script.py
[2023-11-04T16:55:34.454+0000] {processor.py:839} INFO - DAG(s) dict_keys(['traffic_data']) retrieved from /opt/airflow/dags/script.py
[2023-11-04T16:55:34.722+0000] {logging_mixin.py:151} INFO - [2023-11-04T16:55:34.721+0000] {dag.py:2941} INFO - Sync 1 DAGs
[2023-11-04T16:55:34.812+0000] {processor.py:179} INFO - Processing /opt/airflow/dags/script.py took 0.961 seconds
[2023-11-04T16:56:05.025+0000] {processor.py:157} INFO - Started process (PID=2316) to work on /opt/airflow/dags/script.py
[2023-11-04T16:56:05.026+0000] {processor.py:829} INFO - Processing file /opt/airflow/dags/script.py for tasks to queue
[2023-11-04T16:56:05.029+0000] {logging_mixin.py:151} INFO - [2023-11-04T16:56:05.027+0000] {dagbag.py:536} INFO - Filling up the DagBag from /opt/airflow/dags/script.py
[2023-11-04T16:56:05.554+0000] {processor.py:839} INFO - DAG(s) dict_keys(['traffic_data']) retrieved from /opt/airflow/dags/script.py
[2023-11-04T16:56:05.630+0000] {logging_mixin.py:151} INFO - [2023-11-04T16:56:05.630+0000] {dag.py:2941} INFO - Sync 1 DAGs
[2023-11-04T16:56:05.718+0000] {processor.py:179} INFO - Processing /opt/airflow/dags/script.py took 0.697 seconds
[2023-11-04T16:56:35.939+0000] {processor.py:157} INFO - Started process (PID=2325) to work on /opt/airflow/dags/script.py
[2023-11-04T16:56:35.941+0000] {processor.py:829} INFO - Processing file /opt/airflow/dags/script.py for tasks to queue
[2023-11-04T16:56:35.943+0000] {logging_mixin.py:151} INFO - [2023-11-04T16:56:35.942+0000] {dagbag.py:536} INFO - Filling up the DagBag from /opt/airflow/dags/script.py
[2023-11-04T16:56:36.460+0000] {processor.py:839} INFO - DAG(s) dict_keys(['traffic_data']) retrieved from /opt/airflow/dags/script.py
[2023-11-04T16:56:36.585+0000] {logging_mixin.py:151} INFO - [2023-11-04T16:56:36.583+0000] {dag.py:2941} INFO - Sync 1 DAGs
[2023-11-04T16:56:36.673+0000] {processor.py:179} INFO - Processing /opt/airflow/dags/script.py took 0.737 seconds
[2023-11-04T16:57:07.127+0000] {processor.py:157} INFO - Started process (PID=2335) to work on /opt/airflow/dags/script.py
[2023-11-04T16:57:07.129+0000] {processor.py:829} INFO - Processing file /opt/airflow/dags/script.py for tasks to queue
[2023-11-04T16:57:07.130+0000] {logging_mixin.py:151} INFO - [2023-11-04T16:57:07.129+0000] {dagbag.py:536} INFO - Filling up the DagBag from /opt/airflow/dags/script.py
[2023-11-04T16:57:07.591+0000] {processor.py:839} INFO - DAG(s) dict_keys(['traffic_data']) retrieved from /opt/airflow/dags/script.py
[2023-11-04T16:57:07.850+0000] {logging_mixin.py:151} INFO - [2023-11-04T16:57:07.849+0000] {dag.py:2941} INFO - Sync 1 DAGs
[2023-11-04T16:57:07.905+0000] {processor.py:179} INFO - Processing /opt/airflow/dags/script.py took 0.785 seconds
[2023-11-04T16:57:38.194+0000] {processor.py:157} INFO - Started process (PID=2345) to work on /opt/airflow/dags/script.py
[2023-11-04T16:57:38.204+0000] {processor.py:829} INFO - Processing file /opt/airflow/dags/script.py for tasks to queue
[2023-11-04T16:57:38.207+0000] {logging_mixin.py:151} INFO - [2023-11-04T16:57:38.206+0000] {dagbag.py:536} INFO - Filling up the DagBag from /opt/airflow/dags/script.py
[2023-11-04T16:57:41.584+0000] {processor.py:839} INFO - DAG(s) dict_keys(['traffic_data']) retrieved from /opt/airflow/dags/script.py
[2023-11-04T16:57:41.822+0000] {logging_mixin.py:151} INFO - [2023-11-04T16:57:41.822+0000] {dag.py:2941} INFO - Sync 1 DAGs
[2023-11-04T16:57:42.169+0000] {processor.py:179} INFO - Processing /opt/airflow/dags/script.py took 4.027 seconds
[2023-11-04T16:58:12.315+0000] {processor.py:157} INFO - Started process (PID=2355) to work on /opt/airflow/dags/script.py
[2023-11-04T16:58:12.317+0000] {processor.py:829} INFO - Processing file /opt/airflow/dags/script.py for tasks to queue
[2023-11-04T16:58:12.319+0000] {logging_mixin.py:151} INFO - [2023-11-04T16:58:12.318+0000] {dagbag.py:536} INFO - Filling up the DagBag from /opt/airflow/dags/script.py
[2023-11-04T16:58:12.838+0000] {processor.py:839} INFO - DAG(s) dict_keys(['traffic_data']) retrieved from /opt/airflow/dags/script.py
[2023-11-04T16:58:12.856+0000] {logging_mixin.py:151} INFO - [2023-11-04T16:58:12.856+0000] {dag.py:2941} INFO - Sync 1 DAGs
[2023-11-04T16:58:12.957+0000] {processor.py:179} INFO - Processing /opt/airflow/dags/script.py took 0.647 seconds
[2023-11-04T16:58:43.052+0000] {processor.py:157} INFO - Started process (PID=2364) to work on /opt/airflow/dags/script.py
[2023-11-04T16:58:43.055+0000] {processor.py:829} INFO - Processing file /opt/airflow/dags/script.py for tasks to queue
[2023-11-04T16:58:43.057+0000] {logging_mixin.py:151} INFO - [2023-11-04T16:58:43.056+0000] {dagbag.py:536} INFO - Filling up the DagBag from /opt/airflow/dags/script.py
[2023-11-04T16:58:43.816+0000] {processor.py:839} INFO - DAG(s) dict_keys(['traffic_data']) retrieved from /opt/airflow/dags/script.py
[2023-11-04T16:58:43.989+0000] {logging_mixin.py:151} INFO - [2023-11-04T16:58:43.989+0000] {dag.py:2941} INFO - Sync 1 DAGs
[2023-11-04T16:58:44.055+0000] {processor.py:179} INFO - Processing /opt/airflow/dags/script.py took 1.020 seconds
[2023-11-04T16:59:14.293+0000] {processor.py:157} INFO - Started process (PID=2373) to work on /opt/airflow/dags/script.py
[2023-11-04T16:59:14.294+0000] {processor.py:829} INFO - Processing file /opt/airflow/dags/script.py for tasks to queue
[2023-11-04T16:59:14.296+0000] {logging_mixin.py:151} INFO - [2023-11-04T16:59:14.295+0000] {dagbag.py:536} INFO - Filling up the DagBag from /opt/airflow/dags/script.py
[2023-11-04T16:59:14.642+0000] {processor.py:839} INFO - DAG(s) dict_keys(['traffic_data']) retrieved from /opt/airflow/dags/script.py
[2023-11-04T16:59:14.677+0000] {logging_mixin.py:151} INFO - [2023-11-04T16:59:14.677+0000] {dag.py:2941} INFO - Sync 1 DAGs
[2023-11-04T16:59:14.737+0000] {processor.py:179} INFO - Processing /opt/airflow/dags/script.py took 0.448 seconds
[2023-11-04T16:59:44.917+0000] {processor.py:157} INFO - Started process (PID=2382) to work on /opt/airflow/dags/script.py
[2023-11-04T16:59:44.918+0000] {processor.py:829} INFO - Processing file /opt/airflow/dags/script.py for tasks to queue
[2023-11-04T16:59:44.919+0000] {logging_mixin.py:151} INFO - [2023-11-04T16:59:44.919+0000] {dagbag.py:536} INFO - Filling up the DagBag from /opt/airflow/dags/script.py
[2023-11-04T16:59:45.240+0000] {processor.py:839} INFO - DAG(s) dict_keys(['traffic_data']) retrieved from /opt/airflow/dags/script.py
[2023-11-04T16:59:45.255+0000] {logging_mixin.py:151} INFO - [2023-11-04T16:59:45.255+0000] {dag.py:2941} INFO - Sync 1 DAGs
[2023-11-04T16:59:45.319+0000] {processor.py:179} INFO - Processing /opt/airflow/dags/script.py took 0.406 seconds
[2023-11-04T17:00:15.600+0000] {processor.py:157} INFO - Started process (PID=2391) to work on /opt/airflow/dags/script.py
[2023-11-04T17:00:15.688+0000] {processor.py:829} INFO - Processing file /opt/airflow/dags/script.py for tasks to queue
[2023-11-04T17:00:15.729+0000] {logging_mixin.py:151} INFO - [2023-11-04T17:00:15.713+0000] {dagbag.py:536} INFO - Filling up the DagBag from /opt/airflow/dags/script.py
[2023-11-04T17:00:16.853+0000] {processor.py:839} INFO - DAG(s) dict_keys(['traffic_data']) retrieved from /opt/airflow/dags/script.py
[2023-11-04T17:00:17.530+0000] {logging_mixin.py:151} INFO - [2023-11-04T17:00:17.529+0000] {dag.py:2941} INFO - Sync 1 DAGs
[2023-11-04T17:00:17.721+0000] {processor.py:179} INFO - Processing /opt/airflow/dags/script.py took 2.161 seconds
[2023-11-04T17:00:47.943+0000] {processor.py:157} INFO - Started process (PID=2400) to work on /opt/airflow/dags/script.py
[2023-11-04T17:00:47.945+0000] {processor.py:829} INFO - Processing file /opt/airflow/dags/script.py for tasks to queue
[2023-11-04T17:00:47.946+0000] {logging_mixin.py:151} INFO - [2023-11-04T17:00:47.945+0000] {dagbag.py:536} INFO - Filling up the DagBag from /opt/airflow/dags/script.py
[2023-11-04T17:00:48.345+0000] {processor.py:839} INFO - DAG(s) dict_keys(['traffic_data']) retrieved from /opt/airflow/dags/script.py
[2023-11-04T17:00:48.378+0000] {logging_mixin.py:151} INFO - [2023-11-04T17:00:48.377+0000] {dag.py:2941} INFO - Sync 1 DAGs
[2023-11-04T17:00:48.444+0000] {processor.py:179} INFO - Processing /opt/airflow/dags/script.py took 0.506 seconds
[2023-11-04T17:01:18.659+0000] {processor.py:157} INFO - Started process (PID=2409) to work on /opt/airflow/dags/script.py
[2023-11-04T17:01:18.662+0000] {processor.py:829} INFO - Processing file /opt/airflow/dags/script.py for tasks to queue
[2023-11-04T17:01:18.663+0000] {logging_mixin.py:151} INFO - [2023-11-04T17:01:18.663+0000] {dagbag.py:536} INFO - Filling up the DagBag from /opt/airflow/dags/script.py
[2023-11-04T17:01:19.244+0000] {processor.py:839} INFO - DAG(s) dict_keys(['traffic_data']) retrieved from /opt/airflow/dags/script.py
[2023-11-04T17:01:19.284+0000] {logging_mixin.py:151} INFO - [2023-11-04T17:01:19.284+0000] {dag.py:2941} INFO - Sync 1 DAGs
[2023-11-04T17:01:19.375+0000] {processor.py:179} INFO - Processing /opt/airflow/dags/script.py took 0.733 seconds
[2023-11-04T17:01:49.475+0000] {processor.py:157} INFO - Started process (PID=2418) to work on /opt/airflow/dags/script.py
[2023-11-04T17:01:49.476+0000] {processor.py:829} INFO - Processing file /opt/airflow/dags/script.py for tasks to queue
[2023-11-04T17:01:49.478+0000] {logging_mixin.py:151} INFO - [2023-11-04T17:01:49.477+0000] {dagbag.py:536} INFO - Filling up the DagBag from /opt/airflow/dags/script.py
[2023-11-04T17:01:49.772+0000] {processor.py:839} INFO - DAG(s) dict_keys(['traffic_data']) retrieved from /opt/airflow/dags/script.py
[2023-11-04T17:01:49.903+0000] {logging_mixin.py:151} INFO - [2023-11-04T17:01:49.903+0000] {dag.py:2941} INFO - Sync 1 DAGs
[2023-11-04T17:01:49.958+0000] {processor.py:179} INFO - Processing /opt/airflow/dags/script.py took 0.488 seconds
[2023-11-04T17:02:20.762+0000] {processor.py:157} INFO - Started process (PID=2428) to work on /opt/airflow/dags/script.py
[2023-11-04T17:02:20.776+0000] {processor.py:829} INFO - Processing file /opt/airflow/dags/script.py for tasks to queue
[2023-11-04T17:02:20.778+0000] {logging_mixin.py:151} INFO - [2023-11-04T17:02:20.777+0000] {dagbag.py:536} INFO - Filling up the DagBag from /opt/airflow/dags/script.py
[2023-11-04T17:02:23.777+0000] {processor.py:839} INFO - DAG(s) dict_keys(['traffic_data']) retrieved from /opt/airflow/dags/script.py
[2023-11-04T17:02:23.886+0000] {logging_mixin.py:151} INFO - [2023-11-04T17:02:23.886+0000] {dag.py:2941} INFO - Sync 1 DAGs
[2023-11-04T17:02:24.078+0000] {processor.py:179} INFO - Processing /opt/airflow/dags/script.py took 3.935 seconds
[2023-11-04T17:02:54.514+0000] {processor.py:157} INFO - Started process (PID=2437) to work on /opt/airflow/dags/script.py
[2023-11-04T17:02:54.517+0000] {processor.py:829} INFO - Processing file /opt/airflow/dags/script.py for tasks to queue
[2023-11-04T17:02:54.520+0000] {logging_mixin.py:151} INFO - [2023-11-04T17:02:54.519+0000] {dagbag.py:536} INFO - Filling up the DagBag from /opt/airflow/dags/script.py
[2023-11-04T17:02:55.387+0000] {processor.py:839} INFO - DAG(s) dict_keys(['traffic_data']) retrieved from /opt/airflow/dags/script.py
[2023-11-04T17:02:55.429+0000] {logging_mixin.py:151} INFO - [2023-11-04T17:02:55.429+0000] {dag.py:2941} INFO - Sync 1 DAGs
[2023-11-04T17:02:55.527+0000] {processor.py:179} INFO - Processing /opt/airflow/dags/script.py took 1.025 seconds
[2023-11-04T17:03:25.773+0000] {processor.py:157} INFO - Started process (PID=2446) to work on /opt/airflow/dags/script.py
[2023-11-04T17:03:25.778+0000] {processor.py:829} INFO - Processing file /opt/airflow/dags/script.py for tasks to queue
[2023-11-04T17:03:25.781+0000] {logging_mixin.py:151} INFO - [2023-11-04T17:03:25.780+0000] {dagbag.py:536} INFO - Filling up the DagBag from /opt/airflow/dags/script.py
[2023-11-04T17:03:26.679+0000] {processor.py:839} INFO - DAG(s) dict_keys(['traffic_data']) retrieved from /opt/airflow/dags/script.py
[2023-11-04T17:03:27.149+0000] {logging_mixin.py:151} INFO - [2023-11-04T17:03:27.149+0000] {dag.py:2941} INFO - Sync 1 DAGs
[2023-11-04T17:03:27.365+0000] {processor.py:179} INFO - Processing /opt/airflow/dags/script.py took 1.610 seconds
[2023-11-04T17:03:57.759+0000] {processor.py:157} INFO - Started process (PID=2455) to work on /opt/airflow/dags/script.py
[2023-11-04T17:03:57.762+0000] {processor.py:829} INFO - Processing file /opt/airflow/dags/script.py for tasks to queue
[2023-11-04T17:03:57.764+0000] {logging_mixin.py:151} INFO - [2023-11-04T17:03:57.763+0000] {dagbag.py:536} INFO - Filling up the DagBag from /opt/airflow/dags/script.py
[2023-11-04T17:03:58.373+0000] {processor.py:839} INFO - DAG(s) dict_keys(['traffic_data']) retrieved from /opt/airflow/dags/script.py
[2023-11-04T17:03:58.418+0000] {logging_mixin.py:151} INFO - [2023-11-04T17:03:58.417+0000] {dag.py:2941} INFO - Sync 1 DAGs
[2023-11-04T17:03:58.517+0000] {processor.py:179} INFO - Processing /opt/airflow/dags/script.py took 0.763 seconds
[2023-11-04T17:04:28.825+0000] {processor.py:157} INFO - Started process (PID=2464) to work on /opt/airflow/dags/script.py
[2023-11-04T17:04:28.828+0000] {processor.py:829} INFO - Processing file /opt/airflow/dags/script.py for tasks to queue
[2023-11-04T17:04:28.830+0000] {logging_mixin.py:151} INFO - [2023-11-04T17:04:28.829+0000] {dagbag.py:536} INFO - Filling up the DagBag from /opt/airflow/dags/script.py
[2023-11-04T17:04:29.390+0000] {processor.py:839} INFO - DAG(s) dict_keys(['traffic_data']) retrieved from /opt/airflow/dags/script.py
[2023-11-04T17:04:29.414+0000] {logging_mixin.py:151} INFO - [2023-11-04T17:04:29.413+0000] {dag.py:2941} INFO - Sync 1 DAGs
[2023-11-04T17:04:29.515+0000] {processor.py:179} INFO - Processing /opt/airflow/dags/script.py took 0.704 seconds
[2023-11-04T17:04:59.843+0000] {processor.py:157} INFO - Started process (PID=2473) to work on /opt/airflow/dags/script.py
[2023-11-04T17:04:59.846+0000] {processor.py:829} INFO - Processing file /opt/airflow/dags/script.py for tasks to queue
[2023-11-04T17:04:59.848+0000] {logging_mixin.py:151} INFO - [2023-11-04T17:04:59.848+0000] {dagbag.py:536} INFO - Filling up the DagBag from /opt/airflow/dags/script.py
[2023-11-04T17:05:00.489+0000] {processor.py:839} INFO - DAG(s) dict_keys(['traffic_data']) retrieved from /opt/airflow/dags/script.py
[2023-11-04T17:05:00.804+0000] {logging_mixin.py:151} INFO - [2023-11-04T17:05:00.804+0000] {dag.py:2941} INFO - Sync 1 DAGs
[2023-11-04T17:05:00.933+0000] {processor.py:179} INFO - Processing /opt/airflow/dags/script.py took 1.098 seconds
[2023-11-04T17:05:31.072+0000] {processor.py:157} INFO - Started process (PID=2483) to work on /opt/airflow/dags/script.py
[2023-11-04T17:05:31.075+0000] {processor.py:829} INFO - Processing file /opt/airflow/dags/script.py for tasks to queue
[2023-11-04T17:05:31.077+0000] {logging_mixin.py:151} INFO - [2023-11-04T17:05:31.077+0000] {dagbag.py:536} INFO - Filling up the DagBag from /opt/airflow/dags/script.py
[2023-11-04T17:05:31.797+0000] {processor.py:839} INFO - DAG(s) dict_keys(['traffic_data']) retrieved from /opt/airflow/dags/script.py
[2023-11-04T17:05:31.873+0000] {logging_mixin.py:151} INFO - [2023-11-04T17:05:31.872+0000] {dag.py:2941} INFO - Sync 1 DAGs
[2023-11-04T17:05:31.981+0000] {processor.py:179} INFO - Processing /opt/airflow/dags/script.py took 0.914 seconds
[2023-11-04T17:06:02.512+0000] {processor.py:157} INFO - Started process (PID=2499) to work on /opt/airflow/dags/script.py
[2023-11-04T17:06:02.514+0000] {processor.py:829} INFO - Processing file /opt/airflow/dags/script.py for tasks to queue
[2023-11-04T17:06:02.516+0000] {logging_mixin.py:151} INFO - [2023-11-04T17:06:02.515+0000] {dagbag.py:536} INFO - Filling up the DagBag from /opt/airflow/dags/script.py
[2023-11-04T17:06:03.806+0000] {processor.py:839} INFO - DAG(s) dict_keys(['traffic_data']) retrieved from /opt/airflow/dags/script.py
[2023-11-04T17:06:03.877+0000] {logging_mixin.py:151} INFO - [2023-11-04T17:06:03.876+0000] {dag.py:2941} INFO - Sync 1 DAGs
[2023-11-04T17:06:04.455+0000] {processor.py:179} INFO - Processing /opt/airflow/dags/script.py took 1.952 seconds
[2023-11-04T17:06:34.612+0000] {processor.py:157} INFO - Started process (PID=2508) to work on /opt/airflow/dags/script.py
[2023-11-04T17:06:34.615+0000] {processor.py:829} INFO - Processing file /opt/airflow/dags/script.py for tasks to queue
[2023-11-04T17:06:34.619+0000] {logging_mixin.py:151} INFO - [2023-11-04T17:06:34.617+0000] {dagbag.py:536} INFO - Filling up the DagBag from /opt/airflow/dags/script.py
[2023-11-04T17:06:35.203+0000] {processor.py:839} INFO - DAG(s) dict_keys(['traffic_data']) retrieved from /opt/airflow/dags/script.py
[2023-11-04T17:06:35.430+0000] {logging_mixin.py:151} INFO - [2023-11-04T17:06:35.429+0000] {dag.py:2941} INFO - Sync 1 DAGs
[2023-11-04T17:06:35.506+0000] {processor.py:179} INFO - Processing /opt/airflow/dags/script.py took 0.907 seconds
[2023-11-04T17:07:06.171+0000] {processor.py:157} INFO - Started process (PID=2517) to work on /opt/airflow/dags/script.py
[2023-11-04T17:07:06.173+0000] {processor.py:829} INFO - Processing file /opt/airflow/dags/script.py for tasks to queue
[2023-11-04T17:07:06.175+0000] {logging_mixin.py:151} INFO - [2023-11-04T17:07:06.174+0000] {dagbag.py:536} INFO - Filling up the DagBag from /opt/airflow/dags/script.py
[2023-11-04T17:07:06.872+0000] {processor.py:839} INFO - DAG(s) dict_keys(['traffic_data']) retrieved from /opt/airflow/dags/script.py
[2023-11-04T17:07:06.937+0000] {logging_mixin.py:151} INFO - [2023-11-04T17:07:06.936+0000] {dag.py:2941} INFO - Sync 1 DAGs
[2023-11-04T17:07:07.070+0000] {processor.py:179} INFO - Processing /opt/airflow/dags/script.py took 0.906 seconds
[2023-11-04T17:07:37.846+0000] {processor.py:157} INFO - Started process (PID=2526) to work on /opt/airflow/dags/script.py
[2023-11-04T17:07:37.848+0000] {processor.py:829} INFO - Processing file /opt/airflow/dags/script.py for tasks to queue
[2023-11-04T17:07:37.849+0000] {logging_mixin.py:151} INFO - [2023-11-04T17:07:37.849+0000] {dagbag.py:536} INFO - Filling up the DagBag from /opt/airflow/dags/script.py
[2023-11-04T17:07:38.325+0000] {processor.py:839} INFO - DAG(s) dict_keys(['traffic_data']) retrieved from /opt/airflow/dags/script.py
[2023-11-04T17:07:38.347+0000] {logging_mixin.py:151} INFO - [2023-11-04T17:07:38.347+0000] {dag.py:2941} INFO - Sync 1 DAGs
[2023-11-04T17:07:38.416+0000] {processor.py:179} INFO - Processing /opt/airflow/dags/script.py took 0.577 seconds
[2023-11-04T17:08:08.711+0000] {processor.py:157} INFO - Started process (PID=2536) to work on /opt/airflow/dags/script.py
[2023-11-04T17:08:08.713+0000] {processor.py:829} INFO - Processing file /opt/airflow/dags/script.py for tasks to queue
[2023-11-04T17:08:08.715+0000] {logging_mixin.py:151} INFO - [2023-11-04T17:08:08.714+0000] {dagbag.py:536} INFO - Filling up the DagBag from /opt/airflow/dags/script.py
[2023-11-04T17:08:09.240+0000] {processor.py:839} INFO - DAG(s) dict_keys(['traffic_data']) retrieved from /opt/airflow/dags/script.py
[2023-11-04T17:08:09.405+0000] {logging_mixin.py:151} INFO - [2023-11-04T17:08:09.404+0000] {dag.py:2941} INFO - Sync 1 DAGs
[2023-11-04T17:08:09.485+0000] {processor.py:179} INFO - Processing /opt/airflow/dags/script.py took 0.785 seconds
[2023-11-04T17:08:39.811+0000] {processor.py:157} INFO - Started process (PID=2545) to work on /opt/airflow/dags/script.py
[2023-11-04T17:08:39.814+0000] {processor.py:829} INFO - Processing file /opt/airflow/dags/script.py for tasks to queue
[2023-11-04T17:08:39.816+0000] {logging_mixin.py:151} INFO - [2023-11-04T17:08:39.815+0000] {dagbag.py:536} INFO - Filling up the DagBag from /opt/airflow/dags/script.py
[2023-11-04T17:08:40.265+0000] {processor.py:839} INFO - DAG(s) dict_keys(['traffic_data']) retrieved from /opt/airflow/dags/script.py
[2023-11-04T17:08:40.323+0000] {logging_mixin.py:151} INFO - [2023-11-04T17:08:40.323+0000] {dag.py:2941} INFO - Sync 1 DAGs
[2023-11-04T17:08:40.437+0000] {processor.py:179} INFO - Processing /opt/airflow/dags/script.py took 0.636 seconds
[2023-11-04T17:09:10.734+0000] {processor.py:157} INFO - Started process (PID=2554) to work on /opt/airflow/dags/script.py
[2023-11-04T17:09:10.737+0000] {processor.py:829} INFO - Processing file /opt/airflow/dags/script.py for tasks to queue
[2023-11-04T17:09:10.739+0000] {logging_mixin.py:151} INFO - [2023-11-04T17:09:10.739+0000] {dagbag.py:536} INFO - Filling up the DagBag from /opt/airflow/dags/script.py
[2023-11-04T17:09:11.431+0000] {processor.py:839} INFO - DAG(s) dict_keys(['traffic_data']) retrieved from /opt/airflow/dags/script.py
[2023-11-04T17:09:11.530+0000] {logging_mixin.py:151} INFO - [2023-11-04T17:09:11.530+0000] {dag.py:2941} INFO - Sync 1 DAGs
[2023-11-04T17:09:11.644+0000] {processor.py:179} INFO - Processing /opt/airflow/dags/script.py took 0.915 seconds
[2023-11-04T17:09:41.986+0000] {processor.py:157} INFO - Started process (PID=2564) to work on /opt/airflow/dags/script.py
[2023-11-04T17:09:41.988+0000] {processor.py:829} INFO - Processing file /opt/airflow/dags/script.py for tasks to queue
[2023-11-04T17:09:41.991+0000] {logging_mixin.py:151} INFO - [2023-11-04T17:09:41.990+0000] {dagbag.py:536} INFO - Filling up the DagBag from /opt/airflow/dags/script.py
[2023-11-04T17:09:42.596+0000] {processor.py:839} INFO - DAG(s) dict_keys(['traffic_data']) retrieved from /opt/airflow/dags/script.py
[2023-11-04T17:09:42.867+0000] {logging_mixin.py:151} INFO - [2023-11-04T17:09:42.867+0000] {dag.py:2941} INFO - Sync 1 DAGs
[2023-11-04T17:09:42.972+0000] {processor.py:179} INFO - Processing /opt/airflow/dags/script.py took 0.994 seconds
[2023-11-04T17:10:13.055+0000] {processor.py:157} INFO - Started process (PID=2573) to work on /opt/airflow/dags/script.py
[2023-11-04T17:10:13.057+0000] {processor.py:829} INFO - Processing file /opt/airflow/dags/script.py for tasks to queue
[2023-11-04T17:10:13.060+0000] {logging_mixin.py:151} INFO - [2023-11-04T17:10:13.059+0000] {dagbag.py:536} INFO - Filling up the DagBag from /opt/airflow/dags/script.py
[2023-11-04T17:10:13.632+0000] {processor.py:839} INFO - DAG(s) dict_keys(['traffic_data']) retrieved from /opt/airflow/dags/script.py
[2023-11-04T17:10:13.736+0000] {logging_mixin.py:151} INFO - [2023-11-04T17:10:13.735+0000] {dag.py:2941} INFO - Sync 1 DAGs
[2023-11-04T17:10:13.886+0000] {processor.py:179} INFO - Processing /opt/airflow/dags/script.py took 0.842 seconds
[2023-11-04T17:10:44.191+0000] {processor.py:157} INFO - Started process (PID=2583) to work on /opt/airflow/dags/script.py
[2023-11-04T17:10:44.193+0000] {processor.py:829} INFO - Processing file /opt/airflow/dags/script.py for tasks to queue
[2023-11-04T17:10:44.195+0000] {logging_mixin.py:151} INFO - [2023-11-04T17:10:44.195+0000] {dagbag.py:536} INFO - Filling up the DagBag from /opt/airflow/dags/script.py
[2023-11-04T17:10:44.729+0000] {processor.py:839} INFO - DAG(s) dict_keys(['traffic_data']) retrieved from /opt/airflow/dags/script.py
[2023-11-04T17:10:44.757+0000] {logging_mixin.py:151} INFO - [2023-11-04T17:10:44.756+0000] {dag.py:2941} INFO - Sync 1 DAGs
[2023-11-04T17:10:44.873+0000] {processor.py:179} INFO - Processing /opt/airflow/dags/script.py took 0.692 seconds
[2023-11-04T17:11:15.513+0000] {processor.py:157} INFO - Started process (PID=2592) to work on /opt/airflow/dags/script.py
[2023-11-04T17:11:15.516+0000] {processor.py:829} INFO - Processing file /opt/airflow/dags/script.py for tasks to queue
[2023-11-04T17:11:15.518+0000] {logging_mixin.py:151} INFO - [2023-11-04T17:11:15.517+0000] {dagbag.py:536} INFO - Filling up the DagBag from /opt/airflow/dags/script.py
[2023-11-04T17:11:16.086+0000] {processor.py:839} INFO - DAG(s) dict_keys(['traffic_data']) retrieved from /opt/airflow/dags/script.py
[2023-11-04T17:11:16.292+0000] {logging_mixin.py:151} INFO - [2023-11-04T17:11:16.292+0000] {dag.py:2941} INFO - Sync 1 DAGs
[2023-11-04T17:11:16.373+0000] {processor.py:179} INFO - Processing /opt/airflow/dags/script.py took 0.869 seconds
[2023-11-04T17:11:47.127+0000] {processor.py:157} INFO - Started process (PID=2601) to work on /opt/airflow/dags/script.py
[2023-11-04T17:11:47.130+0000] {processor.py:829} INFO - Processing file /opt/airflow/dags/script.py for tasks to queue
[2023-11-04T17:11:47.133+0000] {logging_mixin.py:151} INFO - [2023-11-04T17:11:47.132+0000] {dagbag.py:536} INFO - Filling up the DagBag from /opt/airflow/dags/script.py
[2023-11-04T17:11:48.832+0000] {processor.py:839} INFO - DAG(s) dict_keys(['traffic_data']) retrieved from /opt/airflow/dags/script.py
[2023-11-04T17:11:48.895+0000] {logging_mixin.py:151} INFO - [2023-11-04T17:11:48.894+0000] {dag.py:2941} INFO - Sync 1 DAGs
[2023-11-04T17:11:49.069+0000] {processor.py:179} INFO - Processing /opt/airflow/dags/script.py took 1.953 seconds
[2023-11-04T17:12:19.366+0000] {processor.py:157} INFO - Started process (PID=2611) to work on /opt/airflow/dags/script.py
[2023-11-04T17:12:19.369+0000] {processor.py:829} INFO - Processing file /opt/airflow/dags/script.py for tasks to queue
[2023-11-04T17:12:19.371+0000] {logging_mixin.py:151} INFO - [2023-11-04T17:12:19.370+0000] {dagbag.py:536} INFO - Filling up the DagBag from /opt/airflow/dags/script.py
[2023-11-04T17:12:19.942+0000] {processor.py:839} INFO - DAG(s) dict_keys(['traffic_data']) retrieved from /opt/airflow/dags/script.py
[2023-11-04T17:12:19.969+0000] {logging_mixin.py:151} INFO - [2023-11-04T17:12:19.969+0000] {dag.py:2941} INFO - Sync 1 DAGs
[2023-11-04T17:12:20.074+0000] {processor.py:179} INFO - Processing /opt/airflow/dags/script.py took 0.719 seconds
[2023-11-04T17:12:50.388+0000] {processor.py:157} INFO - Started process (PID=2620) to work on /opt/airflow/dags/script.py
[2023-11-04T17:12:50.392+0000] {processor.py:829} INFO - Processing file /opt/airflow/dags/script.py for tasks to queue
[2023-11-04T17:12:50.395+0000] {logging_mixin.py:151} INFO - [2023-11-04T17:12:50.393+0000] {dagbag.py:536} INFO - Filling up the DagBag from /opt/airflow/dags/script.py
[2023-11-04T17:12:50.939+0000] {processor.py:839} INFO - DAG(s) dict_keys(['traffic_data']) retrieved from /opt/airflow/dags/script.py
[2023-11-04T17:12:51.205+0000] {logging_mixin.py:151} INFO - [2023-11-04T17:12:51.205+0000] {dag.py:2941} INFO - Sync 1 DAGs
[2023-11-04T17:12:51.300+0000] {processor.py:179} INFO - Processing /opt/airflow/dags/script.py took 0.924 seconds
[2023-11-04T17:13:21.624+0000] {processor.py:157} INFO - Started process (PID=2629) to work on /opt/airflow/dags/script.py
[2023-11-04T17:13:21.627+0000] {processor.py:829} INFO - Processing file /opt/airflow/dags/script.py for tasks to queue
[2023-11-04T17:13:21.629+0000] {logging_mixin.py:151} INFO - [2023-11-04T17:13:21.628+0000] {dagbag.py:536} INFO - Filling up the DagBag from /opt/airflow/dags/script.py
[2023-11-04T17:13:22.105+0000] {processor.py:839} INFO - DAG(s) dict_keys(['traffic_data']) retrieved from /opt/airflow/dags/script.py
[2023-11-04T17:13:22.139+0000] {logging_mixin.py:151} INFO - [2023-11-04T17:13:22.138+0000] {dag.py:2941} INFO - Sync 1 DAGs
[2023-11-04T17:13:22.246+0000] {processor.py:179} INFO - Processing /opt/airflow/dags/script.py took 0.630 seconds
[2023-11-04T17:13:52.559+0000] {processor.py:157} INFO - Started process (PID=2638) to work on /opt/airflow/dags/script.py
[2023-11-04T17:13:52.561+0000] {processor.py:829} INFO - Processing file /opt/airflow/dags/script.py for tasks to queue
[2023-11-04T17:13:52.564+0000] {logging_mixin.py:151} INFO - [2023-11-04T17:13:52.563+0000] {dagbag.py:536} INFO - Filling up the DagBag from /opt/airflow/dags/script.py
[2023-11-04T17:13:53.360+0000] {processor.py:839} INFO - DAG(s) dict_keys(['traffic_data']) retrieved from /opt/airflow/dags/script.py
[2023-11-04T17:13:53.390+0000] {logging_mixin.py:151} INFO - [2023-11-04T17:13:53.390+0000] {dag.py:2941} INFO - Sync 1 DAGs
[2023-11-04T17:13:53.496+0000] {processor.py:179} INFO - Processing /opt/airflow/dags/script.py took 0.947 seconds
[2023-11-04T17:14:24.425+0000] {processor.py:157} INFO - Started process (PID=2647) to work on /opt/airflow/dags/script.py
[2023-11-04T17:14:24.426+0000] {processor.py:829} INFO - Processing file /opt/airflow/dags/script.py for tasks to queue
[2023-11-04T17:14:24.428+0000] {logging_mixin.py:151} INFO - [2023-11-04T17:14:24.427+0000] {dagbag.py:536} INFO - Filling up the DagBag from /opt/airflow/dags/script.py
[2023-11-04T17:14:24.909+0000] {processor.py:839} INFO - DAG(s) dict_keys(['traffic_data']) retrieved from /opt/airflow/dags/script.py
[2023-11-04T17:14:25.181+0000] {logging_mixin.py:151} INFO - [2023-11-04T17:14:25.181+0000] {dag.py:2941} INFO - Sync 1 DAGs
[2023-11-04T17:14:25.300+0000] {processor.py:179} INFO - Processing /opt/airflow/dags/script.py took 0.882 seconds
[2023-11-04T17:14:55.570+0000] {processor.py:157} INFO - Started process (PID=2656) to work on /opt/airflow/dags/script.py
[2023-11-04T17:14:55.574+0000] {processor.py:829} INFO - Processing file /opt/airflow/dags/script.py for tasks to queue
[2023-11-04T17:14:55.576+0000] {logging_mixin.py:151} INFO - [2023-11-04T17:14:55.576+0000] {dagbag.py:536} INFO - Filling up the DagBag from /opt/airflow/dags/script.py
[2023-11-04T17:14:56.097+0000] {processor.py:839} INFO - DAG(s) dict_keys(['traffic_data']) retrieved from /opt/airflow/dags/script.py
[2023-11-04T17:14:56.155+0000] {logging_mixin.py:151} INFO - [2023-11-04T17:14:56.154+0000] {dag.py:2941} INFO - Sync 1 DAGs
[2023-11-04T17:14:56.256+0000] {processor.py:179} INFO - Processing /opt/airflow/dags/script.py took 0.694 seconds
[2023-11-04T17:15:26.553+0000] {processor.py:157} INFO - Started process (PID=2665) to work on /opt/airflow/dags/script.py
[2023-11-04T17:15:26.556+0000] {processor.py:829} INFO - Processing file /opt/airflow/dags/script.py for tasks to queue
[2023-11-04T17:15:26.558+0000] {logging_mixin.py:151} INFO - [2023-11-04T17:15:26.558+0000] {dagbag.py:536} INFO - Filling up the DagBag from /opt/airflow/dags/script.py
[2023-11-04T17:15:27.110+0000] {processor.py:839} INFO - DAG(s) dict_keys(['traffic_data']) retrieved from /opt/airflow/dags/script.py
[2023-11-04T17:15:27.182+0000] {logging_mixin.py:151} INFO - [2023-11-04T17:15:27.182+0000] {dag.py:2941} INFO - Sync 1 DAGs
[2023-11-04T17:15:27.290+0000] {processor.py:179} INFO - Processing /opt/airflow/dags/script.py took 0.747 seconds
[2023-11-04T17:15:57.375+0000] {processor.py:157} INFO - Started process (PID=2674) to work on /opt/airflow/dags/script.py
[2023-11-04T17:15:57.378+0000] {processor.py:829} INFO - Processing file /opt/airflow/dags/script.py for tasks to queue
[2023-11-04T17:15:57.380+0000] {logging_mixin.py:151} INFO - [2023-11-04T17:15:57.380+0000] {dagbag.py:536} INFO - Filling up the DagBag from /opt/airflow/dags/script.py
[2023-11-04T17:15:57.911+0000] {processor.py:839} INFO - DAG(s) dict_keys(['traffic_data']) retrieved from /opt/airflow/dags/script.py
[2023-11-04T17:15:58.095+0000] {logging_mixin.py:151} INFO - [2023-11-04T17:15:58.094+0000] {dag.py:2941} INFO - Sync 1 DAGs
[2023-11-04T17:15:58.185+0000] {processor.py:179} INFO - Processing /opt/airflow/dags/script.py took 0.819 seconds
[2023-11-04T17:16:28.312+0000] {processor.py:157} INFO - Started process (PID=2683) to work on /opt/airflow/dags/script.py
[2023-11-04T17:16:28.314+0000] {processor.py:829} INFO - Processing file /opt/airflow/dags/script.py for tasks to queue
[2023-11-04T17:16:28.317+0000] {logging_mixin.py:151} INFO - [2023-11-04T17:16:28.316+0000] {dagbag.py:536} INFO - Filling up the DagBag from /opt/airflow/dags/script.py
[2023-11-04T17:16:28.834+0000] {processor.py:839} INFO - DAG(s) dict_keys(['traffic_data']) retrieved from /opt/airflow/dags/script.py
[2023-11-04T17:16:28.891+0000] {logging_mixin.py:151} INFO - [2023-11-04T17:16:28.890+0000] {dag.py:2941} INFO - Sync 1 DAGs
[2023-11-04T17:16:28.977+0000] {processor.py:179} INFO - Processing /opt/airflow/dags/script.py took 0.679 seconds
[2023-11-04T17:16:59.263+0000] {processor.py:157} INFO - Started process (PID=2692) to work on /opt/airflow/dags/script.py
[2023-11-04T17:16:59.266+0000] {processor.py:829} INFO - Processing file /opt/airflow/dags/script.py for tasks to queue
[2023-11-04T17:16:59.268+0000] {logging_mixin.py:151} INFO - [2023-11-04T17:16:59.267+0000] {dagbag.py:536} INFO - Filling up the DagBag from /opt/airflow/dags/script.py
[2023-11-04T17:16:59.805+0000] {processor.py:839} INFO - DAG(s) dict_keys(['traffic_data']) retrieved from /opt/airflow/dags/script.py
[2023-11-04T17:16:59.826+0000] {logging_mixin.py:151} INFO - [2023-11-04T17:16:59.826+0000] {dag.py:2941} INFO - Sync 1 DAGs
[2023-11-04T17:16:59.938+0000] {processor.py:179} INFO - Processing /opt/airflow/dags/script.py took 0.687 seconds
[2023-11-04T17:17:30.253+0000] {processor.py:157} INFO - Started process (PID=2702) to work on /opt/airflow/dags/script.py
[2023-11-04T17:17:30.256+0000] {processor.py:829} INFO - Processing file /opt/airflow/dags/script.py for tasks to queue
[2023-11-04T17:17:30.258+0000] {logging_mixin.py:151} INFO - [2023-11-04T17:17:30.257+0000] {dagbag.py:536} INFO - Filling up the DagBag from /opt/airflow/dags/script.py
[2023-11-04T17:17:30.733+0000] {processor.py:839} INFO - DAG(s) dict_keys(['traffic_data']) retrieved from /opt/airflow/dags/script.py
[2023-11-04T17:17:30.940+0000] {logging_mixin.py:151} INFO - [2023-11-04T17:17:30.940+0000] {dag.py:2941} INFO - Sync 1 DAGs
[2023-11-04T17:17:31.039+0000] {processor.py:179} INFO - Processing /opt/airflow/dags/script.py took 0.795 seconds
[2023-11-04T17:18:01.929+0000] {processor.py:157} INFO - Started process (PID=2711) to work on /opt/airflow/dags/script.py
[2023-11-04T17:18:01.956+0000] {processor.py:829} INFO - Processing file /opt/airflow/dags/script.py for tasks to queue
[2023-11-04T17:18:01.962+0000] {logging_mixin.py:151} INFO - [2023-11-04T17:18:01.961+0000] {dagbag.py:536} INFO - Filling up the DagBag from /opt/airflow/dags/script.py
[2023-11-04T17:18:02.409+0000] {processor.py:839} INFO - DAG(s) dict_keys(['traffic_data']) retrieved from /opt/airflow/dags/script.py
[2023-11-04T17:18:02.448+0000] {logging_mixin.py:151} INFO - [2023-11-04T17:18:02.448+0000] {dag.py:2941} INFO - Sync 1 DAGs
[2023-11-04T17:18:02.561+0000] {processor.py:179} INFO - Processing /opt/airflow/dags/script.py took 0.765 seconds
[2023-11-04T17:18:33.254+0000] {processor.py:157} INFO - Started process (PID=2720) to work on /opt/airflow/dags/script.py
[2023-11-04T17:18:33.256+0000] {processor.py:829} INFO - Processing file /opt/airflow/dags/script.py for tasks to queue
[2023-11-04T17:18:33.257+0000] {logging_mixin.py:151} INFO - [2023-11-04T17:18:33.257+0000] {dagbag.py:536} INFO - Filling up the DagBag from /opt/airflow/dags/script.py
[2023-11-04T17:18:34.023+0000] {processor.py:839} INFO - DAG(s) dict_keys(['traffic_data']) retrieved from /opt/airflow/dags/script.py
[2023-11-04T17:18:34.125+0000] {logging_mixin.py:151} INFO - [2023-11-04T17:18:34.124+0000] {dag.py:2941} INFO - Sync 1 DAGs
[2023-11-04T17:18:34.257+0000] {processor.py:179} INFO - Processing /opt/airflow/dags/script.py took 1.008 seconds
[2023-11-04T17:19:04.584+0000] {processor.py:157} INFO - Started process (PID=2729) to work on /opt/airflow/dags/script.py
[2023-11-04T17:19:04.586+0000] {processor.py:829} INFO - Processing file /opt/airflow/dags/script.py for tasks to queue
[2023-11-04T17:19:04.589+0000] {logging_mixin.py:151} INFO - [2023-11-04T17:19:04.588+0000] {dagbag.py:536} INFO - Filling up the DagBag from /opt/airflow/dags/script.py
[2023-11-04T17:19:05.099+0000] {processor.py:839} INFO - DAG(s) dict_keys(['traffic_data']) retrieved from /opt/airflow/dags/script.py
[2023-11-04T17:19:05.388+0000] {logging_mixin.py:151} INFO - [2023-11-04T17:19:05.387+0000] {dag.py:2941} INFO - Sync 1 DAGs
[2023-11-04T17:19:05.539+0000] {processor.py:179} INFO - Processing /opt/airflow/dags/script.py took 0.965 seconds
[2023-11-04T17:19:35.624+0000] {processor.py:157} INFO - Started process (PID=2738) to work on /opt/airflow/dags/script.py
[2023-11-04T17:19:35.625+0000] {processor.py:829} INFO - Processing file /opt/airflow/dags/script.py for tasks to queue
[2023-11-04T17:19:35.628+0000] {logging_mixin.py:151} INFO - [2023-11-04T17:19:35.627+0000] {dagbag.py:536} INFO - Filling up the DagBag from /opt/airflow/dags/script.py
[2023-11-04T17:19:36.135+0000] {processor.py:839} INFO - DAG(s) dict_keys(['traffic_data']) retrieved from /opt/airflow/dags/script.py
[2023-11-04T17:19:36.192+0000] {logging_mixin.py:151} INFO - [2023-11-04T17:19:36.192+0000] {dag.py:2941} INFO - Sync 1 DAGs
[2023-11-04T17:19:36.286+0000] {processor.py:179} INFO - Processing /opt/airflow/dags/script.py took 0.671 seconds
[2023-11-04T17:20:06.590+0000] {processor.py:157} INFO - Started process (PID=2747) to work on /opt/airflow/dags/script.py
[2023-11-04T17:20:06.593+0000] {processor.py:829} INFO - Processing file /opt/airflow/dags/script.py for tasks to queue
[2023-11-04T17:20:06.595+0000] {logging_mixin.py:151} INFO - [2023-11-04T17:20:06.594+0000] {dagbag.py:536} INFO - Filling up the DagBag from /opt/airflow/dags/script.py
[2023-11-04T17:20:07.128+0000] {processor.py:839} INFO - DAG(s) dict_keys(['traffic_data']) retrieved from /opt/airflow/dags/script.py
[2023-11-04T17:20:07.156+0000] {logging_mixin.py:151} INFO - [2023-11-04T17:20:07.155+0000] {dag.py:2941} INFO - Sync 1 DAGs
[2023-11-04T17:20:07.272+0000] {processor.py:179} INFO - Processing /opt/airflow/dags/script.py took 0.692 seconds
[2023-11-04T17:20:37.568+0000] {processor.py:157} INFO - Started process (PID=2758) to work on /opt/airflow/dags/script.py
[2023-11-04T17:20:37.573+0000] {processor.py:829} INFO - Processing file /opt/airflow/dags/script.py for tasks to queue
[2023-11-04T17:20:37.576+0000] {logging_mixin.py:151} INFO - [2023-11-04T17:20:37.575+0000] {dagbag.py:536} INFO - Filling up the DagBag from /opt/airflow/dags/script.py
[2023-11-04T17:20:38.344+0000] {processor.py:839} INFO - DAG(s) dict_keys(['traffic_data']) retrieved from /opt/airflow/dags/script.py
[2023-11-04T17:20:38.523+0000] {logging_mixin.py:151} INFO - [2023-11-04T17:20:38.523+0000] {dag.py:2941} INFO - Sync 1 DAGs
[2023-11-04T17:20:38.595+0000] {processor.py:179} INFO - Processing /opt/airflow/dags/script.py took 1.035 seconds
[2023-11-04T17:21:08.902+0000] {processor.py:157} INFO - Started process (PID=2774) to work on /opt/airflow/dags/script.py
[2023-11-04T17:21:08.906+0000] {processor.py:829} INFO - Processing file /opt/airflow/dags/script.py for tasks to queue
[2023-11-04T17:21:08.909+0000] {logging_mixin.py:151} INFO - [2023-11-04T17:21:08.907+0000] {dagbag.py:536} INFO - Filling up the DagBag from /opt/airflow/dags/script.py
[2023-11-04T17:21:09.475+0000] {processor.py:839} INFO - DAG(s) dict_keys(['traffic_data']) retrieved from /opt/airflow/dags/script.py
[2023-11-04T17:21:09.522+0000] {logging_mixin.py:151} INFO - [2023-11-04T17:21:09.521+0000] {dag.py:2941} INFO - Sync 1 DAGs
[2023-11-04T17:21:09.615+0000] {processor.py:179} INFO - Processing /opt/airflow/dags/script.py took 0.725 seconds
[2023-11-04T17:21:39.857+0000] {processor.py:157} INFO - Started process (PID=2783) to work on /opt/airflow/dags/script.py
[2023-11-04T17:21:39.858+0000] {processor.py:829} INFO - Processing file /opt/airflow/dags/script.py for tasks to queue
[2023-11-04T17:21:39.860+0000] {logging_mixin.py:151} INFO - [2023-11-04T17:21:39.859+0000] {dagbag.py:536} INFO - Filling up the DagBag from /opt/airflow/dags/script.py
[2023-11-04T17:21:40.472+0000] {processor.py:839} INFO - DAG(s) dict_keys(['traffic_data']) retrieved from /opt/airflow/dags/script.py
[2023-11-04T17:21:40.492+0000] {logging_mixin.py:151} INFO - [2023-11-04T17:21:40.491+0000] {dag.py:2941} INFO - Sync 1 DAGs
[2023-11-04T17:21:40.597+0000] {processor.py:179} INFO - Processing /opt/airflow/dags/script.py took 0.749 seconds
[2023-11-04T17:22:11.150+0000] {processor.py:157} INFO - Started process (PID=2792) to work on /opt/airflow/dags/script.py
[2023-11-04T17:22:11.153+0000] {processor.py:829} INFO - Processing file /opt/airflow/dags/script.py for tasks to queue
[2023-11-04T17:22:11.155+0000] {logging_mixin.py:151} INFO - [2023-11-04T17:22:11.154+0000] {dagbag.py:536} INFO - Filling up the DagBag from /opt/airflow/dags/script.py
[2023-11-04T17:22:11.706+0000] {processor.py:839} INFO - DAG(s) dict_keys(['traffic_data']) retrieved from /opt/airflow/dags/script.py
[2023-11-04T17:22:11.936+0000] {logging_mixin.py:151} INFO - [2023-11-04T17:22:11.935+0000] {dag.py:2941} INFO - Sync 1 DAGs
[2023-11-04T17:22:12.046+0000] {processor.py:179} INFO - Processing /opt/airflow/dags/script.py took 0.906 seconds
[2023-11-04T17:22:42.357+0000] {processor.py:157} INFO - Started process (PID=2801) to work on /opt/airflow/dags/script.py
[2023-11-04T17:22:42.360+0000] {processor.py:829} INFO - Processing file /opt/airflow/dags/script.py for tasks to queue
[2023-11-04T17:22:42.364+0000] {logging_mixin.py:151} INFO - [2023-11-04T17:22:42.363+0000] {dagbag.py:536} INFO - Filling up the DagBag from /opt/airflow/dags/script.py
[2023-11-04T17:22:42.940+0000] {processor.py:839} INFO - DAG(s) dict_keys(['traffic_data']) retrieved from /opt/airflow/dags/script.py
[2023-11-04T17:22:42.990+0000] {logging_mixin.py:151} INFO - [2023-11-04T17:22:42.989+0000] {dag.py:2941} INFO - Sync 1 DAGs
[2023-11-04T17:22:43.093+0000] {processor.py:179} INFO - Processing /opt/airflow/dags/script.py took 0.747 seconds
[2023-11-04T17:23:13.437+0000] {processor.py:157} INFO - Started process (PID=2810) to work on /opt/airflow/dags/script.py
[2023-11-04T17:23:13.442+0000] {processor.py:829} INFO - Processing file /opt/airflow/dags/script.py for tasks to queue
[2023-11-04T17:23:13.446+0000] {logging_mixin.py:151} INFO - [2023-11-04T17:23:13.444+0000] {dagbag.py:536} INFO - Filling up the DagBag from /opt/airflow/dags/script.py
[2023-11-04T17:23:14.449+0000] {processor.py:839} INFO - DAG(s) dict_keys(['traffic_data']) retrieved from /opt/airflow/dags/script.py
[2023-11-04T17:23:14.477+0000] {logging_mixin.py:151} INFO - [2023-11-04T17:23:14.476+0000] {dag.py:2941} INFO - Sync 1 DAGs
[2023-11-04T17:23:14.587+0000] {processor.py:179} INFO - Processing /opt/airflow/dags/script.py took 1.165 seconds
[2023-11-04T17:23:44.671+0000] {processor.py:157} INFO - Started process (PID=2819) to work on /opt/airflow/dags/script.py
[2023-11-04T17:23:44.673+0000] {processor.py:829} INFO - Processing file /opt/airflow/dags/script.py for tasks to queue
[2023-11-04T17:23:44.675+0000] {logging_mixin.py:151} INFO - [2023-11-04T17:23:44.674+0000] {dagbag.py:536} INFO - Filling up the DagBag from /opt/airflow/dags/script.py
[2023-11-04T17:23:45.227+0000] {processor.py:839} INFO - DAG(s) dict_keys(['traffic_data']) retrieved from /opt/airflow/dags/script.py
[2023-11-04T17:23:45.518+0000] {logging_mixin.py:151} INFO - [2023-11-04T17:23:45.517+0000] {dag.py:2941} INFO - Sync 1 DAGs
[2023-11-04T17:23:45.601+0000] {processor.py:179} INFO - Processing /opt/airflow/dags/script.py took 0.937 seconds
[2023-11-04T17:24:16.167+0000] {processor.py:157} INFO - Started process (PID=2828) to work on /opt/airflow/dags/script.py
[2023-11-04T17:24:16.170+0000] {processor.py:829} INFO - Processing file /opt/airflow/dags/script.py for tasks to queue
[2023-11-04T17:24:16.173+0000] {logging_mixin.py:151} INFO - [2023-11-04T17:24:16.172+0000] {dagbag.py:536} INFO - Filling up the DagBag from /opt/airflow/dags/script.py
[2023-11-04T17:24:16.782+0000] {processor.py:839} INFO - DAG(s) dict_keys(['traffic_data']) retrieved from /opt/airflow/dags/script.py
[2023-11-04T17:24:16.900+0000] {logging_mixin.py:151} INFO - [2023-11-04T17:24:16.899+0000] {dag.py:2941} INFO - Sync 1 DAGs
[2023-11-04T17:24:17.023+0000] {processor.py:179} INFO - Processing /opt/airflow/dags/script.py took 0.868 seconds
[2023-11-04T17:24:47.319+0000] {processor.py:157} INFO - Started process (PID=2837) to work on /opt/airflow/dags/script.py
[2023-11-04T17:24:47.321+0000] {processor.py:829} INFO - Processing file /opt/airflow/dags/script.py for tasks to queue
[2023-11-04T17:24:47.323+0000] {logging_mixin.py:151} INFO - [2023-11-04T17:24:47.322+0000] {dagbag.py:536} INFO - Filling up the DagBag from /opt/airflow/dags/script.py
[2023-11-04T17:24:47.880+0000] {processor.py:839} INFO - DAG(s) dict_keys(['traffic_data']) retrieved from /opt/airflow/dags/script.py
[2023-11-04T17:24:47.903+0000] {logging_mixin.py:151} INFO - [2023-11-04T17:24:47.902+0000] {dag.py:2941} INFO - Sync 1 DAGs
[2023-11-04T17:24:47.991+0000] {processor.py:179} INFO - Processing /opt/airflow/dags/script.py took 0.678 seconds
[2023-11-04T17:25:18.285+0000] {processor.py:157} INFO - Started process (PID=2846) to work on /opt/airflow/dags/script.py
[2023-11-04T17:25:18.288+0000] {processor.py:829} INFO - Processing file /opt/airflow/dags/script.py for tasks to queue
[2023-11-04T17:25:18.290+0000] {logging_mixin.py:151} INFO - [2023-11-04T17:25:18.289+0000] {dagbag.py:536} INFO - Filling up the DagBag from /opt/airflow/dags/script.py
[2023-11-04T17:25:18.918+0000] {processor.py:839} INFO - DAG(s) dict_keys(['traffic_data']) retrieved from /opt/airflow/dags/script.py
[2023-11-04T17:25:19.250+0000] {logging_mixin.py:151} INFO - [2023-11-04T17:25:19.249+0000] {dag.py:2941} INFO - Sync 1 DAGs
[2023-11-04T17:25:19.359+0000] {processor.py:179} INFO - Processing /opt/airflow/dags/script.py took 1.080 seconds
[2023-11-04T17:25:49.645+0000] {processor.py:157} INFO - Started process (PID=2855) to work on /opt/airflow/dags/script.py
[2023-11-04T17:25:49.646+0000] {processor.py:829} INFO - Processing file /opt/airflow/dags/script.py for tasks to queue
[2023-11-04T17:25:49.651+0000] {logging_mixin.py:151} INFO - [2023-11-04T17:25:49.649+0000] {dagbag.py:536} INFO - Filling up the DagBag from /opt/airflow/dags/script.py
[2023-11-04T17:25:50.599+0000] {processor.py:839} INFO - DAG(s) dict_keys(['traffic_data']) retrieved from /opt/airflow/dags/script.py
[2023-11-04T17:25:50.678+0000] {logging_mixin.py:151} INFO - [2023-11-04T17:25:50.677+0000] {dag.py:2941} INFO - Sync 1 DAGs
[2023-11-04T17:25:50.790+0000] {processor.py:179} INFO - Processing /opt/airflow/dags/script.py took 1.157 seconds
[2023-11-04T17:26:20.922+0000] {processor.py:157} INFO - Started process (PID=2864) to work on /opt/airflow/dags/script.py
[2023-11-04T17:26:20.925+0000] {processor.py:829} INFO - Processing file /opt/airflow/dags/script.py for tasks to queue
[2023-11-04T17:26:20.927+0000] {logging_mixin.py:151} INFO - [2023-11-04T17:26:20.926+0000] {dagbag.py:536} INFO - Filling up the DagBag from /opt/airflow/dags/script.py
[2023-11-04T17:26:21.393+0000] {processor.py:839} INFO - DAG(s) dict_keys(['traffic_data']) retrieved from /opt/airflow/dags/script.py
[2023-11-04T17:26:21.418+0000] {logging_mixin.py:151} INFO - [2023-11-04T17:26:21.418+0000] {dag.py:2941} INFO - Sync 1 DAGs
[2023-11-04T17:26:21.488+0000] {processor.py:179} INFO - Processing /opt/airflow/dags/script.py took 0.577 seconds
[2023-11-04T17:26:51.784+0000] {processor.py:157} INFO - Started process (PID=2873) to work on /opt/airflow/dags/script.py
[2023-11-04T17:26:51.787+0000] {processor.py:829} INFO - Processing file /opt/airflow/dags/script.py for tasks to queue
[2023-11-04T17:26:51.789+0000] {logging_mixin.py:151} INFO - [2023-11-04T17:26:51.788+0000] {dagbag.py:536} INFO - Filling up the DagBag from /opt/airflow/dags/script.py
[2023-11-04T17:26:52.884+0000] {processor.py:839} INFO - DAG(s) dict_keys(['traffic_data']) retrieved from /opt/airflow/dags/script.py
[2023-11-04T17:26:53.188+0000] {logging_mixin.py:151} INFO - [2023-11-04T17:26:53.188+0000] {dag.py:2941} INFO - Sync 1 DAGs
[2023-11-04T17:26:53.292+0000] {processor.py:179} INFO - Processing /opt/airflow/dags/script.py took 1.517 seconds
[2023-11-04T17:27:23.621+0000] {processor.py:157} INFO - Started process (PID=2882) to work on /opt/airflow/dags/script.py
[2023-11-04T17:27:23.623+0000] {processor.py:829} INFO - Processing file /opt/airflow/dags/script.py for tasks to queue
[2023-11-04T17:27:23.625+0000] {logging_mixin.py:151} INFO - [2023-11-04T17:27:23.624+0000] {dagbag.py:536} INFO - Filling up the DagBag from /opt/airflow/dags/script.py
[2023-11-04T17:27:24.199+0000] {processor.py:839} INFO - DAG(s) dict_keys(['traffic_data']) retrieved from /opt/airflow/dags/script.py
[2023-11-04T17:27:24.247+0000] {logging_mixin.py:151} INFO - [2023-11-04T17:27:24.247+0000] {dag.py:2941} INFO - Sync 1 DAGs
[2023-11-04T17:27:24.331+0000] {processor.py:179} INFO - Processing /opt/airflow/dags/script.py took 0.719 seconds
[2023-11-04T17:27:54.609+0000] {processor.py:157} INFO - Started process (PID=2891) to work on /opt/airflow/dags/script.py
[2023-11-04T17:27:54.612+0000] {processor.py:829} INFO - Processing file /opt/airflow/dags/script.py for tasks to queue
[2023-11-04T17:27:54.614+0000] {logging_mixin.py:151} INFO - [2023-11-04T17:27:54.613+0000] {dagbag.py:536} INFO - Filling up the DagBag from /opt/airflow/dags/script.py
[2023-11-04T17:27:55.574+0000] {processor.py:839} INFO - DAG(s) dict_keys(['traffic_data']) retrieved from /opt/airflow/dags/script.py
[2023-11-04T17:27:55.616+0000] {logging_mixin.py:151} INFO - [2023-11-04T17:27:55.616+0000] {dag.py:2941} INFO - Sync 1 DAGs
[2023-11-04T17:27:55.759+0000] {processor.py:179} INFO - Processing /opt/airflow/dags/script.py took 1.162 seconds
[2023-11-04T17:28:26.042+0000] {processor.py:157} INFO - Started process (PID=2900) to work on /opt/airflow/dags/script.py
[2023-11-04T17:28:26.044+0000] {processor.py:829} INFO - Processing file /opt/airflow/dags/script.py for tasks to queue
[2023-11-04T17:28:26.046+0000] {logging_mixin.py:151} INFO - [2023-11-04T17:28:26.046+0000] {dagbag.py:536} INFO - Filling up the DagBag from /opt/airflow/dags/script.py
[2023-11-04T17:28:26.677+0000] {processor.py:839} INFO - DAG(s) dict_keys(['traffic_data']) retrieved from /opt/airflow/dags/script.py
[2023-11-04T17:28:26.961+0000] {logging_mixin.py:151} INFO - [2023-11-04T17:28:26.960+0000] {dag.py:2941} INFO - Sync 1 DAGs
[2023-11-04T17:28:27.053+0000] {processor.py:179} INFO - Processing /opt/airflow/dags/script.py took 1.022 seconds
[2023-11-04T17:28:57.326+0000] {processor.py:157} INFO - Started process (PID=2909) to work on /opt/airflow/dags/script.py
[2023-11-04T17:28:57.328+0000] {processor.py:829} INFO - Processing file /opt/airflow/dags/script.py for tasks to queue
[2023-11-04T17:28:57.330+0000] {logging_mixin.py:151} INFO - [2023-11-04T17:28:57.329+0000] {dagbag.py:536} INFO - Filling up the DagBag from /opt/airflow/dags/script.py
[2023-11-04T17:28:57.908+0000] {processor.py:839} INFO - DAG(s) dict_keys(['traffic_data']) retrieved from /opt/airflow/dags/script.py
[2023-11-04T17:28:57.974+0000] {logging_mixin.py:151} INFO - [2023-11-04T17:28:57.973+0000] {dag.py:2941} INFO - Sync 1 DAGs
[2023-11-04T17:28:58.080+0000] {processor.py:179} INFO - Processing /opt/airflow/dags/script.py took 0.763 seconds
[2023-11-04T17:29:28.297+0000] {processor.py:157} INFO - Started process (PID=2919) to work on /opt/airflow/dags/script.py
[2023-11-04T17:29:28.299+0000] {processor.py:829} INFO - Processing file /opt/airflow/dags/script.py for tasks to queue
[2023-11-04T17:29:28.301+0000] {logging_mixin.py:151} INFO - [2023-11-04T17:29:28.301+0000] {dagbag.py:536} INFO - Filling up the DagBag from /opt/airflow/dags/script.py
[2023-11-04T17:29:29.087+0000] {processor.py:839} INFO - DAG(s) dict_keys(['traffic_data']) retrieved from /opt/airflow/dags/script.py
[2023-11-04T17:29:29.110+0000] {logging_mixin.py:151} INFO - [2023-11-04T17:29:29.110+0000] {dag.py:2941} INFO - Sync 1 DAGs
[2023-11-04T17:29:29.211+0000] {processor.py:179} INFO - Processing /opt/airflow/dags/script.py took 0.922 seconds
[2023-11-04T17:29:59.549+0000] {processor.py:157} INFO - Started process (PID=2929) to work on /opt/airflow/dags/script.py
[2023-11-04T17:29:59.551+0000] {processor.py:829} INFO - Processing file /opt/airflow/dags/script.py for tasks to queue
[2023-11-04T17:29:59.558+0000] {logging_mixin.py:151} INFO - [2023-11-04T17:29:59.553+0000] {dagbag.py:536} INFO - Filling up the DagBag from /opt/airflow/dags/script.py
[2023-11-04T17:30:00.429+0000] {processor.py:839} INFO - DAG(s) dict_keys(['traffic_data']) retrieved from /opt/airflow/dags/script.py
[2023-11-04T17:30:00.801+0000] {logging_mixin.py:151} INFO - [2023-11-04T17:30:00.800+0000] {dag.py:2941} INFO - Sync 1 DAGs
[2023-11-04T17:30:00.938+0000] {processor.py:179} INFO - Processing /opt/airflow/dags/script.py took 1.405 seconds
[2023-11-04T17:30:31.254+0000] {processor.py:157} INFO - Started process (PID=2938) to work on /opt/airflow/dags/script.py
[2023-11-04T17:30:31.256+0000] {processor.py:829} INFO - Processing file /opt/airflow/dags/script.py for tasks to queue
[2023-11-04T17:30:31.259+0000] {logging_mixin.py:151} INFO - [2023-11-04T17:30:31.258+0000] {dagbag.py:536} INFO - Filling up the DagBag from /opt/airflow/dags/script.py
[2023-11-04T17:30:31.887+0000] {processor.py:839} INFO - DAG(s) dict_keys(['traffic_data']) retrieved from /opt/airflow/dags/script.py
[2023-11-04T17:30:31.950+0000] {logging_mixin.py:151} INFO - [2023-11-04T17:30:31.949+0000] {dag.py:2941} INFO - Sync 1 DAGs
[2023-11-04T17:30:32.054+0000] {processor.py:179} INFO - Processing /opt/airflow/dags/script.py took 0.813 seconds
[2023-11-04T17:31:02.227+0000] {processor.py:157} INFO - Started process (PID=2947) to work on /opt/airflow/dags/script.py
[2023-11-04T17:31:02.237+0000] {processor.py:829} INFO - Processing file /opt/airflow/dags/script.py for tasks to queue
[2023-11-04T17:31:02.244+0000] {logging_mixin.py:151} INFO - [2023-11-04T17:31:02.241+0000] {dagbag.py:536} INFO - Filling up the DagBag from /opt/airflow/dags/script.py
[2023-11-04T17:31:04.086+0000] {processor.py:839} INFO - DAG(s) dict_keys(['traffic_data']) retrieved from /opt/airflow/dags/script.py
[2023-11-04T17:31:04.111+0000] {logging_mixin.py:151} INFO - [2023-11-04T17:31:04.110+0000] {dag.py:2941} INFO - Sync 1 DAGs
[2023-11-04T17:31:04.212+0000] {processor.py:179} INFO - Processing /opt/airflow/dags/script.py took 2.047 seconds
[2023-11-04T17:31:34.378+0000] {processor.py:157} INFO - Started process (PID=2956) to work on /opt/airflow/dags/script.py
[2023-11-04T17:31:34.381+0000] {processor.py:829} INFO - Processing file /opt/airflow/dags/script.py for tasks to queue
[2023-11-04T17:31:34.384+0000] {logging_mixin.py:151} INFO - [2023-11-04T17:31:34.383+0000] {dagbag.py:536} INFO - Filling up the DagBag from /opt/airflow/dags/script.py
[2023-11-04T17:31:34.981+0000] {processor.py:839} INFO - DAG(s) dict_keys(['traffic_data']) retrieved from /opt/airflow/dags/script.py
[2023-11-04T17:31:35.276+0000] {logging_mixin.py:151} INFO - [2023-11-04T17:31:35.276+0000] {dag.py:2941} INFO - Sync 1 DAGs
[2023-11-04T17:31:35.373+0000] {processor.py:179} INFO - Processing /opt/airflow/dags/script.py took 1.004 seconds
[2023-11-04T17:32:05.682+0000] {processor.py:157} INFO - Started process (PID=2965) to work on /opt/airflow/dags/script.py
[2023-11-04T17:32:05.685+0000] {processor.py:829} INFO - Processing file /opt/airflow/dags/script.py for tasks to queue
[2023-11-04T17:32:05.687+0000] {logging_mixin.py:151} INFO - [2023-11-04T17:32:05.687+0000] {dagbag.py:536} INFO - Filling up the DagBag from /opt/airflow/dags/script.py
[2023-11-04T17:32:06.188+0000] {processor.py:839} INFO - DAG(s) dict_keys(['traffic_data']) retrieved from /opt/airflow/dags/script.py
[2023-11-04T17:32:06.235+0000] {logging_mixin.py:151} INFO - [2023-11-04T17:32:06.235+0000] {dag.py:2941} INFO - Sync 1 DAGs
[2023-11-04T17:32:06.320+0000] {processor.py:179} INFO - Processing /opt/airflow/dags/script.py took 0.646 seconds
[2023-11-04T17:32:37.101+0000] {processor.py:157} INFO - Started process (PID=2975) to work on /opt/airflow/dags/script.py
[2023-11-04T17:32:37.102+0000] {processor.py:829} INFO - Processing file /opt/airflow/dags/script.py for tasks to queue
[2023-11-04T17:32:37.105+0000] {logging_mixin.py:151} INFO - [2023-11-04T17:32:37.104+0000] {dagbag.py:536} INFO - Filling up the DagBag from /opt/airflow/dags/script.py
[2023-11-04T17:32:40.533+0000] {processor.py:839} INFO - DAG(s) dict_keys(['traffic_data']) retrieved from /opt/airflow/dags/script.py
[2023-11-04T17:32:40.558+0000] {logging_mixin.py:151} INFO - [2023-11-04T17:32:40.558+0000] {dag.py:2941} INFO - Sync 1 DAGs
[2023-11-04T17:32:40.643+0000] {processor.py:179} INFO - Processing /opt/airflow/dags/script.py took 3.549 seconds
[2023-11-04T17:33:10.807+0000] {processor.py:157} INFO - Started process (PID=2984) to work on /opt/airflow/dags/script.py
[2023-11-04T17:33:10.809+0000] {processor.py:829} INFO - Processing file /opt/airflow/dags/script.py for tasks to queue
[2023-11-04T17:33:10.812+0000] {logging_mixin.py:151} INFO - [2023-11-04T17:33:10.811+0000] {dagbag.py:536} INFO - Filling up the DagBag from /opt/airflow/dags/script.py
[2023-11-04T17:33:11.407+0000] {processor.py:839} INFO - DAG(s) dict_keys(['traffic_data']) retrieved from /opt/airflow/dags/script.py
[2023-11-04T17:33:11.648+0000] {logging_mixin.py:151} INFO - [2023-11-04T17:33:11.647+0000] {dag.py:2941} INFO - Sync 1 DAGs
[2023-11-04T17:33:11.734+0000] {processor.py:179} INFO - Processing /opt/airflow/dags/script.py took 0.937 seconds
[2023-11-04T17:33:42.092+0000] {processor.py:157} INFO - Started process (PID=2993) to work on /opt/airflow/dags/script.py
[2023-11-04T17:33:42.095+0000] {processor.py:829} INFO - Processing file /opt/airflow/dags/script.py for tasks to queue
[2023-11-04T17:33:42.102+0000] {logging_mixin.py:151} INFO - [2023-11-04T17:33:42.097+0000] {dagbag.py:536} INFO - Filling up the DagBag from /opt/airflow/dags/script.py
[2023-11-04T17:33:42.802+0000] {processor.py:839} INFO - DAG(s) dict_keys(['traffic_data']) retrieved from /opt/airflow/dags/script.py
[2023-11-04T17:33:42.864+0000] {logging_mixin.py:151} INFO - [2023-11-04T17:33:42.864+0000] {dag.py:2941} INFO - Sync 1 DAGs
[2023-11-04T17:33:42.970+0000] {processor.py:179} INFO - Processing /opt/airflow/dags/script.py took 0.887 seconds
[2023-11-04T17:34:13.371+0000] {processor.py:157} INFO - Started process (PID=3003) to work on /opt/airflow/dags/script.py
[2023-11-04T17:34:13.373+0000] {processor.py:829} INFO - Processing file /opt/airflow/dags/script.py for tasks to queue
[2023-11-04T17:34:13.375+0000] {logging_mixin.py:151} INFO - [2023-11-04T17:34:13.374+0000] {dagbag.py:536} INFO - Filling up the DagBag from /opt/airflow/dags/script.py
[2023-11-04T17:34:13.942+0000] {processor.py:839} INFO - DAG(s) dict_keys(['traffic_data']) retrieved from /opt/airflow/dags/script.py
[2023-11-04T17:34:13.974+0000] {logging_mixin.py:151} INFO - [2023-11-04T17:34:13.974+0000] {dag.py:2941} INFO - Sync 1 DAGs
[2023-11-04T17:34:14.077+0000] {processor.py:179} INFO - Processing /opt/airflow/dags/script.py took 0.715 seconds
[2023-11-04T17:34:44.400+0000] {processor.py:157} INFO - Started process (PID=3020) to work on /opt/airflow/dags/script.py
[2023-11-04T17:34:44.403+0000] {processor.py:829} INFO - Processing file /opt/airflow/dags/script.py for tasks to queue
[2023-11-04T17:34:44.406+0000] {logging_mixin.py:151} INFO - [2023-11-04T17:34:44.405+0000] {dagbag.py:536} INFO - Filling up the DagBag from /opt/airflow/dags/script.py
[2023-11-04T17:34:44.977+0000] {processor.py:839} INFO - DAG(s) dict_keys(['traffic_data']) retrieved from /opt/airflow/dags/script.py
[2023-11-04T17:34:45.244+0000] {logging_mixin.py:151} INFO - [2023-11-04T17:34:45.243+0000] {dag.py:2941} INFO - Sync 1 DAGs
[2023-11-04T17:34:45.349+0000] {processor.py:179} INFO - Processing /opt/airflow/dags/script.py took 0.960 seconds
[2023-11-04T17:35:15.727+0000] {processor.py:157} INFO - Started process (PID=3029) to work on /opt/airflow/dags/script.py
[2023-11-04T17:35:15.729+0000] {processor.py:829} INFO - Processing file /opt/airflow/dags/script.py for tasks to queue
[2023-11-04T17:35:15.731+0000] {logging_mixin.py:151} INFO - [2023-11-04T17:35:15.730+0000] {dagbag.py:536} INFO - Filling up the DagBag from /opt/airflow/dags/script.py
[2023-11-04T17:35:16.613+0000] {processor.py:839} INFO - DAG(s) dict_keys(['traffic_data']) retrieved from /opt/airflow/dags/script.py
[2023-11-04T17:35:16.667+0000] {logging_mixin.py:151} INFO - [2023-11-04T17:35:16.666+0000] {dag.py:2941} INFO - Sync 1 DAGs
[2023-11-04T17:35:16.760+0000] {processor.py:179} INFO - Processing /opt/airflow/dags/script.py took 1.042 seconds
[2023-11-04T17:35:46.980+0000] {processor.py:157} INFO - Started process (PID=3038) to work on /opt/airflow/dags/script.py
[2023-11-04T17:35:46.986+0000] {processor.py:829} INFO - Processing file /opt/airflow/dags/script.py for tasks to queue
[2023-11-04T17:35:46.993+0000] {logging_mixin.py:151} INFO - [2023-11-04T17:35:46.992+0000] {dagbag.py:536} INFO - Filling up the DagBag from /opt/airflow/dags/script.py
[2023-11-04T17:35:47.749+0000] {processor.py:839} INFO - DAG(s) dict_keys(['traffic_data']) retrieved from /opt/airflow/dags/script.py
[2023-11-04T17:35:47.779+0000] {logging_mixin.py:151} INFO - [2023-11-04T17:35:47.778+0000] {dag.py:2941} INFO - Sync 1 DAGs
[2023-11-04T17:35:47.871+0000] {processor.py:179} INFO - Processing /opt/airflow/dags/script.py took 0.906 seconds
[2023-11-04T17:36:18.294+0000] {processor.py:157} INFO - Started process (PID=3048) to work on /opt/airflow/dags/script.py
[2023-11-04T17:36:18.297+0000] {processor.py:829} INFO - Processing file /opt/airflow/dags/script.py for tasks to queue
[2023-11-04T17:36:18.300+0000] {logging_mixin.py:151} INFO - [2023-11-04T17:36:18.299+0000] {dagbag.py:536} INFO - Filling up the DagBag from /opt/airflow/dags/script.py
[2023-11-04T17:36:18.873+0000] {processor.py:839} INFO - DAG(s) dict_keys(['traffic_data']) retrieved from /opt/airflow/dags/script.py
[2023-11-04T17:36:19.066+0000] {logging_mixin.py:151} INFO - [2023-11-04T17:36:19.066+0000] {dag.py:2941} INFO - Sync 1 DAGs
[2023-11-04T17:36:19.154+0000] {processor.py:179} INFO - Processing /opt/airflow/dags/script.py took 0.868 seconds
[2023-11-04T17:36:49.470+0000] {processor.py:157} INFO - Started process (PID=3057) to work on /opt/airflow/dags/script.py
[2023-11-04T17:36:49.472+0000] {processor.py:829} INFO - Processing file /opt/airflow/dags/script.py for tasks to queue
[2023-11-04T17:36:49.475+0000] {logging_mixin.py:151} INFO - [2023-11-04T17:36:49.474+0000] {dagbag.py:536} INFO - Filling up the DagBag from /opt/airflow/dags/script.py
[2023-11-04T17:36:50.083+0000] {processor.py:839} INFO - DAG(s) dict_keys(['traffic_data']) retrieved from /opt/airflow/dags/script.py
[2023-11-04T17:36:50.138+0000] {logging_mixin.py:151} INFO - [2023-11-04T17:36:50.138+0000] {dag.py:2941} INFO - Sync 1 DAGs
[2023-11-04T17:36:50.228+0000] {processor.py:179} INFO - Processing /opt/airflow/dags/script.py took 0.771 seconds
[2023-11-04T17:37:20.517+0000] {processor.py:157} INFO - Started process (PID=3066) to work on /opt/airflow/dags/script.py
[2023-11-04T17:37:20.518+0000] {processor.py:829} INFO - Processing file /opt/airflow/dags/script.py for tasks to queue
[2023-11-04T17:37:20.521+0000] {logging_mixin.py:151} INFO - [2023-11-04T17:37:20.520+0000] {dagbag.py:536} INFO - Filling up the DagBag from /opt/airflow/dags/script.py
[2023-11-04T17:37:21.082+0000] {processor.py:839} INFO - DAG(s) dict_keys(['traffic_data']) retrieved from /opt/airflow/dags/script.py
[2023-11-04T17:37:21.105+0000] {logging_mixin.py:151} INFO - [2023-11-04T17:37:21.104+0000] {dag.py:2941} INFO - Sync 1 DAGs
[2023-11-04T17:37:21.228+0000] {processor.py:179} INFO - Processing /opt/airflow/dags/script.py took 0.721 seconds
[2023-11-04T17:37:51.351+0000] {processor.py:157} INFO - Started process (PID=3075) to work on /opt/airflow/dags/script.py
[2023-11-04T17:37:51.353+0000] {processor.py:829} INFO - Processing file /opt/airflow/dags/script.py for tasks to queue
[2023-11-04T17:37:51.356+0000] {logging_mixin.py:151} INFO - [2023-11-04T17:37:51.355+0000] {dagbag.py:536} INFO - Filling up the DagBag from /opt/airflow/dags/script.py
[2023-11-04T17:37:51.909+0000] {processor.py:839} INFO - DAG(s) dict_keys(['traffic_data']) retrieved from /opt/airflow/dags/script.py
[2023-11-04T17:37:52.129+0000] {logging_mixin.py:151} INFO - [2023-11-04T17:37:52.129+0000] {dag.py:2941} INFO - Sync 1 DAGs
[2023-11-04T17:37:52.221+0000] {processor.py:179} INFO - Processing /opt/airflow/dags/script.py took 0.878 seconds
[2023-11-04T17:38:22.556+0000] {processor.py:157} INFO - Started process (PID=3085) to work on /opt/airflow/dags/script.py
[2023-11-04T17:38:22.594+0000] {processor.py:829} INFO - Processing file /opt/airflow/dags/script.py for tasks to queue
[2023-11-04T17:38:22.616+0000] {logging_mixin.py:151} INFO - [2023-11-04T17:38:22.608+0000] {dagbag.py:536} INFO - Filling up the DagBag from /opt/airflow/dags/script.py
[2023-11-04T17:38:23.210+0000] {processor.py:839} INFO - DAG(s) dict_keys(['traffic_data']) retrieved from /opt/airflow/dags/script.py
[2023-11-04T17:38:23.268+0000] {logging_mixin.py:151} INFO - [2023-11-04T17:38:23.268+0000] {dag.py:2941} INFO - Sync 1 DAGs
[2023-11-04T17:38:23.368+0000] {processor.py:179} INFO - Processing /opt/airflow/dags/script.py took 0.840 seconds
[2023-11-04T17:38:53.726+0000] {processor.py:157} INFO - Started process (PID=3094) to work on /opt/airflow/dags/script.py
[2023-11-04T17:38:53.728+0000] {processor.py:829} INFO - Processing file /opt/airflow/dags/script.py for tasks to queue
[2023-11-04T17:38:53.730+0000] {logging_mixin.py:151} INFO - [2023-11-04T17:38:53.729+0000] {dagbag.py:536} INFO - Filling up the DagBag from /opt/airflow/dags/script.py
[2023-11-04T17:38:53.962+0000] {processor.py:839} INFO - DAG(s) dict_keys(['traffic_data']) retrieved from /opt/airflow/dags/script.py
[2023-11-04T17:38:53.989+0000] {logging_mixin.py:151} INFO - [2023-11-04T17:38:53.989+0000] {dag.py:2941} INFO - Sync 1 DAGs
[2023-11-04T17:38:54.139+0000] {processor.py:179} INFO - Processing /opt/airflow/dags/script.py took 0.423 seconds
[2023-11-04T17:39:24.450+0000] {processor.py:157} INFO - Started process (PID=3103) to work on /opt/airflow/dags/script.py
[2023-11-04T17:39:24.453+0000] {processor.py:829} INFO - Processing file /opt/airflow/dags/script.py for tasks to queue
[2023-11-04T17:39:24.455+0000] {logging_mixin.py:151} INFO - [2023-11-04T17:39:24.454+0000] {dagbag.py:536} INFO - Filling up the DagBag from /opt/airflow/dags/script.py
[2023-11-04T17:39:24.753+0000] {processor.py:839} INFO - DAG(s) dict_keys(['traffic_data']) retrieved from /opt/airflow/dags/script.py
[2023-11-04T17:39:24.988+0000] {logging_mixin.py:151} INFO - [2023-11-04T17:39:24.987+0000] {dag.py:2941} INFO - Sync 1 DAGs
[2023-11-04T17:39:25.076+0000] {processor.py:179} INFO - Processing /opt/airflow/dags/script.py took 0.634 seconds
[2023-11-04T17:39:55.563+0000] {processor.py:157} INFO - Started process (PID=3112) to work on /opt/airflow/dags/script.py
[2023-11-04T17:39:55.607+0000] {processor.py:829} INFO - Processing file /opt/airflow/dags/script.py for tasks to queue
[2023-11-04T17:39:55.629+0000] {logging_mixin.py:151} INFO - [2023-11-04T17:39:55.620+0000] {dagbag.py:536} INFO - Filling up the DagBag from /opt/airflow/dags/script.py
[2023-11-04T17:39:56.346+0000] {processor.py:839} INFO - DAG(s) dict_keys(['traffic_data']) retrieved from /opt/airflow/dags/script.py
[2023-11-04T17:39:56.450+0000] {logging_mixin.py:151} INFO - [2023-11-04T17:39:56.441+0000] {dag.py:2941} INFO - Sync 1 DAGs
[2023-11-04T17:39:56.621+0000] {processor.py:179} INFO - Processing /opt/airflow/dags/script.py took 1.247 seconds
[2023-11-04T17:40:26.998+0000] {processor.py:157} INFO - Started process (PID=3121) to work on /opt/airflow/dags/script.py
[2023-11-04T17:40:27.001+0000] {processor.py:829} INFO - Processing file /opt/airflow/dags/script.py for tasks to queue
[2023-11-04T17:40:27.004+0000] {logging_mixin.py:151} INFO - [2023-11-04T17:40:27.002+0000] {dagbag.py:536} INFO - Filling up the DagBag from /opt/airflow/dags/script.py
[2023-11-04T17:40:27.281+0000] {processor.py:839} INFO - DAG(s) dict_keys(['traffic_data']) retrieved from /opt/airflow/dags/script.py
[2023-11-04T17:40:27.312+0000] {logging_mixin.py:151} INFO - [2023-11-04T17:40:27.311+0000] {dag.py:2941} INFO - Sync 1 DAGs
[2023-11-04T17:40:27.396+0000] {processor.py:179} INFO - Processing /opt/airflow/dags/script.py took 0.459 seconds
[2023-11-04T17:40:58.242+0000] {processor.py:157} INFO - Started process (PID=3131) to work on /opt/airflow/dags/script.py
[2023-11-04T17:40:58.243+0000] {processor.py:829} INFO - Processing file /opt/airflow/dags/script.py for tasks to queue
[2023-11-04T17:40:58.245+0000] {logging_mixin.py:151} INFO - [2023-11-04T17:40:58.245+0000] {dagbag.py:536} INFO - Filling up the DagBag from /opt/airflow/dags/script.py
[2023-11-04T17:40:58.436+0000] {processor.py:839} INFO - DAG(s) dict_keys(['traffic_data']) retrieved from /opt/airflow/dags/script.py
[2023-11-04T17:40:58.811+0000] {logging_mixin.py:151} INFO - [2023-11-04T17:40:58.810+0000] {dag.py:2941} INFO - Sync 1 DAGs
[2023-11-04T17:40:58.918+0000] {processor.py:179} INFO - Processing /opt/airflow/dags/script.py took 0.684 seconds
[2023-11-04T17:41:29.221+0000] {processor.py:157} INFO - Started process (PID=3139) to work on /opt/airflow/dags/script.py
[2023-11-04T17:41:29.224+0000] {processor.py:829} INFO - Processing file /opt/airflow/dags/script.py for tasks to queue
[2023-11-04T17:41:29.225+0000] {logging_mixin.py:151} INFO - [2023-11-04T17:41:29.224+0000] {dagbag.py:536} INFO - Filling up the DagBag from /opt/airflow/dags/script.py
[2023-11-04T17:41:29.456+0000] {processor.py:839} INFO - DAG(s) dict_keys(['traffic_data']) retrieved from /opt/airflow/dags/script.py
[2023-11-04T17:41:29.538+0000] {logging_mixin.py:151} INFO - [2023-11-04T17:41:29.538+0000] {dag.py:2941} INFO - Sync 1 DAGs
[2023-11-04T17:41:29.615+0000] {processor.py:179} INFO - Processing /opt/airflow/dags/script.py took 0.402 seconds
[2023-11-04T17:41:59.905+0000] {processor.py:157} INFO - Started process (PID=3148) to work on /opt/airflow/dags/script.py
[2023-11-04T17:41:59.906+0000] {processor.py:829} INFO - Processing file /opt/airflow/dags/script.py for tasks to queue
[2023-11-04T17:41:59.909+0000] {logging_mixin.py:151} INFO - [2023-11-04T17:41:59.908+0000] {dagbag.py:536} INFO - Filling up the DagBag from /opt/airflow/dags/script.py
[2023-11-04T17:42:00.365+0000] {processor.py:839} INFO - DAG(s) dict_keys(['traffic_data']) retrieved from /opt/airflow/dags/script.py
[2023-11-04T17:42:00.415+0000] {logging_mixin.py:151} INFO - [2023-11-04T17:42:00.414+0000] {dag.py:2941} INFO - Sync 1 DAGs
[2023-11-04T17:42:00.635+0000] {processor.py:179} INFO - Processing /opt/airflow/dags/script.py took 0.736 seconds
[2023-11-04T17:42:30.950+0000] {processor.py:157} INFO - Started process (PID=3157) to work on /opt/airflow/dags/script.py
[2023-11-04T17:42:30.953+0000] {processor.py:829} INFO - Processing file /opt/airflow/dags/script.py for tasks to queue
[2023-11-04T17:42:30.955+0000] {logging_mixin.py:151} INFO - [2023-11-04T17:42:30.954+0000] {dagbag.py:536} INFO - Filling up the DagBag from /opt/airflow/dags/script.py
[2023-11-04T17:42:31.288+0000] {processor.py:839} INFO - DAG(s) dict_keys(['traffic_data']) retrieved from /opt/airflow/dags/script.py
[2023-11-04T17:42:31.534+0000] {logging_mixin.py:151} INFO - [2023-11-04T17:42:31.533+0000] {dag.py:2941} INFO - Sync 1 DAGs
[2023-11-04T17:42:31.617+0000] {processor.py:179} INFO - Processing /opt/airflow/dags/script.py took 0.676 seconds
[2023-11-04T17:43:01.790+0000] {processor.py:157} INFO - Started process (PID=3166) to work on /opt/airflow/dags/script.py
[2023-11-04T17:43:01.791+0000] {processor.py:829} INFO - Processing file /opt/airflow/dags/script.py for tasks to queue
[2023-11-04T17:43:01.792+0000] {logging_mixin.py:151} INFO - [2023-11-04T17:43:01.792+0000] {dagbag.py:536} INFO - Filling up the DagBag from /opt/airflow/dags/script.py
[2023-11-04T17:43:02.025+0000] {processor.py:839} INFO - DAG(s) dict_keys(['traffic_data']) retrieved from /opt/airflow/dags/script.py
[2023-11-04T17:43:02.084+0000] {logging_mixin.py:151} INFO - [2023-11-04T17:43:02.082+0000] {dag.py:2941} INFO - Sync 1 DAGs
[2023-11-04T17:43:02.182+0000] {processor.py:179} INFO - Processing /opt/airflow/dags/script.py took 0.399 seconds
[2023-11-04T17:43:32.514+0000] {processor.py:157} INFO - Started process (PID=3175) to work on /opt/airflow/dags/script.py
[2023-11-04T17:43:32.517+0000] {processor.py:829} INFO - Processing file /opt/airflow/dags/script.py for tasks to queue
[2023-11-04T17:43:32.523+0000] {logging_mixin.py:151} INFO - [2023-11-04T17:43:32.521+0000] {dagbag.py:536} INFO - Filling up the DagBag from /opt/airflow/dags/script.py
[2023-11-04T17:43:32.889+0000] {processor.py:839} INFO - DAG(s) dict_keys(['traffic_data']) retrieved from /opt/airflow/dags/script.py
[2023-11-04T17:43:32.915+0000] {logging_mixin.py:151} INFO - [2023-11-04T17:43:32.915+0000] {dag.py:2941} INFO - Sync 1 DAGs
[2023-11-04T17:43:33.034+0000] {processor.py:179} INFO - Processing /opt/airflow/dags/script.py took 0.538 seconds
[2023-11-04T17:44:03.435+0000] {processor.py:157} INFO - Started process (PID=3184) to work on /opt/airflow/dags/script.py
[2023-11-04T17:44:03.437+0000] {processor.py:829} INFO - Processing file /opt/airflow/dags/script.py for tasks to queue
[2023-11-04T17:44:03.439+0000] {logging_mixin.py:151} INFO - [2023-11-04T17:44:03.438+0000] {dagbag.py:536} INFO - Filling up the DagBag from /opt/airflow/dags/script.py
[2023-11-04T17:44:04.053+0000] {processor.py:839} INFO - DAG(s) dict_keys(['traffic_data']) retrieved from /opt/airflow/dags/script.py
[2023-11-04T17:44:04.934+0000] {logging_mixin.py:151} INFO - [2023-11-04T17:44:04.932+0000] {dag.py:2941} INFO - Sync 1 DAGs
[2023-11-04T17:44:05.246+0000] {processor.py:179} INFO - Processing /opt/airflow/dags/script.py took 1.821 seconds
[2023-11-04T17:44:35.525+0000] {processor.py:157} INFO - Started process (PID=3193) to work on /opt/airflow/dags/script.py
[2023-11-04T17:44:35.526+0000] {processor.py:829} INFO - Processing file /opt/airflow/dags/script.py for tasks to queue
[2023-11-04T17:44:35.528+0000] {logging_mixin.py:151} INFO - [2023-11-04T17:44:35.527+0000] {dagbag.py:536} INFO - Filling up the DagBag from /opt/airflow/dags/script.py
[2023-11-04T17:44:35.770+0000] {processor.py:839} INFO - DAG(s) dict_keys(['traffic_data']) retrieved from /opt/airflow/dags/script.py
[2023-11-04T17:44:35.876+0000] {logging_mixin.py:151} INFO - [2023-11-04T17:44:35.876+0000] {dag.py:2941} INFO - Sync 1 DAGs
[2023-11-04T17:44:35.980+0000] {processor.py:179} INFO - Processing /opt/airflow/dags/script.py took 0.463 seconds
[2023-11-04T17:45:06.119+0000] {processor.py:157} INFO - Started process (PID=3203) to work on /opt/airflow/dags/script.py
[2023-11-04T17:45:06.120+0000] {processor.py:829} INFO - Processing file /opt/airflow/dags/script.py for tasks to queue
[2023-11-04T17:45:06.123+0000] {logging_mixin.py:151} INFO - [2023-11-04T17:45:06.121+0000] {dagbag.py:536} INFO - Filling up the DagBag from /opt/airflow/dags/script.py
[2023-11-04T17:45:06.440+0000] {processor.py:839} INFO - DAG(s) dict_keys(['traffic_data']) retrieved from /opt/airflow/dags/script.py
[2023-11-04T17:45:06.466+0000] {logging_mixin.py:151} INFO - [2023-11-04T17:45:06.466+0000] {dag.py:2941} INFO - Sync 1 DAGs
[2023-11-04T17:45:06.549+0000] {processor.py:179} INFO - Processing /opt/airflow/dags/script.py took 0.437 seconds
[2023-11-04T17:45:36.856+0000] {processor.py:157} INFO - Started process (PID=3212) to work on /opt/airflow/dags/script.py
[2023-11-04T17:45:36.858+0000] {processor.py:829} INFO - Processing file /opt/airflow/dags/script.py for tasks to queue
[2023-11-04T17:45:36.861+0000] {logging_mixin.py:151} INFO - [2023-11-04T17:45:36.860+0000] {dagbag.py:536} INFO - Filling up the DagBag from /opt/airflow/dags/script.py
[2023-11-04T17:45:37.159+0000] {processor.py:839} INFO - DAG(s) dict_keys(['traffic_data']) retrieved from /opt/airflow/dags/script.py
[2023-11-04T17:45:37.462+0000] {logging_mixin.py:151} INFO - [2023-11-04T17:45:37.462+0000] {dag.py:2941} INFO - Sync 1 DAGs
[2023-11-04T17:45:37.577+0000] {processor.py:179} INFO - Processing /opt/airflow/dags/script.py took 0.732 seconds
[2023-11-04T17:46:07.671+0000] {processor.py:157} INFO - Started process (PID=3221) to work on /opt/airflow/dags/script.py
[2023-11-04T17:46:07.673+0000] {processor.py:829} INFO - Processing file /opt/airflow/dags/script.py for tasks to queue
[2023-11-04T17:46:07.675+0000] {logging_mixin.py:151} INFO - [2023-11-04T17:46:07.674+0000] {dagbag.py:536} INFO - Filling up the DagBag from /opt/airflow/dags/script.py
[2023-11-04T17:46:07.979+0000] {processor.py:839} INFO - DAG(s) dict_keys(['traffic_data']) retrieved from /opt/airflow/dags/script.py
[2023-11-04T17:46:08.033+0000] {logging_mixin.py:151} INFO - [2023-11-04T17:46:08.033+0000] {dag.py:2941} INFO - Sync 1 DAGs
[2023-11-04T17:46:08.116+0000] {processor.py:179} INFO - Processing /opt/airflow/dags/script.py took 0.453 seconds
[2023-11-04T17:46:38.469+0000] {processor.py:157} INFO - Started process (PID=3230) to work on /opt/airflow/dags/script.py
[2023-11-04T17:46:38.476+0000] {processor.py:829} INFO - Processing file /opt/airflow/dags/script.py for tasks to queue
[2023-11-04T17:46:38.485+0000] {logging_mixin.py:151} INFO - [2023-11-04T17:46:38.477+0000] {dagbag.py:536} INFO - Filling up the DagBag from /opt/airflow/dags/script.py
[2023-11-04T17:46:39.005+0000] {processor.py:839} INFO - DAG(s) dict_keys(['traffic_data']) retrieved from /opt/airflow/dags/script.py
[2023-11-04T17:46:39.108+0000] {logging_mixin.py:151} INFO - [2023-11-04T17:46:39.108+0000] {dag.py:2941} INFO - Sync 1 DAGs
[2023-11-04T17:46:39.225+0000] {processor.py:179} INFO - Processing /opt/airflow/dags/script.py took 0.781 seconds
[2023-11-04T17:47:09.491+0000] {processor.py:157} INFO - Started process (PID=3239) to work on /opt/airflow/dags/script.py
[2023-11-04T17:47:09.494+0000] {processor.py:829} INFO - Processing file /opt/airflow/dags/script.py for tasks to queue
[2023-11-04T17:47:09.497+0000] {logging_mixin.py:151} INFO - [2023-11-04T17:47:09.496+0000] {dagbag.py:536} INFO - Filling up the DagBag from /opt/airflow/dags/script.py
[2023-11-04T17:47:09.776+0000] {processor.py:839} INFO - DAG(s) dict_keys(['traffic_data']) retrieved from /opt/airflow/dags/script.py
[2023-11-04T17:47:10.127+0000] {logging_mixin.py:151} INFO - [2023-11-04T17:47:10.127+0000] {dag.py:2941} INFO - Sync 1 DAGs
[2023-11-04T17:47:10.246+0000] {processor.py:179} INFO - Processing /opt/airflow/dags/script.py took 0.762 seconds
[2023-11-04T17:47:40.577+0000] {processor.py:157} INFO - Started process (PID=3249) to work on /opt/airflow/dags/script.py
[2023-11-04T17:47:40.580+0000] {processor.py:829} INFO - Processing file /opt/airflow/dags/script.py for tasks to queue
[2023-11-04T17:47:40.582+0000] {logging_mixin.py:151} INFO - [2023-11-04T17:47:40.581+0000] {dagbag.py:536} INFO - Filling up the DagBag from /opt/airflow/dags/script.py
[2023-11-04T17:47:40.838+0000] {processor.py:839} INFO - DAG(s) dict_keys(['traffic_data']) retrieved from /opt/airflow/dags/script.py
[2023-11-04T17:47:40.900+0000] {logging_mixin.py:151} INFO - [2023-11-04T17:47:40.899+0000] {dag.py:2941} INFO - Sync 1 DAGs
[2023-11-04T17:47:40.987+0000] {processor.py:179} INFO - Processing /opt/airflow/dags/script.py took 0.421 seconds
[2023-11-04T17:48:11.199+0000] {processor.py:157} INFO - Started process (PID=3258) to work on /opt/airflow/dags/script.py
[2023-11-04T17:48:11.202+0000] {processor.py:829} INFO - Processing file /opt/airflow/dags/script.py for tasks to queue
[2023-11-04T17:48:11.205+0000] {logging_mixin.py:151} INFO - [2023-11-04T17:48:11.204+0000] {dagbag.py:536} INFO - Filling up the DagBag from /opt/airflow/dags/script.py
[2023-11-04T17:48:11.616+0000] {processor.py:839} INFO - DAG(s) dict_keys(['traffic_data']) retrieved from /opt/airflow/dags/script.py
[2023-11-04T17:48:11.657+0000] {logging_mixin.py:151} INFO - [2023-11-04T17:48:11.657+0000] {dag.py:2941} INFO - Sync 1 DAGs
[2023-11-04T17:48:11.762+0000] {processor.py:179} INFO - Processing /opt/airflow/dags/script.py took 0.573 seconds
[2023-11-04T17:48:41.942+0000] {processor.py:157} INFO - Started process (PID=3268) to work on /opt/airflow/dags/script.py
[2023-11-04T17:48:41.944+0000] {processor.py:829} INFO - Processing file /opt/airflow/dags/script.py for tasks to queue
[2023-11-04T17:48:41.945+0000] {logging_mixin.py:151} INFO - [2023-11-04T17:48:41.945+0000] {dagbag.py:536} INFO - Filling up the DagBag from /opt/airflow/dags/script.py
[2023-11-04T17:48:42.206+0000] {processor.py:839} INFO - DAG(s) dict_keys(['traffic_data']) retrieved from /opt/airflow/dags/script.py
[2023-11-04T17:48:42.635+0000] {logging_mixin.py:151} INFO - [2023-11-04T17:48:42.635+0000] {dag.py:2941} INFO - Sync 1 DAGs
[2023-11-04T17:48:42.763+0000] {processor.py:179} INFO - Processing /opt/airflow/dags/script.py took 0.826 seconds
[2023-11-04T17:49:13.078+0000] {processor.py:157} INFO - Started process (PID=3277) to work on /opt/airflow/dags/script.py
[2023-11-04T17:49:13.081+0000] {processor.py:829} INFO - Processing file /opt/airflow/dags/script.py for tasks to queue
[2023-11-04T17:49:13.084+0000] {logging_mixin.py:151} INFO - [2023-11-04T17:49:13.083+0000] {dagbag.py:536} INFO - Filling up the DagBag from /opt/airflow/dags/script.py
[2023-11-04T17:49:13.347+0000] {processor.py:839} INFO - DAG(s) dict_keys(['traffic_data']) retrieved from /opt/airflow/dags/script.py
[2023-11-04T17:49:13.420+0000] {logging_mixin.py:151} INFO - [2023-11-04T17:49:13.420+0000] {dag.py:2941} INFO - Sync 1 DAGs
[2023-11-04T17:49:13.528+0000] {processor.py:179} INFO - Processing /opt/airflow/dags/script.py took 0.455 seconds
[2023-11-04T17:49:43.812+0000] {processor.py:157} INFO - Started process (PID=3286) to work on /opt/airflow/dags/script.py
[2023-11-04T17:49:43.814+0000] {processor.py:829} INFO - Processing file /opt/airflow/dags/script.py for tasks to queue
[2023-11-04T17:49:43.816+0000] {logging_mixin.py:151} INFO - [2023-11-04T17:49:43.816+0000] {dagbag.py:536} INFO - Filling up the DagBag from /opt/airflow/dags/script.py
[2023-11-04T17:49:44.046+0000] {processor.py:839} INFO - DAG(s) dict_keys(['traffic_data']) retrieved from /opt/airflow/dags/script.py
[2023-11-04T17:49:44.073+0000] {logging_mixin.py:151} INFO - [2023-11-04T17:49:44.072+0000] {dag.py:2941} INFO - Sync 1 DAGs
[2023-11-04T17:49:44.167+0000] {processor.py:179} INFO - Processing /opt/airflow/dags/script.py took 0.362 seconds
[2023-11-04T17:50:14.506+0000] {processor.py:157} INFO - Started process (PID=3295) to work on /opt/airflow/dags/script.py
[2023-11-04T17:50:14.512+0000] {processor.py:829} INFO - Processing file /opt/airflow/dags/script.py for tasks to queue
[2023-11-04T17:50:14.522+0000] {logging_mixin.py:151} INFO - [2023-11-04T17:50:14.516+0000] {dagbag.py:536} INFO - Filling up the DagBag from /opt/airflow/dags/script.py
[2023-11-04T17:50:14.845+0000] {processor.py:839} INFO - DAG(s) dict_keys(['traffic_data']) retrieved from /opt/airflow/dags/script.py
[2023-11-04T17:50:15.196+0000] {logging_mixin.py:151} INFO - [2023-11-04T17:50:15.195+0000] {dag.py:2941} INFO - Sync 1 DAGs
[2023-11-04T17:50:15.317+0000] {processor.py:179} INFO - Processing /opt/airflow/dags/script.py took 0.821 seconds
[2023-11-04T17:50:45.662+0000] {processor.py:157} INFO - Started process (PID=3304) to work on /opt/airflow/dags/script.py
[2023-11-04T17:50:45.665+0000] {processor.py:829} INFO - Processing file /opt/airflow/dags/script.py for tasks to queue
[2023-11-04T17:50:45.670+0000] {logging_mixin.py:151} INFO - [2023-11-04T17:50:45.668+0000] {dagbag.py:536} INFO - Filling up the DagBag from /opt/airflow/dags/script.py
[2023-11-04T17:50:45.963+0000] {processor.py:839} INFO - DAG(s) dict_keys(['traffic_data']) retrieved from /opt/airflow/dags/script.py
[2023-11-04T17:50:46.031+0000] {logging_mixin.py:151} INFO - [2023-11-04T17:50:46.031+0000] {dag.py:2941} INFO - Sync 1 DAGs
[2023-11-04T17:50:46.155+0000] {processor.py:179} INFO - Processing /opt/airflow/dags/script.py took 0.506 seconds
[2023-11-04T17:51:16.472+0000] {processor.py:157} INFO - Started process (PID=3313) to work on /opt/airflow/dags/script.py
[2023-11-04T17:51:16.474+0000] {processor.py:829} INFO - Processing file /opt/airflow/dags/script.py for tasks to queue
[2023-11-04T17:51:16.475+0000] {logging_mixin.py:151} INFO - [2023-11-04T17:51:16.475+0000] {dagbag.py:536} INFO - Filling up the DagBag from /opt/airflow/dags/script.py
[2023-11-04T17:51:16.719+0000] {processor.py:839} INFO - DAG(s) dict_keys(['traffic_data']) retrieved from /opt/airflow/dags/script.py
[2023-11-04T17:51:16.742+0000] {logging_mixin.py:151} INFO - [2023-11-04T17:51:16.741+0000] {dag.py:2941} INFO - Sync 1 DAGs
[2023-11-04T17:51:16.844+0000] {processor.py:179} INFO - Processing /opt/airflow/dags/script.py took 0.379 seconds
[2023-11-04T17:51:47.148+0000] {processor.py:157} INFO - Started process (PID=3322) to work on /opt/airflow/dags/script.py
[2023-11-04T17:51:47.151+0000] {processor.py:829} INFO - Processing file /opt/airflow/dags/script.py for tasks to queue
[2023-11-04T17:51:47.153+0000] {logging_mixin.py:151} INFO - [2023-11-04T17:51:47.153+0000] {dagbag.py:536} INFO - Filling up the DagBag from /opt/airflow/dags/script.py
[2023-11-04T17:51:47.551+0000] {processor.py:839} INFO - DAG(s) dict_keys(['traffic_data']) retrieved from /opt/airflow/dags/script.py
[2023-11-04T17:51:47.830+0000] {logging_mixin.py:151} INFO - [2023-11-04T17:51:47.830+0000] {dag.py:2941} INFO - Sync 1 DAGs
[2023-11-04T17:51:47.919+0000] {processor.py:179} INFO - Processing /opt/airflow/dags/script.py took 0.781 seconds
[2023-11-04T17:52:18.174+0000] {processor.py:157} INFO - Started process (PID=3331) to work on /opt/airflow/dags/script.py
[2023-11-04T17:52:18.177+0000] {processor.py:829} INFO - Processing file /opt/airflow/dags/script.py for tasks to queue
[2023-11-04T17:52:18.179+0000] {logging_mixin.py:151} INFO - [2023-11-04T17:52:18.178+0000] {dagbag.py:536} INFO - Filling up the DagBag from /opt/airflow/dags/script.py
[2023-11-04T17:52:18.473+0000] {processor.py:839} INFO - DAG(s) dict_keys(['traffic_data']) retrieved from /opt/airflow/dags/script.py
[2023-11-04T17:52:18.529+0000] {logging_mixin.py:151} INFO - [2023-11-04T17:52:18.528+0000] {dag.py:2941} INFO - Sync 1 DAGs
[2023-11-04T17:52:18.613+0000] {processor.py:179} INFO - Processing /opt/airflow/dags/script.py took 0.447 seconds
[2023-11-04T17:52:48.951+0000] {processor.py:157} INFO - Started process (PID=3340) to work on /opt/airflow/dags/script.py
[2023-11-04T17:52:48.954+0000] {processor.py:829} INFO - Processing file /opt/airflow/dags/script.py for tasks to queue
[2023-11-04T17:52:48.956+0000] {logging_mixin.py:151} INFO - [2023-11-04T17:52:48.955+0000] {dagbag.py:536} INFO - Filling up the DagBag from /opt/airflow/dags/script.py
[2023-11-04T17:52:49.239+0000] {processor.py:839} INFO - DAG(s) dict_keys(['traffic_data']) retrieved from /opt/airflow/dags/script.py
[2023-11-04T17:52:49.266+0000] {logging_mixin.py:151} INFO - [2023-11-04T17:52:49.265+0000] {dag.py:2941} INFO - Sync 1 DAGs
[2023-11-04T17:52:49.357+0000] {processor.py:179} INFO - Processing /opt/airflow/dags/script.py took 0.416 seconds
[2023-11-04T17:53:19.665+0000] {processor.py:157} INFO - Started process (PID=3350) to work on /opt/airflow/dags/script.py
[2023-11-04T17:53:19.668+0000] {processor.py:829} INFO - Processing file /opt/airflow/dags/script.py for tasks to queue
[2023-11-04T17:53:19.684+0000] {logging_mixin.py:151} INFO - [2023-11-04T17:53:19.676+0000] {dagbag.py:536} INFO - Filling up the DagBag from /opt/airflow/dags/script.py
[2023-11-04T17:53:20.059+0000] {processor.py:839} INFO - DAG(s) dict_keys(['traffic_data']) retrieved from /opt/airflow/dags/script.py
[2023-11-04T17:53:20.441+0000] {logging_mixin.py:151} INFO - [2023-11-04T17:53:20.440+0000] {dag.py:2941} INFO - Sync 1 DAGs
[2023-11-04T17:53:20.531+0000] {processor.py:179} INFO - Processing /opt/airflow/dags/script.py took 0.877 seconds
[2023-11-04T17:53:50.734+0000] {processor.py:157} INFO - Started process (PID=3359) to work on /opt/airflow/dags/script.py
[2023-11-04T17:53:50.736+0000] {processor.py:829} INFO - Processing file /opt/airflow/dags/script.py for tasks to queue
[2023-11-04T17:53:50.738+0000] {logging_mixin.py:151} INFO - [2023-11-04T17:53:50.737+0000] {dagbag.py:536} INFO - Filling up the DagBag from /opt/airflow/dags/script.py
[2023-11-04T17:53:50.904+0000] {processor.py:839} INFO - DAG(s) dict_keys(['traffic_data']) retrieved from /opt/airflow/dags/script.py
[2023-11-04T17:53:50.945+0000] {logging_mixin.py:151} INFO - [2023-11-04T17:53:50.944+0000] {dag.py:2941} INFO - Sync 1 DAGs
[2023-11-04T17:53:51.018+0000] {processor.py:179} INFO - Processing /opt/airflow/dags/script.py took 0.292 seconds
