[2023-11-04T13:18:20.869+0000] {processor.py:157} INFO - Started process (PID=761) to work on /opt/airflow/dags/script2.py
[2023-11-04T13:18:20.871+0000] {processor.py:829} INFO - Processing file /opt/airflow/dags/script2.py for tasks to queue
[2023-11-04T13:18:20.873+0000] {logging_mixin.py:151} INFO - [2023-11-04T13:18:20.872+0000] {dagbag.py:536} INFO - Filling up the DagBag from /opt/airflow/dags/script2.py
[2023-11-04T13:18:21.279+0000] {processor.py:839} INFO - DAG(s) dict_keys(['traffic_data']) retrieved from /opt/airflow/dags/script2.py
[2023-11-04T13:18:25.733+0000] {logging_mixin.py:151} INFO - [2023-11-04T13:18:25.733+0000] {manager.py:499} INFO - Created Permission View: %s
[2023-11-04T13:18:25.778+0000] {logging_mixin.py:151} INFO - [2023-11-04T13:18:25.777+0000] {manager.py:499} INFO - Created Permission View: %s
[2023-11-04T13:18:25.803+0000] {logging_mixin.py:151} INFO - [2023-11-04T13:18:25.802+0000] {manager.py:499} INFO - Created Permission View: %s
[2023-11-04T13:18:25.804+0000] {logging_mixin.py:151} INFO - [2023-11-04T13:18:25.803+0000] {dag.py:2941} INFO - Sync 1 DAGs
[2023-11-04T13:18:25.886+0000] {logging_mixin.py:151} INFO - [2023-11-04T13:18:25.885+0000] {dag.py:2963} INFO - Creating ORM DAG for traffic_data
[2023-11-04T13:18:25.957+0000] {logging_mixin.py:151} INFO - [2023-11-04T13:18:25.957+0000] {dag.py:3722} INFO - Setting next_dagrun for traffic_data to 2023-11-04T13:17:25.956314+00:00, run_after=2023-11-04T13:18:25.956314+00:00
[2023-11-04T13:18:26.033+0000] {processor.py:179} INFO - Processing /opt/airflow/dags/script2.py took 5.172 seconds
[2023-11-04T13:18:56.677+0000] {processor.py:157} INFO - Started process (PID=773) to work on /opt/airflow/dags/script2.py
[2023-11-04T13:18:56.679+0000] {processor.py:829} INFO - Processing file /opt/airflow/dags/script2.py for tasks to queue
[2023-11-04T13:18:56.681+0000] {logging_mixin.py:151} INFO - [2023-11-04T13:18:56.680+0000] {dagbag.py:536} INFO - Filling up the DagBag from /opt/airflow/dags/script2.py
[2023-11-04T13:18:57.205+0000] {processor.py:839} INFO - DAG(s) dict_keys(['traffic_data']) retrieved from /opt/airflow/dags/script2.py
[2023-11-04T13:18:57.252+0000] {logging_mixin.py:151} INFO - [2023-11-04T13:18:57.251+0000] {dag.py:2941} INFO - Sync 1 DAGs
[2023-11-04T13:18:57.307+0000] {logging_mixin.py:151} INFO - [2023-11-04T13:18:57.306+0000] {dag.py:3722} INFO - Setting next_dagrun for traffic_data to 2023-11-04T13:17:57.305964+00:00, run_after=2023-11-04T13:18:57.305964+00:00
[2023-11-04T13:18:57.356+0000] {processor.py:179} INFO - Processing /opt/airflow/dags/script2.py took 0.686 seconds
[2023-11-04T13:19:27.706+0000] {processor.py:157} INFO - Started process (PID=782) to work on /opt/airflow/dags/script2.py
[2023-11-04T13:19:27.709+0000] {processor.py:829} INFO - Processing file /opt/airflow/dags/script2.py for tasks to queue
[2023-11-04T13:19:27.713+0000] {logging_mixin.py:151} INFO - [2023-11-04T13:19:27.711+0000] {dagbag.py:536} INFO - Filling up the DagBag from /opt/airflow/dags/script2.py
[2023-11-04T13:19:28.050+0000] {processor.py:839} INFO - DAG(s) dict_keys(['traffic_data']) retrieved from /opt/airflow/dags/script2.py
[2023-11-04T13:19:28.130+0000] {logging_mixin.py:151} INFO - [2023-11-04T13:19:28.130+0000] {dag.py:2941} INFO - Sync 1 DAGs
[2023-11-04T13:19:28.209+0000] {logging_mixin.py:151} INFO - [2023-11-04T13:19:28.208+0000] {dag.py:3722} INFO - Setting next_dagrun for traffic_data to 2023-11-04T13:18:28.206860+00:00, run_after=2023-11-04T13:19:28.206860+00:00
[2023-11-04T13:19:28.258+0000] {processor.py:179} INFO - Processing /opt/airflow/dags/script2.py took 0.568 seconds
[2023-11-04T13:19:58.335+0000] {processor.py:157} INFO - Started process (PID=792) to work on /opt/airflow/dags/script2.py
[2023-11-04T13:19:58.340+0000] {processor.py:829} INFO - Processing file /opt/airflow/dags/script2.py for tasks to queue
[2023-11-04T13:19:58.341+0000] {logging_mixin.py:151} INFO - [2023-11-04T13:19:58.341+0000] {dagbag.py:536} INFO - Filling up the DagBag from /opt/airflow/dags/script2.py
[2023-11-04T13:19:58.623+0000] {processor.py:839} INFO - DAG(s) dict_keys(['traffic_data']) retrieved from /opt/airflow/dags/script2.py
[2023-11-04T13:19:58.686+0000] {logging_mixin.py:151} INFO - [2023-11-04T13:19:58.685+0000] {dag.py:2941} INFO - Sync 1 DAGs
[2023-11-04T13:20:04.333+0000] {processor.py:179} INFO - Processing /opt/airflow/dags/script2.py took 6.011 seconds
[2023-11-04T13:20:34.401+0000] {processor.py:157} INFO - Started process (PID=801) to work on /opt/airflow/dags/script2.py
[2023-11-04T13:20:34.402+0000] {processor.py:829} INFO - Processing file /opt/airflow/dags/script2.py for tasks to queue
[2023-11-04T13:20:34.404+0000] {logging_mixin.py:151} INFO - [2023-11-04T13:20:34.403+0000] {dagbag.py:536} INFO - Filling up the DagBag from /opt/airflow/dags/script2.py
[2023-11-04T13:20:34.603+0000] {processor.py:839} INFO - DAG(s) dict_keys(['traffic_data']) retrieved from /opt/airflow/dags/script2.py
[2023-11-04T13:20:34.681+0000] {logging_mixin.py:151} INFO - [2023-11-04T13:20:34.680+0000] {dag.py:2941} INFO - Sync 1 DAGs
[2023-11-04T13:20:35.511+0000] {processor.py:179} INFO - Processing /opt/airflow/dags/script2.py took 1.106 seconds
[2023-11-04T13:21:05.648+0000] {processor.py:157} INFO - Started process (PID=810) to work on /opt/airflow/dags/script2.py
[2023-11-04T13:21:05.649+0000] {processor.py:829} INFO - Processing file /opt/airflow/dags/script2.py for tasks to queue
[2023-11-04T13:21:05.651+0000] {logging_mixin.py:151} INFO - [2023-11-04T13:21:05.650+0000] {dagbag.py:536} INFO - Filling up the DagBag from /opt/airflow/dags/script2.py
[2023-11-04T13:21:05.961+0000] {processor.py:839} INFO - DAG(s) dict_keys(['traffic_data']) retrieved from /opt/airflow/dags/script2.py
[2023-11-04T13:21:06.258+0000] {logging_mixin.py:151} INFO - [2023-11-04T13:21:06.257+0000] {dag.py:2941} INFO - Sync 1 DAGs
[2023-11-04T13:21:06.376+0000] {processor.py:179} INFO - Processing /opt/airflow/dags/script2.py took 0.735 seconds
[2023-11-04T13:21:36.555+0000] {processor.py:157} INFO - Started process (PID=819) to work on /opt/airflow/dags/script2.py
[2023-11-04T13:21:36.558+0000] {processor.py:829} INFO - Processing file /opt/airflow/dags/script2.py for tasks to queue
[2023-11-04T13:21:36.561+0000] {logging_mixin.py:151} INFO - [2023-11-04T13:21:36.560+0000] {dagbag.py:536} INFO - Filling up the DagBag from /opt/airflow/dags/script2.py
[2023-11-04T13:21:37.576+0000] {processor.py:839} INFO - DAG(s) dict_keys(['traffic_data']) retrieved from /opt/airflow/dags/script2.py
[2023-11-04T13:21:37.668+0000] {logging_mixin.py:151} INFO - [2023-11-04T13:21:37.667+0000] {dag.py:2941} INFO - Sync 1 DAGs
[2023-11-04T13:21:37.819+0000] {processor.py:179} INFO - Processing /opt/airflow/dags/script2.py took 1.275 seconds
[2023-11-04T13:22:08.109+0000] {processor.py:157} INFO - Started process (PID=829) to work on /opt/airflow/dags/script2.py
[2023-11-04T13:22:08.110+0000] {processor.py:829} INFO - Processing file /opt/airflow/dags/script2.py for tasks to queue
[2023-11-04T13:22:08.112+0000] {logging_mixin.py:151} INFO - [2023-11-04T13:22:08.111+0000] {dagbag.py:536} INFO - Filling up the DagBag from /opt/airflow/dags/script2.py
[2023-11-04T13:22:08.783+0000] {processor.py:839} INFO - DAG(s) dict_keys(['traffic_data']) retrieved from /opt/airflow/dags/script2.py
[2023-11-04T13:22:08.861+0000] {logging_mixin.py:151} INFO - [2023-11-04T13:22:08.861+0000] {dag.py:2941} INFO - Sync 1 DAGs
[2023-11-04T13:22:08.980+0000] {processor.py:179} INFO - Processing /opt/airflow/dags/script2.py took 0.877 seconds
[2023-11-04T13:26:05.758+0000] {processor.py:157} INFO - Started process (PID=49) to work on /opt/airflow/dags/script2.py
[2023-11-04T13:26:05.794+0000] {processor.py:829} INFO - Processing file /opt/airflow/dags/script2.py for tasks to queue
[2023-11-04T13:26:06.206+0000] {logging_mixin.py:151} INFO - [2023-11-04T13:26:06.125+0000] {dagbag.py:536} INFO - Filling up the DagBag from /opt/airflow/dags/script2.py
[2023-11-04T13:26:13.606+0000] {processor.py:839} INFO - DAG(s) dict_keys(['traffic_data']) retrieved from /opt/airflow/dags/script2.py
[2023-11-04T13:26:19.289+0000] {logging_mixin.py:151} INFO - [2023-11-04T13:26:19.283+0000] {dag.py:2941} INFO - Sync 1 DAGs
[2023-11-04T13:26:19.970+0000] {processor.py:179} INFO - Processing /opt/airflow/dags/script2.py took 14.574 seconds
[2023-11-04T13:26:51.029+0000] {processor.py:157} INFO - Started process (PID=64) to work on /opt/airflow/dags/script2.py
[2023-11-04T13:26:51.045+0000] {processor.py:829} INFO - Processing file /opt/airflow/dags/script2.py for tasks to queue
[2023-11-04T13:26:51.170+0000] {logging_mixin.py:151} INFO - [2023-11-04T13:26:51.148+0000] {dagbag.py:536} INFO - Filling up the DagBag from /opt/airflow/dags/script2.py
[2023-11-04T13:26:53.794+0000] {processor.py:839} INFO - DAG(s) dict_keys(['traffic_data']) retrieved from /opt/airflow/dags/script2.py
[2023-11-04T13:26:54.977+0000] {logging_mixin.py:151} INFO - [2023-11-04T13:26:54.974+0000] {dag.py:2941} INFO - Sync 1 DAGs
[2023-11-04T13:26:58.540+0000] {processor.py:179} INFO - Processing /opt/airflow/dags/script2.py took 7.623 seconds
[2023-11-04T13:27:31.464+0000] {processor.py:157} INFO - Started process (PID=74) to work on /opt/airflow/dags/script2.py
[2023-11-04T13:27:31.535+0000] {processor.py:829} INFO - Processing file /opt/airflow/dags/script2.py for tasks to queue
[2023-11-04T13:27:31.856+0000] {logging_mixin.py:151} INFO - [2023-11-04T13:27:31.841+0000] {dagbag.py:536} INFO - Filling up the DagBag from /opt/airflow/dags/script2.py
[2023-11-04T13:27:35.695+0000] {processor.py:839} INFO - DAG(s) dict_keys(['traffic_data']) retrieved from /opt/airflow/dags/script2.py
[2023-11-04T13:27:36.180+0000] {logging_mixin.py:151} INFO - [2023-11-04T13:27:36.180+0000] {dag.py:2941} INFO - Sync 1 DAGs
[2023-11-04T13:27:36.803+0000] {processor.py:179} INFO - Processing /opt/airflow/dags/script2.py took 5.897 seconds
[2023-11-04T13:28:08.753+0000] {processor.py:157} INFO - Started process (PID=83) to work on /opt/airflow/dags/script2.py
[2023-11-04T13:28:08.848+0000] {processor.py:829} INFO - Processing file /opt/airflow/dags/script2.py for tasks to queue
[2023-11-04T13:28:09.335+0000] {logging_mixin.py:151} INFO - [2023-11-04T13:28:09.321+0000] {dagbag.py:536} INFO - Filling up the DagBag from /opt/airflow/dags/script2.py
[2023-11-04T13:28:12.555+0000] {processor.py:839} INFO - DAG(s) dict_keys(['traffic_data']) retrieved from /opt/airflow/dags/script2.py
[2023-11-04T13:28:14.327+0000] {logging_mixin.py:151} INFO - [2023-11-04T13:28:14.326+0000] {dag.py:2941} INFO - Sync 1 DAGs
[2023-11-04T13:28:22.126+0000] {processor.py:179} INFO - Processing /opt/airflow/dags/script2.py took 13.696 seconds
[2023-11-04T13:28:52.308+0000] {processor.py:157} INFO - Started process (PID=92) to work on /opt/airflow/dags/script2.py
[2023-11-04T13:28:52.310+0000] {processor.py:829} INFO - Processing file /opt/airflow/dags/script2.py for tasks to queue
[2023-11-04T13:28:52.318+0000] {logging_mixin.py:151} INFO - [2023-11-04T13:28:52.317+0000] {dagbag.py:536} INFO - Filling up the DagBag from /opt/airflow/dags/script2.py
[2023-11-04T13:28:52.551+0000] {processor.py:839} INFO - DAG(s) dict_keys(['traffic_data']) retrieved from /opt/airflow/dags/script2.py
[2023-11-04T13:28:52.606+0000] {logging_mixin.py:151} INFO - [2023-11-04T13:28:52.606+0000] {dag.py:2941} INFO - Sync 1 DAGs
[2023-11-04T13:28:52.717+0000] {processor.py:179} INFO - Processing /opt/airflow/dags/script2.py took 0.417 seconds
[2023-11-04T13:29:23.036+0000] {processor.py:157} INFO - Started process (PID=101) to work on /opt/airflow/dags/script2.py
[2023-11-04T13:29:23.039+0000] {processor.py:829} INFO - Processing file /opt/airflow/dags/script2.py for tasks to queue
[2023-11-04T13:29:23.043+0000] {logging_mixin.py:151} INFO - [2023-11-04T13:29:23.042+0000] {dagbag.py:536} INFO - Filling up the DagBag from /opt/airflow/dags/script2.py
[2023-11-04T13:29:23.356+0000] {processor.py:839} INFO - DAG(s) dict_keys(['traffic_data']) retrieved from /opt/airflow/dags/script2.py
[2023-11-04T13:29:23.455+0000] {logging_mixin.py:151} INFO - [2023-11-04T13:29:23.455+0000] {dag.py:2941} INFO - Sync 1 DAGs
[2023-11-04T13:29:23.616+0000] {processor.py:179} INFO - Processing /opt/airflow/dags/script2.py took 0.588 seconds
[2023-11-04T13:29:53.995+0000] {processor.py:157} INFO - Started process (PID=117) to work on /opt/airflow/dags/script2.py
[2023-11-04T13:29:53.998+0000] {processor.py:829} INFO - Processing file /opt/airflow/dags/script2.py for tasks to queue
[2023-11-04T13:29:54.011+0000] {logging_mixin.py:151} INFO - [2023-11-04T13:29:54.010+0000] {dagbag.py:536} INFO - Filling up the DagBag from /opt/airflow/dags/script2.py
[2023-11-04T13:29:54.332+0000] {processor.py:839} INFO - DAG(s) dict_keys(['traffic_data']) retrieved from /opt/airflow/dags/script2.py
[2023-11-04T13:29:54.411+0000] {logging_mixin.py:151} INFO - [2023-11-04T13:29:54.410+0000] {dag.py:2941} INFO - Sync 1 DAGs
[2023-11-04T13:29:54.541+0000] {processor.py:179} INFO - Processing /opt/airflow/dags/script2.py took 0.555 seconds
[2023-11-04T13:30:24.932+0000] {processor.py:157} INFO - Started process (PID=126) to work on /opt/airflow/dags/script2.py
[2023-11-04T13:30:24.936+0000] {processor.py:829} INFO - Processing file /opt/airflow/dags/script2.py for tasks to queue
[2023-11-04T13:30:24.965+0000] {logging_mixin.py:151} INFO - [2023-11-04T13:30:24.963+0000] {dagbag.py:536} INFO - Filling up the DagBag from /opt/airflow/dags/script2.py
[2023-11-04T13:30:25.303+0000] {processor.py:839} INFO - DAG(s) dict_keys(['traffic_data']) retrieved from /opt/airflow/dags/script2.py
[2023-11-04T13:30:25.400+0000] {logging_mixin.py:151} INFO - [2023-11-04T13:30:25.399+0000] {dag.py:2941} INFO - Sync 1 DAGs
[2023-11-04T13:30:25.513+0000] {processor.py:179} INFO - Processing /opt/airflow/dags/script2.py took 0.614 seconds
[2023-11-04T13:30:55.809+0000] {processor.py:157} INFO - Started process (PID=135) to work on /opt/airflow/dags/script2.py
[2023-11-04T13:30:55.811+0000] {processor.py:829} INFO - Processing file /opt/airflow/dags/script2.py for tasks to queue
[2023-11-04T13:30:55.817+0000] {logging_mixin.py:151} INFO - [2023-11-04T13:30:55.815+0000] {dagbag.py:536} INFO - Filling up the DagBag from /opt/airflow/dags/script2.py
[2023-11-04T13:30:56.113+0000] {processor.py:839} INFO - DAG(s) dict_keys(['traffic_data']) retrieved from /opt/airflow/dags/script2.py
[2023-11-04T13:30:56.182+0000] {logging_mixin.py:151} INFO - [2023-11-04T13:30:56.181+0000] {dag.py:2941} INFO - Sync 1 DAGs
[2023-11-04T13:30:56.291+0000] {processor.py:179} INFO - Processing /opt/airflow/dags/script2.py took 0.490 seconds
[2023-11-04T13:31:26.789+0000] {processor.py:157} INFO - Started process (PID=144) to work on /opt/airflow/dags/script2.py
[2023-11-04T13:31:26.793+0000] {processor.py:829} INFO - Processing file /opt/airflow/dags/script2.py for tasks to queue
[2023-11-04T13:31:26.844+0000] {logging_mixin.py:151} INFO - [2023-11-04T13:31:26.837+0000] {dagbag.py:536} INFO - Filling up the DagBag from /opt/airflow/dags/script2.py
[2023-11-04T13:31:28.149+0000] {processor.py:839} INFO - DAG(s) dict_keys(['traffic_data']) retrieved from /opt/airflow/dags/script2.py
[2023-11-04T13:31:28.390+0000] {logging_mixin.py:151} INFO - [2023-11-04T13:31:28.389+0000] {dag.py:2941} INFO - Sync 1 DAGs
[2023-11-04T13:31:28.830+0000] {processor.py:179} INFO - Processing /opt/airflow/dags/script2.py took 2.073 seconds
[2023-11-04T13:31:59.146+0000] {processor.py:157} INFO - Started process (PID=153) to work on /opt/airflow/dags/script2.py
[2023-11-04T13:31:59.150+0000] {processor.py:829} INFO - Processing file /opt/airflow/dags/script2.py for tasks to queue
[2023-11-04T13:31:59.174+0000] {logging_mixin.py:151} INFO - [2023-11-04T13:31:59.173+0000] {dagbag.py:536} INFO - Filling up the DagBag from /opt/airflow/dags/script2.py
[2023-11-04T13:31:59.668+0000] {processor.py:839} INFO - DAG(s) dict_keys(['traffic_data']) retrieved from /opt/airflow/dags/script2.py
[2023-11-04T13:32:00.456+0000] {logging_mixin.py:151} INFO - [2023-11-04T13:32:00.456+0000] {dag.py:2941} INFO - Sync 1 DAGs
[2023-11-04T13:32:09.834+0000] {processor.py:179} INFO - Processing /opt/airflow/dags/script2.py took 10.695 seconds
[2023-11-04T13:32:40.161+0000] {processor.py:157} INFO - Started process (PID=162) to work on /opt/airflow/dags/script2.py
[2023-11-04T13:32:40.164+0000] {processor.py:829} INFO - Processing file /opt/airflow/dags/script2.py for tasks to queue
[2023-11-04T13:32:40.168+0000] {logging_mixin.py:151} INFO - [2023-11-04T13:32:40.167+0000] {dagbag.py:536} INFO - Filling up the DagBag from /opt/airflow/dags/script2.py
[2023-11-04T13:32:40.567+0000] {processor.py:839} INFO - DAG(s) dict_keys(['traffic_data']) retrieved from /opt/airflow/dags/script2.py
[2023-11-04T13:32:40.627+0000] {logging_mixin.py:151} INFO - [2023-11-04T13:32:40.627+0000] {dag.py:2941} INFO - Sync 1 DAGs
[2023-11-04T13:32:40.745+0000] {processor.py:179} INFO - Processing /opt/airflow/dags/script2.py took 0.594 seconds
[2023-11-04T13:33:13.527+0000] {processor.py:157} INFO - Started process (PID=171) to work on /opt/airflow/dags/script2.py
[2023-11-04T13:33:13.547+0000] {processor.py:829} INFO - Processing file /opt/airflow/dags/script2.py for tasks to queue
[2023-11-04T13:33:13.646+0000] {logging_mixin.py:151} INFO - [2023-11-04T13:33:13.643+0000] {dagbag.py:536} INFO - Filling up the DagBag from /opt/airflow/dags/script2.py
[2023-11-04T13:33:21.417+0000] {processor.py:839} INFO - DAG(s) dict_keys(['traffic_data']) retrieved from /opt/airflow/dags/script2.py
[2023-11-04T13:33:27.877+0000] {logging_mixin.py:151} INFO - [2023-11-04T13:33:27.821+0000] {dag.py:2941} INFO - Sync 1 DAGs
[2023-11-04T13:33:30.573+0000] {processor.py:179} INFO - Processing /opt/airflow/dags/script2.py took 19.100 seconds
[2023-11-04T13:34:01.415+0000] {processor.py:157} INFO - Started process (PID=180) to work on /opt/airflow/dags/script2.py
[2023-11-04T13:34:01.439+0000] {processor.py:829} INFO - Processing file /opt/airflow/dags/script2.py for tasks to queue
[2023-11-04T13:34:01.608+0000] {logging_mixin.py:151} INFO - [2023-11-04T13:34:01.577+0000] {dagbag.py:536} INFO - Filling up the DagBag from /opt/airflow/dags/script2.py
[2023-11-04T13:34:06.882+0000] {processor.py:839} INFO - DAG(s) dict_keys(['traffic_data']) retrieved from /opt/airflow/dags/script2.py
[2023-11-04T13:34:27.411+0000] {logging_mixin.py:151} INFO - [2023-11-04T13:34:27.410+0000] {dag.py:2941} INFO - Sync 1 DAGs
[2023-11-04T13:34:28.797+0000] {processor.py:179} INFO - Processing /opt/airflow/dags/script2.py took 26.844 seconds
[2023-11-04T13:34:59.745+0000] {processor.py:157} INFO - Started process (PID=189) to work on /opt/airflow/dags/script2.py
[2023-11-04T13:34:59.749+0000] {processor.py:829} INFO - Processing file /opt/airflow/dags/script2.py for tasks to queue
[2023-11-04T13:34:59.777+0000] {logging_mixin.py:151} INFO - [2023-11-04T13:34:59.774+0000] {dagbag.py:536} INFO - Filling up the DagBag from /opt/airflow/dags/script2.py
[2023-11-04T13:35:00.686+0000] {processor.py:839} INFO - DAG(s) dict_keys(['traffic_data']) retrieved from /opt/airflow/dags/script2.py
[2023-11-04T13:35:01.083+0000] {logging_mixin.py:151} INFO - [2023-11-04T13:35:01.082+0000] {dag.py:2941} INFO - Sync 1 DAGs
[2023-11-04T13:35:01.493+0000] {processor.py:179} INFO - Processing /opt/airflow/dags/script2.py took 1.815 seconds
[2023-11-04T13:35:31.825+0000] {processor.py:157} INFO - Started process (PID=199) to work on /opt/airflow/dags/script2.py
[2023-11-04T13:35:31.827+0000] {processor.py:829} INFO - Processing file /opt/airflow/dags/script2.py for tasks to queue
[2023-11-04T13:35:31.832+0000] {logging_mixin.py:151} INFO - [2023-11-04T13:35:31.832+0000] {dagbag.py:536} INFO - Filling up the DagBag from /opt/airflow/dags/script2.py
[2023-11-04T13:35:32.288+0000] {processor.py:839} INFO - DAG(s) dict_keys(['traffic_data']) retrieved from /opt/airflow/dags/script2.py
[2023-11-04T13:35:32.488+0000] {logging_mixin.py:151} INFO - [2023-11-04T13:35:32.487+0000] {dag.py:2941} INFO - Sync 1 DAGs
[2023-11-04T13:35:32.607+0000] {processor.py:179} INFO - Processing /opt/airflow/dags/script2.py took 0.788 seconds
[2023-11-04T13:36:03.304+0000] {processor.py:157} INFO - Started process (PID=216) to work on /opt/airflow/dags/script2.py
[2023-11-04T13:36:03.311+0000] {processor.py:829} INFO - Processing file /opt/airflow/dags/script2.py for tasks to queue
[2023-11-04T13:36:03.355+0000] {logging_mixin.py:151} INFO - [2023-11-04T13:36:03.347+0000] {dagbag.py:536} INFO - Filling up the DagBag from /opt/airflow/dags/script2.py
[2023-11-04T13:36:04.361+0000] {processor.py:839} INFO - DAG(s) dict_keys(['traffic_data']) retrieved from /opt/airflow/dags/script2.py
[2023-11-04T13:36:04.759+0000] {logging_mixin.py:151} INFO - [2023-11-04T13:36:04.759+0000] {dag.py:2941} INFO - Sync 1 DAGs
[2023-11-04T13:36:05.177+0000] {processor.py:179} INFO - Processing /opt/airflow/dags/script2.py took 1.922 seconds
[2023-11-04T13:36:35.447+0000] {processor.py:157} INFO - Started process (PID=225) to work on /opt/airflow/dags/script2.py
[2023-11-04T13:36:35.450+0000] {processor.py:829} INFO - Processing file /opt/airflow/dags/script2.py for tasks to queue
[2023-11-04T13:36:35.463+0000] {logging_mixin.py:151} INFO - [2023-11-04T13:36:35.463+0000] {dagbag.py:536} INFO - Filling up the DagBag from /opt/airflow/dags/script2.py
[2023-11-04T13:36:35.797+0000] {processor.py:839} INFO - DAG(s) dict_keys(['traffic_data']) retrieved from /opt/airflow/dags/script2.py
[2023-11-04T13:36:35.907+0000] {logging_mixin.py:151} INFO - [2023-11-04T13:36:35.906+0000] {dag.py:2941} INFO - Sync 1 DAGs
[2023-11-04T13:36:35.985+0000] {logging_mixin.py:151} INFO - [2023-11-04T13:36:35.982+0000] {dag.py:3722} INFO - Setting next_dagrun for traffic_data to 2023-11-04T13:35:35.970463+00:00, run_after=2023-11-04T13:36:35.970463+00:00
[2023-11-04T13:36:36.039+0000] {processor.py:179} INFO - Processing /opt/airflow/dags/script2.py took 0.601 seconds
[2023-11-04T13:37:06.461+0000] {processor.py:157} INFO - Started process (PID=234) to work on /opt/airflow/dags/script2.py
[2023-11-04T13:37:06.464+0000] {processor.py:829} INFO - Processing file /opt/airflow/dags/script2.py for tasks to queue
[2023-11-04T13:37:06.483+0000] {logging_mixin.py:151} INFO - [2023-11-04T13:37:06.482+0000] {dagbag.py:536} INFO - Filling up the DagBag from /opt/airflow/dags/script2.py
[2023-11-04T13:37:07.209+0000] {processor.py:839} INFO - DAG(s) dict_keys(['traffic_data']) retrieved from /opt/airflow/dags/script2.py
[2023-11-04T13:37:07.375+0000] {logging_mixin.py:151} INFO - [2023-11-04T13:37:07.374+0000] {dag.py:2941} INFO - Sync 1 DAGs
[2023-11-04T13:37:07.623+0000] {processor.py:179} INFO - Processing /opt/airflow/dags/script2.py took 1.182 seconds
[2023-11-04T13:37:37.804+0000] {processor.py:157} INFO - Started process (PID=243) to work on /opt/airflow/dags/script2.py
[2023-11-04T13:37:37.807+0000] {processor.py:829} INFO - Processing file /opt/airflow/dags/script2.py for tasks to queue
[2023-11-04T13:37:37.811+0000] {logging_mixin.py:151} INFO - [2023-11-04T13:37:37.811+0000] {dagbag.py:536} INFO - Filling up the DagBag from /opt/airflow/dags/script2.py
[2023-11-04T13:37:38.166+0000] {processor.py:839} INFO - DAG(s) dict_keys(['traffic_data']) retrieved from /opt/airflow/dags/script2.py
[2023-11-04T13:37:38.286+0000] {logging_mixin.py:151} INFO - [2023-11-04T13:37:38.286+0000] {dag.py:2941} INFO - Sync 1 DAGs
[2023-11-04T13:37:38.427+0000] {processor.py:179} INFO - Processing /opt/airflow/dags/script2.py took 0.632 seconds
[2023-11-04T13:38:08.744+0000] {processor.py:157} INFO - Started process (PID=252) to work on /opt/airflow/dags/script2.py
[2023-11-04T13:38:08.747+0000] {processor.py:829} INFO - Processing file /opt/airflow/dags/script2.py for tasks to queue
[2023-11-04T13:38:08.752+0000] {logging_mixin.py:151} INFO - [2023-11-04T13:38:08.752+0000] {dagbag.py:536} INFO - Filling up the DagBag from /opt/airflow/dags/script2.py
[2023-11-04T13:38:09.083+0000] {processor.py:839} INFO - DAG(s) dict_keys(['traffic_data']) retrieved from /opt/airflow/dags/script2.py
[2023-11-04T13:38:09.169+0000] {logging_mixin.py:151} INFO - [2023-11-04T13:38:09.169+0000] {dag.py:2941} INFO - Sync 1 DAGs
[2023-11-04T13:38:09.269+0000] {processor.py:179} INFO - Processing /opt/airflow/dags/script2.py took 0.534 seconds
[2023-11-04T13:38:39.556+0000] {processor.py:157} INFO - Started process (PID=261) to work on /opt/airflow/dags/script2.py
[2023-11-04T13:38:39.560+0000] {processor.py:829} INFO - Processing file /opt/airflow/dags/script2.py for tasks to queue
[2023-11-04T13:38:39.566+0000] {logging_mixin.py:151} INFO - [2023-11-04T13:38:39.566+0000] {dagbag.py:536} INFO - Filling up the DagBag from /opt/airflow/dags/script2.py
[2023-11-04T13:38:40.050+0000] {processor.py:839} INFO - DAG(s) dict_keys(['traffic_data']) retrieved from /opt/airflow/dags/script2.py
[2023-11-04T13:38:40.169+0000] {logging_mixin.py:151} INFO - [2023-11-04T13:38:40.169+0000] {dag.py:2941} INFO - Sync 1 DAGs
[2023-11-04T13:38:40.296+0000] {processor.py:179} INFO - Processing /opt/airflow/dags/script2.py took 0.749 seconds
[2023-11-04T13:39:10.537+0000] {processor.py:157} INFO - Started process (PID=270) to work on /opt/airflow/dags/script2.py
[2023-11-04T13:39:10.545+0000] {processor.py:829} INFO - Processing file /opt/airflow/dags/script2.py for tasks to queue
[2023-11-04T13:39:10.591+0000] {logging_mixin.py:151} INFO - [2023-11-04T13:39:10.580+0000] {dagbag.py:536} INFO - Filling up the DagBag from /opt/airflow/dags/script2.py
[2023-11-04T13:39:11.434+0000] {processor.py:839} INFO - DAG(s) dict_keys(['traffic_data']) retrieved from /opt/airflow/dags/script2.py
[2023-11-04T13:39:11.869+0000] {logging_mixin.py:151} INFO - [2023-11-04T13:39:11.868+0000] {dag.py:2941} INFO - Sync 1 DAGs
[2023-11-04T13:39:12.219+0000] {processor.py:179} INFO - Processing /opt/airflow/dags/script2.py took 1.737 seconds
[2023-11-04T13:39:42.630+0000] {processor.py:157} INFO - Started process (PID=280) to work on /opt/airflow/dags/script2.py
[2023-11-04T13:39:42.632+0000] {processor.py:829} INFO - Processing file /opt/airflow/dags/script2.py for tasks to queue
[2023-11-04T13:39:42.637+0000] {logging_mixin.py:151} INFO - [2023-11-04T13:39:42.637+0000] {dagbag.py:536} INFO - Filling up the DagBag from /opt/airflow/dags/script2.py
[2023-11-04T13:39:43.006+0000] {processor.py:839} INFO - DAG(s) dict_keys(['traffic_data']) retrieved from /opt/airflow/dags/script2.py
[2023-11-04T13:39:43.091+0000] {logging_mixin.py:151} INFO - [2023-11-04T13:39:43.090+0000] {dag.py:2941} INFO - Sync 1 DAGs
[2023-11-04T13:39:43.193+0000] {processor.py:179} INFO - Processing /opt/airflow/dags/script2.py took 0.569 seconds
[2023-11-04T13:40:13.554+0000] {processor.py:157} INFO - Started process (PID=290) to work on /opt/airflow/dags/script2.py
[2023-11-04T13:40:13.557+0000] {processor.py:829} INFO - Processing file /opt/airflow/dags/script2.py for tasks to queue
[2023-11-04T13:40:13.562+0000] {logging_mixin.py:151} INFO - [2023-11-04T13:40:13.561+0000] {dagbag.py:536} INFO - Filling up the DagBag from /opt/airflow/dags/script2.py
[2023-11-04T13:40:14.063+0000] {processor.py:839} INFO - DAG(s) dict_keys(['traffic_data']) retrieved from /opt/airflow/dags/script2.py
[2023-11-04T13:40:14.158+0000] {logging_mixin.py:151} INFO - [2023-11-04T13:40:14.158+0000] {dag.py:2941} INFO - Sync 1 DAGs
[2023-11-04T13:40:14.249+0000] {processor.py:179} INFO - Processing /opt/airflow/dags/script2.py took 0.705 seconds
[2023-11-04T13:40:44.809+0000] {processor.py:157} INFO - Started process (PID=299) to work on /opt/airflow/dags/script2.py
[2023-11-04T13:40:44.814+0000] {processor.py:829} INFO - Processing file /opt/airflow/dags/script2.py for tasks to queue
[2023-11-04T13:40:44.842+0000] {logging_mixin.py:151} INFO - [2023-11-04T13:40:44.838+0000] {dagbag.py:536} INFO - Filling up the DagBag from /opt/airflow/dags/script2.py
[2023-11-04T13:40:45.508+0000] {processor.py:839} INFO - DAG(s) dict_keys(['traffic_data']) retrieved from /opt/airflow/dags/script2.py
[2023-11-04T13:40:45.694+0000] {logging_mixin.py:151} INFO - [2023-11-04T13:40:45.693+0000] {dag.py:2941} INFO - Sync 1 DAGs
[2023-11-04T13:40:45.876+0000] {processor.py:179} INFO - Processing /opt/airflow/dags/script2.py took 1.089 seconds
[2023-11-04T13:41:16.382+0000] {processor.py:157} INFO - Started process (PID=308) to work on /opt/airflow/dags/script2.py
[2023-11-04T13:41:16.394+0000] {processor.py:829} INFO - Processing file /opt/airflow/dags/script2.py for tasks to queue
[2023-11-04T13:41:16.400+0000] {logging_mixin.py:151} INFO - [2023-11-04T13:41:16.399+0000] {dagbag.py:536} INFO - Filling up the DagBag from /opt/airflow/dags/script2.py
[2023-11-04T13:41:17.086+0000] {processor.py:839} INFO - DAG(s) dict_keys(['traffic_data']) retrieved from /opt/airflow/dags/script2.py
[2023-11-04T13:41:17.297+0000] {logging_mixin.py:151} INFO - [2023-11-04T13:41:17.296+0000] {dag.py:2941} INFO - Sync 1 DAGs
[2023-11-04T13:41:17.516+0000] {processor.py:179} INFO - Processing /opt/airflow/dags/script2.py took 1.146 seconds
[2023-11-04T13:41:47.863+0000] {processor.py:157} INFO - Started process (PID=318) to work on /opt/airflow/dags/script2.py
[2023-11-04T13:41:47.866+0000] {processor.py:829} INFO - Processing file /opt/airflow/dags/script2.py for tasks to queue
[2023-11-04T13:41:47.870+0000] {logging_mixin.py:151} INFO - [2023-11-04T13:41:47.868+0000] {dagbag.py:536} INFO - Filling up the DagBag from /opt/airflow/dags/script2.py
[2023-11-04T13:41:48.538+0000] {processor.py:839} INFO - DAG(s) dict_keys(['traffic_data']) retrieved from /opt/airflow/dags/script2.py
[2023-11-04T13:41:48.722+0000] {logging_mixin.py:151} INFO - [2023-11-04T13:41:48.720+0000] {dag.py:2941} INFO - Sync 1 DAGs
[2023-11-04T13:41:48.984+0000] {processor.py:179} INFO - Processing /opt/airflow/dags/script2.py took 1.128 seconds
[2023-11-04T13:42:19.477+0000] {processor.py:157} INFO - Started process (PID=327) to work on /opt/airflow/dags/script2.py
[2023-11-04T13:42:19.480+0000] {processor.py:829} INFO - Processing file /opt/airflow/dags/script2.py for tasks to queue
[2023-11-04T13:42:19.486+0000] {logging_mixin.py:151} INFO - [2023-11-04T13:42:19.485+0000] {dagbag.py:536} INFO - Filling up the DagBag from /opt/airflow/dags/script2.py
[2023-11-04T13:42:19.863+0000] {processor.py:839} INFO - DAG(s) dict_keys(['traffic_data']) retrieved from /opt/airflow/dags/script2.py
[2023-11-04T13:42:19.924+0000] {logging_mixin.py:151} INFO - [2023-11-04T13:42:19.923+0000] {dag.py:2941} INFO - Sync 1 DAGs
[2023-11-04T13:42:20.001+0000] {processor.py:179} INFO - Processing /opt/airflow/dags/script2.py took 0.533 seconds
[2023-11-04T13:42:50.507+0000] {processor.py:157} INFO - Started process (PID=338) to work on /opt/airflow/dags/script2.py
[2023-11-04T13:42:50.510+0000] {processor.py:829} INFO - Processing file /opt/airflow/dags/script2.py for tasks to queue
[2023-11-04T13:42:50.513+0000] {logging_mixin.py:151} INFO - [2023-11-04T13:42:50.512+0000] {dagbag.py:536} INFO - Filling up the DagBag from /opt/airflow/dags/script2.py
[2023-11-04T13:42:50.873+0000] {processor.py:839} INFO - DAG(s) dict_keys(['traffic_data']) retrieved from /opt/airflow/dags/script2.py
[2023-11-04T13:42:50.958+0000] {logging_mixin.py:151} INFO - [2023-11-04T13:42:50.957+0000] {dag.py:2941} INFO - Sync 1 DAGs
[2023-11-04T13:42:51.118+0000] {processor.py:179} INFO - Processing /opt/airflow/dags/script2.py took 0.616 seconds
[2023-11-04T13:43:21.185+0000] {processor.py:157} INFO - Started process (PID=346) to work on /opt/airflow/dags/script2.py
[2023-11-04T13:43:21.187+0000] {processor.py:829} INFO - Processing file /opt/airflow/dags/script2.py for tasks to queue
[2023-11-04T13:43:21.192+0000] {logging_mixin.py:151} INFO - [2023-11-04T13:43:21.190+0000] {dagbag.py:536} INFO - Filling up the DagBag from /opt/airflow/dags/script2.py
[2023-11-04T13:43:21.650+0000] {processor.py:839} INFO - DAG(s) dict_keys(['traffic_data']) retrieved from /opt/airflow/dags/script2.py
[2023-11-04T13:43:21.818+0000] {logging_mixin.py:151} INFO - [2023-11-04T13:43:21.818+0000] {dag.py:2941} INFO - Sync 1 DAGs
[2023-11-04T13:43:21.939+0000] {processor.py:179} INFO - Processing /opt/airflow/dags/script2.py took 0.763 seconds
[2023-11-04T13:43:52.857+0000] {processor.py:157} INFO - Started process (PID=355) to work on /opt/airflow/dags/script2.py
[2023-11-04T13:43:52.864+0000] {processor.py:829} INFO - Processing file /opt/airflow/dags/script2.py for tasks to queue
[2023-11-04T13:43:52.882+0000] {logging_mixin.py:151} INFO - [2023-11-04T13:43:52.880+0000] {dagbag.py:536} INFO - Filling up the DagBag from /opt/airflow/dags/script2.py
[2023-11-04T13:43:53.334+0000] {processor.py:839} INFO - DAG(s) dict_keys(['traffic_data']) retrieved from /opt/airflow/dags/script2.py
[2023-11-04T13:43:53.422+0000] {logging_mixin.py:151} INFO - [2023-11-04T13:43:53.421+0000] {dag.py:2941} INFO - Sync 1 DAGs
[2023-11-04T13:43:53.551+0000] {processor.py:179} INFO - Processing /opt/airflow/dags/script2.py took 0.717 seconds
[2023-11-04T13:44:23.637+0000] {processor.py:157} INFO - Started process (PID=364) to work on /opt/airflow/dags/script2.py
[2023-11-04T13:44:23.642+0000] {processor.py:829} INFO - Processing file /opt/airflow/dags/script2.py for tasks to queue
[2023-11-04T13:44:23.651+0000] {logging_mixin.py:151} INFO - [2023-11-04T13:44:23.648+0000] {dagbag.py:536} INFO - Filling up the DagBag from /opt/airflow/dags/script2.py
[2023-11-04T13:44:24.149+0000] {processor.py:839} INFO - DAG(s) dict_keys(['traffic_data']) retrieved from /opt/airflow/dags/script2.py
[2023-11-04T13:44:25.170+0000] {logging_mixin.py:151} INFO - [2023-11-04T13:44:25.170+0000] {dag.py:2941} INFO - Sync 1 DAGs
[2023-11-04T13:44:30.965+0000] {logging_mixin.py:151} INFO - [2023-11-04T13:44:30.964+0000] {dag.py:2963} INFO - Creating ORM DAG for traffic_data
[2023-11-04T13:44:31.015+0000] {logging_mixin.py:151} INFO - [2023-11-04T13:44:31.015+0000] {dag.py:3722} INFO - Setting next_dagrun for traffic_data to 2023-11-04T13:43:31.009825+00:00, run_after=2023-11-04T13:44:31.009825+00:00
[2023-11-04T13:44:31.071+0000] {processor.py:179} INFO - Processing /opt/airflow/dags/script2.py took 7.445 seconds
[2023-11-04T13:45:01.676+0000] {processor.py:157} INFO - Started process (PID=367) to work on /opt/airflow/dags/script2.py
[2023-11-04T13:45:01.692+0000] {processor.py:829} INFO - Processing file /opt/airflow/dags/script2.py for tasks to queue
[2023-11-04T13:45:01.768+0000] {logging_mixin.py:151} INFO - [2023-11-04T13:45:01.720+0000] {dagbag.py:536} INFO - Filling up the DagBag from /opt/airflow/dags/script2.py
[2023-11-04T13:45:04.986+0000] {processor.py:839} INFO - DAG(s) dict_keys(['traffic_data']) retrieved from /opt/airflow/dags/script2.py
[2023-11-04T13:45:12.225+0000] {logging_mixin.py:151} INFO - [2023-11-04T13:45:12.210+0000] {dag.py:2941} INFO - Sync 1 DAGs
[2023-11-04T13:45:13.047+0000] {logging_mixin.py:151} INFO - [2023-11-04T13:45:13.038+0000] {dag.py:3722} INFO - Setting next_dagrun for traffic_data to 2023-11-04T13:44:13.017411+00:00, run_after=2023-11-04T13:45:13.017411+00:00
[2023-11-04T13:45:13.218+0000] {processor.py:179} INFO - Processing /opt/airflow/dags/script2.py took 11.676 seconds
[2023-11-04T13:45:43.859+0000] {processor.py:157} INFO - Started process (PID=377) to work on /opt/airflow/dags/script2.py
[2023-11-04T13:45:43.865+0000] {processor.py:829} INFO - Processing file /opt/airflow/dags/script2.py for tasks to queue
[2023-11-04T13:45:43.928+0000] {logging_mixin.py:151} INFO - [2023-11-04T13:45:43.920+0000] {dagbag.py:536} INFO - Filling up the DagBag from /opt/airflow/dags/script2.py
[2023-11-04T13:45:45.338+0000] {processor.py:839} INFO - DAG(s) dict_keys(['traffic_data']) retrieved from /opt/airflow/dags/script2.py
[2023-11-04T13:45:45.720+0000] {logging_mixin.py:151} INFO - [2023-11-04T13:45:45.719+0000] {dag.py:2941} INFO - Sync 1 DAGs
[2023-11-04T13:45:45.888+0000] {logging_mixin.py:151} INFO - [2023-11-04T13:45:45.888+0000] {dag.py:3722} INFO - Setting next_dagrun for traffic_data to 2023-11-04T13:44:45.884232+00:00, run_after=2023-11-04T13:45:45.884232+00:00
[2023-11-04T13:45:46.032+0000] {processor.py:179} INFO - Processing /opt/airflow/dags/script2.py took 2.245 seconds
[2023-11-04T13:46:16.498+0000] {processor.py:157} INFO - Started process (PID=394) to work on /opt/airflow/dags/script2.py
[2023-11-04T13:46:16.501+0000] {processor.py:829} INFO - Processing file /opt/airflow/dags/script2.py for tasks to queue
[2023-11-04T13:46:16.505+0000] {logging_mixin.py:151} INFO - [2023-11-04T13:46:16.504+0000] {dagbag.py:536} INFO - Filling up the DagBag from /opt/airflow/dags/script2.py
[2023-11-04T13:46:17.089+0000] {processor.py:839} INFO - DAG(s) dict_keys(['traffic_data']) retrieved from /opt/airflow/dags/script2.py
[2023-11-04T13:46:17.216+0000] {logging_mixin.py:151} INFO - [2023-11-04T13:46:17.216+0000] {dag.py:2941} INFO - Sync 1 DAGs
[2023-11-04T13:46:17.273+0000] {logging_mixin.py:151} INFO - [2023-11-04T13:46:17.272+0000] {dag.py:3722} INFO - Setting next_dagrun for traffic_data to 2023-11-04T13:45:17.269525+00:00, run_after=2023-11-04T13:46:17.269525+00:00
[2023-11-04T13:46:17.319+0000] {processor.py:179} INFO - Processing /opt/airflow/dags/script2.py took 0.828 seconds
[2023-11-04T13:46:48.316+0000] {processor.py:157} INFO - Started process (PID=403) to work on /opt/airflow/dags/script2.py
[2023-11-04T13:46:48.333+0000] {processor.py:829} INFO - Processing file /opt/airflow/dags/script2.py for tasks to queue
[2023-11-04T13:46:48.339+0000] {logging_mixin.py:151} INFO - [2023-11-04T13:46:48.338+0000] {dagbag.py:536} INFO - Filling up the DagBag from /opt/airflow/dags/script2.py
[2023-11-04T13:46:48.848+0000] {processor.py:839} INFO - DAG(s) dict_keys(['traffic_data']) retrieved from /opt/airflow/dags/script2.py
[2023-11-04T13:46:48.908+0000] {logging_mixin.py:151} INFO - [2023-11-04T13:46:48.908+0000] {dag.py:2941} INFO - Sync 1 DAGs
[2023-11-04T13:46:48.961+0000] {logging_mixin.py:151} INFO - [2023-11-04T13:46:48.960+0000] {dag.py:3722} INFO - Setting next_dagrun for traffic_data to 2023-11-04T13:45:48.959464+00:00, run_after=2023-11-04T13:46:48.959464+00:00
[2023-11-04T13:46:49.012+0000] {processor.py:179} INFO - Processing /opt/airflow/dags/script2.py took 0.714 seconds
[2023-11-04T13:47:19.280+0000] {processor.py:157} INFO - Started process (PID=413) to work on /opt/airflow/dags/script2.py
[2023-11-04T13:47:19.288+0000] {processor.py:829} INFO - Processing file /opt/airflow/dags/script2.py for tasks to queue
[2023-11-04T13:47:19.299+0000] {logging_mixin.py:151} INFO - [2023-11-04T13:47:19.293+0000] {dagbag.py:536} INFO - Filling up the DagBag from /opt/airflow/dags/script2.py
[2023-11-04T13:47:19.640+0000] {processor.py:839} INFO - DAG(s) dict_keys(['traffic_data']) retrieved from /opt/airflow/dags/script2.py
[2023-11-04T13:47:19.717+0000] {logging_mixin.py:151} INFO - [2023-11-04T13:47:19.717+0000] {dag.py:2941} INFO - Sync 1 DAGs
[2023-11-04T13:47:19.756+0000] {logging_mixin.py:151} INFO - [2023-11-04T13:47:19.756+0000] {dag.py:3722} INFO - Setting next_dagrun for traffic_data to 2023-11-04T13:46:19.755698+00:00, run_after=2023-11-04T13:47:19.755698+00:00
[2023-11-04T13:47:19.798+0000] {processor.py:179} INFO - Processing /opt/airflow/dags/script2.py took 0.529 seconds
[2023-11-04T13:47:50.094+0000] {processor.py:157} INFO - Started process (PID=422) to work on /opt/airflow/dags/script2.py
[2023-11-04T13:47:50.099+0000] {processor.py:829} INFO - Processing file /opt/airflow/dags/script2.py for tasks to queue
[2023-11-04T13:47:50.110+0000] {logging_mixin.py:151} INFO - [2023-11-04T13:47:50.105+0000] {dagbag.py:536} INFO - Filling up the DagBag from /opt/airflow/dags/script2.py
[2023-11-04T13:47:50.903+0000] {processor.py:839} INFO - DAG(s) dict_keys(['traffic_data']) retrieved from /opt/airflow/dags/script2.py
[2023-11-04T13:47:51.431+0000] {logging_mixin.py:151} INFO - [2023-11-04T13:47:51.424+0000] {dag.py:2941} INFO - Sync 1 DAGs
[2023-11-04T13:47:51.500+0000] {logging_mixin.py:151} INFO - [2023-11-04T13:47:51.499+0000] {dag.py:3722} INFO - Setting next_dagrun for traffic_data to 2023-11-04T13:46:51.495875+00:00, run_after=2023-11-04T13:47:51.495875+00:00
[2023-11-04T13:47:51.575+0000] {processor.py:179} INFO - Processing /opt/airflow/dags/script2.py took 1.494 seconds
[2023-11-04T13:48:22.359+0000] {processor.py:157} INFO - Started process (PID=431) to work on /opt/airflow/dags/script2.py
[2023-11-04T13:48:22.362+0000] {processor.py:829} INFO - Processing file /opt/airflow/dags/script2.py for tasks to queue
[2023-11-04T13:48:22.367+0000] {logging_mixin.py:151} INFO - [2023-11-04T13:48:22.366+0000] {dagbag.py:536} INFO - Filling up the DagBag from /opt/airflow/dags/script2.py
[2023-11-04T13:48:22.770+0000] {processor.py:839} INFO - DAG(s) dict_keys(['traffic_data']) retrieved from /opt/airflow/dags/script2.py
[2023-11-04T13:48:22.875+0000] {logging_mixin.py:151} INFO - [2023-11-04T13:48:22.874+0000] {dag.py:2941} INFO - Sync 1 DAGs
[2023-11-04T13:48:22.947+0000] {logging_mixin.py:151} INFO - [2023-11-04T13:48:22.947+0000] {dag.py:3722} INFO - Setting next_dagrun for traffic_data to 2023-11-04T13:47:22.946249+00:00, run_after=2023-11-04T13:48:22.946249+00:00
[2023-11-04T13:48:23.041+0000] {processor.py:179} INFO - Processing /opt/airflow/dags/script2.py took 0.690 seconds
[2023-11-04T13:48:53.475+0000] {processor.py:157} INFO - Started process (PID=440) to work on /opt/airflow/dags/script2.py
[2023-11-04T13:48:53.480+0000] {processor.py:829} INFO - Processing file /opt/airflow/dags/script2.py for tasks to queue
[2023-11-04T13:48:53.485+0000] {logging_mixin.py:151} INFO - [2023-11-04T13:48:53.485+0000] {dagbag.py:536} INFO - Filling up the DagBag from /opt/airflow/dags/script2.py
[2023-11-04T13:48:53.880+0000] {processor.py:839} INFO - DAG(s) dict_keys(['traffic_data']) retrieved from /opt/airflow/dags/script2.py
[2023-11-04T13:48:53.959+0000] {logging_mixin.py:151} INFO - [2023-11-04T13:48:53.959+0000] {dag.py:2941} INFO - Sync 1 DAGs
[2023-11-04T13:48:54.015+0000] {logging_mixin.py:151} INFO - [2023-11-04T13:48:54.014+0000] {dag.py:3722} INFO - Setting next_dagrun for traffic_data to 2023-11-04T13:47:54.011691+00:00, run_after=2023-11-04T13:48:54.011691+00:00
[2023-11-04T13:48:54.072+0000] {processor.py:179} INFO - Processing /opt/airflow/dags/script2.py took 0.606 seconds
[2023-11-04T13:49:24.386+0000] {processor.py:157} INFO - Started process (PID=449) to work on /opt/airflow/dags/script2.py
[2023-11-04T13:49:24.390+0000] {processor.py:829} INFO - Processing file /opt/airflow/dags/script2.py for tasks to queue
[2023-11-04T13:49:24.395+0000] {logging_mixin.py:151} INFO - [2023-11-04T13:49:24.392+0000] {dagbag.py:536} INFO - Filling up the DagBag from /opt/airflow/dags/script2.py
[2023-11-04T13:49:24.808+0000] {processor.py:839} INFO - DAG(s) dict_keys(['traffic_data']) retrieved from /opt/airflow/dags/script2.py
[2023-11-04T13:49:24.916+0000] {logging_mixin.py:151} INFO - [2023-11-04T13:49:24.915+0000] {dag.py:2941} INFO - Sync 1 DAGs
[2023-11-04T13:49:24.970+0000] {logging_mixin.py:151} INFO - [2023-11-04T13:49:24.970+0000] {dag.py:3722} INFO - Setting next_dagrun for traffic_data to 2023-11-04T13:48:24.968406+00:00, run_after=2023-11-04T13:49:24.968406+00:00
[2023-11-04T13:49:25.018+0000] {processor.py:179} INFO - Processing /opt/airflow/dags/script2.py took 0.643 seconds
[2023-11-04T13:49:55.553+0000] {processor.py:157} INFO - Started process (PID=451) to work on /opt/airflow/dags/script2.py
[2023-11-04T13:49:55.560+0000] {processor.py:829} INFO - Processing file /opt/airflow/dags/script2.py for tasks to queue
[2023-11-04T13:49:55.591+0000] {logging_mixin.py:151} INFO - [2023-11-04T13:49:55.568+0000] {dagbag.py:536} INFO - Filling up the DagBag from /opt/airflow/dags/script2.py
[2023-11-04T13:49:56.230+0000] {processor.py:839} INFO - DAG(s) dict_keys(['traffic_data']) retrieved from /opt/airflow/dags/script2.py
[2023-11-04T13:49:56.710+0000] {logging_mixin.py:151} INFO - [2023-11-04T13:49:56.701+0000] {dag.py:2941} INFO - Sync 1 DAGs
[2023-11-04T13:49:56.818+0000] {logging_mixin.py:151} INFO - [2023-11-04T13:49:56.817+0000] {dag.py:3722} INFO - Setting next_dagrun for traffic_data to 2023-11-04T13:48:56.812004+00:00, run_after=2023-11-04T13:49:56.812004+00:00
[2023-11-04T13:49:56.911+0000] {processor.py:179} INFO - Processing /opt/airflow/dags/script2.py took 1.385 seconds
[2023-11-04T13:50:27.274+0000] {processor.py:157} INFO - Started process (PID=461) to work on /opt/airflow/dags/script2.py
[2023-11-04T13:50:27.278+0000] {processor.py:829} INFO - Processing file /opt/airflow/dags/script2.py for tasks to queue
[2023-11-04T13:50:27.288+0000] {logging_mixin.py:151} INFO - [2023-11-04T13:50:27.285+0000] {dagbag.py:536} INFO - Filling up the DagBag from /opt/airflow/dags/script2.py
[2023-11-04T13:50:27.725+0000] {processor.py:839} INFO - DAG(s) dict_keys(['traffic_data']) retrieved from /opt/airflow/dags/script2.py
[2023-11-04T13:50:27.798+0000] {logging_mixin.py:151} INFO - [2023-11-04T13:50:27.797+0000] {dag.py:2941} INFO - Sync 1 DAGs
[2023-11-04T13:50:27.848+0000] {logging_mixin.py:151} INFO - [2023-11-04T13:50:27.847+0000] {dag.py:3722} INFO - Setting next_dagrun for traffic_data to 2023-11-04T13:49:27.844618+00:00, run_after=2023-11-04T13:50:27.844618+00:00
[2023-11-04T13:50:27.896+0000] {processor.py:179} INFO - Processing /opt/airflow/dags/script2.py took 0.634 seconds
[2023-11-04T13:50:58.184+0000] {processor.py:157} INFO - Started process (PID=469) to work on /opt/airflow/dags/script2.py
[2023-11-04T13:50:58.188+0000] {processor.py:829} INFO - Processing file /opt/airflow/dags/script2.py for tasks to queue
[2023-11-04T13:50:58.196+0000] {logging_mixin.py:151} INFO - [2023-11-04T13:50:58.195+0000] {dagbag.py:536} INFO - Filling up the DagBag from /opt/airflow/dags/script2.py
[2023-11-04T13:50:58.651+0000] {processor.py:839} INFO - DAG(s) dict_keys(['traffic_data']) retrieved from /opt/airflow/dags/script2.py
[2023-11-04T13:50:58.721+0000] {logging_mixin.py:151} INFO - [2023-11-04T13:50:58.720+0000] {dag.py:2941} INFO - Sync 1 DAGs
[2023-11-04T13:50:58.825+0000] {logging_mixin.py:151} INFO - [2023-11-04T13:50:58.825+0000] {dag.py:3722} INFO - Setting next_dagrun for traffic_data to 2023-11-04T13:49:58.820744+00:00, run_after=2023-11-04T13:50:58.820744+00:00
[2023-11-04T13:50:58.880+0000] {processor.py:179} INFO - Processing /opt/airflow/dags/script2.py took 0.707 seconds
[2023-11-04T13:51:29.483+0000] {processor.py:157} INFO - Started process (PID=479) to work on /opt/airflow/dags/script2.py
[2023-11-04T13:51:29.499+0000] {processor.py:829} INFO - Processing file /opt/airflow/dags/script2.py for tasks to queue
[2023-11-04T13:51:29.514+0000] {logging_mixin.py:151} INFO - [2023-11-04T13:51:29.507+0000] {dagbag.py:536} INFO - Filling up the DagBag from /opt/airflow/dags/script2.py
[2023-11-04T13:51:29.927+0000] {processor.py:839} INFO - DAG(s) dict_keys(['traffic_data']) retrieved from /opt/airflow/dags/script2.py
[2023-11-04T13:51:30.001+0000] {logging_mixin.py:151} INFO - [2023-11-04T13:51:30.000+0000] {dag.py:2941} INFO - Sync 1 DAGs
[2023-11-04T13:51:30.084+0000] {logging_mixin.py:151} INFO - [2023-11-04T13:51:30.083+0000] {dag.py:3722} INFO - Setting next_dagrun for traffic_data to 2023-11-04T13:50:30.077780+00:00, run_after=2023-11-04T13:51:30.077780+00:00
[2023-11-04T13:51:30.139+0000] {processor.py:179} INFO - Processing /opt/airflow/dags/script2.py took 0.681 seconds
[2023-11-04T13:52:00.456+0000] {processor.py:157} INFO - Started process (PID=488) to work on /opt/airflow/dags/script2.py
[2023-11-04T13:52:00.457+0000] {processor.py:829} INFO - Processing file /opt/airflow/dags/script2.py for tasks to queue
[2023-11-04T13:52:00.461+0000] {logging_mixin.py:151} INFO - [2023-11-04T13:52:00.460+0000] {dagbag.py:536} INFO - Filling up the DagBag from /opt/airflow/dags/script2.py
[2023-11-04T13:52:00.839+0000] {processor.py:839} INFO - DAG(s) dict_keys(['traffic_data']) retrieved from /opt/airflow/dags/script2.py
[2023-11-04T13:52:00.937+0000] {logging_mixin.py:151} INFO - [2023-11-04T13:52:00.936+0000] {dag.py:2941} INFO - Sync 1 DAGs
[2023-11-04T13:52:01.054+0000] {logging_mixin.py:151} INFO - [2023-11-04T13:52:01.054+0000] {dag.py:3722} INFO - Setting next_dagrun for traffic_data to 2023-11-04T13:51:01.053218+00:00, run_after=2023-11-04T13:52:01.053218+00:00
[2023-11-04T13:52:01.116+0000] {processor.py:179} INFO - Processing /opt/airflow/dags/script2.py took 0.667 seconds
[2023-11-04T13:52:31.233+0000] {processor.py:157} INFO - Started process (PID=497) to work on /opt/airflow/dags/script2.py
[2023-11-04T13:52:31.242+0000] {processor.py:829} INFO - Processing file /opt/airflow/dags/script2.py for tasks to queue
[2023-11-04T13:52:31.261+0000] {logging_mixin.py:151} INFO - [2023-11-04T13:52:31.259+0000] {dagbag.py:536} INFO - Filling up the DagBag from /opt/airflow/dags/script2.py
[2023-11-04T13:52:31.937+0000] {processor.py:839} INFO - DAG(s) dict_keys(['traffic_data']) retrieved from /opt/airflow/dags/script2.py
[2023-11-04T13:52:32.105+0000] {logging_mixin.py:151} INFO - [2023-11-04T13:52:32.104+0000] {dag.py:2941} INFO - Sync 1 DAGs
[2023-11-04T13:52:32.255+0000] {logging_mixin.py:151} INFO - [2023-11-04T13:52:32.254+0000] {dag.py:3722} INFO - Setting next_dagrun for traffic_data to 2023-11-04T13:51:32.251502+00:00, run_after=2023-11-04T13:52:32.251502+00:00
[2023-11-04T13:52:32.300+0000] {processor.py:179} INFO - Processing /opt/airflow/dags/script2.py took 1.089 seconds
[2023-11-04T13:53:02.657+0000] {processor.py:157} INFO - Started process (PID=508) to work on /opt/airflow/dags/script2.py
[2023-11-04T13:53:02.664+0000] {processor.py:829} INFO - Processing file /opt/airflow/dags/script2.py for tasks to queue
[2023-11-04T13:53:02.676+0000] {logging_mixin.py:151} INFO - [2023-11-04T13:53:02.674+0000] {dagbag.py:536} INFO - Filling up the DagBag from /opt/airflow/dags/script2.py
[2023-11-04T13:53:03.261+0000] {processor.py:839} INFO - DAG(s) dict_keys(['traffic_data']) retrieved from /opt/airflow/dags/script2.py
[2023-11-04T13:53:03.349+0000] {logging_mixin.py:151} INFO - [2023-11-04T13:53:03.348+0000] {dag.py:2941} INFO - Sync 1 DAGs
[2023-11-04T13:53:03.405+0000] {logging_mixin.py:151} INFO - [2023-11-04T13:53:03.404+0000] {dag.py:3722} INFO - Setting next_dagrun for traffic_data to 2023-11-04T13:52:03.404181+00:00, run_after=2023-11-04T13:53:03.404181+00:00
[2023-11-04T13:53:03.462+0000] {processor.py:179} INFO - Processing /opt/airflow/dags/script2.py took 0.830 seconds
[2023-11-04T13:53:33.709+0000] {processor.py:157} INFO - Started process (PID=523) to work on /opt/airflow/dags/script2.py
[2023-11-04T13:53:33.712+0000] {processor.py:829} INFO - Processing file /opt/airflow/dags/script2.py for tasks to queue
[2023-11-04T13:53:33.720+0000] {logging_mixin.py:151} INFO - [2023-11-04T13:53:33.718+0000] {dagbag.py:536} INFO - Filling up the DagBag from /opt/airflow/dags/script2.py
[2023-11-04T13:53:34.341+0000] {processor.py:839} INFO - DAG(s) dict_keys(['traffic_data']) retrieved from /opt/airflow/dags/script2.py
[2023-11-04T13:53:34.415+0000] {logging_mixin.py:151} INFO - [2023-11-04T13:53:34.415+0000] {dag.py:2941} INFO - Sync 1 DAGs
[2023-11-04T13:53:34.467+0000] {logging_mixin.py:151} INFO - [2023-11-04T13:53:34.467+0000] {dag.py:3722} INFO - Setting next_dagrun for traffic_data to 2023-11-04T13:52:34.466691+00:00, run_after=2023-11-04T13:53:34.466691+00:00
[2023-11-04T13:53:34.516+0000] {processor.py:179} INFO - Processing /opt/airflow/dags/script2.py took 0.818 seconds
[2023-11-04T13:54:05.232+0000] {processor.py:157} INFO - Started process (PID=533) to work on /opt/airflow/dags/script2.py
[2023-11-04T13:54:05.235+0000] {processor.py:829} INFO - Processing file /opt/airflow/dags/script2.py for tasks to queue
[2023-11-04T13:54:05.241+0000] {logging_mixin.py:151} INFO - [2023-11-04T13:54:05.240+0000] {dagbag.py:536} INFO - Filling up the DagBag from /opt/airflow/dags/script2.py
[2023-11-04T13:54:05.565+0000] {processor.py:839} INFO - DAG(s) dict_keys(['traffic_data']) retrieved from /opt/airflow/dags/script2.py
[2023-11-04T13:54:05.638+0000] {logging_mixin.py:151} INFO - [2023-11-04T13:54:05.637+0000] {dag.py:2941} INFO - Sync 1 DAGs
[2023-11-04T13:54:05.716+0000] {logging_mixin.py:151} INFO - [2023-11-04T13:54:05.715+0000] {dag.py:3722} INFO - Setting next_dagrun for traffic_data to 2023-11-04T13:53:05.711107+00:00, run_after=2023-11-04T13:54:05.711107+00:00
[2023-11-04T13:54:05.775+0000] {processor.py:179} INFO - Processing /opt/airflow/dags/script2.py took 0.552 seconds
[2023-11-04T13:54:36.076+0000] {processor.py:157} INFO - Started process (PID=542) to work on /opt/airflow/dags/script2.py
[2023-11-04T13:54:36.079+0000] {processor.py:829} INFO - Processing file /opt/airflow/dags/script2.py for tasks to queue
[2023-11-04T13:54:36.085+0000] {logging_mixin.py:151} INFO - [2023-11-04T13:54:36.085+0000] {dagbag.py:536} INFO - Filling up the DagBag from /opt/airflow/dags/script2.py
[2023-11-04T13:54:36.413+0000] {processor.py:839} INFO - DAG(s) dict_keys(['traffic_data']) retrieved from /opt/airflow/dags/script2.py
[2023-11-04T13:54:36.477+0000] {logging_mixin.py:151} INFO - [2023-11-04T13:54:36.476+0000] {dag.py:2941} INFO - Sync 1 DAGs
[2023-11-04T13:54:36.534+0000] {logging_mixin.py:151} INFO - [2023-11-04T13:54:36.531+0000] {dag.py:3722} INFO - Setting next_dagrun for traffic_data to 2023-11-04T13:53:36.530792+00:00, run_after=2023-11-04T13:54:36.530792+00:00
[2023-11-04T13:54:36.589+0000] {processor.py:179} INFO - Processing /opt/airflow/dags/script2.py took 0.521 seconds
[2023-11-04T13:55:06.905+0000] {processor.py:157} INFO - Started process (PID=552) to work on /opt/airflow/dags/script2.py
[2023-11-04T13:55:06.908+0000] {processor.py:829} INFO - Processing file /opt/airflow/dags/script2.py for tasks to queue
[2023-11-04T13:55:06.912+0000] {logging_mixin.py:151} INFO - [2023-11-04T13:55:06.912+0000] {dagbag.py:536} INFO - Filling up the DagBag from /opt/airflow/dags/script2.py
[2023-11-04T13:55:07.213+0000] {processor.py:839} INFO - DAG(s) dict_keys(['traffic_data']) retrieved from /opt/airflow/dags/script2.py
[2023-11-04T13:55:07.277+0000] {logging_mixin.py:151} INFO - [2023-11-04T13:55:07.277+0000] {dag.py:2941} INFO - Sync 1 DAGs
[2023-11-04T13:55:07.337+0000] {logging_mixin.py:151} INFO - [2023-11-04T13:55:07.337+0000] {dag.py:3722} INFO - Setting next_dagrun for traffic_data to 2023-11-04T13:54:07.334399+00:00, run_after=2023-11-04T13:55:07.334399+00:00
[2023-11-04T13:55:07.386+0000] {processor.py:179} INFO - Processing /opt/airflow/dags/script2.py took 0.492 seconds
[2023-11-04T13:55:37.717+0000] {processor.py:157} INFO - Started process (PID=562) to work on /opt/airflow/dags/script2.py
[2023-11-04T13:55:37.719+0000] {processor.py:829} INFO - Processing file /opt/airflow/dags/script2.py for tasks to queue
[2023-11-04T13:55:37.724+0000] {logging_mixin.py:151} INFO - [2023-11-04T13:55:37.721+0000] {dagbag.py:536} INFO - Filling up the DagBag from /opt/airflow/dags/script2.py
[2023-11-04T13:55:38.056+0000] {processor.py:839} INFO - DAG(s) dict_keys(['traffic_data']) retrieved from /opt/airflow/dags/script2.py
[2023-11-04T13:55:38.179+0000] {logging_mixin.py:151} INFO - [2023-11-04T13:55:38.178+0000] {dag.py:2941} INFO - Sync 1 DAGs
[2023-11-04T13:55:38.226+0000] {logging_mixin.py:151} INFO - [2023-11-04T13:55:38.226+0000] {dag.py:3722} INFO - Setting next_dagrun for traffic_data to 2023-11-04T13:54:38.224932+00:00, run_after=2023-11-04T13:55:38.224932+00:00
[2023-11-04T13:55:38.285+0000] {processor.py:179} INFO - Processing /opt/airflow/dags/script2.py took 0.575 seconds
[2023-11-04T13:56:08.460+0000] {processor.py:157} INFO - Started process (PID=571) to work on /opt/airflow/dags/script2.py
[2023-11-04T13:56:08.466+0000] {processor.py:829} INFO - Processing file /opt/airflow/dags/script2.py for tasks to queue
[2023-11-04T13:56:08.484+0000] {logging_mixin.py:151} INFO - [2023-11-04T13:56:08.483+0000] {dagbag.py:536} INFO - Filling up the DagBag from /opt/airflow/dags/script2.py
[2023-11-04T13:56:10.099+0000] {processor.py:839} INFO - DAG(s) dict_keys(['traffic_data']) retrieved from /opt/airflow/dags/script2.py
[2023-11-04T13:56:10.360+0000] {logging_mixin.py:151} INFO - [2023-11-04T13:56:10.360+0000] {dag.py:2941} INFO - Sync 1 DAGs
[2023-11-04T13:56:10.540+0000] {logging_mixin.py:151} INFO - [2023-11-04T13:56:10.538+0000] {dag.py:3722} INFO - Setting next_dagrun for traffic_data to 2023-11-04T13:55:10.503940+00:00, run_after=2023-11-04T13:56:10.503940+00:00
[2023-11-04T13:56:10.753+0000] {processor.py:179} INFO - Processing /opt/airflow/dags/script2.py took 2.318 seconds
[2023-11-04T13:56:40.960+0000] {processor.py:157} INFO - Started process (PID=580) to work on /opt/airflow/dags/script2.py
[2023-11-04T13:56:40.963+0000] {processor.py:829} INFO - Processing file /opt/airflow/dags/script2.py for tasks to queue
[2023-11-04T13:56:40.972+0000] {logging_mixin.py:151} INFO - [2023-11-04T13:56:40.969+0000] {dagbag.py:536} INFO - Filling up the DagBag from /opt/airflow/dags/script2.py
[2023-11-04T13:56:41.376+0000] {processor.py:839} INFO - DAG(s) dict_keys(['traffic_data']) retrieved from /opt/airflow/dags/script2.py
[2023-11-04T13:56:41.454+0000] {logging_mixin.py:151} INFO - [2023-11-04T13:56:41.453+0000] {dag.py:2941} INFO - Sync 1 DAGs
[2023-11-04T13:56:41.504+0000] {logging_mixin.py:151} INFO - [2023-11-04T13:56:41.504+0000] {dag.py:3722} INFO - Setting next_dagrun for traffic_data to 2023-11-04T13:55:41.501199+00:00, run_after=2023-11-04T13:56:41.501199+00:00
[2023-11-04T13:56:41.551+0000] {processor.py:179} INFO - Processing /opt/airflow/dags/script2.py took 0.603 seconds
[2023-11-04T13:57:11.873+0000] {processor.py:157} INFO - Started process (PID=589) to work on /opt/airflow/dags/script2.py
[2023-11-04T13:57:11.878+0000] {processor.py:829} INFO - Processing file /opt/airflow/dags/script2.py for tasks to queue
[2023-11-04T13:57:11.883+0000] {logging_mixin.py:151} INFO - [2023-11-04T13:57:11.882+0000] {dagbag.py:536} INFO - Filling up the DagBag from /opt/airflow/dags/script2.py
[2023-11-04T13:57:12.234+0000] {processor.py:839} INFO - DAG(s) dict_keys(['traffic_data']) retrieved from /opt/airflow/dags/script2.py
[2023-11-04T13:57:12.442+0000] {logging_mixin.py:151} INFO - [2023-11-04T13:57:12.442+0000] {dag.py:2941} INFO - Sync 1 DAGs
[2023-11-04T13:57:12.492+0000] {logging_mixin.py:151} INFO - [2023-11-04T13:57:12.491+0000] {dag.py:3722} INFO - Setting next_dagrun for traffic_data to 2023-11-04T13:56:12.488702+00:00, run_after=2023-11-04T13:57:12.488702+00:00
[2023-11-04T13:57:12.541+0000] {processor.py:179} INFO - Processing /opt/airflow/dags/script2.py took 0.679 seconds
[2023-11-04T13:57:42.850+0000] {processor.py:157} INFO - Started process (PID=598) to work on /opt/airflow/dags/script2.py
[2023-11-04T13:57:42.854+0000] {processor.py:829} INFO - Processing file /opt/airflow/dags/script2.py for tasks to queue
[2023-11-04T13:57:42.857+0000] {logging_mixin.py:151} INFO - [2023-11-04T13:57:42.857+0000] {dagbag.py:536} INFO - Filling up the DagBag from /opt/airflow/dags/script2.py
[2023-11-04T13:57:43.223+0000] {processor.py:839} INFO - DAG(s) dict_keys(['traffic_data']) retrieved from /opt/airflow/dags/script2.py
[2023-11-04T13:57:43.304+0000] {logging_mixin.py:151} INFO - [2023-11-04T13:57:43.303+0000] {dag.py:2941} INFO - Sync 1 DAGs
[2023-11-04T13:57:43.367+0000] {logging_mixin.py:151} INFO - [2023-11-04T13:57:43.367+0000] {dag.py:3722} INFO - Setting next_dagrun for traffic_data to 2023-11-04T13:56:43.364515+00:00, run_after=2023-11-04T13:57:43.364515+00:00
[2023-11-04T13:57:43.420+0000] {processor.py:179} INFO - Processing /opt/airflow/dags/script2.py took 0.576 seconds
[2023-11-04T13:58:13.734+0000] {processor.py:157} INFO - Started process (PID=607) to work on /opt/airflow/dags/script2.py
[2023-11-04T13:58:13.736+0000] {processor.py:829} INFO - Processing file /opt/airflow/dags/script2.py for tasks to queue
[2023-11-04T13:58:13.742+0000] {logging_mixin.py:151} INFO - [2023-11-04T13:58:13.741+0000] {dagbag.py:536} INFO - Filling up the DagBag from /opt/airflow/dags/script2.py
[2023-11-04T13:58:14.098+0000] {processor.py:839} INFO - DAG(s) dict_keys(['traffic_data']) retrieved from /opt/airflow/dags/script2.py
[2023-11-04T13:58:14.186+0000] {logging_mixin.py:151} INFO - [2023-11-04T13:58:14.186+0000] {dag.py:2941} INFO - Sync 1 DAGs
[2023-11-04T13:58:14.237+0000] {logging_mixin.py:151} INFO - [2023-11-04T13:58:14.237+0000] {dag.py:3722} INFO - Setting next_dagrun for traffic_data to 2023-11-04T13:57:14.235096+00:00, run_after=2023-11-04T13:58:14.235096+00:00
[2023-11-04T13:58:14.281+0000] {processor.py:179} INFO - Processing /opt/airflow/dags/script2.py took 0.559 seconds
[2023-11-04T13:58:44.592+0000] {processor.py:157} INFO - Started process (PID=616) to work on /opt/airflow/dags/script2.py
[2023-11-04T13:58:44.595+0000] {processor.py:829} INFO - Processing file /opt/airflow/dags/script2.py for tasks to queue
[2023-11-04T13:58:44.599+0000] {logging_mixin.py:151} INFO - [2023-11-04T13:58:44.598+0000] {dagbag.py:536} INFO - Filling up the DagBag from /opt/airflow/dags/script2.py
[2023-11-04T13:58:45.024+0000] {processor.py:839} INFO - DAG(s) dict_keys(['traffic_data']) retrieved from /opt/airflow/dags/script2.py
[2023-11-04T13:58:45.223+0000] {logging_mixin.py:151} INFO - [2023-11-04T13:58:45.222+0000] {dag.py:2941} INFO - Sync 1 DAGs
[2023-11-04T13:58:45.270+0000] {logging_mixin.py:151} INFO - [2023-11-04T13:58:45.270+0000] {dag.py:3722} INFO - Setting next_dagrun for traffic_data to 2023-11-04T13:57:45.268982+00:00, run_after=2023-11-04T13:58:45.268982+00:00
[2023-11-04T13:58:45.315+0000] {processor.py:179} INFO - Processing /opt/airflow/dags/script2.py took 0.729 seconds
[2023-11-04T13:59:15.448+0000] {processor.py:157} INFO - Started process (PID=625) to work on /opt/airflow/dags/script2.py
[2023-11-04T13:59:15.452+0000] {processor.py:829} INFO - Processing file /opt/airflow/dags/script2.py for tasks to queue
[2023-11-04T13:59:15.463+0000] {logging_mixin.py:151} INFO - [2023-11-04T13:59:15.460+0000] {dagbag.py:536} INFO - Filling up the DagBag from /opt/airflow/dags/script2.py
[2023-11-04T13:59:15.886+0000] {processor.py:839} INFO - DAG(s) dict_keys(['traffic_data']) retrieved from /opt/airflow/dags/script2.py
[2023-11-04T13:59:15.970+0000] {logging_mixin.py:151} INFO - [2023-11-04T13:59:15.969+0000] {dag.py:2941} INFO - Sync 1 DAGs
[2023-11-04T13:59:16.038+0000] {logging_mixin.py:151} INFO - [2023-11-04T13:59:16.037+0000] {dag.py:3722} INFO - Setting next_dagrun for traffic_data to 2023-11-04T13:58:16.036895+00:00, run_after=2023-11-04T13:59:16.036895+00:00
[2023-11-04T13:59:16.086+0000] {processor.py:179} INFO - Processing /opt/airflow/dags/script2.py took 0.647 seconds
[2023-11-04T13:59:46.356+0000] {processor.py:157} INFO - Started process (PID=634) to work on /opt/airflow/dags/script2.py
[2023-11-04T13:59:46.362+0000] {processor.py:829} INFO - Processing file /opt/airflow/dags/script2.py for tasks to queue
[2023-11-04T13:59:46.366+0000] {logging_mixin.py:151} INFO - [2023-11-04T13:59:46.366+0000] {dagbag.py:536} INFO - Filling up the DagBag from /opt/airflow/dags/script2.py
[2023-11-04T13:59:46.763+0000] {processor.py:839} INFO - DAG(s) dict_keys(['traffic_data']) retrieved from /opt/airflow/dags/script2.py
[2023-11-04T13:59:46.861+0000] {logging_mixin.py:151} INFO - [2023-11-04T13:59:46.860+0000] {dag.py:2941} INFO - Sync 1 DAGs
[2023-11-04T13:59:46.923+0000] {logging_mixin.py:151} INFO - [2023-11-04T13:59:46.923+0000] {dag.py:3722} INFO - Setting next_dagrun for traffic_data to 2023-11-04T13:58:46.919157+00:00, run_after=2023-11-04T13:59:46.919157+00:00
[2023-11-04T13:59:46.976+0000] {processor.py:179} INFO - Processing /opt/airflow/dags/script2.py took 0.627 seconds
[2023-11-04T14:00:17.239+0000] {processor.py:157} INFO - Started process (PID=643) to work on /opt/airflow/dags/script2.py
[2023-11-04T14:00:17.243+0000] {processor.py:829} INFO - Processing file /opt/airflow/dags/script2.py for tasks to queue
[2023-11-04T14:00:17.254+0000] {logging_mixin.py:151} INFO - [2023-11-04T14:00:17.250+0000] {dagbag.py:536} INFO - Filling up the DagBag from /opt/airflow/dags/script2.py
[2023-11-04T14:00:17.593+0000] {processor.py:839} INFO - DAG(s) dict_keys(['traffic_data']) retrieved from /opt/airflow/dags/script2.py
[2023-11-04T14:00:17.736+0000] {logging_mixin.py:151} INFO - [2023-11-04T14:00:17.735+0000] {dag.py:2941} INFO - Sync 1 DAGs
[2023-11-04T14:00:17.796+0000] {logging_mixin.py:151} INFO - [2023-11-04T14:00:17.795+0000] {dag.py:3722} INFO - Setting next_dagrun for traffic_data to 2023-11-04T13:59:17.793108+00:00, run_after=2023-11-04T14:00:17.793108+00:00
[2023-11-04T14:00:17.850+0000] {processor.py:179} INFO - Processing /opt/airflow/dags/script2.py took 0.632 seconds
[2023-11-04T14:00:48.021+0000] {processor.py:157} INFO - Started process (PID=652) to work on /opt/airflow/dags/script2.py
[2023-11-04T14:00:48.024+0000] {processor.py:829} INFO - Processing file /opt/airflow/dags/script2.py for tasks to queue
[2023-11-04T14:00:48.027+0000] {logging_mixin.py:151} INFO - [2023-11-04T14:00:48.026+0000] {dagbag.py:536} INFO - Filling up the DagBag from /opt/airflow/dags/script2.py
[2023-11-04T14:00:48.465+0000] {processor.py:839} INFO - DAG(s) dict_keys(['traffic_data']) retrieved from /opt/airflow/dags/script2.py
[2023-11-04T14:00:48.553+0000] {logging_mixin.py:151} INFO - [2023-11-04T14:00:48.553+0000] {dag.py:2941} INFO - Sync 1 DAGs
[2023-11-04T14:00:48.616+0000] {logging_mixin.py:151} INFO - [2023-11-04T14:00:48.615+0000] {dag.py:3722} INFO - Setting next_dagrun for traffic_data to 2023-11-04T13:59:48.613617+00:00, run_after=2023-11-04T14:00:48.613617+00:00
[2023-11-04T14:00:48.662+0000] {processor.py:179} INFO - Processing /opt/airflow/dags/script2.py took 0.658 seconds
[2023-11-04T14:01:19.498+0000] {processor.py:157} INFO - Started process (PID=662) to work on /opt/airflow/dags/script2.py
[2023-11-04T14:01:19.500+0000] {processor.py:829} INFO - Processing file /opt/airflow/dags/script2.py for tasks to queue
[2023-11-04T14:01:19.503+0000] {logging_mixin.py:151} INFO - [2023-11-04T14:01:19.502+0000] {dagbag.py:536} INFO - Filling up the DagBag from /opt/airflow/dags/script2.py
[2023-11-04T14:01:19.906+0000] {processor.py:839} INFO - DAG(s) dict_keys(['traffic_data']) retrieved from /opt/airflow/dags/script2.py
[2023-11-04T14:01:20.105+0000] {logging_mixin.py:151} INFO - [2023-11-04T14:01:20.104+0000] {dag.py:2941} INFO - Sync 1 DAGs
[2023-11-04T14:01:20.180+0000] {logging_mixin.py:151} INFO - [2023-11-04T14:01:20.179+0000] {dag.py:3722} INFO - Setting next_dagrun for traffic_data to 2023-11-04T14:00:20.176532+00:00, run_after=2023-11-04T14:01:20.176532+00:00
[2023-11-04T14:01:20.249+0000] {processor.py:179} INFO - Processing /opt/airflow/dags/script2.py took 0.758 seconds
[2023-11-04T14:01:50.575+0000] {processor.py:157} INFO - Started process (PID=675) to work on /opt/airflow/dags/script2.py
[2023-11-04T14:01:50.578+0000] {processor.py:829} INFO - Processing file /opt/airflow/dags/script2.py for tasks to queue
[2023-11-04T14:01:50.580+0000] {logging_mixin.py:151} INFO - [2023-11-04T14:01:50.579+0000] {dagbag.py:536} INFO - Filling up the DagBag from /opt/airflow/dags/script2.py
[2023-11-04T14:01:50.821+0000] {processor.py:839} INFO - DAG(s) dict_keys(['traffic_data']) retrieved from /opt/airflow/dags/script2.py
[2023-11-04T14:01:50.891+0000] {logging_mixin.py:151} INFO - [2023-11-04T14:01:50.891+0000] {dag.py:2941} INFO - Sync 1 DAGs
[2023-11-04T14:01:50.948+0000] {logging_mixin.py:151} INFO - [2023-11-04T14:01:50.947+0000] {dag.py:3722} INFO - Setting next_dagrun for traffic_data to 2023-11-04T14:00:50.947317+00:00, run_after=2023-11-04T14:01:50.947317+00:00
[2023-11-04T14:01:59.114+0000] {processor.py:179} INFO - Processing /opt/airflow/dags/script2.py took 8.542 seconds
[2023-11-04T14:02:29.664+0000] {processor.py:157} INFO - Started process (PID=685) to work on /opt/airflow/dags/script2.py
[2023-11-04T14:02:29.668+0000] {processor.py:829} INFO - Processing file /opt/airflow/dags/script2.py for tasks to queue
[2023-11-04T14:02:29.674+0000] {logging_mixin.py:151} INFO - [2023-11-04T14:02:29.669+0000] {dagbag.py:536} INFO - Filling up the DagBag from /opt/airflow/dags/script2.py
[2023-11-04T14:02:30.043+0000] {processor.py:839} INFO - DAG(s) dict_keys(['traffic_data']) retrieved from /opt/airflow/dags/script2.py
[2023-11-04T14:02:30.249+0000] {logging_mixin.py:151} INFO - [2023-11-04T14:02:30.249+0000] {dag.py:2941} INFO - Sync 1 DAGs
[2023-11-04T14:02:30.658+0000] {logging_mixin.py:151} INFO - [2023-11-04T14:02:30.657+0000] {dag.py:3722} INFO - Setting next_dagrun for traffic_data to 2023-11-04T14:01:30.654534+00:00, run_after=2023-11-04T14:02:30.654534+00:00
[2023-11-04T14:02:30.715+0000] {processor.py:179} INFO - Processing /opt/airflow/dags/script2.py took 1.064 seconds
[2023-11-04T14:03:01.275+0000] {processor.py:157} INFO - Started process (PID=695) to work on /opt/airflow/dags/script2.py
[2023-11-04T14:03:01.278+0000] {processor.py:829} INFO - Processing file /opt/airflow/dags/script2.py for tasks to queue
[2023-11-04T14:03:01.284+0000] {logging_mixin.py:151} INFO - [2023-11-04T14:03:01.279+0000] {dagbag.py:536} INFO - Filling up the DagBag from /opt/airflow/dags/script2.py
[2023-11-04T14:03:01.645+0000] {processor.py:839} INFO - DAG(s) dict_keys(['traffic_data']) retrieved from /opt/airflow/dags/script2.py
[2023-11-04T14:03:02.096+0000] {logging_mixin.py:151} INFO - [2023-11-04T14:03:02.095+0000] {dag.py:2941} INFO - Sync 1 DAGs
[2023-11-04T14:03:02.146+0000] {logging_mixin.py:151} INFO - [2023-11-04T14:03:02.145+0000] {dag.py:3722} INFO - Setting next_dagrun for traffic_data to 2023-11-04T14:02:02.141038+00:00, run_after=2023-11-04T14:03:02.141038+00:00
[2023-11-04T14:03:02.191+0000] {processor.py:179} INFO - Processing /opt/airflow/dags/script2.py took 0.929 seconds
[2023-11-04T14:03:32.393+0000] {processor.py:157} INFO - Started process (PID=704) to work on /opt/airflow/dags/script2.py
[2023-11-04T14:03:32.396+0000] {processor.py:829} INFO - Processing file /opt/airflow/dags/script2.py for tasks to queue
[2023-11-04T14:03:32.401+0000] {logging_mixin.py:151} INFO - [2023-11-04T14:03:32.397+0000] {dagbag.py:536} INFO - Filling up the DagBag from /opt/airflow/dags/script2.py
[2023-11-04T14:03:44.398+0000] {processor.py:839} INFO - DAG(s) dict_keys(['traffic_data']) retrieved from /opt/airflow/dags/script2.py
[2023-11-04T14:03:47.916+0000] {logging_mixin.py:151} INFO - [2023-11-04T14:03:47.915+0000] {dag.py:2941} INFO - Sync 1 DAGs
[2023-11-04T14:03:48.109+0000] {logging_mixin.py:151} INFO - [2023-11-04T14:03:48.103+0000] {dag.py:3722} INFO - Setting next_dagrun for traffic_data to 2023-11-04T14:02:48.098628+00:00, run_after=2023-11-04T14:03:48.098628+00:00
[2023-11-04T14:03:48.201+0000] {processor.py:179} INFO - Processing /opt/airflow/dags/script2.py took 15.396 seconds
[2023-11-04T14:04:19.068+0000] {processor.py:157} INFO - Started process (PID=714) to work on /opt/airflow/dags/script2.py
[2023-11-04T14:04:19.073+0000] {processor.py:829} INFO - Processing file /opt/airflow/dags/script2.py for tasks to queue
[2023-11-04T14:04:19.077+0000] {logging_mixin.py:151} INFO - [2023-11-04T14:04:19.076+0000] {dagbag.py:536} INFO - Filling up the DagBag from /opt/airflow/dags/script2.py
[2023-11-04T14:04:19.761+0000] {processor.py:839} INFO - DAG(s) dict_keys(['traffic_data']) retrieved from /opt/airflow/dags/script2.py
[2023-11-04T14:04:20.047+0000] {logging_mixin.py:151} INFO - [2023-11-04T14:04:20.046+0000] {dag.py:2941} INFO - Sync 1 DAGs
[2023-11-04T14:04:20.318+0000] {logging_mixin.py:151} INFO - [2023-11-04T14:04:20.317+0000] {dag.py:3722} INFO - Setting next_dagrun for traffic_data to 2023-11-04T14:03:20.311707+00:00, run_after=2023-11-04T14:04:20.311707+00:00
[2023-11-04T14:04:20.431+0000] {processor.py:179} INFO - Processing /opt/airflow/dags/script2.py took 1.406 seconds
[2023-11-04T14:04:50.856+0000] {processor.py:157} INFO - Started process (PID=723) to work on /opt/airflow/dags/script2.py
[2023-11-04T14:04:50.860+0000] {processor.py:829} INFO - Processing file /opt/airflow/dags/script2.py for tasks to queue
[2023-11-04T14:04:50.862+0000] {logging_mixin.py:151} INFO - [2023-11-04T14:04:50.861+0000] {dagbag.py:536} INFO - Filling up the DagBag from /opt/airflow/dags/script2.py
[2023-11-04T14:04:51.720+0000] {processor.py:839} INFO - DAG(s) dict_keys(['traffic_data']) retrieved from /opt/airflow/dags/script2.py
[2023-11-04T14:04:51.903+0000] {logging_mixin.py:151} INFO - [2023-11-04T14:04:51.902+0000] {dag.py:2941} INFO - Sync 1 DAGs
[2023-11-04T14:04:51.985+0000] {logging_mixin.py:151} INFO - [2023-11-04T14:04:51.984+0000] {dag.py:3722} INFO - Setting next_dagrun for traffic_data to 2023-11-04T14:03:51.982003+00:00, run_after=2023-11-04T14:04:51.982003+00:00
[2023-11-04T14:04:54.530+0000] {processor.py:179} INFO - Processing /opt/airflow/dags/script2.py took 3.694 seconds
[2023-11-04T14:05:25.230+0000] {processor.py:157} INFO - Started process (PID=739) to work on /opt/airflow/dags/script2.py
[2023-11-04T14:05:25.233+0000] {processor.py:829} INFO - Processing file /opt/airflow/dags/script2.py for tasks to queue
[2023-11-04T14:05:25.235+0000] {logging_mixin.py:151} INFO - [2023-11-04T14:05:25.235+0000] {dagbag.py:536} INFO - Filling up the DagBag from /opt/airflow/dags/script2.py
[2023-11-04T14:05:25.687+0000] {processor.py:839} INFO - DAG(s) dict_keys(['traffic_data']) retrieved from /opt/airflow/dags/script2.py
[2023-11-04T14:05:25.856+0000] {logging_mixin.py:151} INFO - [2023-11-04T14:05:25.855+0000] {dag.py:2941} INFO - Sync 1 DAGs
[2023-11-04T14:05:26.248+0000] {logging_mixin.py:151} INFO - [2023-11-04T14:05:26.247+0000] {dag.py:3722} INFO - Setting next_dagrun for traffic_data to 2023-11-04T14:04:26.246398+00:00, run_after=2023-11-04T14:05:26.246398+00:00
[2023-11-04T14:05:26.297+0000] {processor.py:179} INFO - Processing /opt/airflow/dags/script2.py took 1.099 seconds
[2023-11-04T14:05:56.680+0000] {processor.py:157} INFO - Started process (PID=749) to work on /opt/airflow/dags/script2.py
[2023-11-04T14:05:56.684+0000] {processor.py:829} INFO - Processing file /opt/airflow/dags/script2.py for tasks to queue
[2023-11-04T14:05:56.688+0000] {logging_mixin.py:151} INFO - [2023-11-04T14:05:56.686+0000] {dagbag.py:536} INFO - Filling up the DagBag from /opt/airflow/dags/script2.py
[2023-11-04T14:05:57.107+0000] {processor.py:839} INFO - DAG(s) dict_keys(['traffic_data']) retrieved from /opt/airflow/dags/script2.py
[2023-11-04T14:05:57.636+0000] {logging_mixin.py:151} INFO - [2023-11-04T14:05:57.635+0000] {dag.py:2941} INFO - Sync 1 DAGs
[2023-11-04T14:05:57.710+0000] {logging_mixin.py:151} INFO - [2023-11-04T14:05:57.710+0000] {dag.py:3722} INFO - Setting next_dagrun for traffic_data to 2023-11-04T14:04:57.708421+00:00, run_after=2023-11-04T14:05:57.708421+00:00
[2023-11-04T14:05:57.768+0000] {processor.py:179} INFO - Processing /opt/airflow/dags/script2.py took 1.100 seconds
[2023-11-04T14:06:28.272+0000] {processor.py:157} INFO - Started process (PID=759) to work on /opt/airflow/dags/script2.py
[2023-11-04T14:06:28.276+0000] {processor.py:829} INFO - Processing file /opt/airflow/dags/script2.py for tasks to queue
[2023-11-04T14:06:28.278+0000] {logging_mixin.py:151} INFO - [2023-11-04T14:06:28.277+0000] {dagbag.py:536} INFO - Filling up the DagBag from /opt/airflow/dags/script2.py
[2023-11-04T14:06:28.954+0000] {processor.py:839} INFO - DAG(s) dict_keys(['traffic_data']) retrieved from /opt/airflow/dags/script2.py
[2023-11-04T14:06:29.073+0000] {logging_mixin.py:151} INFO - [2023-11-04T14:06:29.073+0000] {dag.py:2941} INFO - Sync 1 DAGs
[2023-11-04T14:06:29.134+0000] {logging_mixin.py:151} INFO - [2023-11-04T14:06:29.134+0000] {dag.py:3722} INFO - Setting next_dagrun for traffic_data to 2023-11-04T14:05:29.132283+00:00, run_after=2023-11-04T14:06:29.132283+00:00
[2023-11-04T14:06:29.191+0000] {processor.py:179} INFO - Processing /opt/airflow/dags/script2.py took 0.930 seconds
[2023-11-04T14:06:59.609+0000] {processor.py:157} INFO - Started process (PID=768) to work on /opt/airflow/dags/script2.py
[2023-11-04T14:06:59.611+0000] {processor.py:829} INFO - Processing file /opt/airflow/dags/script2.py for tasks to queue
[2023-11-04T14:06:59.613+0000] {logging_mixin.py:151} INFO - [2023-11-04T14:06:59.612+0000] {dagbag.py:536} INFO - Filling up the DagBag from /opt/airflow/dags/script2.py
[2023-11-04T14:06:59.991+0000] {processor.py:839} INFO - DAG(s) dict_keys(['traffic_data']) retrieved from /opt/airflow/dags/script2.py
[2023-11-04T14:07:00.070+0000] {logging_mixin.py:151} INFO - [2023-11-04T14:07:00.069+0000] {dag.py:2941} INFO - Sync 1 DAGs
[2023-11-04T14:07:00.130+0000] {logging_mixin.py:151} INFO - [2023-11-04T14:07:00.129+0000] {dag.py:3722} INFO - Setting next_dagrun for traffic_data to 2023-11-04T14:06:00.126079+00:00, run_after=2023-11-04T14:07:00.126079+00:00
[2023-11-04T14:07:00.562+0000] {processor.py:179} INFO - Processing /opt/airflow/dags/script2.py took 0.958 seconds
[2023-11-04T14:07:31.093+0000] {processor.py:157} INFO - Started process (PID=778) to work on /opt/airflow/dags/script2.py
[2023-11-04T14:07:31.095+0000] {processor.py:829} INFO - Processing file /opt/airflow/dags/script2.py for tasks to queue
[2023-11-04T14:07:31.096+0000] {logging_mixin.py:151} INFO - [2023-11-04T14:07:31.095+0000] {dagbag.py:536} INFO - Filling up the DagBag from /opt/airflow/dags/script2.py
[2023-11-04T14:07:31.556+0000] {processor.py:839} INFO - DAG(s) dict_keys(['traffic_data']) retrieved from /opt/airflow/dags/script2.py
[2023-11-04T14:07:31.698+0000] {logging_mixin.py:151} INFO - [2023-11-04T14:07:31.697+0000] {dag.py:2941} INFO - Sync 1 DAGs
[2023-11-04T14:07:32.856+0000] {logging_mixin.py:151} INFO - [2023-11-04T14:07:32.856+0000] {dag.py:3722} INFO - Setting next_dagrun for traffic_data to 2023-11-04T14:06:32.854773+00:00, run_after=2023-11-04T14:07:32.854773+00:00
[2023-11-04T14:07:32.895+0000] {processor.py:179} INFO - Processing /opt/airflow/dags/script2.py took 1.808 seconds
[2023-11-04T14:08:03.689+0000] {processor.py:157} INFO - Started process (PID=787) to work on /opt/airflow/dags/script2.py
[2023-11-04T14:08:03.693+0000] {processor.py:829} INFO - Processing file /opt/airflow/dags/script2.py for tasks to queue
[2023-11-04T14:08:03.696+0000] {logging_mixin.py:151} INFO - [2023-11-04T14:08:03.695+0000] {dagbag.py:536} INFO - Filling up the DagBag from /opt/airflow/dags/script2.py
[2023-11-04T14:08:04.106+0000] {processor.py:839} INFO - DAG(s) dict_keys(['traffic_data']) retrieved from /opt/airflow/dags/script2.py
[2023-11-04T14:08:04.202+0000] {logging_mixin.py:151} INFO - [2023-11-04T14:08:04.201+0000] {dag.py:2941} INFO - Sync 1 DAGs
[2023-11-04T14:08:04.590+0000] {logging_mixin.py:151} INFO - [2023-11-04T14:08:04.589+0000] {dag.py:3722} INFO - Setting next_dagrun for traffic_data to 2023-11-04T14:07:04.585802+00:00, run_after=2023-11-04T14:08:04.585802+00:00
[2023-11-04T14:08:04.638+0000] {processor.py:179} INFO - Processing /opt/airflow/dags/script2.py took 0.956 seconds
[2023-11-04T14:08:35.120+0000] {processor.py:157} INFO - Started process (PID=796) to work on /opt/airflow/dags/script2.py
[2023-11-04T14:08:35.124+0000] {processor.py:829} INFO - Processing file /opt/airflow/dags/script2.py for tasks to queue
[2023-11-04T14:08:35.126+0000] {logging_mixin.py:151} INFO - [2023-11-04T14:08:35.126+0000] {dagbag.py:536} INFO - Filling up the DagBag from /opt/airflow/dags/script2.py
[2023-11-04T14:08:35.540+0000] {processor.py:839} INFO - DAG(s) dict_keys(['traffic_data']) retrieved from /opt/airflow/dags/script2.py
[2023-11-04T14:08:35.883+0000] {logging_mixin.py:151} INFO - [2023-11-04T14:08:35.883+0000] {dag.py:2941} INFO - Sync 1 DAGs
[2023-11-04T14:08:35.942+0000] {logging_mixin.py:151} INFO - [2023-11-04T14:08:35.941+0000] {dag.py:3722} INFO - Setting next_dagrun for traffic_data to 2023-11-04T14:07:35.939449+00:00, run_after=2023-11-04T14:08:35.939449+00:00
[2023-11-04T14:08:35.981+0000] {processor.py:179} INFO - Processing /opt/airflow/dags/script2.py took 0.870 seconds
[2023-11-04T14:09:06.429+0000] {processor.py:157} INFO - Started process (PID=804) to work on /opt/airflow/dags/script2.py
[2023-11-04T14:09:06.432+0000] {processor.py:829} INFO - Processing file /opt/airflow/dags/script2.py for tasks to queue
[2023-11-04T14:09:06.437+0000] {logging_mixin.py:151} INFO - [2023-11-04T14:09:06.433+0000] {dagbag.py:536} INFO - Filling up the DagBag from /opt/airflow/dags/script2.py
[2023-11-04T14:09:07.282+0000] {processor.py:839} INFO - DAG(s) dict_keys(['traffic_data']) retrieved from /opt/airflow/dags/script2.py
[2023-11-04T14:09:07.414+0000] {logging_mixin.py:151} INFO - [2023-11-04T14:09:07.414+0000] {dag.py:2941} INFO - Sync 1 DAGs
[2023-11-04T14:09:07.463+0000] {logging_mixin.py:151} INFO - [2023-11-04T14:09:07.462+0000] {dag.py:3722} INFO - Setting next_dagrun for traffic_data to 2023-11-04T14:08:07.460456+00:00, run_after=2023-11-04T14:09:07.460456+00:00
[2023-11-04T14:09:07.514+0000] {processor.py:179} INFO - Processing /opt/airflow/dags/script2.py took 1.097 seconds
[2023-11-04T14:09:37.877+0000] {processor.py:157} INFO - Started process (PID=814) to work on /opt/airflow/dags/script2.py
[2023-11-04T14:09:37.906+0000] {processor.py:829} INFO - Processing file /opt/airflow/dags/script2.py for tasks to queue
[2023-11-04T14:09:37.916+0000] {logging_mixin.py:151} INFO - [2023-11-04T14:09:37.908+0000] {dagbag.py:536} INFO - Filling up the DagBag from /opt/airflow/dags/script2.py
[2023-11-04T14:09:45.088+0000] {processor.py:839} INFO - DAG(s) dict_keys(['traffic_data']) retrieved from /opt/airflow/dags/script2.py
[2023-11-04T14:09:45.227+0000] {logging_mixin.py:151} INFO - [2023-11-04T14:09:45.224+0000] {dag.py:2941} INFO - Sync 1 DAGs
[2023-11-04T14:09:45.267+0000] {logging_mixin.py:151} INFO - [2023-11-04T14:09:45.267+0000] {dag.py:3722} INFO - Setting next_dagrun for traffic_data to 2023-11-04T14:08:45.266659+00:00, run_after=2023-11-04T14:09:45.266659+00:00
[2023-11-04T14:09:45.319+0000] {processor.py:179} INFO - Processing /opt/airflow/dags/script2.py took 7.465 seconds
[2023-11-04T14:10:15.616+0000] {processor.py:157} INFO - Started process (PID=824) to work on /opt/airflow/dags/script2.py
[2023-11-04T14:10:15.620+0000] {processor.py:829} INFO - Processing file /opt/airflow/dags/script2.py for tasks to queue
[2023-11-04T14:10:15.621+0000] {logging_mixin.py:151} INFO - [2023-11-04T14:10:15.620+0000] {dagbag.py:536} INFO - Filling up the DagBag from /opt/airflow/dags/script2.py
[2023-11-04T14:10:15.931+0000] {processor.py:839} INFO - DAG(s) dict_keys(['traffic_data']) retrieved from /opt/airflow/dags/script2.py
[2023-11-04T14:10:16.036+0000] {logging_mixin.py:151} INFO - [2023-11-04T14:10:16.036+0000] {dag.py:2941} INFO - Sync 1 DAGs
[2023-11-04T14:10:16.588+0000] {logging_mixin.py:151} INFO - [2023-11-04T14:10:16.588+0000] {dag.py:3722} INFO - Setting next_dagrun for traffic_data to 2023-11-04T14:09:16.586337+00:00, run_after=2023-11-04T14:10:16.586337+00:00
[2023-11-04T14:10:16.644+0000] {processor.py:179} INFO - Processing /opt/airflow/dags/script2.py took 1.038 seconds
[2023-11-04T14:10:47.076+0000] {processor.py:157} INFO - Started process (PID=834) to work on /opt/airflow/dags/script2.py
[2023-11-04T14:10:47.080+0000] {processor.py:829} INFO - Processing file /opt/airflow/dags/script2.py for tasks to queue
[2023-11-04T14:10:47.082+0000] {logging_mixin.py:151} INFO - [2023-11-04T14:10:47.081+0000] {dagbag.py:536} INFO - Filling up the DagBag from /opt/airflow/dags/script2.py
[2023-11-04T14:10:47.506+0000] {processor.py:839} INFO - DAG(s) dict_keys(['traffic_data']) retrieved from /opt/airflow/dags/script2.py
[2023-11-04T14:10:47.965+0000] {logging_mixin.py:151} INFO - [2023-11-04T14:10:47.964+0000] {dag.py:2941} INFO - Sync 1 DAGs
[2023-11-04T14:10:48.030+0000] {logging_mixin.py:151} INFO - [2023-11-04T14:10:48.030+0000] {dag.py:3722} INFO - Setting next_dagrun for traffic_data to 2023-11-04T14:09:48.027432+00:00, run_after=2023-11-04T14:10:48.027432+00:00
[2023-11-04T14:10:48.097+0000] {processor.py:179} INFO - Processing /opt/airflow/dags/script2.py took 1.029 seconds
[2023-11-04T14:11:18.870+0000] {processor.py:157} INFO - Started process (PID=848) to work on /opt/airflow/dags/script2.py
[2023-11-04T14:11:18.874+0000] {processor.py:829} INFO - Processing file /opt/airflow/dags/script2.py for tasks to queue
[2023-11-04T14:11:18.878+0000] {logging_mixin.py:151} INFO - [2023-11-04T14:11:18.877+0000] {dagbag.py:536} INFO - Filling up the DagBag from /opt/airflow/dags/script2.py
[2023-11-04T14:11:21.347+0000] {processor.py:839} INFO - DAG(s) dict_keys(['traffic_data']) retrieved from /opt/airflow/dags/script2.py
[2023-11-04T14:11:21.408+0000] {logging_mixin.py:151} INFO - [2023-11-04T14:11:21.408+0000] {dag.py:2941} INFO - Sync 1 DAGs
[2023-11-04T14:11:21.444+0000] {logging_mixin.py:151} INFO - [2023-11-04T14:11:21.444+0000] {dag.py:3722} INFO - Setting next_dagrun for traffic_data to 2023-11-04T14:10:21.442146+00:00, run_after=2023-11-04T14:11:21.442146+00:00
[2023-11-04T14:11:21.511+0000] {processor.py:179} INFO - Processing /opt/airflow/dags/script2.py took 2.656 seconds
[2023-11-04T14:11:52.138+0000] {processor.py:157} INFO - Started process (PID=859) to work on /opt/airflow/dags/script2.py
[2023-11-04T14:11:52.142+0000] {processor.py:829} INFO - Processing file /opt/airflow/dags/script2.py for tasks to queue
[2023-11-04T14:11:52.147+0000] {logging_mixin.py:151} INFO - [2023-11-04T14:11:52.143+0000] {dagbag.py:536} INFO - Filling up the DagBag from /opt/airflow/dags/script2.py
[2023-11-04T14:11:52.729+0000] {processor.py:839} INFO - DAG(s) dict_keys(['traffic_data']) retrieved from /opt/airflow/dags/script2.py
[2023-11-04T14:11:52.826+0000] {logging_mixin.py:151} INFO - [2023-11-04T14:11:52.826+0000] {dag.py:2941} INFO - Sync 1 DAGs
[2023-11-04T14:11:52.866+0000] {logging_mixin.py:151} INFO - [2023-11-04T14:11:52.866+0000] {dag.py:3722} INFO - Setting next_dagrun for traffic_data to 2023-11-04T14:10:52.863463+00:00, run_after=2023-11-04T14:11:52.863463+00:00
[2023-11-04T14:11:52.910+0000] {processor.py:179} INFO - Processing /opt/airflow/dags/script2.py took 0.785 seconds
[2023-11-04T14:12:23.172+0000] {processor.py:157} INFO - Started process (PID=868) to work on /opt/airflow/dags/script2.py
[2023-11-04T14:12:23.175+0000] {processor.py:829} INFO - Processing file /opt/airflow/dags/script2.py for tasks to queue
[2023-11-04T14:12:23.177+0000] {logging_mixin.py:151} INFO - [2023-11-04T14:12:23.176+0000] {dagbag.py:536} INFO - Filling up the DagBag from /opt/airflow/dags/script2.py
[2023-11-04T14:12:23.495+0000] {processor.py:839} INFO - DAG(s) dict_keys(['traffic_data']) retrieved from /opt/airflow/dags/script2.py
[2023-11-04T14:12:24.133+0000] {logging_mixin.py:151} INFO - [2023-11-04T14:12:24.122+0000] {dag.py:2941} INFO - Sync 1 DAGs
[2023-11-04T14:12:24.198+0000] {logging_mixin.py:151} INFO - [2023-11-04T14:12:24.198+0000] {dag.py:3722} INFO - Setting next_dagrun for traffic_data to 2023-11-04T14:11:24.188909+00:00, run_after=2023-11-04T14:12:24.188909+00:00
[2023-11-04T14:12:24.256+0000] {processor.py:179} INFO - Processing /opt/airflow/dags/script2.py took 1.091 seconds
[2023-11-04T14:12:54.435+0000] {processor.py:157} INFO - Started process (PID=877) to work on /opt/airflow/dags/script2.py
[2023-11-04T14:12:54.442+0000] {processor.py:829} INFO - Processing file /opt/airflow/dags/script2.py for tasks to queue
[2023-11-04T14:12:54.457+0000] {logging_mixin.py:151} INFO - [2023-11-04T14:12:54.443+0000] {dagbag.py:536} INFO - Filling up the DagBag from /opt/airflow/dags/script2.py
[2023-11-04T14:12:56.289+0000] {processor.py:839} INFO - DAG(s) dict_keys(['traffic_data']) retrieved from /opt/airflow/dags/script2.py
[2023-11-04T14:12:57.578+0000] {logging_mixin.py:151} INFO - [2023-11-04T14:12:57.554+0000] {dag.py:2941} INFO - Sync 1 DAGs
[2023-11-04T14:12:57.738+0000] {logging_mixin.py:151} INFO - [2023-11-04T14:12:57.738+0000] {dag.py:3722} INFO - Setting next_dagrun for traffic_data to 2023-11-04T14:11:57.732794+00:00, run_after=2023-11-04T14:12:57.732794+00:00
[2023-11-04T14:12:57.837+0000] {processor.py:179} INFO - Processing /opt/airflow/dags/script2.py took 3.451 seconds
[2023-11-04T14:13:28.005+0000] {processor.py:157} INFO - Started process (PID=886) to work on /opt/airflow/dags/script2.py
[2023-11-04T14:13:28.008+0000] {processor.py:829} INFO - Processing file /opt/airflow/dags/script2.py for tasks to queue
[2023-11-04T14:13:28.013+0000] {logging_mixin.py:151} INFO - [2023-11-04T14:13:28.009+0000] {dagbag.py:536} INFO - Filling up the DagBag from /opt/airflow/dags/script2.py
[2023-11-04T14:13:28.727+0000] {processor.py:839} INFO - DAG(s) dict_keys(['traffic_data']) retrieved from /opt/airflow/dags/script2.py
[2023-11-04T14:13:28.826+0000] {logging_mixin.py:151} INFO - [2023-11-04T14:13:28.825+0000] {dag.py:2941} INFO - Sync 1 DAGs
[2023-11-04T14:13:28.908+0000] {processor.py:179} INFO - Processing /opt/airflow/dags/script2.py took 0.916 seconds
[2023-11-04T14:13:59.310+0000] {processor.py:157} INFO - Started process (PID=895) to work on /opt/airflow/dags/script2.py
[2023-11-04T14:13:59.315+0000] {processor.py:829} INFO - Processing file /opt/airflow/dags/script2.py for tasks to queue
[2023-11-04T14:13:59.317+0000] {logging_mixin.py:151} INFO - [2023-11-04T14:13:59.316+0000] {dagbag.py:536} INFO - Filling up the DagBag from /opt/airflow/dags/script2.py
[2023-11-04T14:14:00.098+0000] {processor.py:839} INFO - DAG(s) dict_keys(['traffic_data']) retrieved from /opt/airflow/dags/script2.py
[2023-11-04T14:14:00.679+0000] {logging_mixin.py:151} INFO - [2023-11-04T14:14:00.677+0000] {dag.py:2941} INFO - Sync 1 DAGs
[2023-11-04T14:14:00.777+0000] {processor.py:179} INFO - Processing /opt/airflow/dags/script2.py took 1.477 seconds
[2023-11-04T14:14:31.095+0000] {processor.py:157} INFO - Started process (PID=904) to work on /opt/airflow/dags/script2.py
[2023-11-04T14:14:31.098+0000] {processor.py:829} INFO - Processing file /opt/airflow/dags/script2.py for tasks to queue
[2023-11-04T14:14:31.101+0000] {logging_mixin.py:151} INFO - [2023-11-04T14:14:31.100+0000] {dagbag.py:536} INFO - Filling up the DagBag from /opt/airflow/dags/script2.py
[2023-11-04T14:14:31.811+0000] {processor.py:839} INFO - DAG(s) dict_keys(['traffic_data']) retrieved from /opt/airflow/dags/script2.py
[2023-11-04T14:14:32.108+0000] {logging_mixin.py:151} INFO - [2023-11-04T14:14:32.096+0000] {dag.py:2941} INFO - Sync 1 DAGs
[2023-11-04T14:14:32.262+0000] {processor.py:179} INFO - Processing /opt/airflow/dags/script2.py took 1.176 seconds
[2023-11-04T14:15:02.439+0000] {processor.py:157} INFO - Started process (PID=914) to work on /opt/airflow/dags/script2.py
[2023-11-04T14:15:02.442+0000] {processor.py:829} INFO - Processing file /opt/airflow/dags/script2.py for tasks to queue
[2023-11-04T14:15:02.448+0000] {logging_mixin.py:151} INFO - [2023-11-04T14:15:02.444+0000] {dagbag.py:536} INFO - Filling up the DagBag from /opt/airflow/dags/script2.py
[2023-11-04T14:15:03.428+0000] {processor.py:839} INFO - DAG(s) dict_keys(['traffic_data']) retrieved from /opt/airflow/dags/script2.py
[2023-11-04T14:15:03.687+0000] {logging_mixin.py:151} INFO - [2023-11-04T14:15:03.686+0000] {dag.py:2941} INFO - Sync 1 DAGs
[2023-11-04T14:15:04.743+0000] {processor.py:179} INFO - Processing /opt/airflow/dags/script2.py took 2.320 seconds
[2023-11-04T14:15:35.149+0000] {processor.py:157} INFO - Started process (PID=923) to work on /opt/airflow/dags/script2.py
[2023-11-04T14:15:35.152+0000] {processor.py:829} INFO - Processing file /opt/airflow/dags/script2.py for tasks to queue
[2023-11-04T14:15:35.154+0000] {logging_mixin.py:151} INFO - [2023-11-04T14:15:35.153+0000] {dagbag.py:536} INFO - Filling up the DagBag from /opt/airflow/dags/script2.py
[2023-11-04T14:15:35.668+0000] {processor.py:839} INFO - DAG(s) dict_keys(['traffic_data']) retrieved from /opt/airflow/dags/script2.py
[2023-11-04T14:15:36.821+0000] {logging_mixin.py:151} INFO - [2023-11-04T14:15:36.807+0000] {dag.py:2941} INFO - Sync 1 DAGs
[2023-11-04T14:15:36.994+0000] {processor.py:179} INFO - Processing /opt/airflow/dags/script2.py took 1.852 seconds
[2023-11-04T14:16:07.935+0000] {processor.py:157} INFO - Started process (PID=932) to work on /opt/airflow/dags/script2.py
[2023-11-04T14:16:07.941+0000] {processor.py:829} INFO - Processing file /opt/airflow/dags/script2.py for tasks to queue
[2023-11-04T14:16:07.947+0000] {logging_mixin.py:151} INFO - [2023-11-04T14:16:07.942+0000] {dagbag.py:536} INFO - Filling up the DagBag from /opt/airflow/dags/script2.py
[2023-11-04T14:16:16.482+0000] {processor.py:839} INFO - DAG(s) dict_keys(['traffic_data']) retrieved from /opt/airflow/dags/script2.py
[2023-11-04T14:16:16.638+0000] {logging_mixin.py:151} INFO - [2023-11-04T14:16:16.638+0000] {dag.py:2941} INFO - Sync 1 DAGs
[2023-11-04T14:16:16.973+0000] {processor.py:179} INFO - Processing /opt/airflow/dags/script2.py took 9.033 seconds
[2023-11-04T14:16:47.254+0000] {processor.py:157} INFO - Started process (PID=941) to work on /opt/airflow/dags/script2.py
[2023-11-04T14:16:47.293+0000] {processor.py:829} INFO - Processing file /opt/airflow/dags/script2.py for tasks to queue
[2023-11-04T14:16:47.328+0000] {logging_mixin.py:151} INFO - [2023-11-04T14:16:47.320+0000] {dagbag.py:536} INFO - Filling up the DagBag from /opt/airflow/dags/script2.py
[2023-11-04T14:17:04.415+0000] {processor.py:839} INFO - DAG(s) dict_keys(['traffic_data']) retrieved from /opt/airflow/dags/script2.py
[2023-11-04T14:17:05.489+0000] {logging_mixin.py:151} INFO - [2023-11-04T14:17:05.488+0000] {dag.py:2941} INFO - Sync 1 DAGs
[2023-11-04T14:17:05.585+0000] {logging_mixin.py:151} INFO - [2023-11-04T14:17:05.584+0000] {dag.py:3722} INFO - Setting next_dagrun for traffic_data to 2023-11-04T14:16:05.584196+00:00, run_after=2023-11-04T14:17:05.584196+00:00
[2023-11-04T14:17:05.666+0000] {processor.py:179} INFO - Processing /opt/airflow/dags/script2.py took 18.531 seconds
[2023-11-04T14:17:36.639+0000] {processor.py:157} INFO - Started process (PID=957) to work on /opt/airflow/dags/script2.py
[2023-11-04T14:17:36.642+0000] {processor.py:829} INFO - Processing file /opt/airflow/dags/script2.py for tasks to queue
[2023-11-04T14:17:36.645+0000] {logging_mixin.py:151} INFO - [2023-11-04T14:17:36.644+0000] {dagbag.py:536} INFO - Filling up the DagBag from /opt/airflow/dags/script2.py
[2023-11-04T14:17:37.873+0000] {processor.py:839} INFO - DAG(s) dict_keys(['traffic_data']) retrieved from /opt/airflow/dags/script2.py
[2023-11-04T14:17:38.796+0000] {logging_mixin.py:151} INFO - [2023-11-04T14:17:38.786+0000] {dag.py:2941} INFO - Sync 1 DAGs
[2023-11-04T14:18:06.910+0000] {processor.py:179} INFO - Processing /opt/airflow/dags/script2.py took 30.287 seconds
[2023-11-04T14:18:38.887+0000] {processor.py:157} INFO - Started process (PID=965) to work on /opt/airflow/dags/script2.py
[2023-11-04T14:18:38.905+0000] {processor.py:829} INFO - Processing file /opt/airflow/dags/script2.py for tasks to queue
[2023-11-04T14:18:38.969+0000] {logging_mixin.py:151} INFO - [2023-11-04T14:18:38.922+0000] {dagbag.py:536} INFO - Filling up the DagBag from /opt/airflow/dags/script2.py
[2023-11-04T14:18:42.240+0000] {processor.py:839} INFO - DAG(s) dict_keys(['traffic_data']) retrieved from /opt/airflow/dags/script2.py
[2023-11-04T14:18:55.580+0000] {logging_mixin.py:151} INFO - [2023-11-04T14:18:55.578+0000] {dag.py:2941} INFO - Sync 1 DAGs
[2023-11-04T14:18:55.713+0000] {processor.py:179} INFO - Processing /opt/airflow/dags/script2.py took 17.041 seconds
[2023-11-04T14:19:26.058+0000] {processor.py:157} INFO - Started process (PID=982) to work on /opt/airflow/dags/script2.py
[2023-11-04T14:19:26.063+0000] {processor.py:829} INFO - Processing file /opt/airflow/dags/script2.py for tasks to queue
[2023-11-04T14:19:26.067+0000] {logging_mixin.py:151} INFO - [2023-11-04T14:19:26.065+0000] {dagbag.py:536} INFO - Filling up the DagBag from /opt/airflow/dags/script2.py
[2023-11-04T14:19:31.091+0000] {processor.py:839} INFO - DAG(s) dict_keys(['traffic_data']) retrieved from /opt/airflow/dags/script2.py
[2023-11-04T14:20:06.915+0000] {processor.py:182} ERROR - Got an exception! Propagating...
Traceback (most recent call last):
  File "/home/airflow/.local/lib/python3.8/site-packages/sqlalchemy/engine/base.py", line 3371, in _wrap_pool_connect
    return fn()
  File "/home/airflow/.local/lib/python3.8/site-packages/sqlalchemy/pool/base.py", line 327, in connect
    return _ConnectionFairy._checkout(self)
  File "/home/airflow/.local/lib/python3.8/site-packages/sqlalchemy/pool/base.py", line 894, in _checkout
    fairy = _ConnectionRecord.checkout(pool)
  File "/home/airflow/.local/lib/python3.8/site-packages/sqlalchemy/pool/base.py", line 493, in checkout
    rec = pool._do_get()
  File "/home/airflow/.local/lib/python3.8/site-packages/sqlalchemy/pool/impl.py", line 146, in _do_get
    self._dec_overflow()
  File "/home/airflow/.local/lib/python3.8/site-packages/sqlalchemy/util/langhelpers.py", line 70, in __exit__
    compat.raise_(
  File "/home/airflow/.local/lib/python3.8/site-packages/sqlalchemy/util/compat.py", line 211, in raise_
    raise exception
  File "/home/airflow/.local/lib/python3.8/site-packages/sqlalchemy/pool/impl.py", line 143, in _do_get
    return self._create_connection()
  File "/home/airflow/.local/lib/python3.8/site-packages/sqlalchemy/pool/base.py", line 273, in _create_connection
    return _ConnectionRecord(self)
  File "/home/airflow/.local/lib/python3.8/site-packages/sqlalchemy/pool/base.py", line 388, in __init__
    self.__connect()
  File "/home/airflow/.local/lib/python3.8/site-packages/sqlalchemy/pool/base.py", line 691, in __connect
    pool.logger.debug("Error on connect(): %s", e)
  File "/home/airflow/.local/lib/python3.8/site-packages/sqlalchemy/util/langhelpers.py", line 70, in __exit__
    compat.raise_(
  File "/home/airflow/.local/lib/python3.8/site-packages/sqlalchemy/util/compat.py", line 211, in raise_
    raise exception
  File "/home/airflow/.local/lib/python3.8/site-packages/sqlalchemy/pool/base.py", line 686, in __connect
    self.dbapi_connection = connection = pool._invoke_creator(self)
  File "/home/airflow/.local/lib/python3.8/site-packages/sqlalchemy/engine/create.py", line 574, in connect
    return dialect.connect(*cargs, **cparams)
  File "/home/airflow/.local/lib/python3.8/site-packages/sqlalchemy/engine/default.py", line 598, in connect
    return self.dbapi.connect(*cargs, **cparams)
  File "/home/airflow/.local/lib/python3.8/site-packages/psycopg2/__init__.py", line 122, in connect
    conn = _connect(dsn, connection_factory=connection_factory, **kwasync)
psycopg2.OperationalError: could not translate host name "postgres" to address: Temporary failure in name resolution


The above exception was the direct cause of the following exception:

Traceback (most recent call last):
  File "/home/airflow/.local/lib/python3.8/site-packages/airflow/dag_processing/processor.py", line 178, in _run_file_processor
    _handle_dag_file_processing()
  File "/home/airflow/.local/lib/python3.8/site-packages/airflow/dag_processing/processor.py", line 159, in _handle_dag_file_processing
    result: tuple[int, int] = dag_file_processor.process_file(
  File "/home/airflow/.local/lib/python3.8/site-packages/airflow/utils/session.py", line 77, in wrapper
    return func(*args, session=session, **kwargs)
  File "/home/airflow/.local/lib/python3.8/site-packages/airflow/dag_processing/processor.py", line 857, in process_file
    serialize_errors = DagFileProcessor.save_dag_to_db(
  File "/home/airflow/.local/lib/python3.8/site-packages/airflow/api_internal/internal_api_call.py", line 114, in wrapper
    return func(*args, **kwargs)
  File "/home/airflow/.local/lib/python3.8/site-packages/airflow/utils/session.py", line 77, in wrapper
    return func(*args, session=session, **kwargs)
  File "/home/airflow/.local/lib/python3.8/site-packages/airflow/dag_processing/processor.py", line 893, in save_dag_to_db
    import_errors = DagBag._sync_to_db(dags=dags, processor_subdir=dag_directory, session=session)
  File "/home/airflow/.local/lib/python3.8/site-packages/airflow/utils/session.py", line 74, in wrapper
    return func(*args, **kwargs)
  File "/home/airflow/.local/lib/python3.8/site-packages/airflow/models/dagbag.py", line 654, in _sync_to_db
    for attempt in run_with_db_retries(logger=log):
  File "/home/airflow/.local/lib/python3.8/site-packages/tenacity/__init__.py", line 347, in __iter__
    do = self.iter(retry_state=retry_state)
  File "/home/airflow/.local/lib/python3.8/site-packages/tenacity/__init__.py", line 325, in iter
    raise retry_exc.reraise()
  File "/home/airflow/.local/lib/python3.8/site-packages/tenacity/__init__.py", line 158, in reraise
    raise self.last_attempt.result()
  File "/usr/local/lib/python3.8/concurrent/futures/_base.py", line 437, in result
    return self.__get_result()
  File "/usr/local/lib/python3.8/concurrent/futures/_base.py", line 389, in __get_result
    raise self._exception
  File "/home/airflow/.local/lib/python3.8/site-packages/airflow/models/dagbag.py", line 666, in _sync_to_db
    serialize_errors.extend(_serialize_dag_capturing_errors(dag, session))
  File "/home/airflow/.local/lib/python3.8/site-packages/airflow/models/dagbag.py", line 633, in _serialize_dag_capturing_errors
    dag_was_updated = SerializedDagModel.write_dag(
  File "/home/airflow/.local/lib/python3.8/site-packages/airflow/utils/session.py", line 74, in wrapper
    return func(*args, **kwargs)
  File "/home/airflow/.local/lib/python3.8/site-packages/airflow/models/serialized_dag.py", line 147, in write_dag
    if session.scalar(
  File "/home/airflow/.local/lib/python3.8/site-packages/sqlalchemy/orm/session.py", line 1747, in scalar
    return self.execute(
  File "/home/airflow/.local/lib/python3.8/site-packages/sqlalchemy/orm/session.py", line 1716, in execute
    conn = self._connection_for_bind(bind)
  File "/home/airflow/.local/lib/python3.8/site-packages/sqlalchemy/orm/session.py", line 1555, in _connection_for_bind
    return self._transaction._connection_for_bind(
  File "/home/airflow/.local/lib/python3.8/site-packages/sqlalchemy/orm/session.py", line 750, in _connection_for_bind
    conn = bind.connect()
  File "/home/airflow/.local/lib/python3.8/site-packages/sqlalchemy/future/engine.py", line 406, in connect
    return super(Engine, self).connect()
  File "/home/airflow/.local/lib/python3.8/site-packages/sqlalchemy/engine/base.py", line 3325, in connect
    return self._connection_cls(self, close_with_result=close_with_result)
  File "/home/airflow/.local/lib/python3.8/site-packages/sqlalchemy/engine/base.py", line 96, in __init__
    else engine.raw_connection()
  File "/home/airflow/.local/lib/python3.8/site-packages/sqlalchemy/engine/base.py", line 3404, in raw_connection
    return self._wrap_pool_connect(self.pool.connect, _connection)
  File "/home/airflow/.local/lib/python3.8/site-packages/sqlalchemy/engine/base.py", line 3374, in _wrap_pool_connect
    Connection._handle_dbapi_exception_noconnection(
  File "/home/airflow/.local/lib/python3.8/site-packages/sqlalchemy/engine/base.py", line 2208, in _handle_dbapi_exception_noconnection
    util.raise_(
  File "/home/airflow/.local/lib/python3.8/site-packages/sqlalchemy/util/compat.py", line 211, in raise_
    raise exception
  File "/home/airflow/.local/lib/python3.8/site-packages/sqlalchemy/engine/base.py", line 3371, in _wrap_pool_connect
    return fn()
  File "/home/airflow/.local/lib/python3.8/site-packages/sqlalchemy/pool/base.py", line 327, in connect
    return _ConnectionFairy._checkout(self)
  File "/home/airflow/.local/lib/python3.8/site-packages/sqlalchemy/pool/base.py", line 894, in _checkout
    fairy = _ConnectionRecord.checkout(pool)
  File "/home/airflow/.local/lib/python3.8/site-packages/sqlalchemy/pool/base.py", line 493, in checkout
    rec = pool._do_get()
  File "/home/airflow/.local/lib/python3.8/site-packages/sqlalchemy/pool/impl.py", line 146, in _do_get
    self._dec_overflow()
  File "/home/airflow/.local/lib/python3.8/site-packages/sqlalchemy/util/langhelpers.py", line 70, in __exit__
    compat.raise_(
  File "/home/airflow/.local/lib/python3.8/site-packages/sqlalchemy/util/compat.py", line 211, in raise_
    raise exception
  File "/home/airflow/.local/lib/python3.8/site-packages/sqlalchemy/pool/impl.py", line 143, in _do_get
    return self._create_connection()
  File "/home/airflow/.local/lib/python3.8/site-packages/sqlalchemy/pool/base.py", line 273, in _create_connection
    return _ConnectionRecord(self)
  File "/home/airflow/.local/lib/python3.8/site-packages/sqlalchemy/pool/base.py", line 388, in __init__
    self.__connect()
  File "/home/airflow/.local/lib/python3.8/site-packages/sqlalchemy/pool/base.py", line 691, in __connect
    pool.logger.debug("Error on connect(): %s", e)
  File "/home/airflow/.local/lib/python3.8/site-packages/sqlalchemy/util/langhelpers.py", line 70, in __exit__
    compat.raise_(
  File "/home/airflow/.local/lib/python3.8/site-packages/sqlalchemy/util/compat.py", line 211, in raise_
    raise exception
  File "/home/airflow/.local/lib/python3.8/site-packages/sqlalchemy/pool/base.py", line 686, in __connect
    self.dbapi_connection = connection = pool._invoke_creator(self)
  File "/home/airflow/.local/lib/python3.8/site-packages/sqlalchemy/engine/create.py", line 574, in connect
    return dialect.connect(*cargs, **cparams)
  File "/home/airflow/.local/lib/python3.8/site-packages/sqlalchemy/engine/default.py", line 598, in connect
    return self.dbapi.connect(*cargs, **cparams)
  File "/home/airflow/.local/lib/python3.8/site-packages/psycopg2/__init__.py", line 122, in connect
    conn = _connect(dsn, connection_factory=connection_factory, **kwasync)
sqlalchemy.exc.OperationalError: (psycopg2.OperationalError) could not translate host name "postgres" to address: Temporary failure in name resolution

(Background on this error at: https://sqlalche.me/e/14/e3q8)
[2023-11-04T14:20:44.472+0000] {processor.py:157} INFO - Started process (PID=991) to work on /opt/airflow/dags/script2.py
[2023-11-04T14:20:44.476+0000] {processor.py:829} INFO - Processing file /opt/airflow/dags/script2.py for tasks to queue
[2023-11-04T14:20:44.504+0000] {logging_mixin.py:151} INFO - [2023-11-04T14:20:44.496+0000] {dagbag.py:536} INFO - Filling up the DagBag from /opt/airflow/dags/script2.py
[2023-11-04T14:20:49.962+0000] {processor.py:839} INFO - DAG(s) dict_keys(['traffic_data']) retrieved from /opt/airflow/dags/script2.py
[2023-11-04T14:21:16.516+0000] {logging_mixin.py:151} INFO - [2023-11-04T14:21:16.505+0000] {dag.py:2941} INFO - Sync 1 DAGs
[2023-11-04T14:21:16.774+0000] {processor.py:179} INFO - Processing /opt/airflow/dags/script2.py took 32.338 seconds
[2023-11-04T14:21:17.020+0000] {processor.py:157} INFO - Started process (PID=999) to work on /opt/airflow/dags/script2.py
[2023-11-04T14:21:17.024+0000] {processor.py:829} INFO - Processing file /opt/airflow/dags/script2.py for tasks to queue
[2023-11-04T14:21:17.049+0000] {logging_mixin.py:151} INFO - [2023-11-04T14:21:17.043+0000] {dagbag.py:536} INFO - Filling up the DagBag from /opt/airflow/dags/script2.py
[2023-11-04T14:21:18.696+0000] {processor.py:839} INFO - DAG(s) dict_keys(['traffic_data']) retrieved from /opt/airflow/dags/script2.py
[2023-11-04T14:21:18.918+0000] {logging_mixin.py:151} INFO - [2023-11-04T14:21:18.917+0000] {taskinstance.py:1939} ERROR - {'DAG Id': 'traffic_data', 'Task Id': 'load_data_to_logstash', 'Run Id': 'scheduled__2023-11-04T14:19:30.228159+00:00', 'Hostname': 'b9e2239f59f9', 'External Executor Id': 'ffc887e2-1837-4ec5-8754-81078ec469c4'}
[2023-11-04T14:21:22.867+0000] {logging_mixin.py:151} INFO - [2023-11-04T14:21:22.867+0000] {taskinstance.py:1400} INFO - Marking task as UP_FOR_RETRY. dag_id=traffic_data, task_id=load_data_to_logstash, execution_date=20231104T141930, start_date=20231104T142043, end_date=20231104T142118
[2023-11-04T14:21:22.896+0000] {processor.py:790} INFO - Executed failure callback for <TaskInstance: traffic_data.load_data_to_logstash scheduled__2023-11-04T14:19:30.228159+00:00 [up_for_retry]> in state up_for_retry
[2023-11-04T14:21:22.913+0000] {logging_mixin.py:151} INFO - [2023-11-04T14:21:22.912+0000] {dag.py:2941} INFO - Sync 1 DAGs
[2023-11-04T14:21:23.056+0000] {processor.py:179} INFO - Processing /opt/airflow/dags/script2.py took 6.100 seconds
[2023-11-04T14:21:53.168+0000] {processor.py:157} INFO - Started process (PID=1016) to work on /opt/airflow/dags/script2.py
[2023-11-04T14:21:53.171+0000] {processor.py:829} INFO - Processing file /opt/airflow/dags/script2.py for tasks to queue
[2023-11-04T14:21:53.172+0000] {logging_mixin.py:151} INFO - [2023-11-04T14:21:53.171+0000] {dagbag.py:536} INFO - Filling up the DagBag from /opt/airflow/dags/script2.py
[2023-11-04T14:21:53.489+0000] {processor.py:839} INFO - DAG(s) dict_keys(['traffic_data']) retrieved from /opt/airflow/dags/script2.py
[2023-11-04T14:21:53.589+0000] {logging_mixin.py:151} INFO - [2023-11-04T14:21:53.588+0000] {dag.py:2941} INFO - Sync 1 DAGs
[2023-11-04T14:21:54.131+0000] {processor.py:179} INFO - Processing /opt/airflow/dags/script2.py took 0.967 seconds
[2023-11-04T14:22:24.708+0000] {processor.py:157} INFO - Started process (PID=1025) to work on /opt/airflow/dags/script2.py
[2023-11-04T14:22:24.716+0000] {processor.py:829} INFO - Processing file /opt/airflow/dags/script2.py for tasks to queue
[2023-11-04T14:22:24.733+0000] {logging_mixin.py:151} INFO - [2023-11-04T14:22:24.727+0000] {dagbag.py:536} INFO - Filling up the DagBag from /opt/airflow/dags/script2.py
[2023-11-04T14:22:27.630+0000] {processor.py:839} INFO - DAG(s) dict_keys(['traffic_data']) retrieved from /opt/airflow/dags/script2.py
[2023-11-04T14:22:43.647+0000] {logging_mixin.py:151} INFO - [2023-11-04T14:22:43.634+0000] {dag.py:2941} INFO - Sync 1 DAGs
[2023-11-04T14:22:43.800+0000] {processor.py:179} INFO - Processing /opt/airflow/dags/script2.py took 19.137 seconds
[2023-11-04T14:23:17.855+0000] {processor.py:157} INFO - Started process (PID=1027) to work on /opt/airflow/dags/script2.py
[2023-11-04T14:23:17.939+0000] {processor.py:829} INFO - Processing file /opt/airflow/dags/script2.py for tasks to queue
[2023-11-04T14:23:18.162+0000] {logging_mixin.py:151} INFO - [2023-11-04T14:23:18.023+0000] {dagbag.py:536} INFO - Filling up the DagBag from /opt/airflow/dags/script2.py
[2023-11-04T14:23:41.065+0000] {logging_mixin.py:151} INFO - [2023-11-04T14:23:41.064+0000] {process_utils.py:259} INFO - Waiting up to 5 seconds for processes to exit...
[2023-11-04T14:23:41.069+0000] {logging_mixin.py:151} WARNING - Exception ignored in: <function _collection_gced at 0x7eff17622ee0>
[2023-11-04T14:23:41.069+0000] {logging_mixin.py:151} WARNING - Traceback (most recent call last):
[2023-11-04T14:23:41.070+0000] {logging_mixin.py:151} WARNING -   File "/home/airflow/.local/lib/python3.8/site-packages/sqlalchemy/event/registry.py", line 53, in _collection_gced
[2023-11-04T14:23:41.072+0000] {logging_mixin.py:151} WARNING -     def _collection_gced(ref):
[2023-11-04T14:23:41.073+0000] {logging_mixin.py:151} WARNING -   File "/home/airflow/.local/lib/python3.8/site-packages/airflow/dag_processing/manager.py", line 471, in _exit_gracefully
[2023-11-04T14:23:41.075+0000] {logging_mixin.py:151} WARNING -     self.terminate()
[2023-11-04T14:23:41.076+0000] {logging_mixin.py:151} WARNING -   File "/home/airflow/.local/lib/python3.8/site-packages/airflow/dag_processing/manager.py", line 1264, in terminate
[2023-11-04T14:23:41.077+0000] {logging_mixin.py:151} WARNING -     processor.terminate()
[2023-11-04T14:23:41.078+0000] {logging_mixin.py:151} WARNING -   File "/home/airflow/.local/lib/python3.8/site-packages/airflow/dag_processing/processor.py", line 263, in terminate
[2023-11-04T14:23:41.079+0000] {logging_mixin.py:151} WARNING -     self._process._popen.wait(5)  # type: ignore
[2023-11-04T14:23:41.080+0000] {logging_mixin.py:151} WARNING -   File "/usr/local/lib/python3.8/multiprocessing/popen_fork.py", line 44, in wait
[2023-11-04T14:23:41.081+0000] {logging_mixin.py:151} WARNING -     if not wait([self.sentinel], timeout):
[2023-11-04T14:23:41.082+0000] {logging_mixin.py:151} WARNING -   File "/usr/local/lib/python3.8/multiprocessing/connection.py", line 931, in wait
[2023-11-04T14:23:41.083+0000] {logging_mixin.py:151} WARNING -     ready = selector.select(timeout)
[2023-11-04T14:23:41.084+0000] {logging_mixin.py:151} WARNING -   File "/usr/local/lib/python3.8/selectors.py", line 415, in select
[2023-11-04T14:23:41.087+0000] {logging_mixin.py:151} WARNING -     fd_event_list = self._selector.poll(timeout)
[2023-11-04T14:23:41.088+0000] {logging_mixin.py:151} WARNING -   File "/home/airflow/.local/lib/python3.8/site-packages/airflow/dag_processing/manager.py", line 474, in _exit_gracefully
[2023-11-04T14:23:41.091+0000] {logging_mixin.py:151} WARNING -     sys.exit(os.EX_OK)
[2023-11-04T14:23:41.092+0000] {logging_mixin.py:151} WARNING - SystemExit: 0
[2023-11-04T14:23:41.195+0000] {processor.py:839} INFO - DAG(s) dict_keys(['traffic_data']) retrieved from /opt/airflow/dags/script2.py
[2023-11-04T14:23:41.276+0000] {logging_mixin.py:151} INFO - [2023-11-04T14:23:41.275+0000] {dag.py:2941} INFO - Sync 1 DAGs
[2023-11-04T14:23:41.474+0000] {processor.py:179} INFO - Processing /opt/airflow/dags/script2.py took 22.274 seconds
[2023-11-04T14:24:37.698+0000] {processor.py:157} INFO - Started process (PID=40) to work on /opt/airflow/dags/script2.py
[2023-11-04T14:24:37.711+0000] {processor.py:829} INFO - Processing file /opt/airflow/dags/script2.py for tasks to queue
[2023-11-04T14:24:37.738+0000] {logging_mixin.py:151} INFO - [2023-11-04T14:24:37.737+0000] {dagbag.py:536} INFO - Filling up the DagBag from /opt/airflow/dags/script2.py
[2023-11-04T14:24:38.428+0000] {processor.py:839} INFO - DAG(s) dict_keys(['traffic_data']) retrieved from /opt/airflow/dags/script2.py
[2023-11-04T14:24:38.844+0000] {logging_mixin.py:151} INFO - [2023-11-04T14:24:38.844+0000] {dag.py:2941} INFO - Sync 1 DAGs
[2023-11-04T14:24:39.379+0000] {processor.py:179} INFO - Processing /opt/airflow/dags/script2.py took 1.731 seconds
[2023-11-04T14:25:09.520+0000] {processor.py:157} INFO - Started process (PID=49) to work on /opt/airflow/dags/script2.py
[2023-11-04T14:25:09.524+0000] {processor.py:829} INFO - Processing file /opt/airflow/dags/script2.py for tasks to queue
[2023-11-04T14:25:09.534+0000] {logging_mixin.py:151} INFO - [2023-11-04T14:25:09.528+0000] {dagbag.py:536} INFO - Filling up the DagBag from /opt/airflow/dags/script2.py
[2023-11-04T14:25:09.928+0000] {processor.py:839} INFO - DAG(s) dict_keys(['traffic_data']) retrieved from /opt/airflow/dags/script2.py
[2023-11-04T14:25:10.501+0000] {logging_mixin.py:151} INFO - [2023-11-04T14:25:10.501+0000] {dag.py:2941} INFO - Sync 1 DAGs
[2023-11-04T14:25:11.936+0000] {processor.py:179} INFO - Processing /opt/airflow/dags/script2.py took 2.436 seconds
[2023-11-04T14:25:42.333+0000] {processor.py:157} INFO - Started process (PID=58) to work on /opt/airflow/dags/script2.py
[2023-11-04T14:25:42.338+0000] {processor.py:829} INFO - Processing file /opt/airflow/dags/script2.py for tasks to queue
[2023-11-04T14:25:42.356+0000] {logging_mixin.py:151} INFO - [2023-11-04T14:25:42.344+0000] {dagbag.py:536} INFO - Filling up the DagBag from /opt/airflow/dags/script2.py
[2023-11-04T14:25:42.831+0000] {processor.py:839} INFO - DAG(s) dict_keys(['traffic_data']) retrieved from /opt/airflow/dags/script2.py
[2023-11-04T14:25:42.939+0000] {logging_mixin.py:151} INFO - [2023-11-04T14:25:42.938+0000] {dag.py:2941} INFO - Sync 1 DAGs
[2023-11-04T14:25:43.054+0000] {processor.py:179} INFO - Processing /opt/airflow/dags/script2.py took 0.743 seconds
[2023-11-04T14:26:13.283+0000] {processor.py:157} INFO - Started process (PID=67) to work on /opt/airflow/dags/script2.py
[2023-11-04T14:26:13.289+0000] {processor.py:829} INFO - Processing file /opt/airflow/dags/script2.py for tasks to queue
[2023-11-04T14:26:13.303+0000] {logging_mixin.py:151} INFO - [2023-11-04T14:26:13.298+0000] {dagbag.py:536} INFO - Filling up the DagBag from /opt/airflow/dags/script2.py
[2023-11-04T14:26:33.133+0000] {processor.py:839} INFO - DAG(s) dict_keys(['traffic_data']) retrieved from /opt/airflow/dags/script2.py
[2023-11-04T14:26:40.018+0000] {logging_mixin.py:151} INFO - [2023-11-04T14:26:40.016+0000] {dag.py:2941} INFO - Sync 1 DAGs
[2023-11-04T14:26:40.410+0000] {processor.py:179} INFO - Processing /opt/airflow/dags/script2.py took 26.895 seconds
[2023-11-04T14:27:10.587+0000] {processor.py:157} INFO - Started process (PID=77) to work on /opt/airflow/dags/script2.py
[2023-11-04T14:27:10.591+0000] {processor.py:829} INFO - Processing file /opt/airflow/dags/script2.py for tasks to queue
[2023-11-04T14:27:10.597+0000] {logging_mixin.py:151} INFO - [2023-11-04T14:27:10.596+0000] {dagbag.py:536} INFO - Filling up the DagBag from /opt/airflow/dags/script2.py
[2023-11-04T14:27:11.026+0000] {processor.py:839} INFO - DAG(s) dict_keys(['traffic_data']) retrieved from /opt/airflow/dags/script2.py
[2023-11-04T14:27:11.081+0000] {logging_mixin.py:151} INFO - [2023-11-04T14:27:11.081+0000] {dag.py:2941} INFO - Sync 1 DAGs
[2023-11-04T14:27:11.380+0000] {processor.py:179} INFO - Processing /opt/airflow/dags/script2.py took 0.810 seconds
[2023-11-04T14:27:42.563+0000] {processor.py:157} INFO - Started process (PID=85) to work on /opt/airflow/dags/script2.py
[2023-11-04T14:27:42.572+0000] {processor.py:829} INFO - Processing file /opt/airflow/dags/script2.py for tasks to queue
[2023-11-04T14:27:42.665+0000] {logging_mixin.py:151} INFO - [2023-11-04T14:27:42.637+0000] {dagbag.py:536} INFO - Filling up the DagBag from /opt/airflow/dags/script2.py
[2023-11-04T14:27:44.992+0000] {processor.py:839} INFO - DAG(s) dict_keys(['traffic_data']) retrieved from /opt/airflow/dags/script2.py
[2023-11-04T14:27:46.414+0000] {logging_mixin.py:151} INFO - [2023-11-04T14:27:46.406+0000] {dag.py:2941} INFO - Sync 1 DAGs
[2023-11-04T14:27:54.702+0000] {processor.py:179} INFO - Processing /opt/airflow/dags/script2.py took 12.245 seconds
[2023-11-04T14:28:48.669+0000] {processor.py:157} INFO - Started process (PID=95) to work on /opt/airflow/dags/script2.py
[2023-11-04T14:28:48.847+0000] {processor.py:829} INFO - Processing file /opt/airflow/dags/script2.py for tasks to queue
[2023-11-04T14:28:49.257+0000] {logging_mixin.py:151} INFO - [2023-11-04T14:28:49.242+0000] {dagbag.py:536} INFO - Filling up the DagBag from /opt/airflow/dags/script2.py
[2023-11-04T14:28:55.430+0000] {processor.py:839} INFO - DAG(s) dict_keys(['traffic_data']) retrieved from /opt/airflow/dags/script2.py
[2023-11-04T14:29:02.834+0000] {logging_mixin.py:151} INFO - [2023-11-04T14:29:02.760+0000] {dag.py:2941} INFO - Sync 1 DAGs
[2023-11-04T14:29:16.867+0000] {logging_mixin.py:151} INFO - [2023-11-04T14:29:16.844+0000] {process_utils.py:259} INFO - Waiting up to 5 seconds for processes to exit...
[2023-11-04T14:30:30.902+0000] {processor.py:157} INFO - Started process (PID=40) to work on /opt/airflow/dags/script2.py
[2023-11-04T14:30:30.914+0000] {processor.py:829} INFO - Processing file /opt/airflow/dags/script2.py for tasks to queue
[2023-11-04T14:30:30.967+0000] {logging_mixin.py:151} INFO - [2023-11-04T14:30:30.963+0000] {dagbag.py:536} INFO - Filling up the DagBag from /opt/airflow/dags/script2.py
[2023-11-04T14:30:32.021+0000] {processor.py:839} INFO - DAG(s) dict_keys(['traffic_data']) retrieved from /opt/airflow/dags/script2.py
[2023-11-04T14:30:32.159+0000] {logging_mixin.py:151} INFO - [2023-11-04T14:30:32.159+0000] {dag.py:2941} INFO - Sync 1 DAGs
[2023-11-04T14:30:32.229+0000] {logging_mixin.py:151} INFO - [2023-11-04T14:30:32.229+0000] {dag.py:3722} INFO - Setting next_dagrun for traffic_data to 2023-11-04T14:29:32.228655+00:00, run_after=2023-11-04T14:30:32.228655+00:00
[2023-11-04T14:30:32.297+0000] {processor.py:179} INFO - Processing /opt/airflow/dags/script2.py took 1.470 seconds
[2023-11-04T14:31:02.679+0000] {processor.py:157} INFO - Started process (PID=48) to work on /opt/airflow/dags/script2.py
[2023-11-04T14:31:02.688+0000] {processor.py:829} INFO - Processing file /opt/airflow/dags/script2.py for tasks to queue
[2023-11-04T14:31:02.706+0000] {logging_mixin.py:151} INFO - [2023-11-04T14:31:02.705+0000] {dagbag.py:536} INFO - Filling up the DagBag from /opt/airflow/dags/script2.py
[2023-11-04T14:31:03.247+0000] {processor.py:839} INFO - DAG(s) dict_keys(['traffic_data']) retrieved from /opt/airflow/dags/script2.py
[2023-11-04T14:31:03.783+0000] {logging_mixin.py:151} INFO - [2023-11-04T14:31:03.782+0000] {dag.py:2941} INFO - Sync 1 DAGs
[2023-11-04T14:31:04.363+0000] {processor.py:179} INFO - Processing /opt/airflow/dags/script2.py took 1.704 seconds
[2023-11-04T14:31:34.735+0000] {processor.py:157} INFO - Started process (PID=58) to work on /opt/airflow/dags/script2.py
[2023-11-04T14:31:34.736+0000] {processor.py:829} INFO - Processing file /opt/airflow/dags/script2.py for tasks to queue
[2023-11-04T14:31:34.754+0000] {logging_mixin.py:151} INFO - [2023-11-04T14:31:34.748+0000] {dagbag.py:536} INFO - Filling up the DagBag from /opt/airflow/dags/script2.py
[2023-11-04T14:31:35.098+0000] {processor.py:839} INFO - DAG(s) dict_keys(['traffic_data']) retrieved from /opt/airflow/dags/script2.py
[2023-11-04T14:31:35.127+0000] {logging_mixin.py:151} INFO - [2023-11-04T14:31:35.127+0000] {dag.py:2941} INFO - Sync 1 DAGs
[2023-11-04T14:31:35.244+0000] {processor.py:179} INFO - Processing /opt/airflow/dags/script2.py took 0.558 seconds
[2023-11-04T14:32:05.622+0000] {processor.py:157} INFO - Started process (PID=67) to work on /opt/airflow/dags/script2.py
[2023-11-04T14:32:05.630+0000] {processor.py:829} INFO - Processing file /opt/airflow/dags/script2.py for tasks to queue
[2023-11-04T14:32:05.658+0000] {logging_mixin.py:151} INFO - [2023-11-04T14:32:05.656+0000] {dagbag.py:536} INFO - Filling up the DagBag from /opt/airflow/dags/script2.py
[2023-11-04T14:32:06.103+0000] {processor.py:839} INFO - DAG(s) dict_keys(['traffic_data']) retrieved from /opt/airflow/dags/script2.py
[2023-11-04T14:32:06.641+0000] {logging_mixin.py:151} INFO - [2023-11-04T14:32:06.640+0000] {dag.py:2941} INFO - Sync 1 DAGs
[2023-11-04T14:32:06.761+0000] {processor.py:179} INFO - Processing /opt/airflow/dags/script2.py took 1.183 seconds
[2023-11-04T14:32:37.061+0000] {processor.py:157} INFO - Started process (PID=76) to work on /opt/airflow/dags/script2.py
[2023-11-04T14:32:37.063+0000] {processor.py:829} INFO - Processing file /opt/airflow/dags/script2.py for tasks to queue
[2023-11-04T14:32:37.066+0000] {logging_mixin.py:151} INFO - [2023-11-04T14:32:37.066+0000] {dagbag.py:536} INFO - Filling up the DagBag from /opt/airflow/dags/script2.py
[2023-11-04T14:32:37.274+0000] {processor.py:839} INFO - DAG(s) dict_keys(['traffic_data']) retrieved from /opt/airflow/dags/script2.py
[2023-11-04T14:32:37.318+0000] {logging_mixin.py:151} INFO - [2023-11-04T14:32:37.317+0000] {dag.py:2941} INFO - Sync 1 DAGs
[2023-11-04T14:32:37.405+0000] {processor.py:179} INFO - Processing /opt/airflow/dags/script2.py took 0.349 seconds
[2023-11-04T14:33:07.726+0000] {processor.py:157} INFO - Started process (PID=85) to work on /opt/airflow/dags/script2.py
[2023-11-04T14:33:07.731+0000] {processor.py:829} INFO - Processing file /opt/airflow/dags/script2.py for tasks to queue
[2023-11-04T14:33:07.735+0000] {logging_mixin.py:151} INFO - [2023-11-04T14:33:07.734+0000] {dagbag.py:536} INFO - Filling up the DagBag from /opt/airflow/dags/script2.py
[2023-11-04T14:33:08.083+0000] {processor.py:839} INFO - DAG(s) dict_keys(['traffic_data']) retrieved from /opt/airflow/dags/script2.py
[2023-11-04T14:33:08.412+0000] {logging_mixin.py:151} INFO - [2023-11-04T14:33:08.411+0000] {dag.py:2941} INFO - Sync 1 DAGs
[2023-11-04T14:33:14.831+0000] {processor.py:179} INFO - Processing /opt/airflow/dags/script2.py took 7.115 seconds
[2023-11-04T14:33:45.200+0000] {processor.py:157} INFO - Started process (PID=102) to work on /opt/airflow/dags/script2.py
[2023-11-04T14:33:45.205+0000] {processor.py:829} INFO - Processing file /opt/airflow/dags/script2.py for tasks to queue
[2023-11-04T14:33:45.210+0000] {logging_mixin.py:151} INFO - [2023-11-04T14:33:45.209+0000] {dagbag.py:536} INFO - Filling up the DagBag from /opt/airflow/dags/script2.py
[2023-11-04T14:33:45.654+0000] {processor.py:839} INFO - DAG(s) dict_keys(['traffic_data']) retrieved from /opt/airflow/dags/script2.py
[2023-11-04T14:33:45.681+0000] {logging_mixin.py:151} INFO - [2023-11-04T14:33:45.681+0000] {dag.py:2941} INFO - Sync 1 DAGs
[2023-11-04T14:33:45.760+0000] {processor.py:179} INFO - Processing /opt/airflow/dags/script2.py took 0.576 seconds
[2023-11-04T14:34:16.103+0000] {processor.py:157} INFO - Started process (PID=111) to work on /opt/airflow/dags/script2.py
[2023-11-04T14:34:16.106+0000] {processor.py:829} INFO - Processing file /opt/airflow/dags/script2.py for tasks to queue
[2023-11-04T14:34:16.111+0000] {logging_mixin.py:151} INFO - [2023-11-04T14:34:16.110+0000] {dagbag.py:536} INFO - Filling up the DagBag from /opt/airflow/dags/script2.py
[2023-11-04T14:34:16.508+0000] {processor.py:839} INFO - DAG(s) dict_keys(['traffic_data']) retrieved from /opt/airflow/dags/script2.py
[2023-11-04T14:34:17.591+0000] {logging_mixin.py:151} INFO - [2023-11-04T14:34:17.590+0000] {dag.py:2941} INFO - Sync 1 DAGs
[2023-11-04T14:34:17.705+0000] {processor.py:179} INFO - Processing /opt/airflow/dags/script2.py took 1.610 seconds
[2023-11-04T14:34:48.025+0000] {processor.py:157} INFO - Started process (PID=120) to work on /opt/airflow/dags/script2.py
[2023-11-04T14:34:48.033+0000] {processor.py:829} INFO - Processing file /opt/airflow/dags/script2.py for tasks to queue
[2023-11-04T14:34:48.038+0000] {logging_mixin.py:151} INFO - [2023-11-04T14:34:48.037+0000] {dagbag.py:536} INFO - Filling up the DagBag from /opt/airflow/dags/script2.py
[2023-11-04T14:34:48.274+0000] {processor.py:839} INFO - DAG(s) dict_keys(['traffic_data']) retrieved from /opt/airflow/dags/script2.py
[2023-11-04T14:34:48.353+0000] {logging_mixin.py:151} INFO - [2023-11-04T14:34:48.353+0000] {dag.py:2941} INFO - Sync 1 DAGs
[2023-11-04T14:34:48.468+0000] {processor.py:179} INFO - Processing /opt/airflow/dags/script2.py took 0.459 seconds
[2023-11-04T14:35:18.785+0000] {processor.py:157} INFO - Started process (PID=129) to work on /opt/airflow/dags/script2.py
[2023-11-04T14:35:18.792+0000] {processor.py:829} INFO - Processing file /opt/airflow/dags/script2.py for tasks to queue
[2023-11-04T14:35:18.801+0000] {logging_mixin.py:151} INFO - [2023-11-04T14:35:18.800+0000] {dagbag.py:536} INFO - Filling up the DagBag from /opt/airflow/dags/script2.py
[2023-11-04T14:35:19.045+0000] {processor.py:839} INFO - DAG(s) dict_keys(['traffic_data']) retrieved from /opt/airflow/dags/script2.py
[2023-11-04T14:35:19.116+0000] {logging_mixin.py:151} INFO - [2023-11-04T14:35:19.115+0000] {dag.py:2941} INFO - Sync 1 DAGs
[2023-11-04T14:35:19.244+0000] {processor.py:179} INFO - Processing /opt/airflow/dags/script2.py took 0.475 seconds
[2023-11-04T14:35:49.535+0000] {processor.py:157} INFO - Started process (PID=138) to work on /opt/airflow/dags/script2.py
[2023-11-04T14:35:49.539+0000] {processor.py:829} INFO - Processing file /opt/airflow/dags/script2.py for tasks to queue
[2023-11-04T14:35:49.546+0000] {logging_mixin.py:151} INFO - [2023-11-04T14:35:49.545+0000] {dagbag.py:536} INFO - Filling up the DagBag from /opt/airflow/dags/script2.py
[2023-11-04T14:35:49.945+0000] {processor.py:839} INFO - DAG(s) dict_keys(['traffic_data']) retrieved from /opt/airflow/dags/script2.py
[2023-11-04T14:35:50.522+0000] {logging_mixin.py:151} INFO - [2023-11-04T14:35:50.521+0000] {dag.py:2941} INFO - Sync 1 DAGs
[2023-11-04T14:35:56.193+0000] {processor.py:179} INFO - Processing /opt/airflow/dags/script2.py took 6.666 seconds
[2023-11-04T14:48:43.498+0000] {processor.py:157} INFO - Started process (PID=64) to work on /opt/airflow/dags/script2.py
[2023-11-04T14:48:43.534+0000] {processor.py:829} INFO - Processing file /opt/airflow/dags/script2.py for tasks to queue
[2023-11-04T14:48:43.703+0000] {logging_mixin.py:151} INFO - [2023-11-04T14:48:43.703+0000] {dagbag.py:536} INFO - Filling up the DagBag from /opt/airflow/dags/script2.py
[2023-11-04T14:48:53.773+0000] {processor.py:839} INFO - DAG(s) dict_keys(['traffic_data']) retrieved from /opt/airflow/dags/script2.py
[2023-11-04T14:49:07.773+0000] {logging_mixin.py:151} INFO - [2023-11-04T14:49:07.765+0000] {dag.py:2941} INFO - Sync 1 DAGs
[2023-11-04T14:49:08.247+0000] {processor.py:179} INFO - Processing /opt/airflow/dags/script2.py took 24.943 seconds
[2023-11-04T14:49:40.777+0000] {processor.py:157} INFO - Started process (PID=72) to work on /opt/airflow/dags/script2.py
[2023-11-04T14:49:42.094+0000] {processor.py:829} INFO - Processing file /opt/airflow/dags/script2.py for tasks to queue
[2023-11-04T14:49:43.093+0000] {logging_mixin.py:151} INFO - [2023-11-04T14:49:42.524+0000] {dagbag.py:536} INFO - Filling up the DagBag from /opt/airflow/dags/script2.py
[2023-11-04T14:49:59.657+0000] {processor.py:839} INFO - DAG(s) dict_keys(['traffic_data']) retrieved from /opt/airflow/dags/script2.py
[2023-11-04T14:50:06.989+0000] {logging_mixin.py:151} INFO - [2023-11-04T14:50:06.985+0000] {dag.py:2941} INFO - Sync 1 DAGs
[2023-11-04T14:51:01.123+0000] {processor.py:157} INFO - Started process (PID=97) to work on /opt/airflow/dags/script2.py
[2023-11-04T14:51:01.180+0000] {processor.py:829} INFO - Processing file /opt/airflow/dags/script2.py for tasks to queue
[2023-11-04T14:51:01.273+0000] {logging_mixin.py:151} INFO - [2023-11-04T14:51:01.232+0000] {dagbag.py:536} INFO - Filling up the DagBag from /opt/airflow/dags/script2.py
[2023-11-04T14:51:09.757+0000] {processor.py:839} INFO - DAG(s) dict_keys(['traffic_data']) retrieved from /opt/airflow/dags/script2.py
[2023-11-04T14:51:25.961+0000] {logging_mixin.py:151} INFO - [2023-11-04T14:51:25.959+0000] {dag.py:2941} INFO - Sync 1 DAGs
[2023-11-04T14:51:26.215+0000] {logging_mixin.py:151} INFO - [2023-11-04T14:51:26.205+0000] {dagbag.py:644} ERROR - Failed to write serialized DAG: /opt/airflow/dags/script2.py
Traceback (most recent call last):
  File "/home/airflow/.local/lib/python3.8/site-packages/airflow/models/dagbag.py", line 633, in _serialize_dag_capturing_errors
    dag_was_updated = SerializedDagModel.write_dag(
  File "/home/airflow/.local/lib/python3.8/site-packages/airflow/utils/session.py", line 74, in wrapper
    return func(*args, **kwargs)
  File "/home/airflow/.local/lib/python3.8/site-packages/airflow/models/serialized_dag.py", line 147, in write_dag
    if session.scalar(
  File "/home/airflow/.local/lib/python3.8/site-packages/sqlalchemy/orm/session.py", line 1747, in scalar
    return self.execute(
  File "/home/airflow/.local/lib/python3.8/site-packages/sqlalchemy/orm/session.py", line 1716, in execute
    conn = self._connection_for_bind(bind)
  File "/home/airflow/.local/lib/python3.8/site-packages/sqlalchemy/orm/session.py", line 1555, in _connection_for_bind
    return self._transaction._connection_for_bind(
  File "/home/airflow/.local/lib/python3.8/site-packages/sqlalchemy/orm/session.py", line 724, in _connection_for_bind
    self._assert_active()
  File "/home/airflow/.local/lib/python3.8/site-packages/sqlalchemy/orm/session.py", line 604, in _assert_active
    raise sa_exc.PendingRollbackError(
sqlalchemy.exc.PendingRollbackError: This Session's transaction has been rolled back due to a previous exception during flush. To begin a new transaction with this Session, first issue Session.rollback(). Original exception was: (psycopg2.errors.UniqueViolation) duplicate key value violates unique constraint "serialized_dag_pkey"
DETAIL:  Key (dag_id)=(traffic_data) already exists.

[SQL: INSERT INTO serialized_dag (dag_id, fileloc, fileloc_hash, data, data_compressed, last_updated, dag_hash, processor_subdir) VALUES (%(dag_id)s, %(fileloc)s, %(fileloc_hash)s, %(data)s, %(data_compressed)s, %(last_updated)s, %(dag_hash)s, %(processor_subdir)s)]
[parameters: {'dag_id': 'traffic_data', 'fileloc': '/opt/airflow/dags/script2.py', 'fileloc_hash': 48390228255837403, 'data': '{"__version": 1, "dag": {"max_active_runs": 1, "schedule_interval": {"__var": 60.0, "__type": "timedelta"}, "default_args": {"__var": {"owner": "airf ... (2493 characters truncated) ... onOperator", "_task_module": "airflow.operators.python", "_is_empty": false, "op_args": [], "op_kwargs": {}}], "dag_dependencies": [], "params": {}}}', 'data_compressed': None, 'last_updated': datetime.datetime(2023, 11, 4, 14, 51, 10, 538301, tzinfo=Timezone('UTC')), 'dag_hash': 'e3dd8d0a8c12a9b2fb554ec15cd6bb1f', 'processor_subdir': None}]
(Background on this error at: https://sqlalche.me/e/14/gkpj) (Background on this error at: https://sqlalche.me/e/14/7s2a)
[2023-11-04T14:51:26.217+0000] {logging_mixin.py:151} INFO - [2023-11-04T14:51:26.217+0000] {dag.py:2941} INFO - Sync 1 DAGs
[2023-11-04T14:51:26.219+0000] {processor.py:182} ERROR - Got an exception! Propagating...
Traceback (most recent call last):
  File "/home/airflow/.local/lib/python3.8/site-packages/airflow/dag_processing/processor.py", line 178, in _run_file_processor
    _handle_dag_file_processing()
  File "/home/airflow/.local/lib/python3.8/site-packages/airflow/dag_processing/processor.py", line 159, in _handle_dag_file_processing
    result: tuple[int, int] = dag_file_processor.process_file(
  File "/home/airflow/.local/lib/python3.8/site-packages/airflow/utils/session.py", line 77, in wrapper
    return func(*args, session=session, **kwargs)
  File "/home/airflow/.local/lib/python3.8/site-packages/airflow/dag_processing/processor.py", line 857, in process_file
    serialize_errors = DagFileProcessor.save_dag_to_db(
  File "/home/airflow/.local/lib/python3.8/site-packages/airflow/api_internal/internal_api_call.py", line 114, in wrapper
    return func(*args, **kwargs)
  File "/home/airflow/.local/lib/python3.8/site-packages/airflow/utils/session.py", line 77, in wrapper
    return func(*args, session=session, **kwargs)
  File "/home/airflow/.local/lib/python3.8/site-packages/airflow/dag_processing/processor.py", line 893, in save_dag_to_db
    import_errors = DagBag._sync_to_db(dags=dags, processor_subdir=dag_directory, session=session)
  File "/home/airflow/.local/lib/python3.8/site-packages/airflow/utils/session.py", line 74, in wrapper
    return func(*args, **kwargs)
  File "/home/airflow/.local/lib/python3.8/site-packages/airflow/models/dagbag.py", line 654, in _sync_to_db
    for attempt in run_with_db_retries(logger=log):
  File "/home/airflow/.local/lib/python3.8/site-packages/tenacity/__init__.py", line 347, in __iter__
    do = self.iter(retry_state=retry_state)
  File "/home/airflow/.local/lib/python3.8/site-packages/tenacity/__init__.py", line 314, in iter
    return fut.result()
  File "/usr/local/lib/python3.8/concurrent/futures/_base.py", line 437, in result
    return self.__get_result()
  File "/usr/local/lib/python3.8/concurrent/futures/_base.py", line 389, in __get_result
    raise self._exception
  File "/home/airflow/.local/lib/python3.8/site-packages/airflow/models/dagbag.py", line 668, in _sync_to_db
    DAG.bulk_write_to_db(dags.values(), processor_subdir=processor_subdir, session=session)
  File "/home/airflow/.local/lib/python3.8/site-packages/airflow/utils/session.py", line 74, in wrapper
    return func(*args, **kwargs)
  File "/home/airflow/.local/lib/python3.8/site-packages/airflow/models/dag.py", line 2953, in bulk_write_to_db
    orm_dags: list[DagModel] = session.scalars(query).unique().all()
  File "/home/airflow/.local/lib/python3.8/site-packages/sqlalchemy/orm/session.py", line 1778, in scalars
    return self.execute(
  File "/home/airflow/.local/lib/python3.8/site-packages/sqlalchemy/orm/session.py", line 1716, in execute
    conn = self._connection_for_bind(bind)
  File "/home/airflow/.local/lib/python3.8/site-packages/sqlalchemy/orm/session.py", line 1555, in _connection_for_bind
    return self._transaction._connection_for_bind(
  File "/home/airflow/.local/lib/python3.8/site-packages/sqlalchemy/orm/session.py", line 724, in _connection_for_bind
    self._assert_active()
  File "/home/airflow/.local/lib/python3.8/site-packages/sqlalchemy/orm/session.py", line 604, in _assert_active
    raise sa_exc.PendingRollbackError(
sqlalchemy.exc.PendingRollbackError: This Session's transaction has been rolled back due to a previous exception during flush. To begin a new transaction with this Session, first issue Session.rollback(). Original exception was: (psycopg2.errors.UniqueViolation) duplicate key value violates unique constraint "serialized_dag_pkey"
DETAIL:  Key (dag_id)=(traffic_data) already exists.

[SQL: INSERT INTO serialized_dag (dag_id, fileloc, fileloc_hash, data, data_compressed, last_updated, dag_hash, processor_subdir) VALUES (%(dag_id)s, %(fileloc)s, %(fileloc_hash)s, %(data)s, %(data_compressed)s, %(last_updated)s, %(dag_hash)s, %(processor_subdir)s)]
[parameters: {'dag_id': 'traffic_data', 'fileloc': '/opt/airflow/dags/script2.py', 'fileloc_hash': 48390228255837403, 'data': '{"__version": 1, "dag": {"max_active_runs": 1, "schedule_interval": {"__var": 60.0, "__type": "timedelta"}, "default_args": {"__var": {"owner": "airf ... (2493 characters truncated) ... onOperator", "_task_module": "airflow.operators.python", "_is_empty": false, "op_args": [], "op_kwargs": {}}], "dag_dependencies": [], "params": {}}}', 'data_compressed': None, 'last_updated': datetime.datetime(2023, 11, 4, 14, 51, 10, 538301, tzinfo=Timezone('UTC')), 'dag_hash': 'e3dd8d0a8c12a9b2fb554ec15cd6bb1f', 'processor_subdir': None}]
(Background on this error at: https://sqlalche.me/e/14/gkpj) (Background on this error at: https://sqlalche.me/e/14/7s2a)
[2023-11-04T14:51:56.940+0000] {processor.py:157} INFO - Started process (PID=106) to work on /opt/airflow/dags/script2.py
[2023-11-04T14:51:56.946+0000] {processor.py:829} INFO - Processing file /opt/airflow/dags/script2.py for tasks to queue
[2023-11-04T14:51:56.963+0000] {logging_mixin.py:151} INFO - [2023-11-04T14:51:56.955+0000] {dagbag.py:536} INFO - Filling up the DagBag from /opt/airflow/dags/script2.py
[2023-11-04T14:51:58.462+0000] {processor.py:839} INFO - DAG(s) dict_keys(['traffic_data']) retrieved from /opt/airflow/dags/script2.py
[2023-11-04T14:52:06.794+0000] {logging_mixin.py:151} INFO - [2023-11-04T14:52:06.793+0000] {dag.py:2941} INFO - Sync 1 DAGs
[2023-11-04T14:52:07.858+0000] {processor.py:179} INFO - Processing /opt/airflow/dags/script2.py took 11.039 seconds
[2023-11-04T14:52:38.291+0000] {processor.py:157} INFO - Started process (PID=123) to work on /opt/airflow/dags/script2.py
[2023-11-04T14:52:38.309+0000] {processor.py:829} INFO - Processing file /opt/airflow/dags/script2.py for tasks to queue
[2023-11-04T14:52:38.315+0000] {logging_mixin.py:151} INFO - [2023-11-04T14:52:38.313+0000] {dagbag.py:536} INFO - Filling up the DagBag from /opt/airflow/dags/script2.py
[2023-11-04T14:52:38.781+0000] {processor.py:839} INFO - DAG(s) dict_keys(['traffic_data']) retrieved from /opt/airflow/dags/script2.py
[2023-11-04T14:52:38.864+0000] {logging_mixin.py:151} INFO - [2023-11-04T14:52:38.863+0000] {dag.py:2941} INFO - Sync 1 DAGs
[2023-11-04T14:52:42.858+0000] {logging_mixin.py:151} INFO - [2023-11-04T14:52:42.856+0000] {dag.py:3722} INFO - Setting next_dagrun for traffic_data to 2023-11-04T14:51:42.853877+00:00, run_after=2023-11-04T14:52:42.853877+00:00
[2023-11-04T14:52:43.069+0000] {processor.py:179} INFO - Processing /opt/airflow/dags/script2.py took 4.784 seconds
[2023-11-04T14:53:13.579+0000] {processor.py:157} INFO - Started process (PID=131) to work on /opt/airflow/dags/script2.py
[2023-11-04T14:53:13.591+0000] {processor.py:829} INFO - Processing file /opt/airflow/dags/script2.py for tasks to queue
[2023-11-04T14:53:13.606+0000] {logging_mixin.py:151} INFO - [2023-11-04T14:53:13.600+0000] {dagbag.py:536} INFO - Filling up the DagBag from /opt/airflow/dags/script2.py
[2023-11-04T14:53:14.434+0000] {processor.py:839} INFO - DAG(s) dict_keys(['traffic_data']) retrieved from /opt/airflow/dags/script2.py
[2023-11-04T14:53:19.542+0000] {logging_mixin.py:151} INFO - [2023-11-04T14:53:19.541+0000] {dag.py:2941} INFO - Sync 1 DAGs
[2023-11-04T14:53:19.659+0000] {processor.py:179} INFO - Processing /opt/airflow/dags/script2.py took 6.150 seconds
[2023-11-04T14:53:50.359+0000] {processor.py:157} INFO - Started process (PID=141) to work on /opt/airflow/dags/script2.py
[2023-11-04T14:53:50.370+0000] {processor.py:829} INFO - Processing file /opt/airflow/dags/script2.py for tasks to queue
[2023-11-04T14:53:50.375+0000] {logging_mixin.py:151} INFO - [2023-11-04T14:53:50.372+0000] {dagbag.py:536} INFO - Filling up the DagBag from /opt/airflow/dags/script2.py
[2023-11-04T14:53:50.989+0000] {processor.py:839} INFO - DAG(s) dict_keys(['traffic_data']) retrieved from /opt/airflow/dags/script2.py
[2023-11-04T14:53:51.215+0000] {logging_mixin.py:151} INFO - [2023-11-04T14:53:51.215+0000] {dag.py:2941} INFO - Sync 1 DAGs
[2023-11-04T14:53:51.410+0000] {processor.py:179} INFO - Processing /opt/airflow/dags/script2.py took 1.110 seconds
[2023-11-04T14:54:22.149+0000] {processor.py:157} INFO - Started process (PID=149) to work on /opt/airflow/dags/script2.py
[2023-11-04T14:54:22.162+0000] {processor.py:829} INFO - Processing file /opt/airflow/dags/script2.py for tasks to queue
[2023-11-04T14:54:22.196+0000] {logging_mixin.py:151} INFO - [2023-11-04T14:54:22.179+0000] {dagbag.py:536} INFO - Filling up the DagBag from /opt/airflow/dags/script2.py
[2023-11-04T14:54:23.392+0000] {processor.py:839} INFO - DAG(s) dict_keys(['traffic_data']) retrieved from /opt/airflow/dags/script2.py
[2023-11-04T14:54:27.522+0000] {logging_mixin.py:151} INFO - [2023-11-04T14:54:27.521+0000] {dag.py:2941} INFO - Sync 1 DAGs
[2023-11-04T14:54:27.687+0000] {processor.py:179} INFO - Processing /opt/airflow/dags/script2.py took 5.681 seconds
[2023-11-04T14:54:58.085+0000] {processor.py:157} INFO - Started process (PID=159) to work on /opt/airflow/dags/script2.py
[2023-11-04T14:54:58.091+0000] {processor.py:829} INFO - Processing file /opt/airflow/dags/script2.py for tasks to queue
[2023-11-04T14:54:58.094+0000] {logging_mixin.py:151} INFO - [2023-11-04T14:54:58.092+0000] {dagbag.py:536} INFO - Filling up the DagBag from /opt/airflow/dags/script2.py
[2023-11-04T14:54:58.627+0000] {processor.py:839} INFO - DAG(s) dict_keys(['traffic_data']) retrieved from /opt/airflow/dags/script2.py
[2023-11-04T14:54:58.726+0000] {logging_mixin.py:151} INFO - [2023-11-04T14:54:58.725+0000] {dag.py:2941} INFO - Sync 1 DAGs
[2023-11-04T14:55:08.043+0000] {processor.py:179} INFO - Processing /opt/airflow/dags/script2.py took 9.955 seconds
[2023-11-04T14:55:38.637+0000] {processor.py:157} INFO - Started process (PID=176) to work on /opt/airflow/dags/script2.py
[2023-11-04T14:55:38.641+0000] {processor.py:829} INFO - Processing file /opt/airflow/dags/script2.py for tasks to queue
[2023-11-04T14:55:38.647+0000] {logging_mixin.py:151} INFO - [2023-11-04T14:55:38.644+0000] {dagbag.py:536} INFO - Filling up the DagBag from /opt/airflow/dags/script2.py
[2023-11-04T14:55:39.222+0000] {processor.py:839} INFO - DAG(s) dict_keys(['traffic_data']) retrieved from /opt/airflow/dags/script2.py
[2023-11-04T14:55:40.634+0000] {logging_mixin.py:151} INFO - [2023-11-04T14:55:40.633+0000] {dag.py:2941} INFO - Sync 1 DAGs
[2023-11-04T14:55:40.738+0000] {processor.py:179} INFO - Processing /opt/airflow/dags/script2.py took 2.129 seconds
[2023-11-04T14:56:11.059+0000] {processor.py:157} INFO - Started process (PID=185) to work on /opt/airflow/dags/script2.py
[2023-11-04T14:56:11.064+0000] {processor.py:829} INFO - Processing file /opt/airflow/dags/script2.py for tasks to queue
[2023-11-04T14:56:11.068+0000] {logging_mixin.py:151} INFO - [2023-11-04T14:56:11.065+0000] {dagbag.py:536} INFO - Filling up the DagBag from /opt/airflow/dags/script2.py
[2023-11-04T14:56:11.485+0000] {processor.py:839} INFO - DAG(s) dict_keys(['traffic_data']) retrieved from /opt/airflow/dags/script2.py
[2023-11-04T14:56:12.112+0000] {logging_mixin.py:151} INFO - [2023-11-04T14:56:12.112+0000] {dag.py:2941} INFO - Sync 1 DAGs
[2023-11-04T14:56:12.237+0000] {processor.py:179} INFO - Processing /opt/airflow/dags/script2.py took 1.193 seconds
[2023-11-04T14:56:42.555+0000] {processor.py:157} INFO - Started process (PID=193) to work on /opt/airflow/dags/script2.py
[2023-11-04T14:56:42.558+0000] {processor.py:829} INFO - Processing file /opt/airflow/dags/script2.py for tasks to queue
[2023-11-04T14:56:42.561+0000] {logging_mixin.py:151} INFO - [2023-11-04T14:56:42.559+0000] {dagbag.py:536} INFO - Filling up the DagBag from /opt/airflow/dags/script2.py
[2023-11-04T14:56:43.034+0000] {processor.py:839} INFO - DAG(s) dict_keys(['traffic_data']) retrieved from /opt/airflow/dags/script2.py
[2023-11-04T14:56:43.796+0000] {logging_mixin.py:151} INFO - [2023-11-04T14:56:43.795+0000] {dag.py:2941} INFO - Sync 1 DAGs
[2023-11-04T14:56:43.873+0000] {processor.py:179} INFO - Processing /opt/airflow/dags/script2.py took 1.327 seconds
[2023-11-04T14:57:14.387+0000] {processor.py:157} INFO - Started process (PID=202) to work on /opt/airflow/dags/script2.py
[2023-11-04T14:57:14.397+0000] {processor.py:829} INFO - Processing file /opt/airflow/dags/script2.py for tasks to queue
[2023-11-04T14:57:14.405+0000] {logging_mixin.py:151} INFO - [2023-11-04T14:57:14.400+0000] {dagbag.py:536} INFO - Filling up the DagBag from /opt/airflow/dags/script2.py
[2023-11-04T14:57:15.245+0000] {processor.py:839} INFO - DAG(s) dict_keys(['traffic_data']) retrieved from /opt/airflow/dags/script2.py
[2023-11-04T14:57:15.642+0000] {logging_mixin.py:151} INFO - [2023-11-04T14:57:15.641+0000] {dag.py:2941} INFO - Sync 1 DAGs
[2023-11-04T14:57:15.870+0000] {processor.py:179} INFO - Processing /opt/airflow/dags/script2.py took 1.513 seconds
[2023-11-04T14:57:46.895+0000] {processor.py:157} INFO - Started process (PID=210) to work on /opt/airflow/dags/script2.py
[2023-11-04T14:57:46.904+0000] {processor.py:829} INFO - Processing file /opt/airflow/dags/script2.py for tasks to queue
[2023-11-04T14:57:46.917+0000] {logging_mixin.py:151} INFO - [2023-11-04T14:57:46.909+0000] {dagbag.py:536} INFO - Filling up the DagBag from /opt/airflow/dags/script2.py
[2023-11-04T14:57:47.621+0000] {processor.py:839} INFO - DAG(s) dict_keys(['traffic_data']) retrieved from /opt/airflow/dags/script2.py
[2023-11-04T14:57:50.662+0000] {logging_mixin.py:151} INFO - [2023-11-04T14:57:50.658+0000] {dag.py:2941} INFO - Sync 1 DAGs
[2023-11-04T14:57:50.830+0000] {processor.py:179} INFO - Processing /opt/airflow/dags/script2.py took 3.963 seconds
[2023-11-04T14:58:21.221+0000] {processor.py:157} INFO - Started process (PID=213) to work on /opt/airflow/dags/script2.py
[2023-11-04T14:58:21.236+0000] {processor.py:829} INFO - Processing file /opt/airflow/dags/script2.py for tasks to queue
[2023-11-04T14:58:21.257+0000] {logging_mixin.py:151} INFO - [2023-11-04T14:58:21.241+0000] {dagbag.py:536} INFO - Filling up the DagBag from /opt/airflow/dags/script2.py
[2023-11-04T14:58:22.416+0000] {processor.py:839} INFO - DAG(s) dict_keys(['traffic_data']) retrieved from /opt/airflow/dags/script2.py
[2023-11-04T14:58:39.192+0000] {logging_mixin.py:151} INFO - [2023-11-04T14:58:39.183+0000] {dag.py:2941} INFO - Sync 1 DAGs
[2023-11-04T14:59:11.978+0000] {processor.py:157} INFO - Started process (PID=221) to work on /opt/airflow/dags/script2.py
[2023-11-04T14:59:11.987+0000] {processor.py:829} INFO - Processing file /opt/airflow/dags/script2.py for tasks to queue
[2023-11-04T14:59:12.023+0000] {logging_mixin.py:151} INFO - [2023-11-04T14:59:12.008+0000] {dagbag.py:536} INFO - Filling up the DagBag from /opt/airflow/dags/script2.py
[2023-11-04T14:59:16.991+0000] {processor.py:839} INFO - DAG(s) dict_keys(['traffic_data']) retrieved from /opt/airflow/dags/script2.py
[2023-11-04T14:59:32.633+0000] {logging_mixin.py:151} INFO - [2023-11-04T14:59:32.607+0000] {taskinstance.py:1939} ERROR - {'DAG Id': 'traffic_data', 'Task Id': 'load_data_to_logstash', 'Run Id': 'scheduled__2023-11-04T14:56:46.458888+00:00', 'Hostname': '0616bbdaf328', 'External Executor Id': '4bd578ae-c78d-460d-99a8-d4441d481277'}
[2023-11-04T14:59:33.041+0000] {logging_mixin.py:151} INFO - [2023-11-04T14:59:33.040+0000] {taskinstance.py:1400} INFO - Marking task as UP_FOR_RETRY. dag_id=traffic_data, task_id=load_data_to_logstash, execution_date=20231104T145646, start_date=20231104T145802, end_date=20231104T145932
[2023-11-04T14:59:33.109+0000] {processor.py:790} INFO - Executed failure callback for <TaskInstance: traffic_data.load_data_to_logstash scheduled__2023-11-04T14:56:46.458888+00:00 [up_for_retry]> in state up_for_retry
[2023-11-04T14:59:34.864+0000] {logging_mixin.py:151} INFO - [2023-11-04T14:59:34.864+0000] {dag.py:2941} INFO - Sync 1 DAGs
[2023-11-04T14:59:35.209+0000] {processor.py:179} INFO - Processing /opt/airflow/dags/script2.py took 23.300 seconds
[2023-11-04T15:00:05.792+0000] {processor.py:157} INFO - Started process (PID=230) to work on /opt/airflow/dags/script2.py
[2023-11-04T15:00:05.806+0000] {processor.py:829} INFO - Processing file /opt/airflow/dags/script2.py for tasks to queue
[2023-11-04T15:00:05.822+0000] {logging_mixin.py:151} INFO - [2023-11-04T15:00:05.809+0000] {dagbag.py:536} INFO - Filling up the DagBag from /opt/airflow/dags/script2.py
[2023-11-04T15:00:07.526+0000] {processor.py:839} INFO - DAG(s) dict_keys(['traffic_data']) retrieved from /opt/airflow/dags/script2.py
[2023-11-04T15:00:07.975+0000] {logging_mixin.py:151} INFO - [2023-11-04T15:00:07.973+0000] {taskinstance.py:1939} ERROR - {'DAG Id': 'traffic_data', 'Task Id': 'load_data_to_logstash', 'Run Id': 'scheduled__2023-11-04T14:56:46.458888+00:00', 'Hostname': '0616bbdaf328', 'External Executor Id': '4bd578ae-c78d-460d-99a8-d4441d481277'}
[2023-11-04T15:00:08.280+0000] {logging_mixin.py:151} INFO - [2023-11-04T15:00:08.276+0000] {taskinstance.py:1400} INFO - Marking task as FAILED. dag_id=traffic_data, task_id=load_data_to_logstash, execution_date=20231104T145646, start_date=20231104T145802, end_date=20231104T150008
[2023-11-04T15:00:08.429+0000] {processor.py:790} INFO - Executed failure callback for <TaskInstance: traffic_data.load_data_to_logstash scheduled__2023-11-04T14:56:46.458888+00:00 [failed]> in state failed
[2023-11-04T15:00:08.443+0000] {logging_mixin.py:151} INFO - [2023-11-04T15:00:08.441+0000] {taskinstance.py:1939} ERROR - {'DAG Id': 'traffic_data', 'Task Id': 'load_data_to_logstash', 'Run Id': 'scheduled__2023-11-04T14:56:46.458888+00:00', 'Hostname': '0616bbdaf328', 'External Executor Id': '4bd578ae-c78d-460d-99a8-d4441d481277'}
[2023-11-04T15:00:08.469+0000] {logging_mixin.py:151} INFO - [2023-11-04T15:00:08.468+0000] {taskinstance.py:1400} INFO - Marking task as FAILED. dag_id=traffic_data, task_id=load_data_to_logstash, execution_date=20231104T145646, start_date=20231104T145802, end_date=20231104T150008
[2023-11-04T15:00:08.488+0000] {processor.py:790} INFO - Executed failure callback for <TaskInstance: traffic_data.load_data_to_logstash scheduled__2023-11-04T14:56:46.458888+00:00 [failed]> in state failed
[2023-11-04T15:00:08.883+0000] {logging_mixin.py:151} INFO - [2023-11-04T15:00:08.880+0000] {dag.py:2941} INFO - Sync 1 DAGs
[2023-11-04T15:00:19.760+0000] {processor.py:179} INFO - Processing /opt/airflow/dags/script2.py took 14.071 seconds
[2023-11-04T15:00:50.630+0000] {processor.py:157} INFO - Started process (PID=245) to work on /opt/airflow/dags/script2.py
[2023-11-04T15:00:50.645+0000] {processor.py:829} INFO - Processing file /opt/airflow/dags/script2.py for tasks to queue
[2023-11-04T15:00:50.667+0000] {logging_mixin.py:151} INFO - [2023-11-04T15:00:50.658+0000] {dagbag.py:536} INFO - Filling up the DagBag from /opt/airflow/dags/script2.py
[2023-11-04T15:00:54.892+0000] {processor.py:839} INFO - DAG(s) dict_keys(['traffic_data']) retrieved from /opt/airflow/dags/script2.py
[2023-11-04T15:01:12.969+0000] {logging_mixin.py:151} INFO - [2023-11-04T15:01:12.961+0000] {dag.py:2941} INFO - Sync 1 DAGs
[2023-11-04T15:01:13.357+0000] {processor.py:179} INFO - Processing /opt/airflow/dags/script2.py took 22.905 seconds
[2023-11-04T15:01:45.982+0000] {processor.py:157} INFO - Started process (PID=255) to work on /opt/airflow/dags/script2.py
[2023-11-04T15:01:45.992+0000] {processor.py:829} INFO - Processing file /opt/airflow/dags/script2.py for tasks to queue
[2023-11-04T15:01:45.891+0000] {logging_mixin.py:151} INFO - [2023-11-04T15:01:45.998+0000] {dagbag.py:536} INFO - Filling up the DagBag from /opt/airflow/dags/script2.py
[2023-11-04T15:01:46.895+0000] {processor.py:839} INFO - DAG(s) dict_keys(['traffic_data']) retrieved from /opt/airflow/dags/script2.py
[2023-11-04T15:02:09.522+0000] {logging_mixin.py:151} INFO - [2023-11-04T15:02:09.521+0000] {dag.py:2941} INFO - Sync 1 DAGs
[2023-11-04T15:02:09.972+0000] {processor.py:179} INFO - Processing /opt/airflow/dags/script2.py took 25.888 seconds
[2023-11-04T15:02:40.661+0000] {processor.py:157} INFO - Started process (PID=270) to work on /opt/airflow/dags/script2.py
[2023-11-04T15:02:40.673+0000] {processor.py:829} INFO - Processing file /opt/airflow/dags/script2.py for tasks to queue
[2023-11-04T15:02:40.706+0000] {logging_mixin.py:151} INFO - [2023-11-04T15:02:40.691+0000] {dagbag.py:536} INFO - Filling up the DagBag from /opt/airflow/dags/script2.py
[2023-11-04T15:02:43.285+0000] {processor.py:839} INFO - DAG(s) dict_keys(['traffic_data']) retrieved from /opt/airflow/dags/script2.py
[2023-11-04T15:02:46.587+0000] {logging_mixin.py:151} INFO - [2023-11-04T15:02:46.586+0000] {dag.py:2941} INFO - Sync 1 DAGs
[2023-11-04T15:02:46.685+0000] {processor.py:179} INFO - Processing /opt/airflow/dags/script2.py took 6.148 seconds
[2023-11-04T15:03:16.841+0000] {processor.py:157} INFO - Started process (PID=280) to work on /opt/airflow/dags/script2.py
[2023-11-04T15:03:16.842+0000] {processor.py:829} INFO - Processing file /opt/airflow/dags/script2.py for tasks to queue
[2023-11-04T15:03:16.844+0000] {logging_mixin.py:151} INFO - [2023-11-04T15:03:16.843+0000] {dagbag.py:536} INFO - Filling up the DagBag from /opt/airflow/dags/script2.py
[2023-11-04T15:03:17.012+0000] {processor.py:839} INFO - DAG(s) dict_keys(['traffic_data']) retrieved from /opt/airflow/dags/script2.py
[2023-11-04T15:03:17.032+0000] {logging_mixin.py:151} INFO - [2023-11-04T15:03:17.031+0000] {dag.py:2941} INFO - Sync 1 DAGs
[2023-11-04T15:03:17.112+0000] {processor.py:179} INFO - Processing /opt/airflow/dags/script2.py took 0.276 seconds
[2023-11-04T15:03:47.300+0000] {processor.py:157} INFO - Started process (PID=289) to work on /opt/airflow/dags/script2.py
[2023-11-04T15:03:47.301+0000] {processor.py:829} INFO - Processing file /opt/airflow/dags/script2.py for tasks to queue
[2023-11-04T15:03:47.302+0000] {logging_mixin.py:151} INFO - [2023-11-04T15:03:47.302+0000] {dagbag.py:536} INFO - Filling up the DagBag from /opt/airflow/dags/script2.py
[2023-11-04T15:03:47.475+0000] {processor.py:839} INFO - DAG(s) dict_keys(['traffic_data']) retrieved from /opt/airflow/dags/script2.py
[2023-11-04T15:03:47.945+0000] {logging_mixin.py:151} INFO - [2023-11-04T15:03:47.944+0000] {dag.py:2941} INFO - Sync 1 DAGs
[2023-11-04T15:03:48.035+0000] {processor.py:179} INFO - Processing /opt/airflow/dags/script2.py took 0.739 seconds
[2023-11-04T15:04:18.229+0000] {processor.py:157} INFO - Started process (PID=298) to work on /opt/airflow/dags/script2.py
[2023-11-04T15:04:18.231+0000] {processor.py:829} INFO - Processing file /opt/airflow/dags/script2.py for tasks to queue
[2023-11-04T15:04:18.232+0000] {logging_mixin.py:151} INFO - [2023-11-04T15:04:18.231+0000] {dagbag.py:536} INFO - Filling up the DagBag from /opt/airflow/dags/script2.py
[2023-11-04T15:04:18.364+0000] {processor.py:839} INFO - DAG(s) dict_keys(['traffic_data']) retrieved from /opt/airflow/dags/script2.py
[2023-11-04T15:04:18.582+0000] {logging_mixin.py:151} INFO - [2023-11-04T15:04:18.582+0000] {dag.py:2941} INFO - Sync 1 DAGs
[2023-11-04T15:04:18.645+0000] {processor.py:179} INFO - Processing /opt/airflow/dags/script2.py took 0.420 seconds
[2023-11-04T15:04:48.869+0000] {processor.py:157} INFO - Started process (PID=307) to work on /opt/airflow/dags/script2.py
[2023-11-04T15:04:48.870+0000] {processor.py:829} INFO - Processing file /opt/airflow/dags/script2.py for tasks to queue
[2023-11-04T15:04:48.871+0000] {logging_mixin.py:151} INFO - [2023-11-04T15:04:48.871+0000] {dagbag.py:536} INFO - Filling up the DagBag from /opt/airflow/dags/script2.py
[2023-11-04T15:04:49.353+0000] {processor.py:839} INFO - DAG(s) dict_keys(['traffic_data']) retrieved from /opt/airflow/dags/script2.py
[2023-11-04T15:04:49.368+0000] {logging_mixin.py:151} INFO - [2023-11-04T15:04:49.368+0000] {dag.py:2941} INFO - Sync 1 DAGs
[2023-11-04T15:04:49.442+0000] {processor.py:179} INFO - Processing /opt/airflow/dags/script2.py took 0.576 seconds
[2023-11-04T15:05:19.630+0000] {processor.py:157} INFO - Started process (PID=316) to work on /opt/airflow/dags/script2.py
[2023-11-04T15:05:19.631+0000] {processor.py:829} INFO - Processing file /opt/airflow/dags/script2.py for tasks to queue
[2023-11-04T15:05:19.633+0000] {logging_mixin.py:151} INFO - [2023-11-04T15:05:19.632+0000] {dagbag.py:536} INFO - Filling up the DagBag from /opt/airflow/dags/script2.py
[2023-11-04T15:05:19.767+0000] {processor.py:839} INFO - DAG(s) dict_keys(['traffic_data']) retrieved from /opt/airflow/dags/script2.py
[2023-11-04T15:05:20.103+0000] {logging_mixin.py:151} INFO - [2023-11-04T15:05:20.103+0000] {dag.py:2941} INFO - Sync 1 DAGs
[2023-11-04T15:05:20.162+0000] {processor.py:179} INFO - Processing /opt/airflow/dags/script2.py took 0.536 seconds
[2023-11-04T15:05:50.851+0000] {processor.py:157} INFO - Started process (PID=325) to work on /opt/airflow/dags/script2.py
[2023-11-04T15:05:50.852+0000] {processor.py:829} INFO - Processing file /opt/airflow/dags/script2.py for tasks to queue
[2023-11-04T15:05:50.853+0000] {logging_mixin.py:151} INFO - [2023-11-04T15:05:50.853+0000] {dagbag.py:536} INFO - Filling up the DagBag from /opt/airflow/dags/script2.py
[2023-11-04T15:05:51.008+0000] {processor.py:839} INFO - DAG(s) dict_keys(['traffic_data']) retrieved from /opt/airflow/dags/script2.py
[2023-11-04T15:05:51.048+0000] {logging_mixin.py:151} INFO - [2023-11-04T15:05:51.048+0000] {dag.py:2941} INFO - Sync 1 DAGs
[2023-11-04T15:05:51.115+0000] {processor.py:179} INFO - Processing /opt/airflow/dags/script2.py took 0.268 seconds
[2023-11-04T15:06:21.293+0000] {processor.py:157} INFO - Started process (PID=341) to work on /opt/airflow/dags/script2.py
[2023-11-04T15:06:21.294+0000] {processor.py:829} INFO - Processing file /opt/airflow/dags/script2.py for tasks to queue
[2023-11-04T15:06:21.296+0000] {logging_mixin.py:151} INFO - [2023-11-04T15:06:21.295+0000] {dagbag.py:536} INFO - Filling up the DagBag from /opt/airflow/dags/script2.py
[2023-11-04T15:06:21.438+0000] {processor.py:839} INFO - DAG(s) dict_keys(['traffic_data']) retrieved from /opt/airflow/dags/script2.py
[2023-11-04T15:06:21.457+0000] {logging_mixin.py:151} INFO - [2023-11-04T15:06:21.457+0000] {dag.py:2941} INFO - Sync 1 DAGs
[2023-11-04T15:06:21.539+0000] {processor.py:179} INFO - Processing /opt/airflow/dags/script2.py took 0.251 seconds
[2023-11-04T15:06:51.719+0000] {processor.py:157} INFO - Started process (PID=350) to work on /opt/airflow/dags/script2.py
[2023-11-04T15:06:51.720+0000] {processor.py:829} INFO - Processing file /opt/airflow/dags/script2.py for tasks to queue
[2023-11-04T15:06:51.721+0000] {logging_mixin.py:151} INFO - [2023-11-04T15:06:51.721+0000] {dagbag.py:536} INFO - Filling up the DagBag from /opt/airflow/dags/script2.py
[2023-11-04T15:06:51.884+0000] {processor.py:839} INFO - DAG(s) dict_keys(['traffic_data']) retrieved from /opt/airflow/dags/script2.py
[2023-11-04T15:06:52.238+0000] {logging_mixin.py:151} INFO - [2023-11-04T15:06:52.238+0000] {dag.py:2941} INFO - Sync 1 DAGs
[2023-11-04T15:06:52.297+0000] {processor.py:179} INFO - Processing /opt/airflow/dags/script2.py took 0.581 seconds
[2023-11-04T15:07:22.512+0000] {processor.py:157} INFO - Started process (PID=359) to work on /opt/airflow/dags/script2.py
[2023-11-04T15:07:22.514+0000] {processor.py:829} INFO - Processing file /opt/airflow/dags/script2.py for tasks to queue
[2023-11-04T15:07:22.516+0000] {logging_mixin.py:151} INFO - [2023-11-04T15:07:22.515+0000] {dagbag.py:536} INFO - Filling up the DagBag from /opt/airflow/dags/script2.py
[2023-11-04T15:07:22.815+0000] {processor.py:839} INFO - DAG(s) dict_keys(['traffic_data']) retrieved from /opt/airflow/dags/script2.py
[2023-11-04T15:07:23.321+0000] {logging_mixin.py:151} INFO - [2023-11-04T15:07:23.320+0000] {dag.py:2941} INFO - Sync 1 DAGs
[2023-11-04T15:07:23.411+0000] {processor.py:179} INFO - Processing /opt/airflow/dags/script2.py took 0.906 seconds
[2023-11-04T15:07:54.222+0000] {processor.py:157} INFO - Started process (PID=368) to work on /opt/airflow/dags/script2.py
[2023-11-04T15:07:54.223+0000] {processor.py:829} INFO - Processing file /opt/airflow/dags/script2.py for tasks to queue
[2023-11-04T15:07:54.224+0000] {logging_mixin.py:151} INFO - [2023-11-04T15:07:54.223+0000] {dagbag.py:536} INFO - Filling up the DagBag from /opt/airflow/dags/script2.py
[2023-11-04T15:07:54.558+0000] {processor.py:839} INFO - DAG(s) dict_keys(['traffic_data']) retrieved from /opt/airflow/dags/script2.py
[2023-11-04T15:07:54.574+0000] {logging_mixin.py:151} INFO - [2023-11-04T15:07:54.574+0000] {dag.py:2941} INFO - Sync 1 DAGs
[2023-11-04T15:07:54.627+0000] {processor.py:179} INFO - Processing /opt/airflow/dags/script2.py took 0.410 seconds
[2023-11-04T15:08:24.858+0000] {processor.py:157} INFO - Started process (PID=378) to work on /opt/airflow/dags/script2.py
[2023-11-04T15:08:24.859+0000] {processor.py:829} INFO - Processing file /opt/airflow/dags/script2.py for tasks to queue
[2023-11-04T15:08:24.861+0000] {logging_mixin.py:151} INFO - [2023-11-04T15:08:24.860+0000] {dagbag.py:536} INFO - Filling up the DagBag from /opt/airflow/dags/script2.py
[2023-11-04T15:08:25.153+0000] {processor.py:839} INFO - DAG(s) dict_keys(['traffic_data']) retrieved from /opt/airflow/dags/script2.py
[2023-11-04T15:08:25.626+0000] {logging_mixin.py:151} INFO - [2023-11-04T15:08:25.626+0000] {dag.py:2941} INFO - Sync 1 DAGs
[2023-11-04T15:08:25.769+0000] {processor.py:179} INFO - Processing /opt/airflow/dags/script2.py took 0.916 seconds
[2023-11-04T15:08:56.081+0000] {processor.py:157} INFO - Started process (PID=387) to work on /opt/airflow/dags/script2.py
[2023-11-04T15:08:56.083+0000] {processor.py:829} INFO - Processing file /opt/airflow/dags/script2.py for tasks to queue
[2023-11-04T15:08:56.084+0000] {logging_mixin.py:151} INFO - [2023-11-04T15:08:56.084+0000] {dagbag.py:536} INFO - Filling up the DagBag from /opt/airflow/dags/script2.py
[2023-11-04T15:08:56.280+0000] {processor.py:839} INFO - DAG(s) dict_keys(['traffic_data']) retrieved from /opt/airflow/dags/script2.py
[2023-11-04T15:08:56.322+0000] {logging_mixin.py:151} INFO - [2023-11-04T15:08:56.322+0000] {dag.py:2941} INFO - Sync 1 DAGs
[2023-11-04T15:08:56.603+0000] {processor.py:179} INFO - Processing /opt/airflow/dags/script2.py took 0.527 seconds
[2023-11-04T15:09:26.816+0000] {processor.py:157} INFO - Started process (PID=396) to work on /opt/airflow/dags/script2.py
[2023-11-04T15:09:26.817+0000] {processor.py:829} INFO - Processing file /opt/airflow/dags/script2.py for tasks to queue
[2023-11-04T15:09:26.818+0000] {logging_mixin.py:151} INFO - [2023-11-04T15:09:26.818+0000] {dagbag.py:536} INFO - Filling up the DagBag from /opt/airflow/dags/script2.py
[2023-11-04T15:09:26.980+0000] {processor.py:839} INFO - DAG(s) dict_keys(['traffic_data']) retrieved from /opt/airflow/dags/script2.py
[2023-11-04T15:09:27.000+0000] {logging_mixin.py:151} INFO - [2023-11-04T15:09:27.000+0000] {dag.py:2941} INFO - Sync 1 DAGs
[2023-11-04T15:09:27.290+0000] {processor.py:179} INFO - Processing /opt/airflow/dags/script2.py took 0.480 seconds
[2023-11-04T15:09:57.489+0000] {processor.py:157} INFO - Started process (PID=405) to work on /opt/airflow/dags/script2.py
[2023-11-04T15:09:57.492+0000] {processor.py:829} INFO - Processing file /opt/airflow/dags/script2.py for tasks to queue
[2023-11-04T15:09:57.493+0000] {logging_mixin.py:151} INFO - [2023-11-04T15:09:57.492+0000] {dagbag.py:536} INFO - Filling up the DagBag from /opt/airflow/dags/script2.py
[2023-11-04T15:09:57.621+0000] {processor.py:839} INFO - DAG(s) dict_keys(['traffic_data']) retrieved from /opt/airflow/dags/script2.py
[2023-11-04T15:09:57.949+0000] {logging_mixin.py:151} INFO - [2023-11-04T15:09:57.949+0000] {dag.py:2941} INFO - Sync 1 DAGs
[2023-11-04T15:09:58.009+0000] {processor.py:179} INFO - Processing /opt/airflow/dags/script2.py took 0.524 seconds
[2023-11-04T15:10:28.192+0000] {processor.py:157} INFO - Started process (PID=414) to work on /opt/airflow/dags/script2.py
[2023-11-04T15:10:28.193+0000] {processor.py:829} INFO - Processing file /opt/airflow/dags/script2.py for tasks to queue
[2023-11-04T15:10:28.194+0000] {logging_mixin.py:151} INFO - [2023-11-04T15:10:28.194+0000] {dagbag.py:536} INFO - Filling up the DagBag from /opt/airflow/dags/script2.py
[2023-11-04T15:10:28.483+0000] {processor.py:839} INFO - DAG(s) dict_keys(['traffic_data']) retrieved from /opt/airflow/dags/script2.py
[2023-11-04T15:10:28.511+0000] {logging_mixin.py:151} INFO - [2023-11-04T15:10:28.511+0000] {dag.py:2941} INFO - Sync 1 DAGs
[2023-11-04T15:10:28.569+0000] {processor.py:179} INFO - Processing /opt/airflow/dags/script2.py took 0.380 seconds
[2023-11-04T15:10:58.743+0000] {processor.py:157} INFO - Started process (PID=423) to work on /opt/airflow/dags/script2.py
[2023-11-04T15:10:58.745+0000] {processor.py:829} INFO - Processing file /opt/airflow/dags/script2.py for tasks to queue
[2023-11-04T15:10:58.746+0000] {logging_mixin.py:151} INFO - [2023-11-04T15:10:58.746+0000] {dagbag.py:536} INFO - Filling up the DagBag from /opt/airflow/dags/script2.py
[2023-11-04T15:10:58.875+0000] {processor.py:839} INFO - DAG(s) dict_keys(['traffic_data']) retrieved from /opt/airflow/dags/script2.py
[2023-11-04T15:10:58.894+0000] {logging_mixin.py:151} INFO - [2023-11-04T15:10:58.894+0000] {dag.py:2941} INFO - Sync 1 DAGs
[2023-11-04T15:10:58.984+0000] {processor.py:179} INFO - Processing /opt/airflow/dags/script2.py took 0.246 seconds
[2023-11-04T15:11:29.169+0000] {processor.py:157} INFO - Started process (PID=432) to work on /opt/airflow/dags/script2.py
[2023-11-04T15:11:29.170+0000] {processor.py:829} INFO - Processing file /opt/airflow/dags/script2.py for tasks to queue
[2023-11-04T15:11:29.171+0000] {logging_mixin.py:151} INFO - [2023-11-04T15:11:29.171+0000] {dagbag.py:536} INFO - Filling up the DagBag from /opt/airflow/dags/script2.py
[2023-11-04T15:11:29.324+0000] {processor.py:839} INFO - DAG(s) dict_keys(['traffic_data']) retrieved from /opt/airflow/dags/script2.py
[2023-11-04T15:11:29.635+0000] {logging_mixin.py:151} INFO - [2023-11-04T15:11:29.635+0000] {dag.py:2941} INFO - Sync 1 DAGs
[2023-11-04T15:11:29.693+0000] {processor.py:179} INFO - Processing /opt/airflow/dags/script2.py took 0.530 seconds
[2023-11-04T15:11:59.876+0000] {processor.py:157} INFO - Started process (PID=441) to work on /opt/airflow/dags/script2.py
[2023-11-04T15:11:59.877+0000] {processor.py:829} INFO - Processing file /opt/airflow/dags/script2.py for tasks to queue
[2023-11-04T15:11:59.878+0000] {logging_mixin.py:151} INFO - [2023-11-04T15:11:59.878+0000] {dagbag.py:536} INFO - Filling up the DagBag from /opt/airflow/dags/script2.py
[2023-11-04T15:12:00.010+0000] {processor.py:839} INFO - DAG(s) dict_keys(['traffic_data']) retrieved from /opt/airflow/dags/script2.py
[2023-11-04T15:12:00.052+0000] {logging_mixin.py:151} INFO - [2023-11-04T15:12:00.052+0000] {dag.py:2941} INFO - Sync 1 DAGs
[2023-11-04T15:12:00.284+0000] {processor.py:179} INFO - Processing /opt/airflow/dags/script2.py took 0.413 seconds
[2023-11-04T15:12:30.460+0000] {processor.py:157} INFO - Started process (PID=450) to work on /opt/airflow/dags/script2.py
[2023-11-04T15:12:30.461+0000] {processor.py:829} INFO - Processing file /opt/airflow/dags/script2.py for tasks to queue
[2023-11-04T15:12:30.462+0000] {logging_mixin.py:151} INFO - [2023-11-04T15:12:30.462+0000] {dagbag.py:536} INFO - Filling up the DagBag from /opt/airflow/dags/script2.py
[2023-11-04T15:12:30.600+0000] {processor.py:839} INFO - DAG(s) dict_keys(['traffic_data']) retrieved from /opt/airflow/dags/script2.py
[2023-11-04T15:12:30.620+0000] {logging_mixin.py:151} INFO - [2023-11-04T15:12:30.620+0000] {dag.py:2941} INFO - Sync 1 DAGs
[2023-11-04T15:12:30.881+0000] {logging_mixin.py:151} INFO - [2023-11-04T15:12:30.881+0000] {dag.py:3722} INFO - Setting next_dagrun for traffic_data to 2023-11-04T15:11:30.880471+00:00, run_after=2023-11-04T15:12:30.880471+00:00
[2023-11-04T15:12:30.914+0000] {processor.py:179} INFO - Processing /opt/airflow/dags/script2.py took 0.459 seconds
[2023-11-04T15:13:01.114+0000] {processor.py:157} INFO - Started process (PID=459) to work on /opt/airflow/dags/script2.py
[2023-11-04T15:13:01.115+0000] {processor.py:829} INFO - Processing file /opt/airflow/dags/script2.py for tasks to queue
[2023-11-04T15:13:01.116+0000] {logging_mixin.py:151} INFO - [2023-11-04T15:13:01.116+0000] {dagbag.py:536} INFO - Filling up the DagBag from /opt/airflow/dags/script2.py
[2023-11-04T15:13:01.242+0000] {processor.py:839} INFO - DAG(s) dict_keys(['traffic_data']) retrieved from /opt/airflow/dags/script2.py
[2023-11-04T15:13:01.538+0000] {logging_mixin.py:151} INFO - [2023-11-04T15:13:01.538+0000] {dag.py:2941} INFO - Sync 1 DAGs
[2023-11-04T15:13:01.589+0000] {processor.py:179} INFO - Processing /opt/airflow/dags/script2.py took 0.480 seconds
[2023-11-04T15:13:31.766+0000] {processor.py:157} INFO - Started process (PID=468) to work on /opt/airflow/dags/script2.py
[2023-11-04T15:13:31.766+0000] {processor.py:829} INFO - Processing file /opt/airflow/dags/script2.py for tasks to queue
[2023-11-04T15:13:31.767+0000] {logging_mixin.py:151} INFO - [2023-11-04T15:13:31.767+0000] {dagbag.py:536} INFO - Filling up the DagBag from /opt/airflow/dags/script2.py
[2023-11-04T15:13:31.892+0000] {processor.py:839} INFO - DAG(s) dict_keys(['traffic_data']) retrieved from /opt/airflow/dags/script2.py
[2023-11-04T15:13:31.930+0000] {logging_mixin.py:151} INFO - [2023-11-04T15:13:31.929+0000] {dag.py:2941} INFO - Sync 1 DAGs
[2023-11-04T15:13:31.989+0000] {processor.py:179} INFO - Processing /opt/airflow/dags/script2.py took 0.228 seconds
[2023-11-04T15:14:02.215+0000] {processor.py:157} INFO - Started process (PID=477) to work on /opt/airflow/dags/script2.py
[2023-11-04T15:14:02.216+0000] {processor.py:829} INFO - Processing file /opt/airflow/dags/script2.py for tasks to queue
[2023-11-04T15:14:02.217+0000] {logging_mixin.py:151} INFO - [2023-11-04T15:14:02.217+0000] {dagbag.py:536} INFO - Filling up the DagBag from /opt/airflow/dags/script2.py
[2023-11-04T15:14:02.439+0000] {processor.py:839} INFO - DAG(s) dict_keys(['traffic_data']) retrieved from /opt/airflow/dags/script2.py
[2023-11-04T15:14:02.461+0000] {logging_mixin.py:151} INFO - [2023-11-04T15:14:02.460+0000] {dag.py:2941} INFO - Sync 1 DAGs
[2023-11-04T15:14:02.541+0000] {processor.py:179} INFO - Processing /opt/airflow/dags/script2.py took 0.332 seconds
[2023-11-04T15:14:32.718+0000] {processor.py:157} INFO - Started process (PID=486) to work on /opt/airflow/dags/script2.py
[2023-11-04T15:14:32.720+0000] {processor.py:829} INFO - Processing file /opt/airflow/dags/script2.py for tasks to queue
[2023-11-04T15:14:32.721+0000] {logging_mixin.py:151} INFO - [2023-11-04T15:14:32.721+0000] {dagbag.py:536} INFO - Filling up the DagBag from /opt/airflow/dags/script2.py
[2023-11-04T15:14:32.846+0000] {processor.py:839} INFO - DAG(s) dict_keys(['traffic_data']) retrieved from /opt/airflow/dags/script2.py
[2023-11-04T15:14:33.143+0000] {logging_mixin.py:151} INFO - [2023-11-04T15:14:33.143+0000] {dag.py:2941} INFO - Sync 1 DAGs
[2023-11-04T15:14:33.201+0000] {processor.py:179} INFO - Processing /opt/airflow/dags/script2.py took 0.486 seconds
[2023-11-04T15:15:03.398+0000] {processor.py:157} INFO - Started process (PID=495) to work on /opt/airflow/dags/script2.py
[2023-11-04T15:15:03.399+0000] {processor.py:829} INFO - Processing file /opt/airflow/dags/script2.py for tasks to queue
[2023-11-04T15:15:03.400+0000] {logging_mixin.py:151} INFO - [2023-11-04T15:15:03.399+0000] {dagbag.py:536} INFO - Filling up the DagBag from /opt/airflow/dags/script2.py
[2023-11-04T15:15:03.529+0000] {processor.py:839} INFO - DAG(s) dict_keys(['traffic_data']) retrieved from /opt/airflow/dags/script2.py
[2023-11-04T15:15:03.564+0000] {logging_mixin.py:151} INFO - [2023-11-04T15:15:03.563+0000] {dag.py:2941} INFO - Sync 1 DAGs
[2023-11-04T15:15:03.789+0000] {processor.py:179} INFO - Processing /opt/airflow/dags/script2.py took 0.395 seconds
[2023-11-04T15:15:33.972+0000] {processor.py:157} INFO - Started process (PID=505) to work on /opt/airflow/dags/script2.py
[2023-11-04T15:15:33.973+0000] {processor.py:829} INFO - Processing file /opt/airflow/dags/script2.py for tasks to queue
[2023-11-04T15:15:33.974+0000] {logging_mixin.py:151} INFO - [2023-11-04T15:15:33.974+0000] {dagbag.py:536} INFO - Filling up the DagBag from /opt/airflow/dags/script2.py
[2023-11-04T15:15:34.109+0000] {processor.py:839} INFO - DAG(s) dict_keys(['traffic_data']) retrieved from /opt/airflow/dags/script2.py
[2023-11-04T15:15:34.126+0000] {logging_mixin.py:151} INFO - [2023-11-04T15:15:34.126+0000] {dag.py:2941} INFO - Sync 1 DAGs
[2023-11-04T15:15:34.345+0000] {processor.py:179} INFO - Processing /opt/airflow/dags/script2.py took 0.378 seconds
[2023-11-04T15:16:04.522+0000] {processor.py:157} INFO - Started process (PID=514) to work on /opt/airflow/dags/script2.py
[2023-11-04T15:16:04.522+0000] {processor.py:829} INFO - Processing file /opt/airflow/dags/script2.py for tasks to queue
[2023-11-04T15:16:04.524+0000] {logging_mixin.py:151} INFO - [2023-11-04T15:16:04.523+0000] {dagbag.py:536} INFO - Filling up the DagBag from /opt/airflow/dags/script2.py
[2023-11-04T15:16:04.838+0000] {processor.py:839} INFO - DAG(s) dict_keys(['traffic_data']) retrieved from /opt/airflow/dags/script2.py
[2023-11-04T15:16:05.003+0000] {logging_mixin.py:151} INFO - [2023-11-04T15:16:05.003+0000] {dag.py:2941} INFO - Sync 1 DAGs
[2023-11-04T15:16:05.067+0000] {processor.py:179} INFO - Processing /opt/airflow/dags/script2.py took 0.550 seconds
[2023-11-04T15:16:35.213+0000] {processor.py:157} INFO - Started process (PID=523) to work on /opt/airflow/dags/script2.py
[2023-11-04T15:16:35.215+0000] {processor.py:829} INFO - Processing file /opt/airflow/dags/script2.py for tasks to queue
[2023-11-04T15:16:35.216+0000] {logging_mixin.py:151} INFO - [2023-11-04T15:16:35.216+0000] {dagbag.py:536} INFO - Filling up the DagBag from /opt/airflow/dags/script2.py
[2023-11-04T15:16:35.382+0000] {processor.py:839} INFO - DAG(s) dict_keys(['traffic_data']) retrieved from /opt/airflow/dags/script2.py
[2023-11-04T15:16:35.421+0000] {logging_mixin.py:151} INFO - [2023-11-04T15:16:35.421+0000] {dag.py:2941} INFO - Sync 1 DAGs
[2023-11-04T15:16:35.490+0000] {processor.py:179} INFO - Processing /opt/airflow/dags/script2.py took 0.282 seconds
[2023-11-04T15:17:05.676+0000] {processor.py:157} INFO - Started process (PID=532) to work on /opt/airflow/dags/script2.py
[2023-11-04T15:17:05.677+0000] {processor.py:829} INFO - Processing file /opt/airflow/dags/script2.py for tasks to queue
[2023-11-04T15:17:05.678+0000] {logging_mixin.py:151} INFO - [2023-11-04T15:17:05.677+0000] {dagbag.py:536} INFO - Filling up the DagBag from /opt/airflow/dags/script2.py
[2023-11-04T15:17:05.816+0000] {processor.py:839} INFO - DAG(s) dict_keys(['traffic_data']) retrieved from /opt/airflow/dags/script2.py
[2023-11-04T15:17:05.837+0000] {logging_mixin.py:151} INFO - [2023-11-04T15:17:05.837+0000] {dag.py:2941} INFO - Sync 1 DAGs
[2023-11-04T15:17:05.900+0000] {processor.py:179} INFO - Processing /opt/airflow/dags/script2.py took 0.231 seconds
[2023-11-04T15:17:36.076+0000] {processor.py:157} INFO - Started process (PID=541) to work on /opt/airflow/dags/script2.py
[2023-11-04T15:17:36.077+0000] {processor.py:829} INFO - Processing file /opt/airflow/dags/script2.py for tasks to queue
[2023-11-04T15:17:36.079+0000] {logging_mixin.py:151} INFO - [2023-11-04T15:17:36.078+0000] {dagbag.py:536} INFO - Filling up the DagBag from /opt/airflow/dags/script2.py
[2023-11-04T15:17:36.220+0000] {processor.py:839} INFO - DAG(s) dict_keys(['traffic_data']) retrieved from /opt/airflow/dags/script2.py
[2023-11-04T15:17:36.538+0000] {logging_mixin.py:151} INFO - [2023-11-04T15:17:36.537+0000] {dag.py:2941} INFO - Sync 1 DAGs
[2023-11-04T15:17:36.597+0000] {processor.py:179} INFO - Processing /opt/airflow/dags/script2.py took 0.526 seconds
[2023-11-04T15:18:06.772+0000] {processor.py:157} INFO - Started process (PID=550) to work on /opt/airflow/dags/script2.py
[2023-11-04T15:18:06.773+0000] {processor.py:829} INFO - Processing file /opt/airflow/dags/script2.py for tasks to queue
[2023-11-04T15:18:06.774+0000] {logging_mixin.py:151} INFO - [2023-11-04T15:18:06.774+0000] {dagbag.py:536} INFO - Filling up the DagBag from /opt/airflow/dags/script2.py
[2023-11-04T15:18:06.899+0000] {processor.py:839} INFO - DAG(s) dict_keys(['traffic_data']) retrieved from /opt/airflow/dags/script2.py
[2023-11-04T15:18:07.109+0000] {logging_mixin.py:151} INFO - [2023-11-04T15:18:07.109+0000] {dag.py:2941} INFO - Sync 1 DAGs
[2023-11-04T15:18:07.170+0000] {processor.py:179} INFO - Processing /opt/airflow/dags/script2.py took 0.402 seconds
[2023-11-04T15:18:37.342+0000] {processor.py:157} INFO - Started process (PID=559) to work on /opt/airflow/dags/script2.py
[2023-11-04T15:18:37.344+0000] {processor.py:829} INFO - Processing file /opt/airflow/dags/script2.py for tasks to queue
[2023-11-04T15:18:37.345+0000] {logging_mixin.py:151} INFO - [2023-11-04T15:18:37.345+0000] {dagbag.py:536} INFO - Filling up the DagBag from /opt/airflow/dags/script2.py
[2023-11-04T15:18:37.471+0000] {processor.py:839} INFO - DAG(s) dict_keys(['traffic_data']) retrieved from /opt/airflow/dags/script2.py
[2023-11-04T15:18:37.689+0000] {logging_mixin.py:151} INFO - [2023-11-04T15:18:37.688+0000] {dag.py:2941} INFO - Sync 1 DAGs
[2023-11-04T15:18:37.761+0000] {processor.py:179} INFO - Processing /opt/airflow/dags/script2.py took 0.423 seconds
[2023-11-04T15:19:07.956+0000] {processor.py:157} INFO - Started process (PID=568) to work on /opt/airflow/dags/script2.py
[2023-11-04T15:19:07.957+0000] {processor.py:829} INFO - Processing file /opt/airflow/dags/script2.py for tasks to queue
[2023-11-04T15:19:07.959+0000] {logging_mixin.py:151} INFO - [2023-11-04T15:19:07.958+0000] {dagbag.py:536} INFO - Filling up the DagBag from /opt/airflow/dags/script2.py
[2023-11-04T15:19:08.155+0000] {processor.py:839} INFO - DAG(s) dict_keys(['traffic_data']) retrieved from /opt/airflow/dags/script2.py
[2023-11-04T15:19:08.477+0000] {logging_mixin.py:151} INFO - [2023-11-04T15:19:08.477+0000] {dag.py:2941} INFO - Sync 1 DAGs
[2023-11-04T15:19:08.549+0000] {processor.py:179} INFO - Processing /opt/airflow/dags/script2.py took 0.598 seconds
[2023-11-04T15:19:38.656+0000] {processor.py:157} INFO - Started process (PID=577) to work on /opt/airflow/dags/script2.py
[2023-11-04T15:19:38.664+0000] {processor.py:829} INFO - Processing file /opt/airflow/dags/script2.py for tasks to queue
[2023-11-04T15:19:38.665+0000] {logging_mixin.py:151} INFO - [2023-11-04T15:19:38.665+0000] {dagbag.py:536} INFO - Filling up the DagBag from /opt/airflow/dags/script2.py
[2023-11-04T15:19:38.796+0000] {processor.py:839} INFO - DAG(s) dict_keys(['traffic_data']) retrieved from /opt/airflow/dags/script2.py
[2023-11-04T15:19:38.834+0000] {logging_mixin.py:151} INFO - [2023-11-04T15:19:38.834+0000] {dag.py:2941} INFO - Sync 1 DAGs
[2023-11-04T15:19:38.866+0000] {logging_mixin.py:151} INFO - [2023-11-04T15:19:38.865+0000] {dag.py:3722} INFO - Setting next_dagrun for traffic_data to 2023-11-04T15:18:38.863759+00:00, run_after=2023-11-04T15:19:38.863759+00:00
[2023-11-04T15:19:39.069+0000] {processor.py:179} INFO - Processing /opt/airflow/dags/script2.py took 0.418 seconds
[2023-11-04T15:20:09.264+0000] {processor.py:157} INFO - Started process (PID=586) to work on /opt/airflow/dags/script2.py
[2023-11-04T15:20:09.266+0000] {processor.py:829} INFO - Processing file /opt/airflow/dags/script2.py for tasks to queue
[2023-11-04T15:20:09.267+0000] {logging_mixin.py:151} INFO - [2023-11-04T15:20:09.267+0000] {dagbag.py:536} INFO - Filling up the DagBag from /opt/airflow/dags/script2.py
[2023-11-04T15:20:09.396+0000] {processor.py:839} INFO - DAG(s) dict_keys(['traffic_data']) retrieved from /opt/airflow/dags/script2.py
[2023-11-04T15:20:09.413+0000] {logging_mixin.py:151} INFO - [2023-11-04T15:20:09.413+0000] {dag.py:2941} INFO - Sync 1 DAGs
[2023-11-04T15:20:09.662+0000] {processor.py:179} INFO - Processing /opt/airflow/dags/script2.py took 0.402 seconds
[2023-11-04T15:20:39.847+0000] {processor.py:157} INFO - Started process (PID=595) to work on /opt/airflow/dags/script2.py
[2023-11-04T15:20:39.848+0000] {processor.py:829} INFO - Processing file /opt/airflow/dags/script2.py for tasks to queue
[2023-11-04T15:20:39.850+0000] {logging_mixin.py:151} INFO - [2023-11-04T15:20:39.849+0000] {dagbag.py:536} INFO - Filling up the DagBag from /opt/airflow/dags/script2.py
[2023-11-04T15:20:39.978+0000] {processor.py:839} INFO - DAG(s) dict_keys(['traffic_data']) retrieved from /opt/airflow/dags/script2.py
[2023-11-04T15:20:40.289+0000] {logging_mixin.py:151} INFO - [2023-11-04T15:20:40.288+0000] {dag.py:2941} INFO - Sync 1 DAGs
[2023-11-04T15:20:40.342+0000] {processor.py:179} INFO - Processing /opt/airflow/dags/script2.py took 0.500 seconds
[2023-11-04T15:21:10.530+0000] {processor.py:157} INFO - Started process (PID=604) to work on /opt/airflow/dags/script2.py
[2023-11-04T15:21:10.530+0000] {processor.py:829} INFO - Processing file /opt/airflow/dags/script2.py for tasks to queue
[2023-11-04T15:21:10.532+0000] {logging_mixin.py:151} INFO - [2023-11-04T15:21:10.531+0000] {dagbag.py:536} INFO - Filling up the DagBag from /opt/airflow/dags/script2.py
[2023-11-04T15:21:10.684+0000] {processor.py:839} INFO - DAG(s) dict_keys(['traffic_data']) retrieved from /opt/airflow/dags/script2.py
[2023-11-04T15:21:10.880+0000] {logging_mixin.py:151} INFO - [2023-11-04T15:21:10.880+0000] {dag.py:2941} INFO - Sync 1 DAGs
[2023-11-04T15:21:10.935+0000] {processor.py:179} INFO - Processing /opt/airflow/dags/script2.py took 0.412 seconds
[2023-11-04T15:21:41.136+0000] {processor.py:157} INFO - Started process (PID=613) to work on /opt/airflow/dags/script2.py
[2023-11-04T15:21:41.138+0000] {processor.py:829} INFO - Processing file /opt/airflow/dags/script2.py for tasks to queue
[2023-11-04T15:21:41.139+0000] {logging_mixin.py:151} INFO - [2023-11-04T15:21:41.139+0000] {dagbag.py:536} INFO - Filling up the DagBag from /opt/airflow/dags/script2.py
[2023-11-04T15:21:41.492+0000] {processor.py:839} INFO - DAG(s) dict_keys(['traffic_data']) retrieved from /opt/airflow/dags/script2.py
[2023-11-04T15:21:41.507+0000] {logging_mixin.py:151} INFO - [2023-11-04T15:21:41.506+0000] {dag.py:2941} INFO - Sync 1 DAGs
[2023-11-04T15:21:41.568+0000] {processor.py:179} INFO - Processing /opt/airflow/dags/script2.py took 0.437 seconds
[2023-11-04T15:22:11.744+0000] {processor.py:157} INFO - Started process (PID=622) to work on /opt/airflow/dags/script2.py
[2023-11-04T15:22:11.745+0000] {processor.py:829} INFO - Processing file /opt/airflow/dags/script2.py for tasks to queue
[2023-11-04T15:22:11.746+0000] {logging_mixin.py:151} INFO - [2023-11-04T15:22:11.746+0000] {dagbag.py:536} INFO - Filling up the DagBag from /opt/airflow/dags/script2.py
[2023-11-04T15:22:11.875+0000] {processor.py:839} INFO - DAG(s) dict_keys(['traffic_data']) retrieved from /opt/airflow/dags/script2.py
[2023-11-04T15:22:12.206+0000] {logging_mixin.py:151} INFO - [2023-11-04T15:22:12.206+0000] {dag.py:2941} INFO - Sync 1 DAGs
[2023-11-04T15:22:12.263+0000] {processor.py:179} INFO - Processing /opt/airflow/dags/script2.py took 0.523 seconds
[2023-11-04T15:22:42.441+0000] {processor.py:157} INFO - Started process (PID=631) to work on /opt/airflow/dags/script2.py
[2023-11-04T15:22:42.443+0000] {processor.py:829} INFO - Processing file /opt/airflow/dags/script2.py for tasks to queue
[2023-11-04T15:22:42.444+0000] {logging_mixin.py:151} INFO - [2023-11-04T15:22:42.443+0000] {dagbag.py:536} INFO - Filling up the DagBag from /opt/airflow/dags/script2.py
[2023-11-04T15:22:42.574+0000] {processor.py:839} INFO - DAG(s) dict_keys(['traffic_data']) retrieved from /opt/airflow/dags/script2.py
[2023-11-04T15:22:42.610+0000] {logging_mixin.py:151} INFO - [2023-11-04T15:22:42.609+0000] {dag.py:2941} INFO - Sync 1 DAGs
[2023-11-04T15:22:42.839+0000] {processor.py:179} INFO - Processing /opt/airflow/dags/script2.py took 0.402 seconds
[2023-11-04T15:23:13.018+0000] {processor.py:157} INFO - Started process (PID=640) to work on /opt/airflow/dags/script2.py
[2023-11-04T15:23:13.019+0000] {processor.py:829} INFO - Processing file /opt/airflow/dags/script2.py for tasks to queue
[2023-11-04T15:23:13.020+0000] {logging_mixin.py:151} INFO - [2023-11-04T15:23:13.019+0000] {dagbag.py:536} INFO - Filling up the DagBag from /opt/airflow/dags/script2.py
[2023-11-04T15:23:13.149+0000] {processor.py:839} INFO - DAG(s) dict_keys(['traffic_data']) retrieved from /opt/airflow/dags/script2.py
[2023-11-04T15:23:13.167+0000] {logging_mixin.py:151} INFO - [2023-11-04T15:23:13.167+0000] {dag.py:2941} INFO - Sync 1 DAGs
[2023-11-04T15:23:13.405+0000] {processor.py:179} INFO - Processing /opt/airflow/dags/script2.py took 0.391 seconds
[2023-11-04T15:23:43.620+0000] {processor.py:157} INFO - Started process (PID=649) to work on /opt/airflow/dags/script2.py
[2023-11-04T15:23:43.621+0000] {processor.py:829} INFO - Processing file /opt/airflow/dags/script2.py for tasks to queue
[2023-11-04T15:23:43.623+0000] {logging_mixin.py:151} INFO - [2023-11-04T15:23:43.622+0000] {dagbag.py:536} INFO - Filling up the DagBag from /opt/airflow/dags/script2.py
[2023-11-04T15:23:43.815+0000] {processor.py:839} INFO - DAG(s) dict_keys(['traffic_data']) retrieved from /opt/airflow/dags/script2.py
[2023-11-04T15:23:44.132+0000] {logging_mixin.py:151} INFO - [2023-11-04T15:23:44.131+0000] {dag.py:2941} INFO - Sync 1 DAGs
[2023-11-04T15:23:44.193+0000] {processor.py:179} INFO - Processing /opt/airflow/dags/script2.py took 0.577 seconds
[2023-11-04T15:24:14.385+0000] {processor.py:157} INFO - Started process (PID=658) to work on /opt/airflow/dags/script2.py
[2023-11-04T15:24:14.386+0000] {processor.py:829} INFO - Processing file /opt/airflow/dags/script2.py for tasks to queue
[2023-11-04T15:24:14.387+0000] {logging_mixin.py:151} INFO - [2023-11-04T15:24:14.386+0000] {dagbag.py:536} INFO - Filling up the DagBag from /opt/airflow/dags/script2.py
[2023-11-04T15:24:14.703+0000] {processor.py:839} INFO - DAG(s) dict_keys(['traffic_data']) retrieved from /opt/airflow/dags/script2.py
[2023-11-04T15:24:14.743+0000] {logging_mixin.py:151} INFO - [2023-11-04T15:24:14.743+0000] {dag.py:2941} INFO - Sync 1 DAGs
[2023-11-04T15:24:14.827+0000] {processor.py:179} INFO - Processing /opt/airflow/dags/script2.py took 0.447 seconds
[2023-11-04T15:24:45.016+0000] {processor.py:157} INFO - Started process (PID=667) to work on /opt/airflow/dags/script2.py
[2023-11-04T15:24:45.017+0000] {processor.py:829} INFO - Processing file /opt/airflow/dags/script2.py for tasks to queue
[2023-11-04T15:24:45.019+0000] {logging_mixin.py:151} INFO - [2023-11-04T15:24:45.018+0000] {dagbag.py:536} INFO - Filling up the DagBag from /opt/airflow/dags/script2.py
[2023-11-04T15:24:45.360+0000] {processor.py:839} INFO - DAG(s) dict_keys(['traffic_data']) retrieved from /opt/airflow/dags/script2.py
[2023-11-04T15:24:45.381+0000] {logging_mixin.py:151} INFO - [2023-11-04T15:24:45.381+0000] {dag.py:2941} INFO - Sync 1 DAGs
[2023-11-04T15:24:45.456+0000] {processor.py:179} INFO - Processing /opt/airflow/dags/script2.py took 0.445 seconds
[2023-11-04T15:25:15.669+0000] {processor.py:157} INFO - Started process (PID=676) to work on /opt/airflow/dags/script2.py
[2023-11-04T15:25:15.670+0000] {processor.py:829} INFO - Processing file /opt/airflow/dags/script2.py for tasks to queue
[2023-11-04T15:25:15.671+0000] {logging_mixin.py:151} INFO - [2023-11-04T15:25:15.670+0000] {dagbag.py:536} INFO - Filling up the DagBag from /opt/airflow/dags/script2.py
[2023-11-04T15:25:15.830+0000] {processor.py:839} INFO - DAG(s) dict_keys(['traffic_data']) retrieved from /opt/airflow/dags/script2.py
[2023-11-04T15:25:16.167+0000] {logging_mixin.py:151} INFO - [2023-11-04T15:25:16.167+0000] {dag.py:2941} INFO - Sync 1 DAGs
[2023-11-04T15:25:16.221+0000] {processor.py:179} INFO - Processing /opt/airflow/dags/script2.py took 0.556 seconds
[2023-11-04T15:25:46.415+0000] {processor.py:157} INFO - Started process (PID=685) to work on /opt/airflow/dags/script2.py
[2023-11-04T15:25:46.417+0000] {processor.py:829} INFO - Processing file /opt/airflow/dags/script2.py for tasks to queue
[2023-11-04T15:25:46.418+0000] {logging_mixin.py:151} INFO - [2023-11-04T15:25:46.417+0000] {dagbag.py:536} INFO - Filling up the DagBag from /opt/airflow/dags/script2.py
[2023-11-04T15:25:46.559+0000] {processor.py:839} INFO - DAG(s) dict_keys(['traffic_data']) retrieved from /opt/airflow/dags/script2.py
[2023-11-04T15:25:46.597+0000] {logging_mixin.py:151} INFO - [2023-11-04T15:25:46.596+0000] {dag.py:2941} INFO - Sync 1 DAGs
[2023-11-04T15:25:46.867+0000] {processor.py:179} INFO - Processing /opt/airflow/dags/script2.py took 0.456 seconds
[2023-11-04T15:26:17.056+0000] {processor.py:157} INFO - Started process (PID=694) to work on /opt/airflow/dags/script2.py
[2023-11-04T15:26:17.057+0000] {processor.py:829} INFO - Processing file /opt/airflow/dags/script2.py for tasks to queue
[2023-11-04T15:26:17.058+0000] {logging_mixin.py:151} INFO - [2023-11-04T15:26:17.058+0000] {dagbag.py:536} INFO - Filling up the DagBag from /opt/airflow/dags/script2.py
[2023-11-04T15:26:17.197+0000] {processor.py:839} INFO - DAG(s) dict_keys(['traffic_data']) retrieved from /opt/airflow/dags/script2.py
[2023-11-04T15:26:17.214+0000] {logging_mixin.py:151} INFO - [2023-11-04T15:26:17.214+0000] {dag.py:2941} INFO - Sync 1 DAGs
[2023-11-04T15:26:17.465+0000] {processor.py:179} INFO - Processing /opt/airflow/dags/script2.py took 0.414 seconds
[2023-11-04T15:26:47.658+0000] {processor.py:157} INFO - Started process (PID=703) to work on /opt/airflow/dags/script2.py
[2023-11-04T15:26:47.660+0000] {processor.py:829} INFO - Processing file /opt/airflow/dags/script2.py for tasks to queue
[2023-11-04T15:26:47.661+0000] {logging_mixin.py:151} INFO - [2023-11-04T15:26:47.661+0000] {dagbag.py:536} INFO - Filling up the DagBag from /opt/airflow/dags/script2.py
[2023-11-04T15:26:47.811+0000] {processor.py:839} INFO - DAG(s) dict_keys(['traffic_data']) retrieved from /opt/airflow/dags/script2.py
[2023-11-04T15:26:48.196+0000] {logging_mixin.py:151} INFO - [2023-11-04T15:26:48.196+0000] {dag.py:2941} INFO - Sync 1 DAGs
[2023-11-04T15:26:48.253+0000] {processor.py:179} INFO - Processing /opt/airflow/dags/script2.py took 0.599 seconds
[2023-11-04T15:27:18.446+0000] {processor.py:157} INFO - Started process (PID=712) to work on /opt/airflow/dags/script2.py
[2023-11-04T15:27:18.447+0000] {processor.py:829} INFO - Processing file /opt/airflow/dags/script2.py for tasks to queue
[2023-11-04T15:27:18.449+0000] {logging_mixin.py:151} INFO - [2023-11-04T15:27:18.448+0000] {dagbag.py:536} INFO - Filling up the DagBag from /opt/airflow/dags/script2.py
[2023-11-04T15:27:18.831+0000] {processor.py:839} INFO - DAG(s) dict_keys(['traffic_data']) retrieved from /opt/airflow/dags/script2.py
[2023-11-04T15:27:18.860+0000] {logging_mixin.py:151} INFO - [2023-11-04T15:27:18.860+0000] {dag.py:2941} INFO - Sync 1 DAGs
[2023-11-04T15:27:18.915+0000] {processor.py:179} INFO - Processing /opt/airflow/dags/script2.py took 0.473 seconds
[2023-11-04T15:27:49.100+0000] {processor.py:157} INFO - Started process (PID=721) to work on /opt/airflow/dags/script2.py
[2023-11-04T15:27:49.101+0000] {processor.py:829} INFO - Processing file /opt/airflow/dags/script2.py for tasks to queue
[2023-11-04T15:27:49.102+0000] {logging_mixin.py:151} INFO - [2023-11-04T15:27:49.102+0000] {dagbag.py:536} INFO - Filling up the DagBag from /opt/airflow/dags/script2.py
[2023-11-04T15:27:49.226+0000] {processor.py:839} INFO - DAG(s) dict_keys(['traffic_data']) retrieved from /opt/airflow/dags/script2.py
[2023-11-04T15:27:49.243+0000] {logging_mixin.py:151} INFO - [2023-11-04T15:27:49.243+0000] {dag.py:2941} INFO - Sync 1 DAGs
[2023-11-04T15:27:49.305+0000] {processor.py:179} INFO - Processing /opt/airflow/dags/script2.py took 0.210 seconds
[2023-11-04T15:28:19.485+0000] {processor.py:157} INFO - Started process (PID=730) to work on /opt/airflow/dags/script2.py
[2023-11-04T15:28:19.486+0000] {processor.py:829} INFO - Processing file /opt/airflow/dags/script2.py for tasks to queue
[2023-11-04T15:28:19.487+0000] {logging_mixin.py:151} INFO - [2023-11-04T15:28:19.487+0000] {dagbag.py:536} INFO - Filling up the DagBag from /opt/airflow/dags/script2.py
[2023-11-04T15:28:19.613+0000] {processor.py:839} INFO - DAG(s) dict_keys(['traffic_data']) retrieved from /opt/airflow/dags/script2.py
[2023-11-04T15:28:19.908+0000] {logging_mixin.py:151} INFO - [2023-11-04T15:28:19.908+0000] {dag.py:2941} INFO - Sync 1 DAGs
[2023-11-04T15:28:19.967+0000] {processor.py:179} INFO - Processing /opt/airflow/dags/script2.py took 0.486 seconds
[2023-11-04T15:28:50.144+0000] {processor.py:157} INFO - Started process (PID=739) to work on /opt/airflow/dags/script2.py
[2023-11-04T15:28:50.146+0000] {processor.py:829} INFO - Processing file /opt/airflow/dags/script2.py for tasks to queue
[2023-11-04T15:28:50.147+0000] {logging_mixin.py:151} INFO - [2023-11-04T15:28:50.147+0000] {dagbag.py:536} INFO - Filling up the DagBag from /opt/airflow/dags/script2.py
[2023-11-04T15:28:50.268+0000] {processor.py:839} INFO - DAG(s) dict_keys(['traffic_data']) retrieved from /opt/airflow/dags/script2.py
[2023-11-04T15:28:50.301+0000] {logging_mixin.py:151} INFO - [2023-11-04T15:28:50.301+0000] {dag.py:2941} INFO - Sync 1 DAGs
[2023-11-04T15:28:50.522+0000] {processor.py:179} INFO - Processing /opt/airflow/dags/script2.py took 0.382 seconds
[2023-11-04T15:29:20.705+0000] {processor.py:157} INFO - Started process (PID=748) to work on /opt/airflow/dags/script2.py
[2023-11-04T15:29:20.706+0000] {processor.py:829} INFO - Processing file /opt/airflow/dags/script2.py for tasks to queue
[2023-11-04T15:29:20.708+0000] {logging_mixin.py:151} INFO - [2023-11-04T15:29:20.707+0000] {dagbag.py:536} INFO - Filling up the DagBag from /opt/airflow/dags/script2.py
[2023-11-04T15:29:20.854+0000] {processor.py:839} INFO - DAG(s) dict_keys(['traffic_data']) retrieved from /opt/airflow/dags/script2.py
[2023-11-04T15:29:20.875+0000] {logging_mixin.py:151} INFO - [2023-11-04T15:29:20.875+0000] {dag.py:2941} INFO - Sync 1 DAGs
[2023-11-04T15:29:21.114+0000] {processor.py:179} INFO - Processing /opt/airflow/dags/script2.py took 0.413 seconds
[2023-11-04T15:29:51.286+0000] {processor.py:157} INFO - Started process (PID=757) to work on /opt/airflow/dags/script2.py
[2023-11-04T15:29:51.288+0000] {processor.py:829} INFO - Processing file /opt/airflow/dags/script2.py for tasks to queue
[2023-11-04T15:29:51.289+0000] {logging_mixin.py:151} INFO - [2023-11-04T15:29:51.288+0000] {dagbag.py:536} INFO - Filling up the DagBag from /opt/airflow/dags/script2.py
[2023-11-04T15:29:51.586+0000] {processor.py:839} INFO - DAG(s) dict_keys(['traffic_data']) retrieved from /opt/airflow/dags/script2.py
[2023-11-04T15:29:51.714+0000] {logging_mixin.py:151} INFO - [2023-11-04T15:29:51.713+0000] {dag.py:2941} INFO - Sync 1 DAGs
[2023-11-04T15:29:51.771+0000] {processor.py:179} INFO - Processing /opt/airflow/dags/script2.py took 0.490 seconds
[2023-11-04T15:30:21.968+0000] {processor.py:157} INFO - Started process (PID=766) to work on /opt/airflow/dags/script2.py
[2023-11-04T15:30:21.969+0000] {processor.py:829} INFO - Processing file /opt/airflow/dags/script2.py for tasks to queue
[2023-11-04T15:30:21.971+0000] {logging_mixin.py:151} INFO - [2023-11-04T15:30:21.970+0000] {dagbag.py:536} INFO - Filling up the DagBag from /opt/airflow/dags/script2.py
[2023-11-04T15:30:22.294+0000] {processor.py:839} INFO - DAG(s) dict_keys(['traffic_data']) retrieved from /opt/airflow/dags/script2.py
[2023-11-04T15:30:22.309+0000] {logging_mixin.py:151} INFO - [2023-11-04T15:30:22.309+0000] {dag.py:2941} INFO - Sync 1 DAGs
[2023-11-04T15:30:22.363+0000] {processor.py:179} INFO - Processing /opt/airflow/dags/script2.py took 0.400 seconds
[2023-11-04T15:30:52.549+0000] {processor.py:157} INFO - Started process (PID=775) to work on /opt/airflow/dags/script2.py
[2023-11-04T15:30:52.552+0000] {processor.py:829} INFO - Processing file /opt/airflow/dags/script2.py for tasks to queue
[2023-11-04T15:30:52.554+0000] {logging_mixin.py:151} INFO - [2023-11-04T15:30:52.553+0000] {dagbag.py:536} INFO - Filling up the DagBag from /opt/airflow/dags/script2.py
[2023-11-04T15:30:53.187+0000] {processor.py:839} INFO - DAG(s) dict_keys(['traffic_data']) retrieved from /opt/airflow/dags/script2.py
[2023-11-04T15:30:53.664+0000] {logging_mixin.py:151} INFO - [2023-11-04T15:30:53.664+0000] {dag.py:2941} INFO - Sync 1 DAGs
[2023-11-04T15:30:53.733+0000] {processor.py:179} INFO - Processing /opt/airflow/dags/script2.py took 1.189 seconds
[2023-11-04T15:31:23.919+0000] {processor.py:157} INFO - Started process (PID=784) to work on /opt/airflow/dags/script2.py
[2023-11-04T15:31:23.925+0000] {processor.py:829} INFO - Processing file /opt/airflow/dags/script2.py for tasks to queue
[2023-11-04T15:31:23.927+0000] {logging_mixin.py:151} INFO - [2023-11-04T15:31:23.926+0000] {dagbag.py:536} INFO - Filling up the DagBag from /opt/airflow/dags/script2.py
[2023-11-04T15:31:24.125+0000] {processor.py:839} INFO - DAG(s) dict_keys(['traffic_data']) retrieved from /opt/airflow/dags/script2.py
[2023-11-04T15:31:24.167+0000] {logging_mixin.py:151} INFO - [2023-11-04T15:31:24.166+0000] {dag.py:2941} INFO - Sync 1 DAGs
[2023-11-04T15:31:24.397+0000] {processor.py:179} INFO - Processing /opt/airflow/dags/script2.py took 0.485 seconds
[2023-11-04T15:31:54.617+0000] {processor.py:157} INFO - Started process (PID=793) to work on /opt/airflow/dags/script2.py
[2023-11-04T15:31:54.619+0000] {processor.py:829} INFO - Processing file /opt/airflow/dags/script2.py for tasks to queue
[2023-11-04T15:31:54.620+0000] {logging_mixin.py:151} INFO - [2023-11-04T15:31:54.620+0000] {dagbag.py:536} INFO - Filling up the DagBag from /opt/airflow/dags/script2.py
[2023-11-04T15:31:54.818+0000] {processor.py:839} INFO - DAG(s) dict_keys(['traffic_data']) retrieved from /opt/airflow/dags/script2.py
[2023-11-04T15:31:55.837+0000] {logging_mixin.py:151} INFO - [2023-11-04T15:31:55.837+0000] {dag.py:2941} INFO - Sync 1 DAGs
[2023-11-04T15:31:55.964+0000] {processor.py:179} INFO - Processing /opt/airflow/dags/script2.py took 1.352 seconds
[2023-11-04T15:32:26.187+0000] {processor.py:157} INFO - Started process (PID=802) to work on /opt/airflow/dags/script2.py
[2023-11-04T15:32:26.188+0000] {processor.py:829} INFO - Processing file /opt/airflow/dags/script2.py for tasks to queue
[2023-11-04T15:32:26.189+0000] {logging_mixin.py:151} INFO - [2023-11-04T15:32:26.189+0000] {dagbag.py:536} INFO - Filling up the DagBag from /opt/airflow/dags/script2.py
[2023-11-04T15:32:26.610+0000] {processor.py:839} INFO - DAG(s) dict_keys(['traffic_data']) retrieved from /opt/airflow/dags/script2.py
[2023-11-04T15:32:26.651+0000] {logging_mixin.py:151} INFO - [2023-11-04T15:32:26.651+0000] {dag.py:2941} INFO - Sync 1 DAGs
[2023-11-04T15:32:26.736+0000] {processor.py:179} INFO - Processing /opt/airflow/dags/script2.py took 0.554 seconds
[2023-11-04T15:32:56.984+0000] {processor.py:157} INFO - Started process (PID=811) to work on /opt/airflow/dags/script2.py
[2023-11-04T15:32:56.991+0000] {processor.py:829} INFO - Processing file /opt/airflow/dags/script2.py for tasks to queue
[2023-11-04T15:32:56.995+0000] {logging_mixin.py:151} INFO - [2023-11-04T15:32:56.993+0000] {dagbag.py:536} INFO - Filling up the DagBag from /opt/airflow/dags/script2.py
[2023-11-04T15:32:57.490+0000] {processor.py:839} INFO - DAG(s) dict_keys(['traffic_data']) retrieved from /opt/airflow/dags/script2.py
[2023-11-04T15:32:57.628+0000] {logging_mixin.py:151} INFO - [2023-11-04T15:32:57.628+0000] {dag.py:2941} INFO - Sync 1 DAGs
[2023-11-04T15:32:57.691+0000] {processor.py:179} INFO - Processing /opt/airflow/dags/script2.py took 0.724 seconds
[2023-11-04T15:33:27.803+0000] {processor.py:157} INFO - Started process (PID=820) to work on /opt/airflow/dags/script2.py
[2023-11-04T15:33:27.804+0000] {processor.py:829} INFO - Processing file /opt/airflow/dags/script2.py for tasks to queue
[2023-11-04T15:33:27.808+0000] {logging_mixin.py:151} INFO - [2023-11-04T15:33:27.806+0000] {dagbag.py:536} INFO - Filling up the DagBag from /opt/airflow/dags/script2.py
[2023-11-04T15:33:28.237+0000] {processor.py:839} INFO - DAG(s) dict_keys(['traffic_data']) retrieved from /opt/airflow/dags/script2.py
[2023-11-04T15:33:28.272+0000] {logging_mixin.py:151} INFO - [2023-11-04T15:33:28.271+0000] {dag.py:2941} INFO - Sync 1 DAGs
[2023-11-04T15:33:28.335+0000] {processor.py:179} INFO - Processing /opt/airflow/dags/script2.py took 0.535 seconds
[2023-11-04T15:33:58.581+0000] {processor.py:157} INFO - Started process (PID=836) to work on /opt/airflow/dags/script2.py
[2023-11-04T15:33:58.582+0000] {processor.py:829} INFO - Processing file /opt/airflow/dags/script2.py for tasks to queue
[2023-11-04T15:33:58.583+0000] {logging_mixin.py:151} INFO - [2023-11-04T15:33:58.583+0000] {dagbag.py:536} INFO - Filling up the DagBag from /opt/airflow/dags/script2.py
[2023-11-04T15:33:58.746+0000] {processor.py:839} INFO - DAG(s) dict_keys(['traffic_data']) retrieved from /opt/airflow/dags/script2.py
[2023-11-04T15:33:59.209+0000] {logging_mixin.py:151} INFO - [2023-11-04T15:33:59.209+0000] {dag.py:2941} INFO - Sync 1 DAGs
[2023-11-04T15:33:59.273+0000] {processor.py:179} INFO - Processing /opt/airflow/dags/script2.py took 0.697 seconds
[2023-11-04T15:34:29.325+0000] {processor.py:157} INFO - Started process (PID=845) to work on /opt/airflow/dags/script2.py
[2023-11-04T15:34:29.327+0000] {processor.py:829} INFO - Processing file /opt/airflow/dags/script2.py for tasks to queue
[2023-11-04T15:34:29.328+0000] {logging_mixin.py:151} INFO - [2023-11-04T15:34:29.327+0000] {dagbag.py:536} INFO - Filling up the DagBag from /opt/airflow/dags/script2.py
[2023-11-04T15:34:29.460+0000] {processor.py:839} INFO - DAG(s) dict_keys(['traffic_data']) retrieved from /opt/airflow/dags/script2.py
[2023-11-04T15:34:29.496+0000] {logging_mixin.py:151} INFO - [2023-11-04T15:34:29.495+0000] {dag.py:2941} INFO - Sync 1 DAGs
[2023-11-04T15:34:29.766+0000] {processor.py:179} INFO - Processing /opt/airflow/dags/script2.py took 0.446 seconds
[2023-11-04T15:34:59.979+0000] {processor.py:157} INFO - Started process (PID=854) to work on /opt/airflow/dags/script2.py
[2023-11-04T15:34:59.980+0000] {processor.py:829} INFO - Processing file /opt/airflow/dags/script2.py for tasks to queue
[2023-11-04T15:34:59.981+0000] {logging_mixin.py:151} INFO - [2023-11-04T15:34:59.980+0000] {dagbag.py:536} INFO - Filling up the DagBag from /opt/airflow/dags/script2.py
[2023-11-04T15:35:00.140+0000] {processor.py:839} INFO - DAG(s) dict_keys(['traffic_data']) retrieved from /opt/airflow/dags/script2.py
[2023-11-04T15:35:00.477+0000] {logging_mixin.py:151} INFO - [2023-11-04T15:35:00.476+0000] {dag.py:2941} INFO - Sync 1 DAGs
[2023-11-04T15:35:00.545+0000] {processor.py:179} INFO - Processing /opt/airflow/dags/script2.py took 0.571 seconds
[2023-11-04T15:35:30.733+0000] {processor.py:157} INFO - Started process (PID=863) to work on /opt/airflow/dags/script2.py
[2023-11-04T15:35:30.735+0000] {processor.py:829} INFO - Processing file /opt/airflow/dags/script2.py for tasks to queue
[2023-11-04T15:35:30.738+0000] {logging_mixin.py:151} INFO - [2023-11-04T15:35:30.737+0000] {dagbag.py:536} INFO - Filling up the DagBag from /opt/airflow/dags/script2.py
[2023-11-04T15:35:31.115+0000] {processor.py:839} INFO - DAG(s) dict_keys(['traffic_data']) retrieved from /opt/airflow/dags/script2.py
[2023-11-04T15:35:31.147+0000] {logging_mixin.py:151} INFO - [2023-11-04T15:35:31.147+0000] {dag.py:2941} INFO - Sync 1 DAGs
[2023-11-04T15:35:31.212+0000] {processor.py:179} INFO - Processing /opt/airflow/dags/script2.py took 0.487 seconds
[2023-11-04T15:36:01.428+0000] {processor.py:157} INFO - Started process (PID=872) to work on /opt/airflow/dags/script2.py
[2023-11-04T15:36:01.429+0000] {processor.py:829} INFO - Processing file /opt/airflow/dags/script2.py for tasks to queue
[2023-11-04T15:36:01.430+0000] {logging_mixin.py:151} INFO - [2023-11-04T15:36:01.430+0000] {dagbag.py:536} INFO - Filling up the DagBag from /opt/airflow/dags/script2.py
[2023-11-04T15:36:01.748+0000] {processor.py:839} INFO - DAG(s) dict_keys(['traffic_data']) retrieved from /opt/airflow/dags/script2.py
[2023-11-04T15:36:01.917+0000] {logging_mixin.py:151} INFO - [2023-11-04T15:36:01.916+0000] {dag.py:2941} INFO - Sync 1 DAGs
[2023-11-04T15:36:01.976+0000] {processor.py:179} INFO - Processing /opt/airflow/dags/script2.py took 0.552 seconds
[2023-11-04T15:36:32.111+0000] {processor.py:157} INFO - Started process (PID=881) to work on /opt/airflow/dags/script2.py
[2023-11-04T15:36:32.112+0000] {processor.py:829} INFO - Processing file /opt/airflow/dags/script2.py for tasks to queue
[2023-11-04T15:36:32.113+0000] {logging_mixin.py:151} INFO - [2023-11-04T15:36:32.113+0000] {dagbag.py:536} INFO - Filling up the DagBag from /opt/airflow/dags/script2.py
[2023-11-04T15:36:32.239+0000] {processor.py:839} INFO - DAG(s) dict_keys(['traffic_data']) retrieved from /opt/airflow/dags/script2.py
[2023-11-04T15:36:32.271+0000] {logging_mixin.py:151} INFO - [2023-11-04T15:36:32.271+0000] {dag.py:2941} INFO - Sync 1 DAGs
[2023-11-04T15:36:32.556+0000] {processor.py:179} INFO - Processing /opt/airflow/dags/script2.py took 0.450 seconds
[2023-11-04T15:37:02.760+0000] {processor.py:157} INFO - Started process (PID=890) to work on /opt/airflow/dags/script2.py
[2023-11-04T15:37:02.761+0000] {processor.py:829} INFO - Processing file /opt/airflow/dags/script2.py for tasks to queue
[2023-11-04T15:37:02.762+0000] {logging_mixin.py:151} INFO - [2023-11-04T15:37:02.762+0000] {dagbag.py:536} INFO - Filling up the DagBag from /opt/airflow/dags/script2.py
[2023-11-04T15:37:02.898+0000] {processor.py:839} INFO - DAG(s) dict_keys(['traffic_data']) retrieved from /opt/airflow/dags/script2.py
[2023-11-04T15:37:03.228+0000] {logging_mixin.py:151} INFO - [2023-11-04T15:37:03.227+0000] {dag.py:2941} INFO - Sync 1 DAGs
[2023-11-04T15:37:03.288+0000] {processor.py:179} INFO - Processing /opt/airflow/dags/script2.py took 0.532 seconds
[2023-11-04T15:37:33.373+0000] {processor.py:157} INFO - Started process (PID=899) to work on /opt/airflow/dags/script2.py
[2023-11-04T15:37:33.375+0000] {processor.py:829} INFO - Processing file /opt/airflow/dags/script2.py for tasks to queue
[2023-11-04T15:37:33.376+0000] {logging_mixin.py:151} INFO - [2023-11-04T15:37:33.375+0000] {dagbag.py:536} INFO - Filling up the DagBag from /opt/airflow/dags/script2.py
[2023-11-04T15:37:33.524+0000] {processor.py:839} INFO - DAG(s) dict_keys(['traffic_data']) retrieved from /opt/airflow/dags/script2.py
[2023-11-04T15:37:33.756+0000] {logging_mixin.py:151} INFO - [2023-11-04T15:37:33.755+0000] {dag.py:2941} INFO - Sync 1 DAGs
[2023-11-04T15:37:33.829+0000] {processor.py:179} INFO - Processing /opt/airflow/dags/script2.py took 0.460 seconds
[2023-11-04T15:38:04.042+0000] {processor.py:157} INFO - Started process (PID=908) to work on /opt/airflow/dags/script2.py
[2023-11-04T15:38:04.042+0000] {processor.py:829} INFO - Processing file /opt/airflow/dags/script2.py for tasks to queue
[2023-11-04T15:38:04.043+0000] {logging_mixin.py:151} INFO - [2023-11-04T15:38:04.043+0000] {dagbag.py:536} INFO - Filling up the DagBag from /opt/airflow/dags/script2.py
[2023-11-04T15:38:04.452+0000] {processor.py:839} INFO - DAG(s) dict_keys(['traffic_data']) retrieved from /opt/airflow/dags/script2.py
[2023-11-04T15:38:04.598+0000] {logging_mixin.py:151} INFO - [2023-11-04T15:38:04.598+0000] {dag.py:2941} INFO - Sync 1 DAGs
[2023-11-04T15:38:04.652+0000] {processor.py:179} INFO - Processing /opt/airflow/dags/script2.py took 0.615 seconds
[2023-11-04T15:38:34.755+0000] {processor.py:157} INFO - Started process (PID=917) to work on /opt/airflow/dags/script2.py
[2023-11-04T15:38:34.756+0000] {processor.py:829} INFO - Processing file /opt/airflow/dags/script2.py for tasks to queue
[2023-11-04T15:38:34.758+0000] {logging_mixin.py:151} INFO - [2023-11-04T15:38:34.757+0000] {dagbag.py:536} INFO - Filling up the DagBag from /opt/airflow/dags/script2.py
[2023-11-04T15:38:35.093+0000] {processor.py:839} INFO - DAG(s) dict_keys(['traffic_data']) retrieved from /opt/airflow/dags/script2.py
[2023-11-04T15:38:35.124+0000] {logging_mixin.py:151} INFO - [2023-11-04T15:38:35.124+0000] {dag.py:2941} INFO - Sync 1 DAGs
[2023-11-04T15:38:35.184+0000] {processor.py:179} INFO - Processing /opt/airflow/dags/script2.py took 0.435 seconds
[2023-11-04T15:39:05.424+0000] {processor.py:157} INFO - Started process (PID=926) to work on /opt/airflow/dags/script2.py
[2023-11-04T15:39:05.425+0000] {processor.py:829} INFO - Processing file /opt/airflow/dags/script2.py for tasks to queue
[2023-11-04T15:39:05.426+0000] {logging_mixin.py:151} INFO - [2023-11-04T15:39:05.426+0000] {dagbag.py:536} INFO - Filling up the DagBag from /opt/airflow/dags/script2.py
[2023-11-04T15:39:05.592+0000] {processor.py:839} INFO - DAG(s) dict_keys(['traffic_data']) retrieved from /opt/airflow/dags/script2.py
[2023-11-04T15:39:06.050+0000] {logging_mixin.py:151} INFO - [2023-11-04T15:39:06.050+0000] {dag.py:2941} INFO - Sync 1 DAGs
[2023-11-04T15:39:06.114+0000] {processor.py:179} INFO - Processing /opt/airflow/dags/script2.py took 0.695 seconds
[2023-11-04T15:39:36.179+0000] {processor.py:157} INFO - Started process (PID=935) to work on /opt/airflow/dags/script2.py
[2023-11-04T15:39:36.180+0000] {processor.py:829} INFO - Processing file /opt/airflow/dags/script2.py for tasks to queue
[2023-11-04T15:39:36.181+0000] {logging_mixin.py:151} INFO - [2023-11-04T15:39:36.181+0000] {dagbag.py:536} INFO - Filling up the DagBag from /opt/airflow/dags/script2.py
[2023-11-04T15:39:36.313+0000] {processor.py:839} INFO - DAG(s) dict_keys(['traffic_data']) retrieved from /opt/airflow/dags/script2.py
[2023-11-04T15:39:36.367+0000] {logging_mixin.py:151} INFO - [2023-11-04T15:39:36.367+0000] {dag.py:2941} INFO - Sync 1 DAGs
[2023-11-04T15:39:36.665+0000] {processor.py:179} INFO - Processing /opt/airflow/dags/script2.py took 0.491 seconds
[2023-11-04T15:40:06.868+0000] {processor.py:157} INFO - Started process (PID=944) to work on /opt/airflow/dags/script2.py
[2023-11-04T15:40:06.869+0000] {processor.py:829} INFO - Processing file /opt/airflow/dags/script2.py for tasks to queue
[2023-11-04T15:40:06.870+0000] {logging_mixin.py:151} INFO - [2023-11-04T15:40:06.869+0000] {dagbag.py:536} INFO - Filling up the DagBag from /opt/airflow/dags/script2.py
[2023-11-04T15:40:07.004+0000] {processor.py:839} INFO - DAG(s) dict_keys(['traffic_data']) retrieved from /opt/airflow/dags/script2.py
[2023-11-04T15:40:07.335+0000] {logging_mixin.py:151} INFO - [2023-11-04T15:40:07.335+0000] {dag.py:2941} INFO - Sync 1 DAGs
[2023-11-04T15:40:07.393+0000] {processor.py:179} INFO - Processing /opt/airflow/dags/script2.py took 0.530 seconds
[2023-11-04T15:40:37.491+0000] {processor.py:157} INFO - Started process (PID=953) to work on /opt/airflow/dags/script2.py
[2023-11-04T15:40:37.494+0000] {processor.py:829} INFO - Processing file /opt/airflow/dags/script2.py for tasks to queue
[2023-11-04T15:40:37.495+0000] {logging_mixin.py:151} INFO - [2023-11-04T15:40:37.494+0000] {dagbag.py:536} INFO - Filling up the DagBag from /opt/airflow/dags/script2.py
[2023-11-04T15:40:38.057+0000] {processor.py:839} INFO - DAG(s) dict_keys(['traffic_data']) retrieved from /opt/airflow/dags/script2.py
[2023-11-04T15:40:38.114+0000] {logging_mixin.py:151} INFO - [2023-11-04T15:40:38.114+0000] {dag.py:2941} INFO - Sync 1 DAGs
[2023-11-04T15:40:38.255+0000] {processor.py:179} INFO - Processing /opt/airflow/dags/script2.py took 0.767 seconds
[2023-11-04T15:41:08.454+0000] {processor.py:157} INFO - Started process (PID=961) to work on /opt/airflow/dags/script2.py
[2023-11-04T15:41:08.455+0000] {processor.py:829} INFO - Processing file /opt/airflow/dags/script2.py for tasks to queue
[2023-11-04T15:41:08.456+0000] {logging_mixin.py:151} INFO - [2023-11-04T15:41:08.456+0000] {dagbag.py:536} INFO - Filling up the DagBag from /opt/airflow/dags/script2.py
[2023-11-04T15:41:08.760+0000] {processor.py:839} INFO - DAG(s) dict_keys(['traffic_data']) retrieved from /opt/airflow/dags/script2.py
[2023-11-04T15:41:08.920+0000] {logging_mixin.py:151} INFO - [2023-11-04T15:41:08.919+0000] {dag.py:2941} INFO - Sync 1 DAGs
[2023-11-04T15:41:08.985+0000] {processor.py:179} INFO - Processing /opt/airflow/dags/script2.py took 0.536 seconds
[2023-11-04T15:41:39.193+0000] {processor.py:157} INFO - Started process (PID=971) to work on /opt/airflow/dags/script2.py
[2023-11-04T15:41:39.195+0000] {processor.py:829} INFO - Processing file /opt/airflow/dags/script2.py for tasks to queue
[2023-11-04T15:41:39.196+0000] {logging_mixin.py:151} INFO - [2023-11-04T15:41:39.196+0000] {dagbag.py:536} INFO - Filling up the DagBag from /opt/airflow/dags/script2.py
[2023-11-04T15:41:39.572+0000] {processor.py:839} INFO - DAG(s) dict_keys(['traffic_data']) retrieved from /opt/airflow/dags/script2.py
[2023-11-04T15:41:39.708+0000] {logging_mixin.py:151} INFO - [2023-11-04T15:41:39.707+0000] {dag.py:2941} INFO - Sync 1 DAGs
[2023-11-04T15:41:39.769+0000] {processor.py:179} INFO - Processing /opt/airflow/dags/script2.py took 0.580 seconds
[2023-11-04T15:42:09.869+0000] {processor.py:157} INFO - Started process (PID=980) to work on /opt/airflow/dags/script2.py
[2023-11-04T15:42:09.871+0000] {processor.py:829} INFO - Processing file /opt/airflow/dags/script2.py for tasks to queue
[2023-11-04T15:42:09.873+0000] {logging_mixin.py:151} INFO - [2023-11-04T15:42:09.872+0000] {dagbag.py:536} INFO - Filling up the DagBag from /opt/airflow/dags/script2.py
[2023-11-04T15:42:10.015+0000] {processor.py:839} INFO - DAG(s) dict_keys(['traffic_data']) retrieved from /opt/airflow/dags/script2.py
[2023-11-04T15:42:10.048+0000] {logging_mixin.py:151} INFO - [2023-11-04T15:42:10.047+0000] {dag.py:2941} INFO - Sync 1 DAGs
[2023-11-04T15:42:10.320+0000] {processor.py:179} INFO - Processing /opt/airflow/dags/script2.py took 0.457 seconds
[2023-11-04T15:42:40.526+0000] {processor.py:157} INFO - Started process (PID=989) to work on /opt/airflow/dags/script2.py
[2023-11-04T15:42:40.526+0000] {processor.py:829} INFO - Processing file /opt/airflow/dags/script2.py for tasks to queue
[2023-11-04T15:42:40.528+0000] {logging_mixin.py:151} INFO - [2023-11-04T15:42:40.527+0000] {dagbag.py:536} INFO - Filling up the DagBag from /opt/airflow/dags/script2.py
[2023-11-04T15:42:40.677+0000] {processor.py:839} INFO - DAG(s) dict_keys(['traffic_data']) retrieved from /opt/airflow/dags/script2.py
[2023-11-04T15:42:41.090+0000] {logging_mixin.py:151} INFO - [2023-11-04T15:42:41.090+0000] {dag.py:2941} INFO - Sync 1 DAGs
[2023-11-04T15:42:41.148+0000] {processor.py:179} INFO - Processing /opt/airflow/dags/script2.py took 0.627 seconds
[2023-11-04T15:43:11.256+0000] {processor.py:157} INFO - Started process (PID=998) to work on /opt/airflow/dags/script2.py
[2023-11-04T15:43:11.258+0000] {processor.py:829} INFO - Processing file /opt/airflow/dags/script2.py for tasks to queue
[2023-11-04T15:43:11.259+0000] {logging_mixin.py:151} INFO - [2023-11-04T15:43:11.258+0000] {dagbag.py:536} INFO - Filling up the DagBag from /opt/airflow/dags/script2.py
[2023-11-04T15:43:11.391+0000] {processor.py:839} INFO - DAG(s) dict_keys(['traffic_data']) retrieved from /opt/airflow/dags/script2.py
[2023-11-04T15:43:11.606+0000] {logging_mixin.py:151} INFO - [2023-11-04T15:43:11.605+0000] {dag.py:2941} INFO - Sync 1 DAGs
[2023-11-04T15:43:11.673+0000] {processor.py:179} INFO - Processing /opt/airflow/dags/script2.py took 0.422 seconds
[2023-11-04T15:43:41.884+0000] {processor.py:157} INFO - Started process (PID=1007) to work on /opt/airflow/dags/script2.py
[2023-11-04T15:43:41.885+0000] {processor.py:829} INFO - Processing file /opt/airflow/dags/script2.py for tasks to queue
[2023-11-04T15:43:41.886+0000] {logging_mixin.py:151} INFO - [2023-11-04T15:43:41.886+0000] {dagbag.py:536} INFO - Filling up the DagBag from /opt/airflow/dags/script2.py
[2023-11-04T15:43:42.205+0000] {processor.py:839} INFO - DAG(s) dict_keys(['traffic_data']) retrieved from /opt/airflow/dags/script2.py
[2023-11-04T15:43:42.340+0000] {logging_mixin.py:151} INFO - [2023-11-04T15:43:42.340+0000] {dag.py:2941} INFO - Sync 1 DAGs
[2023-11-04T15:43:42.367+0000] {logging_mixin.py:151} INFO - [2023-11-04T15:43:42.366+0000] {dag.py:3722} INFO - Setting next_dagrun for traffic_data to 2023-11-04T15:42:42.366605+00:00, run_after=2023-11-04T15:43:42.366605+00:00
[2023-11-04T15:43:42.403+0000] {processor.py:179} INFO - Processing /opt/airflow/dags/script2.py took 0.523 seconds
[2023-11-04T15:44:12.519+0000] {processor.py:157} INFO - Started process (PID=1016) to work on /opt/airflow/dags/script2.py
[2023-11-04T15:44:12.520+0000] {processor.py:829} INFO - Processing file /opt/airflow/dags/script2.py for tasks to queue
[2023-11-04T15:44:12.521+0000] {logging_mixin.py:151} INFO - [2023-11-04T15:44:12.521+0000] {dagbag.py:536} INFO - Filling up the DagBag from /opt/airflow/dags/script2.py
[2023-11-04T15:44:12.876+0000] {processor.py:839} INFO - DAG(s) dict_keys(['traffic_data']) retrieved from /opt/airflow/dags/script2.py
[2023-11-04T15:44:12.915+0000] {logging_mixin.py:151} INFO - [2023-11-04T15:44:12.915+0000] {dag.py:2941} INFO - Sync 1 DAGs
[2023-11-04T15:44:12.981+0000] {processor.py:179} INFO - Processing /opt/airflow/dags/script2.py took 0.467 seconds
[2023-11-04T15:44:43.195+0000] {processor.py:157} INFO - Started process (PID=1025) to work on /opt/airflow/dags/script2.py
[2023-11-04T15:44:43.196+0000] {processor.py:829} INFO - Processing file /opt/airflow/dags/script2.py for tasks to queue
[2023-11-04T15:44:43.196+0000] {logging_mixin.py:151} INFO - [2023-11-04T15:44:43.196+0000] {dagbag.py:536} INFO - Filling up the DagBag from /opt/airflow/dags/script2.py
[2023-11-04T15:44:43.343+0000] {processor.py:839} INFO - DAG(s) dict_keys(['traffic_data']) retrieved from /opt/airflow/dags/script2.py
[2023-11-04T15:44:43.690+0000] {logging_mixin.py:151} INFO - [2023-11-04T15:44:43.690+0000] {dag.py:2941} INFO - Sync 1 DAGs
[2023-11-04T15:44:43.753+0000] {processor.py:179} INFO - Processing /opt/airflow/dags/script2.py took 0.563 seconds
[2023-11-04T15:45:13.832+0000] {processor.py:157} INFO - Started process (PID=1034) to work on /opt/airflow/dags/script2.py
[2023-11-04T15:45:13.834+0000] {processor.py:829} INFO - Processing file /opt/airflow/dags/script2.py for tasks to queue
[2023-11-04T15:45:13.835+0000] {logging_mixin.py:151} INFO - [2023-11-04T15:45:13.834+0000] {dagbag.py:536} INFO - Filling up the DagBag from /opt/airflow/dags/script2.py
[2023-11-04T15:45:13.970+0000] {processor.py:839} INFO - DAG(s) dict_keys(['traffic_data']) retrieved from /opt/airflow/dags/script2.py
[2023-11-04T15:45:14.005+0000] {logging_mixin.py:151} INFO - [2023-11-04T15:45:14.005+0000] {dag.py:2941} INFO - Sync 1 DAGs
[2023-11-04T15:45:14.247+0000] {processor.py:179} INFO - Processing /opt/airflow/dags/script2.py took 0.420 seconds
[2023-11-04T15:45:44.466+0000] {processor.py:157} INFO - Started process (PID=1043) to work on /opt/airflow/dags/script2.py
[2023-11-04T15:45:44.467+0000] {processor.py:829} INFO - Processing file /opt/airflow/dags/script2.py for tasks to queue
[2023-11-04T15:45:44.469+0000] {logging_mixin.py:151} INFO - [2023-11-04T15:45:44.468+0000] {dagbag.py:536} INFO - Filling up the DagBag from /opt/airflow/dags/script2.py
[2023-11-04T15:45:44.616+0000] {processor.py:839} INFO - DAG(s) dict_keys(['traffic_data']) retrieved from /opt/airflow/dags/script2.py
[2023-11-04T15:45:44.933+0000] {logging_mixin.py:151} INFO - [2023-11-04T15:45:44.933+0000] {dag.py:2941} INFO - Sync 1 DAGs
[2023-11-04T15:45:44.993+0000] {processor.py:179} INFO - Processing /opt/airflow/dags/script2.py took 0.534 seconds
[2023-11-04T15:46:15.125+0000] {processor.py:157} INFO - Started process (PID=1052) to work on /opt/airflow/dags/script2.py
[2023-11-04T15:46:15.127+0000] {processor.py:829} INFO - Processing file /opt/airflow/dags/script2.py for tasks to queue
[2023-11-04T15:46:15.129+0000] {logging_mixin.py:151} INFO - [2023-11-04T15:46:15.128+0000] {dagbag.py:536} INFO - Filling up the DagBag from /opt/airflow/dags/script2.py
[2023-11-04T15:46:15.525+0000] {processor.py:839} INFO - DAG(s) dict_keys(['traffic_data']) retrieved from /opt/airflow/dags/script2.py
[2023-11-04T15:46:15.574+0000] {logging_mixin.py:151} INFO - [2023-11-04T15:46:15.573+0000] {dag.py:2941} INFO - Sync 1 DAGs
[2023-11-04T15:46:15.682+0000] {processor.py:179} INFO - Processing /opt/airflow/dags/script2.py took 0.561 seconds
[2023-11-04T15:46:45.883+0000] {processor.py:157} INFO - Started process (PID=1060) to work on /opt/airflow/dags/script2.py
[2023-11-04T15:46:45.884+0000] {processor.py:829} INFO - Processing file /opt/airflow/dags/script2.py for tasks to queue
[2023-11-04T15:46:45.885+0000] {logging_mixin.py:151} INFO - [2023-11-04T15:46:45.885+0000] {dagbag.py:536} INFO - Filling up the DagBag from /opt/airflow/dags/script2.py
[2023-11-04T15:46:46.179+0000] {processor.py:839} INFO - DAG(s) dict_keys(['traffic_data']) retrieved from /opt/airflow/dags/script2.py
[2023-11-04T15:46:46.588+0000] {logging_mixin.py:151} INFO - [2023-11-04T15:46:46.588+0000] {dag.py:2941} INFO - Sync 1 DAGs
[2023-11-04T15:46:47.417+0000] {processor.py:179} INFO - Processing /opt/airflow/dags/script2.py took 1.538 seconds
[2023-11-04T15:47:17.636+0000] {processor.py:157} INFO - Started process (PID=1070) to work on /opt/airflow/dags/script2.py
[2023-11-04T15:47:17.637+0000] {processor.py:829} INFO - Processing file /opt/airflow/dags/script2.py for tasks to queue
[2023-11-04T15:47:17.639+0000] {logging_mixin.py:151} INFO - [2023-11-04T15:47:17.638+0000] {dagbag.py:536} INFO - Filling up the DagBag from /opt/airflow/dags/script2.py
[2023-11-04T15:47:18.018+0000] {processor.py:839} INFO - DAG(s) dict_keys(['traffic_data']) retrieved from /opt/airflow/dags/script2.py
[2023-11-04T15:47:18.049+0000] {logging_mixin.py:151} INFO - [2023-11-04T15:47:18.048+0000] {dag.py:2941} INFO - Sync 1 DAGs
[2023-11-04T15:47:18.114+0000] {processor.py:179} INFO - Processing /opt/airflow/dags/script2.py took 0.483 seconds
[2023-11-04T15:47:48.329+0000] {processor.py:157} INFO - Started process (PID=1079) to work on /opt/airflow/dags/script2.py
[2023-11-04T15:47:48.330+0000] {processor.py:829} INFO - Processing file /opt/airflow/dags/script2.py for tasks to queue
[2023-11-04T15:47:48.331+0000] {logging_mixin.py:151} INFO - [2023-11-04T15:47:48.331+0000] {dagbag.py:536} INFO - Filling up the DagBag from /opt/airflow/dags/script2.py
[2023-11-04T15:47:48.494+0000] {processor.py:839} INFO - DAG(s) dict_keys(['traffic_data']) retrieved from /opt/airflow/dags/script2.py
[2023-11-04T15:47:48.846+0000] {logging_mixin.py:151} INFO - [2023-11-04T15:47:48.845+0000] {dag.py:2941} INFO - Sync 1 DAGs
[2023-11-04T15:47:48.941+0000] {processor.py:179} INFO - Processing /opt/airflow/dags/script2.py took 0.616 seconds
[2023-11-04T15:48:19.029+0000] {processor.py:157} INFO - Started process (PID=1087) to work on /opt/airflow/dags/script2.py
[2023-11-04T15:48:19.032+0000] {processor.py:829} INFO - Processing file /opt/airflow/dags/script2.py for tasks to queue
[2023-11-04T15:48:19.034+0000] {logging_mixin.py:151} INFO - [2023-11-04T15:48:19.034+0000] {dagbag.py:536} INFO - Filling up the DagBag from /opt/airflow/dags/script2.py
[2023-11-04T15:48:19.184+0000] {processor.py:839} INFO - DAG(s) dict_keys(['traffic_data']) retrieved from /opt/airflow/dags/script2.py
[2023-11-04T15:48:19.221+0000] {logging_mixin.py:151} INFO - [2023-11-04T15:48:19.220+0000] {dag.py:2941} INFO - Sync 1 DAGs
[2023-11-04T15:48:19.473+0000] {processor.py:179} INFO - Processing /opt/airflow/dags/script2.py took 0.451 seconds
[2023-11-04T15:48:49.714+0000] {processor.py:157} INFO - Started process (PID=1096) to work on /opt/airflow/dags/script2.py
[2023-11-04T15:48:49.715+0000] {processor.py:829} INFO - Processing file /opt/airflow/dags/script2.py for tasks to queue
[2023-11-04T15:48:49.717+0000] {logging_mixin.py:151} INFO - [2023-11-04T15:48:49.716+0000] {dagbag.py:536} INFO - Filling up the DagBag from /opt/airflow/dags/script2.py
[2023-11-04T15:48:50.054+0000] {processor.py:839} INFO - DAG(s) dict_keys(['traffic_data']) retrieved from /opt/airflow/dags/script2.py
[2023-11-04T15:48:50.196+0000] {logging_mixin.py:151} INFO - [2023-11-04T15:48:50.196+0000] {dag.py:2941} INFO - Sync 1 DAGs
[2023-11-04T15:48:50.255+0000] {processor.py:179} INFO - Processing /opt/airflow/dags/script2.py took 0.544 seconds
[2023-11-04T15:49:20.379+0000] {processor.py:157} INFO - Started process (PID=1105) to work on /opt/airflow/dags/script2.py
[2023-11-04T15:49:20.380+0000] {processor.py:829} INFO - Processing file /opt/airflow/dags/script2.py for tasks to queue
[2023-11-04T15:49:20.383+0000] {logging_mixin.py:151} INFO - [2023-11-04T15:49:20.382+0000] {dagbag.py:536} INFO - Filling up the DagBag from /opt/airflow/dags/script2.py
[2023-11-04T15:49:24.567+0000] {processor.py:839} INFO - DAG(s) dict_keys(['traffic_data']) retrieved from /opt/airflow/dags/script2.py
[2023-11-04T15:49:24.717+0000] {logging_mixin.py:151} INFO - [2023-11-04T15:49:24.717+0000] {dag.py:2941} INFO - Sync 1 DAGs
[2023-11-04T15:49:24.856+0000] {processor.py:179} INFO - Processing /opt/airflow/dags/script2.py took 4.484 seconds
[2023-11-04T15:49:55.076+0000] {processor.py:157} INFO - Started process (PID=1113) to work on /opt/airflow/dags/script2.py
[2023-11-04T15:49:55.078+0000] {processor.py:829} INFO - Processing file /opt/airflow/dags/script2.py for tasks to queue
[2023-11-04T15:49:55.079+0000] {logging_mixin.py:151} INFO - [2023-11-04T15:49:55.078+0000] {dagbag.py:536} INFO - Filling up the DagBag from /opt/airflow/dags/script2.py
[2023-11-04T15:49:55.471+0000] {processor.py:839} INFO - DAG(s) dict_keys(['traffic_data']) retrieved from /opt/airflow/dags/script2.py
[2023-11-04T15:49:55.643+0000] {logging_mixin.py:151} INFO - [2023-11-04T15:49:55.643+0000] {dag.py:2941} INFO - Sync 1 DAGs
[2023-11-04T15:49:55.738+0000] {processor.py:179} INFO - Processing /opt/airflow/dags/script2.py took 0.666 seconds
[2023-11-04T15:50:25.973+0000] {processor.py:157} INFO - Started process (PID=1123) to work on /opt/airflow/dags/script2.py
[2023-11-04T15:50:25.974+0000] {processor.py:829} INFO - Processing file /opt/airflow/dags/script2.py for tasks to queue
[2023-11-04T15:50:25.976+0000] {logging_mixin.py:151} INFO - [2023-11-04T15:50:25.975+0000] {dagbag.py:536} INFO - Filling up the DagBag from /opt/airflow/dags/script2.py
[2023-11-04T15:50:26.207+0000] {processor.py:839} INFO - DAG(s) dict_keys(['traffic_data']) retrieved from /opt/airflow/dags/script2.py
[2023-11-04T15:50:26.244+0000] {logging_mixin.py:151} INFO - [2023-11-04T15:50:26.244+0000] {dag.py:2941} INFO - Sync 1 DAGs
[2023-11-04T15:50:26.527+0000] {processor.py:179} INFO - Processing /opt/airflow/dags/script2.py took 0.560 seconds
[2023-11-04T15:50:56.757+0000] {processor.py:157} INFO - Started process (PID=1132) to work on /opt/airflow/dags/script2.py
[2023-11-04T15:50:56.759+0000] {processor.py:829} INFO - Processing file /opt/airflow/dags/script2.py for tasks to queue
[2023-11-04T15:50:56.760+0000] {logging_mixin.py:151} INFO - [2023-11-04T15:50:56.760+0000] {dagbag.py:536} INFO - Filling up the DagBag from /opt/airflow/dags/script2.py
[2023-11-04T15:50:56.900+0000] {processor.py:839} INFO - DAG(s) dict_keys(['traffic_data']) retrieved from /opt/airflow/dags/script2.py
[2023-11-04T15:50:57.384+0000] {logging_mixin.py:151} INFO - [2023-11-04T15:50:57.384+0000] {dag.py:2941} INFO - Sync 1 DAGs
[2023-11-04T15:50:57.454+0000] {processor.py:179} INFO - Processing /opt/airflow/dags/script2.py took 0.705 seconds
[2023-11-04T15:51:27.641+0000] {processor.py:157} INFO - Started process (PID=1141) to work on /opt/airflow/dags/script2.py
[2023-11-04T15:51:27.643+0000] {processor.py:829} INFO - Processing file /opt/airflow/dags/script2.py for tasks to queue
[2023-11-04T15:51:27.644+0000] {logging_mixin.py:151} INFO - [2023-11-04T15:51:27.644+0000] {dagbag.py:536} INFO - Filling up the DagBag from /opt/airflow/dags/script2.py
[2023-11-04T15:51:27.808+0000] {processor.py:839} INFO - DAG(s) dict_keys(['traffic_data']) retrieved from /opt/airflow/dags/script2.py
[2023-11-04T15:51:28.145+0000] {logging_mixin.py:151} INFO - [2023-11-04T15:51:28.144+0000] {dag.py:2941} INFO - Sync 1 DAGs
[2023-11-04T15:51:28.227+0000] {processor.py:179} INFO - Processing /opt/airflow/dags/script2.py took 0.591 seconds
[2023-11-04T15:51:58.405+0000] {processor.py:157} INFO - Started process (PID=1150) to work on /opt/airflow/dags/script2.py
[2023-11-04T15:51:58.406+0000] {processor.py:829} INFO - Processing file /opt/airflow/dags/script2.py for tasks to queue
[2023-11-04T15:51:58.407+0000] {logging_mixin.py:151} INFO - [2023-11-04T15:51:58.407+0000] {dagbag.py:536} INFO - Filling up the DagBag from /opt/airflow/dags/script2.py
[2023-11-04T15:51:58.759+0000] {processor.py:839} INFO - DAG(s) dict_keys(['traffic_data']) retrieved from /opt/airflow/dags/script2.py
[2023-11-04T15:51:58.776+0000] {logging_mixin.py:151} INFO - [2023-11-04T15:51:58.776+0000] {dag.py:2941} INFO - Sync 1 DAGs
[2023-11-04T15:51:58.834+0000] {processor.py:179} INFO - Processing /opt/airflow/dags/script2.py took 0.433 seconds
[2023-11-04T15:52:28.998+0000] {processor.py:157} INFO - Started process (PID=1159) to work on /opt/airflow/dags/script2.py
[2023-11-04T15:52:28.999+0000] {processor.py:829} INFO - Processing file /opt/airflow/dags/script2.py for tasks to queue
[2023-11-04T15:52:29.001+0000] {logging_mixin.py:151} INFO - [2023-11-04T15:52:29.000+0000] {dagbag.py:536} INFO - Filling up the DagBag from /opt/airflow/dags/script2.py
[2023-11-04T15:52:29.344+0000] {processor.py:839} INFO - DAG(s) dict_keys(['traffic_data']) retrieved from /opt/airflow/dags/script2.py
[2023-11-04T15:52:29.521+0000] {logging_mixin.py:151} INFO - [2023-11-04T15:52:29.521+0000] {dag.py:2941} INFO - Sync 1 DAGs
[2023-11-04T15:52:29.624+0000] {processor.py:179} INFO - Processing /opt/airflow/dags/script2.py took 0.631 seconds
[2023-11-04T15:52:59.798+0000] {processor.py:157} INFO - Started process (PID=1168) to work on /opt/airflow/dags/script2.py
[2023-11-04T15:52:59.800+0000] {processor.py:829} INFO - Processing file /opt/airflow/dags/script2.py for tasks to queue
[2023-11-04T15:52:59.801+0000] {logging_mixin.py:151} INFO - [2023-11-04T15:52:59.801+0000] {dagbag.py:536} INFO - Filling up the DagBag from /opt/airflow/dags/script2.py
[2023-11-04T15:53:00.138+0000] {processor.py:839} INFO - DAG(s) dict_keys(['traffic_data']) retrieved from /opt/airflow/dags/script2.py
[2023-11-04T15:53:00.154+0000] {logging_mixin.py:151} INFO - [2023-11-04T15:53:00.154+0000] {dag.py:2941} INFO - Sync 1 DAGs
[2023-11-04T15:53:00.216+0000] {processor.py:179} INFO - Processing /opt/airflow/dags/script2.py took 0.423 seconds
[2023-11-04T15:53:30.370+0000] {processor.py:157} INFO - Started process (PID=1177) to work on /opt/airflow/dags/script2.py
[2023-11-04T15:53:30.371+0000] {processor.py:829} INFO - Processing file /opt/airflow/dags/script2.py for tasks to queue
[2023-11-04T15:53:30.372+0000] {logging_mixin.py:151} INFO - [2023-11-04T15:53:30.372+0000] {dagbag.py:536} INFO - Filling up the DagBag from /opt/airflow/dags/script2.py
[2023-11-04T15:53:30.541+0000] {processor.py:839} INFO - DAG(s) dict_keys(['traffic_data']) retrieved from /opt/airflow/dags/script2.py
[2023-11-04T15:53:31.094+0000] {logging_mixin.py:151} INFO - [2023-11-04T15:53:31.094+0000] {dag.py:2941} INFO - Sync 1 DAGs
[2023-11-04T15:53:31.162+0000] {processor.py:179} INFO - Processing /opt/airflow/dags/script2.py took 0.797 seconds
[2023-11-04T15:54:01.257+0000] {processor.py:157} INFO - Started process (PID=1186) to work on /opt/airflow/dags/script2.py
[2023-11-04T15:54:01.259+0000] {processor.py:829} INFO - Processing file /opt/airflow/dags/script2.py for tasks to queue
[2023-11-04T15:54:01.260+0000] {logging_mixin.py:151} INFO - [2023-11-04T15:54:01.260+0000] {dagbag.py:536} INFO - Filling up the DagBag from /opt/airflow/dags/script2.py
[2023-11-04T15:54:01.409+0000] {processor.py:839} INFO - DAG(s) dict_keys(['traffic_data']) retrieved from /opt/airflow/dags/script2.py
[2023-11-04T15:54:01.699+0000] {logging_mixin.py:151} INFO - [2023-11-04T15:54:01.699+0000] {dag.py:2941} INFO - Sync 1 DAGs
[2023-11-04T15:54:01.771+0000] {processor.py:179} INFO - Processing /opt/airflow/dags/script2.py took 0.518 seconds
[2023-11-04T15:54:31.984+0000] {processor.py:157} INFO - Started process (PID=1195) to work on /opt/airflow/dags/script2.py
[2023-11-04T15:54:31.984+0000] {processor.py:829} INFO - Processing file /opt/airflow/dags/script2.py for tasks to queue
[2023-11-04T15:54:31.985+0000] {logging_mixin.py:151} INFO - [2023-11-04T15:54:31.985+0000] {dagbag.py:536} INFO - Filling up the DagBag from /opt/airflow/dags/script2.py
[2023-11-04T15:54:32.290+0000] {processor.py:839} INFO - DAG(s) dict_keys(['traffic_data']) retrieved from /opt/airflow/dags/script2.py
[2023-11-04T15:54:32.445+0000] {logging_mixin.py:151} INFO - [2023-11-04T15:54:32.444+0000] {dag.py:2941} INFO - Sync 1 DAGs
[2023-11-04T15:54:32.503+0000] {processor.py:179} INFO - Processing /opt/airflow/dags/script2.py took 0.523 seconds
[2023-11-04T15:55:02.602+0000] {processor.py:157} INFO - Started process (PID=1204) to work on /opt/airflow/dags/script2.py
[2023-11-04T15:55:02.603+0000] {processor.py:829} INFO - Processing file /opt/airflow/dags/script2.py for tasks to queue
[2023-11-04T15:55:02.604+0000] {logging_mixin.py:151} INFO - [2023-11-04T15:55:02.604+0000] {dagbag.py:536} INFO - Filling up the DagBag from /opt/airflow/dags/script2.py
[2023-11-04T15:55:02.959+0000] {processor.py:839} INFO - DAG(s) dict_keys(['traffic_data']) retrieved from /opt/airflow/dags/script2.py
[2023-11-04T15:55:02.993+0000] {logging_mixin.py:151} INFO - [2023-11-04T15:55:02.993+0000] {dag.py:2941} INFO - Sync 1 DAGs
[2023-11-04T15:55:03.065+0000] {processor.py:179} INFO - Processing /opt/airflow/dags/script2.py took 0.468 seconds
[2023-11-04T15:55:33.282+0000] {processor.py:157} INFO - Started process (PID=1213) to work on /opt/airflow/dags/script2.py
[2023-11-04T15:55:33.282+0000] {processor.py:829} INFO - Processing file /opt/airflow/dags/script2.py for tasks to queue
[2023-11-04T15:55:33.283+0000] {logging_mixin.py:151} INFO - [2023-11-04T15:55:33.283+0000] {dagbag.py:536} INFO - Filling up the DagBag from /opt/airflow/dags/script2.py
[2023-11-04T15:55:33.609+0000] {processor.py:839} INFO - DAG(s) dict_keys(['traffic_data']) retrieved from /opt/airflow/dags/script2.py
[2023-11-04T15:55:33.756+0000] {logging_mixin.py:151} INFO - [2023-11-04T15:55:33.756+0000] {dag.py:2941} INFO - Sync 1 DAGs
[2023-11-04T15:55:33.817+0000] {processor.py:179} INFO - Processing /opt/airflow/dags/script2.py took 0.540 seconds
[2023-11-04T15:56:03.905+0000] {processor.py:157} INFO - Started process (PID=1222) to work on /opt/airflow/dags/script2.py
[2023-11-04T15:56:03.907+0000] {processor.py:829} INFO - Processing file /opt/airflow/dags/script2.py for tasks to queue
[2023-11-04T15:56:03.908+0000] {logging_mixin.py:151} INFO - [2023-11-04T15:56:03.908+0000] {dagbag.py:536} INFO - Filling up the DagBag from /opt/airflow/dags/script2.py
[2023-11-04T15:56:04.054+0000] {processor.py:839} INFO - DAG(s) dict_keys(['traffic_data']) retrieved from /opt/airflow/dags/script2.py
[2023-11-04T15:56:04.125+0000] {logging_mixin.py:151} INFO - [2023-11-04T15:56:04.124+0000] {dag.py:2941} INFO - Sync 1 DAGs
[2023-11-04T15:56:04.417+0000] {processor.py:179} INFO - Processing /opt/airflow/dags/script2.py took 0.517 seconds
[2023-11-04T15:56:34.639+0000] {processor.py:157} INFO - Started process (PID=1238) to work on /opt/airflow/dags/script2.py
[2023-11-04T15:56:34.639+0000] {processor.py:829} INFO - Processing file /opt/airflow/dags/script2.py for tasks to queue
[2023-11-04T15:56:34.640+0000] {logging_mixin.py:151} INFO - [2023-11-04T15:56:34.640+0000] {dagbag.py:536} INFO - Filling up the DagBag from /opt/airflow/dags/script2.py
[2023-11-04T15:56:34.783+0000] {processor.py:839} INFO - DAG(s) dict_keys(['traffic_data']) retrieved from /opt/airflow/dags/script2.py
[2023-11-04T15:56:35.411+0000] {logging_mixin.py:151} INFO - [2023-11-04T15:56:35.411+0000] {dag.py:2941} INFO - Sync 1 DAGs
[2023-11-04T15:56:35.474+0000] {processor.py:179} INFO - Processing /opt/airflow/dags/script2.py took 0.840 seconds
[2023-11-04T15:57:05.564+0000] {processor.py:157} INFO - Started process (PID=1247) to work on /opt/airflow/dags/script2.py
[2023-11-04T15:57:05.565+0000] {processor.py:829} INFO - Processing file /opt/airflow/dags/script2.py for tasks to queue
[2023-11-04T15:57:05.566+0000] {logging_mixin.py:151} INFO - [2023-11-04T15:57:05.565+0000] {dagbag.py:536} INFO - Filling up the DagBag from /opt/airflow/dags/script2.py
[2023-11-04T15:57:05.908+0000] {processor.py:839} INFO - DAG(s) dict_keys(['traffic_data']) retrieved from /opt/airflow/dags/script2.py
[2023-11-04T15:57:05.940+0000] {logging_mixin.py:151} INFO - [2023-11-04T15:57:05.940+0000] {dag.py:2941} INFO - Sync 1 DAGs
[2023-11-04T15:57:06.014+0000] {processor.py:179} INFO - Processing /opt/airflow/dags/script2.py took 0.456 seconds
[2023-11-04T15:57:36.229+0000] {processor.py:157} INFO - Started process (PID=1256) to work on /opt/airflow/dags/script2.py
[2023-11-04T15:57:36.230+0000] {processor.py:829} INFO - Processing file /opt/airflow/dags/script2.py for tasks to queue
[2023-11-04T15:57:36.231+0000] {logging_mixin.py:151} INFO - [2023-11-04T15:57:36.231+0000] {dagbag.py:536} INFO - Filling up the DagBag from /opt/airflow/dags/script2.py
[2023-11-04T15:57:36.542+0000] {processor.py:839} INFO - DAG(s) dict_keys(['traffic_data']) retrieved from /opt/airflow/dags/script2.py
[2023-11-04T15:57:36.683+0000] {logging_mixin.py:151} INFO - [2023-11-04T15:57:36.683+0000] {dag.py:2941} INFO - Sync 1 DAGs
[2023-11-04T15:57:36.741+0000] {processor.py:179} INFO - Processing /opt/airflow/dags/script2.py took 0.517 seconds
[2023-11-04T15:58:06.859+0000] {processor.py:157} INFO - Started process (PID=1265) to work on /opt/airflow/dags/script2.py
[2023-11-04T15:58:06.860+0000] {processor.py:829} INFO - Processing file /opt/airflow/dags/script2.py for tasks to queue
[2023-11-04T15:58:06.861+0000] {logging_mixin.py:151} INFO - [2023-11-04T15:58:06.861+0000] {dagbag.py:536} INFO - Filling up the DagBag from /opt/airflow/dags/script2.py
[2023-11-04T15:58:08.700+0000] {processor.py:839} INFO - DAG(s) dict_keys(['traffic_data']) retrieved from /opt/airflow/dags/script2.py
[2023-11-04T15:58:08.717+0000] {logging_mixin.py:151} INFO - [2023-11-04T15:58:08.717+0000] {dag.py:2941} INFO - Sync 1 DAGs
[2023-11-04T15:58:08.780+0000] {processor.py:179} INFO - Processing /opt/airflow/dags/script2.py took 1.926 seconds
[2023-11-04T15:58:39.054+0000] {processor.py:157} INFO - Started process (PID=1275) to work on /opt/airflow/dags/script2.py
[2023-11-04T15:58:39.055+0000] {processor.py:829} INFO - Processing file /opt/airflow/dags/script2.py for tasks to queue
[2023-11-04T15:58:39.056+0000] {logging_mixin.py:151} INFO - [2023-11-04T15:58:39.056+0000] {dagbag.py:536} INFO - Filling up the DagBag from /opt/airflow/dags/script2.py
[2023-11-04T15:58:39.361+0000] {processor.py:839} INFO - DAG(s) dict_keys(['traffic_data']) retrieved from /opt/airflow/dags/script2.py
[2023-11-04T15:58:39.510+0000] {logging_mixin.py:151} INFO - [2023-11-04T15:58:39.509+0000] {dag.py:2941} INFO - Sync 1 DAGs
[2023-11-04T15:58:39.573+0000] {processor.py:179} INFO - Processing /opt/airflow/dags/script2.py took 0.525 seconds
[2023-11-04T15:59:09.759+0000] {processor.py:157} INFO - Started process (PID=1284) to work on /opt/airflow/dags/script2.py
[2023-11-04T15:59:09.761+0000] {processor.py:829} INFO - Processing file /opt/airflow/dags/script2.py for tasks to queue
[2023-11-04T15:59:09.762+0000] {logging_mixin.py:151} INFO - [2023-11-04T15:59:09.761+0000] {dagbag.py:536} INFO - Filling up the DagBag from /opt/airflow/dags/script2.py
[2023-11-04T15:59:09.880+0000] {processor.py:839} INFO - DAG(s) dict_keys(['traffic_data']) retrieved from /opt/airflow/dags/script2.py
[2023-11-04T15:59:09.915+0000] {logging_mixin.py:151} INFO - [2023-11-04T15:59:09.915+0000] {dag.py:2941} INFO - Sync 1 DAGs
[2023-11-04T15:59:10.139+0000] {processor.py:179} INFO - Processing /opt/airflow/dags/script2.py took 0.384 seconds
[2023-11-04T15:59:40.310+0000] {processor.py:157} INFO - Started process (PID=1293) to work on /opt/airflow/dags/script2.py
[2023-11-04T15:59:40.311+0000] {processor.py:829} INFO - Processing file /opt/airflow/dags/script2.py for tasks to queue
[2023-11-04T15:59:40.311+0000] {logging_mixin.py:151} INFO - [2023-11-04T15:59:40.311+0000] {dagbag.py:536} INFO - Filling up the DagBag from /opt/airflow/dags/script2.py
[2023-11-04T15:59:40.439+0000] {processor.py:839} INFO - DAG(s) dict_keys(['traffic_data']) retrieved from /opt/airflow/dags/script2.py
[2023-11-04T15:59:40.456+0000] {logging_mixin.py:151} INFO - [2023-11-04T15:59:40.456+0000] {dag.py:2941} INFO - Sync 1 DAGs
[2023-11-04T15:59:40.694+0000] {processor.py:179} INFO - Processing /opt/airflow/dags/script2.py took 0.389 seconds
[2023-11-04T16:00:10.874+0000] {processor.py:157} INFO - Started process (PID=1302) to work on /opt/airflow/dags/script2.py
[2023-11-04T16:00:10.876+0000] {processor.py:829} INFO - Processing file /opt/airflow/dags/script2.py for tasks to queue
[2023-11-04T16:00:10.877+0000] {logging_mixin.py:151} INFO - [2023-11-04T16:00:10.877+0000] {dagbag.py:536} INFO - Filling up the DagBag from /opt/airflow/dags/script2.py
[2023-11-04T16:00:11.169+0000] {processor.py:839} INFO - DAG(s) dict_keys(['traffic_data']) retrieved from /opt/airflow/dags/script2.py
[2023-11-04T16:00:11.292+0000] {logging_mixin.py:151} INFO - [2023-11-04T16:00:11.291+0000] {dag.py:2941} INFO - Sync 1 DAGs
[2023-11-04T16:00:11.355+0000] {processor.py:179} INFO - Processing /opt/airflow/dags/script2.py took 0.485 seconds
[2023-11-04T16:00:41.555+0000] {processor.py:157} INFO - Started process (PID=1311) to work on /opt/airflow/dags/script2.py
[2023-11-04T16:00:41.556+0000] {processor.py:829} INFO - Processing file /opt/airflow/dags/script2.py for tasks to queue
[2023-11-04T16:00:41.557+0000] {logging_mixin.py:151} INFO - [2023-11-04T16:00:41.556+0000] {dagbag.py:536} INFO - Filling up the DagBag from /opt/airflow/dags/script2.py
[2023-11-04T16:00:41.940+0000] {processor.py:839} INFO - DAG(s) dict_keys(['traffic_data']) retrieved from /opt/airflow/dags/script2.py
[2023-11-04T16:00:42.099+0000] {logging_mixin.py:151} INFO - [2023-11-04T16:00:42.099+0000] {dag.py:2941} INFO - Sync 1 DAGs
[2023-11-04T16:00:42.208+0000] {processor.py:179} INFO - Processing /opt/airflow/dags/script2.py took 0.659 seconds
[2023-11-04T16:01:12.382+0000] {processor.py:157} INFO - Started process (PID=1320) to work on /opt/airflow/dags/script2.py
[2023-11-04T16:01:12.384+0000] {processor.py:829} INFO - Processing file /opt/airflow/dags/script2.py for tasks to queue
[2023-11-04T16:01:12.385+0000] {logging_mixin.py:151} INFO - [2023-11-04T16:01:12.384+0000] {dagbag.py:536} INFO - Filling up the DagBag from /opt/airflow/dags/script2.py
[2023-11-04T16:01:12.739+0000] {processor.py:839} INFO - DAG(s) dict_keys(['traffic_data']) retrieved from /opt/airflow/dags/script2.py
[2023-11-04T16:01:12.758+0000] {logging_mixin.py:151} INFO - [2023-11-04T16:01:12.758+0000] {dag.py:2941} INFO - Sync 1 DAGs
[2023-11-04T16:01:12.824+0000] {processor.py:179} INFO - Processing /opt/airflow/dags/script2.py took 0.447 seconds
[2023-11-04T16:01:43.005+0000] {processor.py:157} INFO - Started process (PID=1329) to work on /opt/airflow/dags/script2.py
[2023-11-04T16:01:43.007+0000] {processor.py:829} INFO - Processing file /opt/airflow/dags/script2.py for tasks to queue
[2023-11-04T16:01:43.010+0000] {logging_mixin.py:151} INFO - [2023-11-04T16:01:43.009+0000] {dagbag.py:536} INFO - Filling up the DagBag from /opt/airflow/dags/script2.py
[2023-11-04T16:01:43.314+0000] {processor.py:839} INFO - DAG(s) dict_keys(['traffic_data']) retrieved from /opt/airflow/dags/script2.py
[2023-11-04T16:01:43.445+0000] {logging_mixin.py:151} INFO - [2023-11-04T16:01:43.445+0000] {dag.py:2941} INFO - Sync 1 DAGs
[2023-11-04T16:01:43.507+0000] {processor.py:179} INFO - Processing /opt/airflow/dags/script2.py took 0.509 seconds
[2023-11-04T16:02:13.685+0000] {processor.py:157} INFO - Started process (PID=1338) to work on /opt/airflow/dags/script2.py
[2023-11-04T16:02:13.687+0000] {processor.py:829} INFO - Processing file /opt/airflow/dags/script2.py for tasks to queue
[2023-11-04T16:02:13.688+0000] {logging_mixin.py:151} INFO - [2023-11-04T16:02:13.688+0000] {dagbag.py:536} INFO - Filling up the DagBag from /opt/airflow/dags/script2.py
[2023-11-04T16:02:13.969+0000] {processor.py:839} INFO - DAG(s) dict_keys(['traffic_data']) retrieved from /opt/airflow/dags/script2.py
[2023-11-04T16:02:14.384+0000] {logging_mixin.py:151} INFO - [2023-11-04T16:02:14.383+0000] {dag.py:2941} INFO - Sync 1 DAGs
[2023-11-04T16:02:14.504+0000] {processor.py:179} INFO - Processing /opt/airflow/dags/script2.py took 0.825 seconds
[2023-11-04T16:02:44.702+0000] {processor.py:157} INFO - Started process (PID=1347) to work on /opt/airflow/dags/script2.py
[2023-11-04T16:02:44.704+0000] {processor.py:829} INFO - Processing file /opt/airflow/dags/script2.py for tasks to queue
[2023-11-04T16:02:44.705+0000] {logging_mixin.py:151} INFO - [2023-11-04T16:02:44.705+0000] {dagbag.py:536} INFO - Filling up the DagBag from /opt/airflow/dags/script2.py
[2023-11-04T16:02:45.010+0000] {processor.py:839} INFO - DAG(s) dict_keys(['traffic_data']) retrieved from /opt/airflow/dags/script2.py
[2023-11-04T16:02:45.025+0000] {logging_mixin.py:151} INFO - [2023-11-04T16:02:45.025+0000] {dag.py:2941} INFO - Sync 1 DAGs
[2023-11-04T16:02:45.103+0000] {processor.py:179} INFO - Processing /opt/airflow/dags/script2.py took 0.406 seconds
[2023-11-04T16:03:15.289+0000] {processor.py:157} INFO - Started process (PID=1356) to work on /opt/airflow/dags/script2.py
[2023-11-04T16:03:15.290+0000] {processor.py:829} INFO - Processing file /opt/airflow/dags/script2.py for tasks to queue
[2023-11-04T16:03:15.291+0000] {logging_mixin.py:151} INFO - [2023-11-04T16:03:15.291+0000] {dagbag.py:536} INFO - Filling up the DagBag from /opt/airflow/dags/script2.py
[2023-11-04T16:03:15.578+0000] {processor.py:839} INFO - DAG(s) dict_keys(['traffic_data']) retrieved from /opt/airflow/dags/script2.py
[2023-11-04T16:03:15.702+0000] {logging_mixin.py:151} INFO - [2023-11-04T16:03:15.702+0000] {dag.py:2941} INFO - Sync 1 DAGs
[2023-11-04T16:03:15.761+0000] {processor.py:179} INFO - Processing /opt/airflow/dags/script2.py took 0.477 seconds
[2023-11-04T16:03:45.960+0000] {processor.py:157} INFO - Started process (PID=1365) to work on /opt/airflow/dags/script2.py
[2023-11-04T16:03:45.968+0000] {processor.py:829} INFO - Processing file /opt/airflow/dags/script2.py for tasks to queue
[2023-11-04T16:03:45.969+0000] {logging_mixin.py:151} INFO - [2023-11-04T16:03:45.969+0000] {dagbag.py:536} INFO - Filling up the DagBag from /opt/airflow/dags/script2.py
[2023-11-04T16:03:46.293+0000] {processor.py:839} INFO - DAG(s) dict_keys(['traffic_data']) retrieved from /opt/airflow/dags/script2.py
[2023-11-04T16:03:46.326+0000] {logging_mixin.py:151} INFO - [2023-11-04T16:03:46.326+0000] {dag.py:2941} INFO - Sync 1 DAGs
[2023-11-04T16:03:46.390+0000] {processor.py:179} INFO - Processing /opt/airflow/dags/script2.py took 0.434 seconds
[2023-11-04T16:04:16.580+0000] {processor.py:157} INFO - Started process (PID=1374) to work on /opt/airflow/dags/script2.py
[2023-11-04T16:04:16.581+0000] {processor.py:829} INFO - Processing file /opt/airflow/dags/script2.py for tasks to queue
[2023-11-04T16:04:16.582+0000] {logging_mixin.py:151} INFO - [2023-11-04T16:04:16.581+0000] {dagbag.py:536} INFO - Filling up the DagBag from /opt/airflow/dags/script2.py
[2023-11-04T16:04:16.864+0000] {processor.py:839} INFO - DAG(s) dict_keys(['traffic_data']) retrieved from /opt/airflow/dags/script2.py
[2023-11-04T16:04:16.880+0000] {logging_mixin.py:151} INFO - [2023-11-04T16:04:16.880+0000] {dag.py:2941} INFO - Sync 1 DAGs
[2023-11-04T16:04:16.939+0000] {processor.py:179} INFO - Processing /opt/airflow/dags/script2.py took 0.364 seconds
[2023-11-04T16:04:47.111+0000] {processor.py:157} INFO - Started process (PID=1383) to work on /opt/airflow/dags/script2.py
[2023-11-04T16:04:47.113+0000] {processor.py:829} INFO - Processing file /opt/airflow/dags/script2.py for tasks to queue
[2023-11-04T16:04:47.114+0000] {logging_mixin.py:151} INFO - [2023-11-04T16:04:47.114+0000] {dagbag.py:536} INFO - Filling up the DagBag from /opt/airflow/dags/script2.py
[2023-11-04T16:04:47.231+0000] {processor.py:839} INFO - DAG(s) dict_keys(['traffic_data']) retrieved from /opt/airflow/dags/script2.py
[2023-11-04T16:04:47.535+0000] {logging_mixin.py:151} INFO - [2023-11-04T16:04:47.535+0000] {dag.py:2941} INFO - Sync 1 DAGs
[2023-11-04T16:04:47.594+0000] {processor.py:179} INFO - Processing /opt/airflow/dags/script2.py took 0.487 seconds
[2023-11-04T16:05:17.770+0000] {processor.py:157} INFO - Started process (PID=1394) to work on /opt/airflow/dags/script2.py
[2023-11-04T16:05:17.771+0000] {processor.py:829} INFO - Processing file /opt/airflow/dags/script2.py for tasks to queue
[2023-11-04T16:05:17.772+0000] {logging_mixin.py:151} INFO - [2023-11-04T16:05:17.771+0000] {dagbag.py:536} INFO - Filling up the DagBag from /opt/airflow/dags/script2.py
[2023-11-04T16:05:17.896+0000] {processor.py:839} INFO - DAG(s) dict_keys(['traffic_data']) retrieved from /opt/airflow/dags/script2.py
[2023-11-04T16:05:18.101+0000] {logging_mixin.py:151} INFO - [2023-11-04T16:05:18.101+0000] {dag.py:2941} INFO - Sync 1 DAGs
[2023-11-04T16:05:18.153+0000] {processor.py:179} INFO - Processing /opt/airflow/dags/script2.py took 0.387 seconds
[2023-11-04T16:05:48.331+0000] {processor.py:157} INFO - Started process (PID=1403) to work on /opt/airflow/dags/script2.py
[2023-11-04T16:05:48.333+0000] {processor.py:829} INFO - Processing file /opt/airflow/dags/script2.py for tasks to queue
[2023-11-04T16:05:48.334+0000] {logging_mixin.py:151} INFO - [2023-11-04T16:05:48.333+0000] {dagbag.py:536} INFO - Filling up the DagBag from /opt/airflow/dags/script2.py
[2023-11-04T16:05:48.618+0000] {processor.py:839} INFO - DAG(s) dict_keys(['traffic_data']) retrieved from /opt/airflow/dags/script2.py
[2023-11-04T16:05:48.633+0000] {logging_mixin.py:151} INFO - [2023-11-04T16:05:48.633+0000] {dag.py:2941} INFO - Sync 1 DAGs
[2023-11-04T16:05:48.695+0000] {processor.py:179} INFO - Processing /opt/airflow/dags/script2.py took 0.368 seconds
[2023-11-04T16:06:18.874+0000] {processor.py:157} INFO - Started process (PID=1412) to work on /opt/airflow/dags/script2.py
[2023-11-04T16:06:18.875+0000] {processor.py:829} INFO - Processing file /opt/airflow/dags/script2.py for tasks to queue
[2023-11-04T16:06:18.876+0000] {logging_mixin.py:151} INFO - [2023-11-04T16:06:18.876+0000] {dagbag.py:536} INFO - Filling up the DagBag from /opt/airflow/dags/script2.py
[2023-11-04T16:06:19.229+0000] {processor.py:839} INFO - DAG(s) dict_keys(['traffic_data']) retrieved from /opt/airflow/dags/script2.py
[2023-11-04T16:06:19.433+0000] {logging_mixin.py:151} INFO - [2023-11-04T16:06:19.432+0000] {dag.py:2941} INFO - Sync 1 DAGs
[2023-11-04T16:06:19.575+0000] {processor.py:179} INFO - Processing /opt/airflow/dags/script2.py took 0.705 seconds
[2023-11-04T16:06:49.754+0000] {processor.py:157} INFO - Started process (PID=1421) to work on /opt/airflow/dags/script2.py
[2023-11-04T16:06:49.762+0000] {processor.py:829} INFO - Processing file /opt/airflow/dags/script2.py for tasks to queue
[2023-11-04T16:06:49.764+0000] {logging_mixin.py:151} INFO - [2023-11-04T16:06:49.763+0000] {dagbag.py:536} INFO - Filling up the DagBag from /opt/airflow/dags/script2.py
[2023-11-04T16:06:50.094+0000] {processor.py:839} INFO - DAG(s) dict_keys(['traffic_data']) retrieved from /opt/airflow/dags/script2.py
[2023-11-04T16:06:50.128+0000] {logging_mixin.py:151} INFO - [2023-11-04T16:06:50.127+0000] {dag.py:2941} INFO - Sync 1 DAGs
[2023-11-04T16:06:50.196+0000] {processor.py:179} INFO - Processing /opt/airflow/dags/script2.py took 0.446 seconds
[2023-11-04T16:07:20.529+0000] {processor.py:157} INFO - Started process (PID=1430) to work on /opt/airflow/dags/script2.py
[2023-11-04T16:07:20.558+0000] {processor.py:829} INFO - Processing file /opt/airflow/dags/script2.py for tasks to queue
[2023-11-04T16:07:20.576+0000] {logging_mixin.py:151} INFO - [2023-11-04T16:07:20.567+0000] {dagbag.py:536} INFO - Filling up the DagBag from /opt/airflow/dags/script2.py
[2023-11-04T16:07:21.330+0000] {processor.py:839} INFO - DAG(s) dict_keys(['traffic_data']) retrieved from /opt/airflow/dags/script2.py
[2023-11-04T16:07:21.349+0000] {logging_mixin.py:151} INFO - [2023-11-04T16:07:21.349+0000] {dag.py:2941} INFO - Sync 1 DAGs
[2023-11-04T16:07:21.421+0000] {processor.py:179} INFO - Processing /opt/airflow/dags/script2.py took 1.031 seconds
[2023-11-04T16:07:51.590+0000] {processor.py:157} INFO - Started process (PID=1439) to work on /opt/airflow/dags/script2.py
[2023-11-04T16:07:51.591+0000] {processor.py:829} INFO - Processing file /opt/airflow/dags/script2.py for tasks to queue
[2023-11-04T16:07:51.592+0000] {logging_mixin.py:151} INFO - [2023-11-04T16:07:51.591+0000] {dagbag.py:536} INFO - Filling up the DagBag from /opt/airflow/dags/script2.py
[2023-11-04T16:07:51.727+0000] {processor.py:839} INFO - DAG(s) dict_keys(['traffic_data']) retrieved from /opt/airflow/dags/script2.py
[2023-11-04T16:07:52.541+0000] {logging_mixin.py:151} INFO - [2023-11-04T16:07:52.541+0000] {dag.py:2941} INFO - Sync 1 DAGs
[2023-11-04T16:07:52.725+0000] {processor.py:179} INFO - Processing /opt/airflow/dags/script2.py took 1.140 seconds
[2023-11-04T16:08:22.903+0000] {processor.py:157} INFO - Started process (PID=1448) to work on /opt/airflow/dags/script2.py
[2023-11-04T16:08:22.905+0000] {processor.py:829} INFO - Processing file /opt/airflow/dags/script2.py for tasks to queue
[2023-11-04T16:08:22.906+0000] {logging_mixin.py:151} INFO - [2023-11-04T16:08:22.906+0000] {dagbag.py:536} INFO - Filling up the DagBag from /opt/airflow/dags/script2.py
[2023-11-04T16:08:23.293+0000] {processor.py:839} INFO - DAG(s) dict_keys(['traffic_data']) retrieved from /opt/airflow/dags/script2.py
[2023-11-04T16:08:23.310+0000] {logging_mixin.py:151} INFO - [2023-11-04T16:08:23.309+0000] {dag.py:2941} INFO - Sync 1 DAGs
[2023-11-04T16:08:23.368+0000] {processor.py:179} INFO - Processing /opt/airflow/dags/script2.py took 0.469 seconds
[2023-11-04T16:08:53.573+0000] {processor.py:157} INFO - Started process (PID=1458) to work on /opt/airflow/dags/script2.py
[2023-11-04T16:08:53.574+0000] {processor.py:829} INFO - Processing file /opt/airflow/dags/script2.py for tasks to queue
[2023-11-04T16:08:53.575+0000] {logging_mixin.py:151} INFO - [2023-11-04T16:08:53.575+0000] {dagbag.py:536} INFO - Filling up the DagBag from /opt/airflow/dags/script2.py
[2023-11-04T16:08:53.871+0000] {processor.py:839} INFO - DAG(s) dict_keys(['traffic_data']) retrieved from /opt/airflow/dags/script2.py
[2023-11-04T16:08:54.001+0000] {logging_mixin.py:151} INFO - [2023-11-04T16:08:54.001+0000] {dag.py:2941} INFO - Sync 1 DAGs
[2023-11-04T16:08:54.065+0000] {processor.py:179} INFO - Processing /opt/airflow/dags/script2.py took 0.497 seconds
[2023-11-04T16:09:24.240+0000] {processor.py:157} INFO - Started process (PID=1467) to work on /opt/airflow/dags/script2.py
[2023-11-04T16:09:24.242+0000] {processor.py:829} INFO - Processing file /opt/airflow/dags/script2.py for tasks to queue
[2023-11-04T16:09:24.243+0000] {logging_mixin.py:151} INFO - [2023-11-04T16:09:24.243+0000] {dagbag.py:536} INFO - Filling up the DagBag from /opt/airflow/dags/script2.py
[2023-11-04T16:09:24.551+0000] {processor.py:839} INFO - DAG(s) dict_keys(['traffic_data']) retrieved from /opt/airflow/dags/script2.py
[2023-11-04T16:09:24.586+0000] {logging_mixin.py:151} INFO - [2023-11-04T16:09:24.586+0000] {dag.py:2941} INFO - Sync 1 DAGs
[2023-11-04T16:09:24.649+0000] {processor.py:179} INFO - Processing /opt/airflow/dags/script2.py took 0.413 seconds
[2023-11-04T16:09:54.826+0000] {processor.py:157} INFO - Started process (PID=1476) to work on /opt/airflow/dags/script2.py
[2023-11-04T16:09:54.834+0000] {processor.py:829} INFO - Processing file /opt/airflow/dags/script2.py for tasks to queue
[2023-11-04T16:09:54.835+0000] {logging_mixin.py:151} INFO - [2023-11-04T16:09:54.835+0000] {dagbag.py:536} INFO - Filling up the DagBag from /opt/airflow/dags/script2.py
[2023-11-04T16:09:55.148+0000] {processor.py:839} INFO - DAG(s) dict_keys(['traffic_data']) retrieved from /opt/airflow/dags/script2.py
[2023-11-04T16:09:55.165+0000] {logging_mixin.py:151} INFO - [2023-11-04T16:09:55.165+0000] {dag.py:2941} INFO - Sync 1 DAGs
[2023-11-04T16:09:55.227+0000] {processor.py:179} INFO - Processing /opt/airflow/dags/script2.py took 0.405 seconds
[2023-11-04T16:10:25.416+0000] {processor.py:157} INFO - Started process (PID=1485) to work on /opt/airflow/dags/script2.py
[2023-11-04T16:10:25.417+0000] {processor.py:829} INFO - Processing file /opt/airflow/dags/script2.py for tasks to queue
[2023-11-04T16:10:25.418+0000] {logging_mixin.py:151} INFO - [2023-11-04T16:10:25.417+0000] {dagbag.py:536} INFO - Filling up the DagBag from /opt/airflow/dags/script2.py
[2023-11-04T16:10:25.607+0000] {processor.py:839} INFO - DAG(s) dict_keys(['traffic_data']) retrieved from /opt/airflow/dags/script2.py
[2023-11-04T16:10:25.979+0000] {logging_mixin.py:151} INFO - [2023-11-04T16:10:25.978+0000] {dag.py:2941} INFO - Sync 1 DAGs
[2023-11-04T16:10:26.072+0000] {processor.py:179} INFO - Processing /opt/airflow/dags/script2.py took 0.662 seconds
[2023-11-04T16:10:56.302+0000] {processor.py:157} INFO - Started process (PID=1494) to work on /opt/airflow/dags/script2.py
[2023-11-04T16:10:56.308+0000] {processor.py:829} INFO - Processing file /opt/airflow/dags/script2.py for tasks to queue
[2023-11-04T16:10:56.310+0000] {logging_mixin.py:151} INFO - [2023-11-04T16:10:56.309+0000] {dagbag.py:536} INFO - Filling up the DagBag from /opt/airflow/dags/script2.py
[2023-11-04T16:10:56.615+0000] {processor.py:839} INFO - DAG(s) dict_keys(['traffic_data']) retrieved from /opt/airflow/dags/script2.py
[2023-11-04T16:10:56.632+0000] {logging_mixin.py:151} INFO - [2023-11-04T16:10:56.631+0000] {dag.py:2941} INFO - Sync 1 DAGs
[2023-11-04T16:10:56.696+0000] {processor.py:179} INFO - Processing /opt/airflow/dags/script2.py took 0.409 seconds
[2023-11-04T16:11:26.924+0000] {processor.py:157} INFO - Started process (PID=1503) to work on /opt/airflow/dags/script2.py
[2023-11-04T16:11:26.929+0000] {processor.py:829} INFO - Processing file /opt/airflow/dags/script2.py for tasks to queue
[2023-11-04T16:11:26.931+0000] {logging_mixin.py:151} INFO - [2023-11-04T16:11:26.930+0000] {dagbag.py:536} INFO - Filling up the DagBag from /opt/airflow/dags/script2.py
[2023-11-04T16:11:27.483+0000] {processor.py:839} INFO - DAG(s) dict_keys(['traffic_data']) retrieved from /opt/airflow/dags/script2.py
[2023-11-04T16:11:27.657+0000] {logging_mixin.py:151} INFO - [2023-11-04T16:11:27.657+0000] {dag.py:2941} INFO - Sync 1 DAGs
[2023-11-04T16:11:27.714+0000] {processor.py:179} INFO - Processing /opt/airflow/dags/script2.py took 0.804 seconds
[2023-11-04T16:11:57.921+0000] {processor.py:157} INFO - Started process (PID=1512) to work on /opt/airflow/dags/script2.py
[2023-11-04T16:11:57.921+0000] {processor.py:829} INFO - Processing file /opt/airflow/dags/script2.py for tasks to queue
[2023-11-04T16:11:57.923+0000] {logging_mixin.py:151} INFO - [2023-11-04T16:11:57.922+0000] {dagbag.py:536} INFO - Filling up the DagBag from /opt/airflow/dags/script2.py
[2023-11-04T16:11:58.342+0000] {processor.py:839} INFO - DAG(s) dict_keys(['traffic_data']) retrieved from /opt/airflow/dags/script2.py
[2023-11-04T16:11:58.362+0000] {logging_mixin.py:151} INFO - [2023-11-04T16:11:58.361+0000] {dag.py:2941} INFO - Sync 1 DAGs
[2023-11-04T16:11:58.422+0000] {processor.py:179} INFO - Processing /opt/airflow/dags/script2.py took 0.506 seconds
[2023-11-04T16:12:28.558+0000] {processor.py:157} INFO - Started process (PID=1521) to work on /opt/airflow/dags/script2.py
[2023-11-04T16:12:28.561+0000] {processor.py:829} INFO - Processing file /opt/airflow/dags/script2.py for tasks to queue
[2023-11-04T16:12:28.563+0000] {logging_mixin.py:151} INFO - [2023-11-04T16:12:28.562+0000] {dagbag.py:536} INFO - Filling up the DagBag from /opt/airflow/dags/script2.py
[2023-11-04T16:12:29.103+0000] {processor.py:839} INFO - DAG(s) dict_keys(['traffic_data']) retrieved from /opt/airflow/dags/script2.py
[2023-11-04T16:12:29.471+0000] {logging_mixin.py:151} INFO - [2023-11-04T16:12:29.470+0000] {dag.py:2941} INFO - Sync 1 DAGs
[2023-11-04T16:12:29.549+0000] {processor.py:179} INFO - Processing /opt/airflow/dags/script2.py took 0.996 seconds
[2023-11-04T16:12:59.741+0000] {processor.py:157} INFO - Started process (PID=1530) to work on /opt/airflow/dags/script2.py
[2023-11-04T16:12:59.742+0000] {processor.py:829} INFO - Processing file /opt/airflow/dags/script2.py for tasks to queue
[2023-11-04T16:12:59.743+0000] {logging_mixin.py:151} INFO - [2023-11-04T16:12:59.743+0000] {dagbag.py:536} INFO - Filling up the DagBag from /opt/airflow/dags/script2.py
[2023-11-04T16:13:00.392+0000] {processor.py:839} INFO - DAG(s) dict_keys(['traffic_data']) retrieved from /opt/airflow/dags/script2.py
[2023-11-04T16:13:00.421+0000] {logging_mixin.py:151} INFO - [2023-11-04T16:13:00.421+0000] {dag.py:2941} INFO - Sync 1 DAGs
[2023-11-04T16:13:00.519+0000] {processor.py:179} INFO - Processing /opt/airflow/dags/script2.py took 0.782 seconds
[2023-11-04T16:13:30.673+0000] {processor.py:157} INFO - Started process (PID=1539) to work on /opt/airflow/dags/script2.py
[2023-11-04T16:13:30.675+0000] {processor.py:829} INFO - Processing file /opt/airflow/dags/script2.py for tasks to queue
[2023-11-04T16:13:30.677+0000] {logging_mixin.py:151} INFO - [2023-11-04T16:13:30.676+0000] {dagbag.py:536} INFO - Filling up the DagBag from /opt/airflow/dags/script2.py
[2023-11-04T16:13:30.817+0000] {processor.py:839} INFO - DAG(s) dict_keys(['traffic_data']) retrieved from /opt/airflow/dags/script2.py
[2023-11-04T16:13:31.445+0000] {logging_mixin.py:151} INFO - [2023-11-04T16:13:31.444+0000] {dag.py:2941} INFO - Sync 1 DAGs
[2023-11-04T16:13:31.513+0000] {processor.py:179} INFO - Processing /opt/airflow/dags/script2.py took 0.846 seconds
[2023-11-04T16:14:01.755+0000] {processor.py:157} INFO - Started process (PID=1548) to work on /opt/airflow/dags/script2.py
[2023-11-04T16:14:01.758+0000] {processor.py:829} INFO - Processing file /opt/airflow/dags/script2.py for tasks to queue
[2023-11-04T16:14:01.760+0000] {logging_mixin.py:151} INFO - [2023-11-04T16:14:01.759+0000] {dagbag.py:536} INFO - Filling up the DagBag from /opt/airflow/dags/script2.py
[2023-11-04T16:14:02.127+0000] {processor.py:839} INFO - DAG(s) dict_keys(['traffic_data']) retrieved from /opt/airflow/dags/script2.py
[2023-11-04T16:14:02.172+0000] {logging_mixin.py:151} INFO - [2023-11-04T16:14:02.171+0000] {dag.py:2941} INFO - Sync 1 DAGs
[2023-11-04T16:14:02.243+0000] {processor.py:179} INFO - Processing /opt/airflow/dags/script2.py took 0.492 seconds
[2023-11-04T16:14:32.462+0000] {processor.py:157} INFO - Started process (PID=1557) to work on /opt/airflow/dags/script2.py
[2023-11-04T16:14:32.463+0000] {processor.py:829} INFO - Processing file /opt/airflow/dags/script2.py for tasks to queue
[2023-11-04T16:14:32.464+0000] {logging_mixin.py:151} INFO - [2023-11-04T16:14:32.464+0000] {dagbag.py:536} INFO - Filling up the DagBag from /opt/airflow/dags/script2.py
[2023-11-04T16:14:32.917+0000] {processor.py:839} INFO - DAG(s) dict_keys(['traffic_data']) retrieved from /opt/airflow/dags/script2.py
[2023-11-04T16:14:33.181+0000] {logging_mixin.py:151} INFO - [2023-11-04T16:14:33.181+0000] {dag.py:2941} INFO - Sync 1 DAGs
[2023-11-04T16:14:33.241+0000] {processor.py:179} INFO - Processing /opt/airflow/dags/script2.py took 0.784 seconds
[2023-11-04T16:15:03.411+0000] {processor.py:157} INFO - Started process (PID=1567) to work on /opt/airflow/dags/script2.py
[2023-11-04T16:15:03.413+0000] {processor.py:829} INFO - Processing file /opt/airflow/dags/script2.py for tasks to queue
[2023-11-04T16:15:03.414+0000] {logging_mixin.py:151} INFO - [2023-11-04T16:15:03.413+0000] {dagbag.py:536} INFO - Filling up the DagBag from /opt/airflow/dags/script2.py
[2023-11-04T16:15:03.756+0000] {processor.py:839} INFO - DAG(s) dict_keys(['traffic_data']) retrieved from /opt/airflow/dags/script2.py
[2023-11-04T16:15:03.803+0000] {logging_mixin.py:151} INFO - [2023-11-04T16:15:03.802+0000] {dag.py:2941} INFO - Sync 1 DAGs
[2023-11-04T16:15:03.838+0000] {logging_mixin.py:151} INFO - [2023-11-04T16:15:03.838+0000] {dag.py:3722} INFO - Setting next_dagrun for traffic_data to 2023-11-04T16:14:03.837997+00:00, run_after=2023-11-04T16:15:03.837997+00:00
[2023-11-04T16:15:03.871+0000] {processor.py:179} INFO - Processing /opt/airflow/dags/script2.py took 0.465 seconds
[2023-11-04T16:15:34.097+0000] {processor.py:157} INFO - Started process (PID=1576) to work on /opt/airflow/dags/script2.py
[2023-11-04T16:15:34.099+0000] {processor.py:829} INFO - Processing file /opt/airflow/dags/script2.py for tasks to queue
[2023-11-04T16:15:34.101+0000] {logging_mixin.py:151} INFO - [2023-11-04T16:15:34.100+0000] {dagbag.py:536} INFO - Filling up the DagBag from /opt/airflow/dags/script2.py
[2023-11-04T16:15:34.530+0000] {processor.py:839} INFO - DAG(s) dict_keys(['traffic_data']) retrieved from /opt/airflow/dags/script2.py
[2023-11-04T16:15:34.782+0000] {logging_mixin.py:151} INFO - [2023-11-04T16:15:34.782+0000] {dag.py:2941} INFO - Sync 1 DAGs
[2023-11-04T16:15:34.838+0000] {processor.py:179} INFO - Processing /opt/airflow/dags/script2.py took 0.746 seconds
[2023-11-04T16:16:04.884+0000] {processor.py:157} INFO - Started process (PID=1585) to work on /opt/airflow/dags/script2.py
[2023-11-04T16:16:04.885+0000] {processor.py:829} INFO - Processing file /opt/airflow/dags/script2.py for tasks to queue
[2023-11-04T16:16:04.886+0000] {logging_mixin.py:151} INFO - [2023-11-04T16:16:04.886+0000] {dagbag.py:536} INFO - Filling up the DagBag from /opt/airflow/dags/script2.py
[2023-11-04T16:16:05.273+0000] {processor.py:839} INFO - DAG(s) dict_keys(['traffic_data']) retrieved from /opt/airflow/dags/script2.py
[2023-11-04T16:16:05.333+0000] {logging_mixin.py:151} INFO - [2023-11-04T16:16:05.333+0000] {dag.py:2941} INFO - Sync 1 DAGs
[2023-11-04T16:16:05.402+0000] {processor.py:179} INFO - Processing /opt/airflow/dags/script2.py took 0.523 seconds
[2023-11-04T16:16:35.612+0000] {processor.py:157} INFO - Started process (PID=1593) to work on /opt/airflow/dags/script2.py
[2023-11-04T16:16:35.614+0000] {processor.py:829} INFO - Processing file /opt/airflow/dags/script2.py for tasks to queue
[2023-11-04T16:16:35.616+0000] {logging_mixin.py:151} INFO - [2023-11-04T16:16:35.615+0000] {dagbag.py:536} INFO - Filling up the DagBag from /opt/airflow/dags/script2.py
[2023-11-04T16:16:36.189+0000] {processor.py:839} INFO - DAG(s) dict_keys(['traffic_data']) retrieved from /opt/airflow/dags/script2.py
[2023-11-04T16:16:36.528+0000] {logging_mixin.py:151} INFO - [2023-11-04T16:16:36.527+0000] {dag.py:2941} INFO - Sync 1 DAGs
[2023-11-04T16:16:36.608+0000] {processor.py:179} INFO - Processing /opt/airflow/dags/script2.py took 1.001 seconds
[2023-11-04T16:17:06.830+0000] {processor.py:157} INFO - Started process (PID=1603) to work on /opt/airflow/dags/script2.py
[2023-11-04T16:17:06.832+0000] {processor.py:829} INFO - Processing file /opt/airflow/dags/script2.py for tasks to queue
[2023-11-04T16:17:06.833+0000] {logging_mixin.py:151} INFO - [2023-11-04T16:17:06.833+0000] {dagbag.py:536} INFO - Filling up the DagBag from /opt/airflow/dags/script2.py
[2023-11-04T16:17:07.347+0000] {processor.py:839} INFO - DAG(s) dict_keys(['traffic_data']) retrieved from /opt/airflow/dags/script2.py
[2023-11-04T16:17:07.391+0000] {logging_mixin.py:151} INFO - [2023-11-04T16:17:07.391+0000] {dag.py:2941} INFO - Sync 1 DAGs
[2023-11-04T16:17:07.477+0000] {processor.py:179} INFO - Processing /opt/airflow/dags/script2.py took 0.651 seconds
[2023-11-04T16:17:37.722+0000] {processor.py:157} INFO - Started process (PID=1612) to work on /opt/airflow/dags/script2.py
[2023-11-04T16:17:37.724+0000] {processor.py:829} INFO - Processing file /opt/airflow/dags/script2.py for tasks to queue
[2023-11-04T16:17:37.726+0000] {logging_mixin.py:151} INFO - [2023-11-04T16:17:37.726+0000] {dagbag.py:536} INFO - Filling up the DagBag from /opt/airflow/dags/script2.py
[2023-11-04T16:17:38.392+0000] {processor.py:839} INFO - DAG(s) dict_keys(['traffic_data']) retrieved from /opt/airflow/dags/script2.py
[2023-11-04T16:17:38.778+0000] {logging_mixin.py:151} INFO - [2023-11-04T16:17:38.778+0000] {dag.py:2941} INFO - Sync 1 DAGs
[2023-11-04T16:17:38.854+0000] {processor.py:179} INFO - Processing /opt/airflow/dags/script2.py took 1.138 seconds
[2023-11-04T16:18:09.045+0000] {processor.py:157} INFO - Started process (PID=1621) to work on /opt/airflow/dags/script2.py
[2023-11-04T16:18:09.046+0000] {processor.py:829} INFO - Processing file /opt/airflow/dags/script2.py for tasks to queue
[2023-11-04T16:18:09.048+0000] {logging_mixin.py:151} INFO - [2023-11-04T16:18:09.048+0000] {dagbag.py:536} INFO - Filling up the DagBag from /opt/airflow/dags/script2.py
[2023-11-04T16:18:09.523+0000] {processor.py:839} INFO - DAG(s) dict_keys(['traffic_data']) retrieved from /opt/airflow/dags/script2.py
[2023-11-04T16:18:09.624+0000] {logging_mixin.py:151} INFO - [2023-11-04T16:18:09.623+0000] {dag.py:2941} INFO - Sync 1 DAGs
[2023-11-04T16:18:09.691+0000] {processor.py:179} INFO - Processing /opt/airflow/dags/script2.py took 0.653 seconds
[2023-11-04T16:18:39.899+0000] {processor.py:157} INFO - Started process (PID=1629) to work on /opt/airflow/dags/script2.py
[2023-11-04T16:18:39.901+0000] {processor.py:829} INFO - Processing file /opt/airflow/dags/script2.py for tasks to queue
[2023-11-04T16:18:39.902+0000] {logging_mixin.py:151} INFO - [2023-11-04T16:18:39.901+0000] {dagbag.py:536} INFO - Filling up the DagBag from /opt/airflow/dags/script2.py
[2023-11-04T16:18:40.419+0000] {processor.py:839} INFO - DAG(s) dict_keys(['traffic_data']) retrieved from /opt/airflow/dags/script2.py
[2023-11-04T16:18:40.758+0000] {logging_mixin.py:151} INFO - [2023-11-04T16:18:40.758+0000] {dag.py:2941} INFO - Sync 1 DAGs
[2023-11-04T16:18:40.823+0000] {processor.py:179} INFO - Processing /opt/airflow/dags/script2.py took 0.928 seconds
[2023-11-04T16:19:10.961+0000] {processor.py:157} INFO - Started process (PID=1639) to work on /opt/airflow/dags/script2.py
[2023-11-04T16:19:10.963+0000] {processor.py:829} INFO - Processing file /opt/airflow/dags/script2.py for tasks to queue
[2023-11-04T16:19:10.964+0000] {logging_mixin.py:151} INFO - [2023-11-04T16:19:10.964+0000] {dagbag.py:536} INFO - Filling up the DagBag from /opt/airflow/dags/script2.py
[2023-11-04T16:19:11.206+0000] {processor.py:839} INFO - DAG(s) dict_keys(['traffic_data']) retrieved from /opt/airflow/dags/script2.py
[2023-11-04T16:19:11.509+0000] {logging_mixin.py:151} INFO - [2023-11-04T16:19:11.508+0000] {dag.py:2941} INFO - Sync 1 DAGs
[2023-11-04T16:19:11.575+0000] {processor.py:179} INFO - Processing /opt/airflow/dags/script2.py took 0.619 seconds
[2023-11-04T16:19:41.787+0000] {processor.py:157} INFO - Started process (PID=1648) to work on /opt/airflow/dags/script2.py
[2023-11-04T16:19:41.789+0000] {processor.py:829} INFO - Processing file /opt/airflow/dags/script2.py for tasks to queue
[2023-11-04T16:19:41.790+0000] {logging_mixin.py:151} INFO - [2023-11-04T16:19:41.789+0000] {dagbag.py:536} INFO - Filling up the DagBag from /opt/airflow/dags/script2.py
[2023-11-04T16:19:42.299+0000] {processor.py:839} INFO - DAG(s) dict_keys(['traffic_data']) retrieved from /opt/airflow/dags/script2.py
[2023-11-04T16:19:42.654+0000] {logging_mixin.py:151} INFO - [2023-11-04T16:19:42.654+0000] {dag.py:2941} INFO - Sync 1 DAGs
[2023-11-04T16:19:42.714+0000] {processor.py:179} INFO - Processing /opt/airflow/dags/script2.py took 0.931 seconds
[2023-11-04T16:20:12.822+0000] {processor.py:157} INFO - Started process (PID=1665) to work on /opt/airflow/dags/script2.py
[2023-11-04T16:20:12.823+0000] {processor.py:829} INFO - Processing file /opt/airflow/dags/script2.py for tasks to queue
[2023-11-04T16:20:12.824+0000] {logging_mixin.py:151} INFO - [2023-11-04T16:20:12.824+0000] {dagbag.py:536} INFO - Filling up the DagBag from /opt/airflow/dags/script2.py
[2023-11-04T16:20:13.303+0000] {processor.py:839} INFO - DAG(s) dict_keys(['traffic_data']) retrieved from /opt/airflow/dags/script2.py
[2023-11-04T16:20:13.393+0000] {logging_mixin.py:151} INFO - [2023-11-04T16:20:13.392+0000] {dag.py:2941} INFO - Sync 1 DAGs
[2023-11-04T16:20:13.465+0000] {processor.py:179} INFO - Processing /opt/airflow/dags/script2.py took 0.648 seconds
[2023-11-04T16:20:43.673+0000] {processor.py:157} INFO - Started process (PID=1674) to work on /opt/airflow/dags/script2.py
[2023-11-04T16:20:43.675+0000] {processor.py:829} INFO - Processing file /opt/airflow/dags/script2.py for tasks to queue
[2023-11-04T16:20:43.676+0000] {logging_mixin.py:151} INFO - [2023-11-04T16:20:43.676+0000] {dagbag.py:536} INFO - Filling up the DagBag from /opt/airflow/dags/script2.py
[2023-11-04T16:20:44.157+0000] {processor.py:839} INFO - DAG(s) dict_keys(['traffic_data']) retrieved from /opt/airflow/dags/script2.py
[2023-11-04T16:20:45.196+0000] {logging_mixin.py:151} INFO - [2023-11-04T16:20:45.181+0000] {dag.py:2941} INFO - Sync 1 DAGs
[2023-11-04T16:20:45.915+0000] {processor.py:179} INFO - Processing /opt/airflow/dags/script2.py took 2.244 seconds
[2023-11-04T16:21:16.209+0000] {processor.py:157} INFO - Started process (PID=1683) to work on /opt/airflow/dags/script2.py
[2023-11-04T16:21:16.211+0000] {processor.py:829} INFO - Processing file /opt/airflow/dags/script2.py for tasks to queue
[2023-11-04T16:21:16.212+0000] {logging_mixin.py:151} INFO - [2023-11-04T16:21:16.212+0000] {dagbag.py:536} INFO - Filling up the DagBag from /opt/airflow/dags/script2.py
[2023-11-04T16:21:16.707+0000] {processor.py:839} INFO - DAG(s) dict_keys(['traffic_data']) retrieved from /opt/airflow/dags/script2.py
[2023-11-04T16:21:16.832+0000] {logging_mixin.py:151} INFO - [2023-11-04T16:21:16.831+0000] {dag.py:2941} INFO - Sync 1 DAGs
[2023-11-04T16:21:17.735+0000] {processor.py:179} INFO - Processing /opt/airflow/dags/script2.py took 1.522 seconds
[2023-11-04T16:21:47.936+0000] {processor.py:157} INFO - Started process (PID=1692) to work on /opt/airflow/dags/script2.py
[2023-11-04T16:21:47.938+0000] {processor.py:829} INFO - Processing file /opt/airflow/dags/script2.py for tasks to queue
[2023-11-04T16:21:47.940+0000] {logging_mixin.py:151} INFO - [2023-11-04T16:21:47.939+0000] {dagbag.py:536} INFO - Filling up the DagBag from /opt/airflow/dags/script2.py
[2023-11-04T16:21:48.451+0000] {processor.py:839} INFO - DAG(s) dict_keys(['traffic_data']) retrieved from /opt/airflow/dags/script2.py
[2023-11-04T16:21:48.888+0000] {logging_mixin.py:151} INFO - [2023-11-04T16:21:48.875+0000] {dag.py:2941} INFO - Sync 1 DAGs
[2023-11-04T16:21:49.032+0000] {processor.py:179} INFO - Processing /opt/airflow/dags/script2.py took 1.101 seconds
[2023-11-04T16:22:19.256+0000] {processor.py:157} INFO - Started process (PID=1702) to work on /opt/airflow/dags/script2.py
[2023-11-04T16:22:19.258+0000] {processor.py:829} INFO - Processing file /opt/airflow/dags/script2.py for tasks to queue
[2023-11-04T16:22:19.259+0000] {logging_mixin.py:151} INFO - [2023-11-04T16:22:19.258+0000] {dagbag.py:536} INFO - Filling up the DagBag from /opt/airflow/dags/script2.py
[2023-11-04T16:22:19.839+0000] {processor.py:839} INFO - DAG(s) dict_keys(['traffic_data']) retrieved from /opt/airflow/dags/script2.py
[2023-11-04T16:22:19.896+0000] {logging_mixin.py:151} INFO - [2023-11-04T16:22:19.895+0000] {dag.py:2941} INFO - Sync 1 DAGs
[2023-11-04T16:22:19.976+0000] {processor.py:179} INFO - Processing /opt/airflow/dags/script2.py took 0.724 seconds
[2023-11-04T16:22:50.909+0000] {processor.py:157} INFO - Started process (PID=1712) to work on /opt/airflow/dags/script2.py
[2023-11-04T16:22:50.911+0000] {processor.py:829} INFO - Processing file /opt/airflow/dags/script2.py for tasks to queue
[2023-11-04T16:22:50.912+0000] {logging_mixin.py:151} INFO - [2023-11-04T16:22:50.912+0000] {dagbag.py:536} INFO - Filling up the DagBag from /opt/airflow/dags/script2.py
[2023-11-04T16:22:51.433+0000] {processor.py:839} INFO - DAG(s) dict_keys(['traffic_data']) retrieved from /opt/airflow/dags/script2.py
[2023-11-04T16:22:51.857+0000] {logging_mixin.py:151} INFO - [2023-11-04T16:22:51.856+0000] {dag.py:2941} INFO - Sync 1 DAGs
[2023-11-04T16:22:51.927+0000] {processor.py:179} INFO - Processing /opt/airflow/dags/script2.py took 1.024 seconds
[2023-11-04T16:23:22.110+0000] {processor.py:157} INFO - Started process (PID=1721) to work on /opt/airflow/dags/script2.py
[2023-11-04T16:23:22.112+0000] {processor.py:829} INFO - Processing file /opt/airflow/dags/script2.py for tasks to queue
[2023-11-04T16:23:22.113+0000] {logging_mixin.py:151} INFO - [2023-11-04T16:23:22.113+0000] {dagbag.py:536} INFO - Filling up the DagBag from /opt/airflow/dags/script2.py
[2023-11-04T16:23:22.575+0000] {processor.py:839} INFO - DAG(s) dict_keys(['traffic_data']) retrieved from /opt/airflow/dags/script2.py
[2023-11-04T16:23:22.669+0000] {logging_mixin.py:151} INFO - [2023-11-04T16:23:22.668+0000] {dag.py:2941} INFO - Sync 1 DAGs
[2023-11-04T16:23:22.740+0000] {processor.py:179} INFO - Processing /opt/airflow/dags/script2.py took 0.634 seconds
[2023-11-04T16:23:53.191+0000] {processor.py:157} INFO - Started process (PID=1730) to work on /opt/airflow/dags/script2.py
[2023-11-04T16:23:53.193+0000] {processor.py:829} INFO - Processing file /opt/airflow/dags/script2.py for tasks to queue
[2023-11-04T16:23:53.199+0000] {logging_mixin.py:151} INFO - [2023-11-04T16:23:53.195+0000] {dagbag.py:536} INFO - Filling up the DagBag from /opt/airflow/dags/script2.py
[2023-11-04T16:23:54.924+0000] {processor.py:839} INFO - DAG(s) dict_keys(['traffic_data']) retrieved from /opt/airflow/dags/script2.py
[2023-11-04T16:24:09.718+0000] {logging_mixin.py:151} INFO - [2023-11-04T16:24:09.717+0000] {dag.py:2941} INFO - Sync 1 DAGs
[2023-11-04T16:24:09.822+0000] {processor.py:179} INFO - Processing /opt/airflow/dags/script2.py took 16.636 seconds
[2023-11-04T16:24:19.510+0000] {processor.py:157} INFO - Started process (PID=1739) to work on /opt/airflow/dags/script2.py
[2023-11-04T16:24:19.511+0000] {processor.py:829} INFO - Processing file /opt/airflow/dags/script2.py for tasks to queue
[2023-11-04T16:24:19.513+0000] {logging_mixin.py:151} INFO - [2023-11-04T16:24:19.512+0000] {dagbag.py:536} INFO - Filling up the DagBag from /opt/airflow/dags/script2.py
[2023-11-04T16:24:20.389+0000] {processor.py:839} INFO - DAG(s) dict_keys(['traffic_data']) retrieved from /opt/airflow/dags/script2.py
[2023-11-04T16:24:20.439+0000] {logging_mixin.py:151} INFO - [2023-11-04T16:24:20.438+0000] {taskinstance.py:1939} ERROR - {'DAG Id': 'traffic_data', 'Task Id': 'load_data_to_logstash', 'Run Id': 'scheduled__2023-11-04T16:22:41.198226+00:00', 'Hostname': '0616bbdaf328', 'External Executor Id': '4e0e90be-1de9-4ea7-b244-a051851ccd3c'}
[2023-11-04T16:24:20.478+0000] {logging_mixin.py:151} INFO - [2023-11-04T16:24:20.477+0000] {taskinstance.py:1400} INFO - Marking task as UP_FOR_RETRY. dag_id=traffic_data, task_id=load_data_to_logstash, execution_date=20231104T162241, start_date=20231104T162349, end_date=20231104T162420
[2023-11-04T16:24:20.500+0000] {processor.py:790} INFO - Executed failure callback for <TaskInstance: traffic_data.load_data_to_logstash scheduled__2023-11-04T16:22:41.198226+00:00 [up_for_retry]> in state up_for_retry
[2023-11-04T16:24:20.510+0000] {logging_mixin.py:151} INFO - [2023-11-04T16:24:20.510+0000] {dag.py:2941} INFO - Sync 1 DAGs
[2023-11-04T16:24:20.582+0000] {processor.py:179} INFO - Processing /opt/airflow/dags/script2.py took 1.079 seconds
[2023-11-04T16:24:50.777+0000] {processor.py:157} INFO - Started process (PID=1749) to work on /opt/airflow/dags/script2.py
[2023-11-04T16:24:50.779+0000] {processor.py:829} INFO - Processing file /opt/airflow/dags/script2.py for tasks to queue
[2023-11-04T16:24:50.780+0000] {logging_mixin.py:151} INFO - [2023-11-04T16:24:50.780+0000] {dagbag.py:536} INFO - Filling up the DagBag from /opt/airflow/dags/script2.py
[2023-11-04T16:24:51.184+0000] {processor.py:839} INFO - DAG(s) dict_keys(['traffic_data']) retrieved from /opt/airflow/dags/script2.py
[2023-11-04T16:24:51.222+0000] {logging_mixin.py:151} INFO - [2023-11-04T16:24:51.222+0000] {dag.py:2941} INFO - Sync 1 DAGs
[2023-11-04T16:24:51.289+0000] {processor.py:179} INFO - Processing /opt/airflow/dags/script2.py took 0.517 seconds
[2023-11-04T16:25:21.506+0000] {processor.py:157} INFO - Started process (PID=1758) to work on /opt/airflow/dags/script2.py
[2023-11-04T16:25:21.509+0000] {processor.py:829} INFO - Processing file /opt/airflow/dags/script2.py for tasks to queue
[2023-11-04T16:25:21.510+0000] {logging_mixin.py:151} INFO - [2023-11-04T16:25:21.510+0000] {dagbag.py:536} INFO - Filling up the DagBag from /opt/airflow/dags/script2.py
[2023-11-04T16:25:22.053+0000] {processor.py:839} INFO - DAG(s) dict_keys(['traffic_data']) retrieved from /opt/airflow/dags/script2.py
[2023-11-04T16:25:22.460+0000] {logging_mixin.py:151} INFO - [2023-11-04T16:25:22.447+0000] {dag.py:2941} INFO - Sync 1 DAGs
[2023-11-04T16:25:22.572+0000] {processor.py:179} INFO - Processing /opt/airflow/dags/script2.py took 1.075 seconds
[2023-11-04T16:25:52.802+0000] {processor.py:157} INFO - Started process (PID=1768) to work on /opt/airflow/dags/script2.py
[2023-11-04T16:25:52.804+0000] {processor.py:829} INFO - Processing file /opt/airflow/dags/script2.py for tasks to queue
[2023-11-04T16:25:52.807+0000] {logging_mixin.py:151} INFO - [2023-11-04T16:25:52.805+0000] {dagbag.py:536} INFO - Filling up the DagBag from /opt/airflow/dags/script2.py
[2023-11-04T16:25:53.315+0000] {processor.py:839} INFO - DAG(s) dict_keys(['traffic_data']) retrieved from /opt/airflow/dags/script2.py
[2023-11-04T16:25:53.363+0000] {logging_mixin.py:151} INFO - [2023-11-04T16:25:53.363+0000] {dag.py:2941} INFO - Sync 1 DAGs
[2023-11-04T16:25:53.421+0000] {processor.py:179} INFO - Processing /opt/airflow/dags/script2.py took 0.624 seconds
[2023-11-04T16:26:23.612+0000] {processor.py:157} INFO - Started process (PID=1777) to work on /opt/airflow/dags/script2.py
[2023-11-04T16:26:23.614+0000] {processor.py:829} INFO - Processing file /opt/airflow/dags/script2.py for tasks to queue
[2023-11-04T16:26:23.615+0000] {logging_mixin.py:151} INFO - [2023-11-04T16:26:23.615+0000] {dagbag.py:536} INFO - Filling up the DagBag from /opt/airflow/dags/script2.py
[2023-11-04T16:26:23.961+0000] {processor.py:839} INFO - DAG(s) dict_keys(['traffic_data']) retrieved from /opt/airflow/dags/script2.py
[2023-11-04T16:26:23.992+0000] {logging_mixin.py:151} INFO - [2023-11-04T16:26:23.991+0000] {dag.py:2941} INFO - Sync 1 DAGs
[2023-11-04T16:26:24.061+0000] {processor.py:179} INFO - Processing /opt/airflow/dags/script2.py took 0.454 seconds
[2023-11-04T16:26:54.261+0000] {processor.py:157} INFO - Started process (PID=1786) to work on /opt/airflow/dags/script2.py
[2023-11-04T16:26:54.262+0000] {processor.py:829} INFO - Processing file /opt/airflow/dags/script2.py for tasks to queue
[2023-11-04T16:26:54.264+0000] {logging_mixin.py:151} INFO - [2023-11-04T16:26:54.263+0000] {dagbag.py:536} INFO - Filling up the DagBag from /opt/airflow/dags/script2.py
[2023-11-04T16:26:55.003+0000] {processor.py:839} INFO - DAG(s) dict_keys(['traffic_data']) retrieved from /opt/airflow/dags/script2.py
[2023-11-04T16:26:55.336+0000] {logging_mixin.py:151} INFO - [2023-11-04T16:26:55.335+0000] {dag.py:2941} INFO - Sync 1 DAGs
[2023-11-04T16:26:55.415+0000] {processor.py:179} INFO - Processing /opt/airflow/dags/script2.py took 1.159 seconds
[2023-11-04T16:27:25.612+0000] {processor.py:157} INFO - Started process (PID=1795) to work on /opt/airflow/dags/script2.py
[2023-11-04T16:27:25.614+0000] {processor.py:829} INFO - Processing file /opt/airflow/dags/script2.py for tasks to queue
[2023-11-04T16:27:25.616+0000] {logging_mixin.py:151} INFO - [2023-11-04T16:27:25.615+0000] {dagbag.py:536} INFO - Filling up the DagBag from /opt/airflow/dags/script2.py
[2023-11-04T16:27:26.073+0000] {processor.py:839} INFO - DAG(s) dict_keys(['traffic_data']) retrieved from /opt/airflow/dags/script2.py
[2023-11-04T16:27:26.122+0000] {logging_mixin.py:151} INFO - [2023-11-04T16:27:26.122+0000] {dag.py:2941} INFO - Sync 1 DAGs
[2023-11-04T16:27:26.184+0000] {processor.py:179} INFO - Processing /opt/airflow/dags/script2.py took 0.577 seconds
[2023-11-04T16:27:56.369+0000] {processor.py:157} INFO - Started process (PID=1804) to work on /opt/airflow/dags/script2.py
[2023-11-04T16:27:56.370+0000] {processor.py:829} INFO - Processing file /opt/airflow/dags/script2.py for tasks to queue
[2023-11-04T16:27:56.372+0000] {logging_mixin.py:151} INFO - [2023-11-04T16:27:56.371+0000] {dagbag.py:536} INFO - Filling up the DagBag from /opt/airflow/dags/script2.py
[2023-11-04T16:27:56.763+0000] {processor.py:839} INFO - DAG(s) dict_keys(['traffic_data']) retrieved from /opt/airflow/dags/script2.py
[2023-11-04T16:27:56.786+0000] {logging_mixin.py:151} INFO - [2023-11-04T16:27:56.785+0000] {dag.py:2941} INFO - Sync 1 DAGs
[2023-11-04T16:27:56.847+0000] {processor.py:179} INFO - Processing /opt/airflow/dags/script2.py took 0.483 seconds
[2023-11-04T16:28:27.052+0000] {processor.py:157} INFO - Started process (PID=1814) to work on /opt/airflow/dags/script2.py
[2023-11-04T16:28:27.054+0000] {processor.py:829} INFO - Processing file /opt/airflow/dags/script2.py for tasks to queue
[2023-11-04T16:28:27.056+0000] {logging_mixin.py:151} INFO - [2023-11-04T16:28:27.055+0000] {dagbag.py:536} INFO - Filling up the DagBag from /opt/airflow/dags/script2.py
[2023-11-04T16:28:27.541+0000] {processor.py:839} INFO - DAG(s) dict_keys(['traffic_data']) retrieved from /opt/airflow/dags/script2.py
[2023-11-04T16:28:27.795+0000] {logging_mixin.py:151} INFO - [2023-11-04T16:28:27.794+0000] {dag.py:2941} INFO - Sync 1 DAGs
[2023-11-04T16:28:27.870+0000] {processor.py:179} INFO - Processing /opt/airflow/dags/script2.py took 0.823 seconds
[2023-11-04T16:28:58.072+0000] {processor.py:157} INFO - Started process (PID=1823) to work on /opt/airflow/dags/script2.py
[2023-11-04T16:28:58.074+0000] {processor.py:829} INFO - Processing file /opt/airflow/dags/script2.py for tasks to queue
[2023-11-04T16:28:58.076+0000] {logging_mixin.py:151} INFO - [2023-11-04T16:28:58.075+0000] {dagbag.py:536} INFO - Filling up the DagBag from /opt/airflow/dags/script2.py
[2023-11-04T16:28:58.675+0000] {processor.py:839} INFO - DAG(s) dict_keys(['traffic_data']) retrieved from /opt/airflow/dags/script2.py
[2023-11-04T16:28:58.753+0000] {logging_mixin.py:151} INFO - [2023-11-04T16:28:58.753+0000] {dag.py:2941} INFO - Sync 1 DAGs
[2023-11-04T16:28:58.831+0000] {processor.py:179} INFO - Processing /opt/airflow/dags/script2.py took 0.764 seconds
[2023-11-04T16:29:29.016+0000] {processor.py:157} INFO - Started process (PID=1832) to work on /opt/airflow/dags/script2.py
[2023-11-04T16:29:29.018+0000] {processor.py:829} INFO - Processing file /opt/airflow/dags/script2.py for tasks to queue
[2023-11-04T16:29:29.019+0000] {logging_mixin.py:151} INFO - [2023-11-04T16:29:29.019+0000] {dagbag.py:536} INFO - Filling up the DagBag from /opt/airflow/dags/script2.py
[2023-11-04T16:29:29.402+0000] {processor.py:839} INFO - DAG(s) dict_keys(['traffic_data']) retrieved from /opt/airflow/dags/script2.py
[2023-11-04T16:29:29.420+0000] {logging_mixin.py:151} INFO - [2023-11-04T16:29:29.420+0000] {dag.py:2941} INFO - Sync 1 DAGs
[2023-11-04T16:29:29.483+0000] {processor.py:179} INFO - Processing /opt/airflow/dags/script2.py took 0.472 seconds
[2023-11-04T16:29:59.682+0000] {processor.py:157} INFO - Started process (PID=1841) to work on /opt/airflow/dags/script2.py
[2023-11-04T16:29:59.684+0000] {processor.py:829} INFO - Processing file /opt/airflow/dags/script2.py for tasks to queue
[2023-11-04T16:29:59.685+0000] {logging_mixin.py:151} INFO - [2023-11-04T16:29:59.685+0000] {dagbag.py:536} INFO - Filling up the DagBag from /opt/airflow/dags/script2.py
[2023-11-04T16:30:00.175+0000] {processor.py:839} INFO - DAG(s) dict_keys(['traffic_data']) retrieved from /opt/airflow/dags/script2.py
[2023-11-04T16:30:00.451+0000] {logging_mixin.py:151} INFO - [2023-11-04T16:30:00.450+0000] {dag.py:2941} INFO - Sync 1 DAGs
[2023-11-04T16:30:00.527+0000] {processor.py:179} INFO - Processing /opt/airflow/dags/script2.py took 0.850 seconds
[2023-11-04T16:30:30.737+0000] {processor.py:157} INFO - Started process (PID=1850) to work on /opt/airflow/dags/script2.py
[2023-11-04T16:30:30.739+0000] {processor.py:829} INFO - Processing file /opt/airflow/dags/script2.py for tasks to queue
[2023-11-04T16:30:30.740+0000] {logging_mixin.py:151} INFO - [2023-11-04T16:30:30.739+0000] {dagbag.py:536} INFO - Filling up the DagBag from /opt/airflow/dags/script2.py
[2023-11-04T16:30:31.174+0000] {processor.py:839} INFO - DAG(s) dict_keys(['traffic_data']) retrieved from /opt/airflow/dags/script2.py
[2023-11-04T16:30:31.217+0000] {logging_mixin.py:151} INFO - [2023-11-04T16:30:31.217+0000] {dag.py:2941} INFO - Sync 1 DAGs
[2023-11-04T16:30:31.275+0000] {processor.py:179} INFO - Processing /opt/airflow/dags/script2.py took 0.542 seconds
[2023-11-04T16:31:01.461+0000] {processor.py:157} INFO - Started process (PID=1859) to work on /opt/airflow/dags/script2.py
[2023-11-04T16:31:01.463+0000] {processor.py:829} INFO - Processing file /opt/airflow/dags/script2.py for tasks to queue
[2023-11-04T16:31:01.464+0000] {logging_mixin.py:151} INFO - [2023-11-04T16:31:01.463+0000] {dagbag.py:536} INFO - Filling up the DagBag from /opt/airflow/dags/script2.py
[2023-11-04T16:31:01.791+0000] {processor.py:839} INFO - DAG(s) dict_keys(['traffic_data']) retrieved from /opt/airflow/dags/script2.py
[2023-11-04T16:31:01.811+0000] {logging_mixin.py:151} INFO - [2023-11-04T16:31:01.810+0000] {dag.py:2941} INFO - Sync 1 DAGs
[2023-11-04T16:31:01.903+0000] {processor.py:179} INFO - Processing /opt/airflow/dags/script2.py took 0.447 seconds
[2023-11-04T16:31:32.087+0000] {processor.py:157} INFO - Started process (PID=1868) to work on /opt/airflow/dags/script2.py
[2023-11-04T16:31:32.091+0000] {processor.py:829} INFO - Processing file /opt/airflow/dags/script2.py for tasks to queue
[2023-11-04T16:31:32.092+0000] {logging_mixin.py:151} INFO - [2023-11-04T16:31:32.092+0000] {dagbag.py:536} INFO - Filling up the DagBag from /opt/airflow/dags/script2.py
[2023-11-04T16:31:32.490+0000] {processor.py:839} INFO - DAG(s) dict_keys(['traffic_data']) retrieved from /opt/airflow/dags/script2.py
[2023-11-04T16:31:32.748+0000] {logging_mixin.py:151} INFO - [2023-11-04T16:31:32.748+0000] {dag.py:2941} INFO - Sync 1 DAGs
[2023-11-04T16:31:32.824+0000] {processor.py:179} INFO - Processing /opt/airflow/dags/script2.py took 0.743 seconds
[2023-11-04T16:32:03.007+0000] {processor.py:157} INFO - Started process (PID=1877) to work on /opt/airflow/dags/script2.py
[2023-11-04T16:32:03.009+0000] {processor.py:829} INFO - Processing file /opt/airflow/dags/script2.py for tasks to queue
[2023-11-04T16:32:03.010+0000] {logging_mixin.py:151} INFO - [2023-11-04T16:32:03.010+0000] {dagbag.py:536} INFO - Filling up the DagBag from /opt/airflow/dags/script2.py
[2023-11-04T16:32:03.374+0000] {processor.py:839} INFO - DAG(s) dict_keys(['traffic_data']) retrieved from /opt/airflow/dags/script2.py
[2023-11-04T16:32:03.419+0000] {logging_mixin.py:151} INFO - [2023-11-04T16:32:03.418+0000] {dag.py:2941} INFO - Sync 1 DAGs
[2023-11-04T16:32:03.480+0000] {processor.py:179} INFO - Processing /opt/airflow/dags/script2.py took 0.478 seconds
[2023-11-04T16:32:33.673+0000] {processor.py:157} INFO - Started process (PID=1886) to work on /opt/airflow/dags/script2.py
[2023-11-04T16:32:33.675+0000] {processor.py:829} INFO - Processing file /opt/airflow/dags/script2.py for tasks to queue
[2023-11-04T16:32:33.677+0000] {logging_mixin.py:151} INFO - [2023-11-04T16:32:33.676+0000] {dagbag.py:536} INFO - Filling up the DagBag from /opt/airflow/dags/script2.py
[2023-11-04T16:32:34.166+0000] {processor.py:839} INFO - DAG(s) dict_keys(['traffic_data']) retrieved from /opt/airflow/dags/script2.py
[2023-11-04T16:32:34.192+0000] {logging_mixin.py:151} INFO - [2023-11-04T16:32:34.192+0000] {dag.py:2941} INFO - Sync 1 DAGs
[2023-11-04T16:32:34.278+0000] {processor.py:179} INFO - Processing /opt/airflow/dags/script2.py took 0.609 seconds
[2023-11-04T16:33:04.488+0000] {processor.py:157} INFO - Started process (PID=1895) to work on /opt/airflow/dags/script2.py
[2023-11-04T16:33:04.490+0000] {processor.py:829} INFO - Processing file /opt/airflow/dags/script2.py for tasks to queue
[2023-11-04T16:33:04.491+0000] {logging_mixin.py:151} INFO - [2023-11-04T16:33:04.491+0000] {dagbag.py:536} INFO - Filling up the DagBag from /opt/airflow/dags/script2.py
[2023-11-04T16:33:04.947+0000] {processor.py:839} INFO - DAG(s) dict_keys(['traffic_data']) retrieved from /opt/airflow/dags/script2.py
[2023-11-04T16:33:05.247+0000] {logging_mixin.py:151} INFO - [2023-11-04T16:33:05.247+0000] {dag.py:2941} INFO - Sync 1 DAGs
[2023-11-04T16:33:05.320+0000] {processor.py:179} INFO - Processing /opt/airflow/dags/script2.py took 0.837 seconds
[2023-11-04T16:33:35.513+0000] {processor.py:157} INFO - Started process (PID=1904) to work on /opt/airflow/dags/script2.py
[2023-11-04T16:33:35.515+0000] {processor.py:829} INFO - Processing file /opt/airflow/dags/script2.py for tasks to queue
[2023-11-04T16:33:35.516+0000] {logging_mixin.py:151} INFO - [2023-11-04T16:33:35.516+0000] {dagbag.py:536} INFO - Filling up the DagBag from /opt/airflow/dags/script2.py
[2023-11-04T16:33:35.885+0000] {processor.py:839} INFO - DAG(s) dict_keys(['traffic_data']) retrieved from /opt/airflow/dags/script2.py
[2023-11-04T16:33:35.928+0000] {logging_mixin.py:151} INFO - [2023-11-04T16:33:35.928+0000] {dag.py:2941} INFO - Sync 1 DAGs
[2023-11-04T16:33:35.988+0000] {processor.py:179} INFO - Processing /opt/airflow/dags/script2.py took 0.479 seconds
[2023-11-04T16:34:06.183+0000] {processor.py:157} INFO - Started process (PID=1913) to work on /opt/airflow/dags/script2.py
[2023-11-04T16:34:06.185+0000] {processor.py:829} INFO - Processing file /opt/airflow/dags/script2.py for tasks to queue
[2023-11-04T16:34:06.187+0000] {logging_mixin.py:151} INFO - [2023-11-04T16:34:06.186+0000] {dagbag.py:536} INFO - Filling up the DagBag from /opt/airflow/dags/script2.py
[2023-11-04T16:34:06.587+0000] {processor.py:839} INFO - DAG(s) dict_keys(['traffic_data']) retrieved from /opt/airflow/dags/script2.py
[2023-11-04T16:34:06.603+0000] {logging_mixin.py:151} INFO - [2023-11-04T16:34:06.602+0000] {dag.py:2941} INFO - Sync 1 DAGs
[2023-11-04T16:34:06.662+0000] {processor.py:179} INFO - Processing /opt/airflow/dags/script2.py took 0.483 seconds
[2023-11-04T16:34:36.856+0000] {processor.py:157} INFO - Started process (PID=1922) to work on /opt/airflow/dags/script2.py
[2023-11-04T16:34:36.858+0000] {processor.py:829} INFO - Processing file /opt/airflow/dags/script2.py for tasks to queue
[2023-11-04T16:34:36.859+0000] {logging_mixin.py:151} INFO - [2023-11-04T16:34:36.858+0000] {dagbag.py:536} INFO - Filling up the DagBag from /opt/airflow/dags/script2.py
[2023-11-04T16:34:37.208+0000] {processor.py:839} INFO - DAG(s) dict_keys(['traffic_data']) retrieved from /opt/airflow/dags/script2.py
[2023-11-04T16:34:37.453+0000] {logging_mixin.py:151} INFO - [2023-11-04T16:34:37.453+0000] {dag.py:2941} INFO - Sync 1 DAGs
[2023-11-04T16:34:37.517+0000] {processor.py:179} INFO - Processing /opt/airflow/dags/script2.py took 0.665 seconds
[2023-11-04T16:35:07.726+0000] {processor.py:157} INFO - Started process (PID=1931) to work on /opt/airflow/dags/script2.py
[2023-11-04T16:35:07.728+0000] {processor.py:829} INFO - Processing file /opt/airflow/dags/script2.py for tasks to queue
[2023-11-04T16:35:07.729+0000] {logging_mixin.py:151} INFO - [2023-11-04T16:35:07.728+0000] {dagbag.py:536} INFO - Filling up the DagBag from /opt/airflow/dags/script2.py
[2023-11-04T16:35:08.038+0000] {processor.py:839} INFO - DAG(s) dict_keys(['traffic_data']) retrieved from /opt/airflow/dags/script2.py
[2023-11-04T16:35:08.077+0000] {logging_mixin.py:151} INFO - [2023-11-04T16:35:08.077+0000] {dag.py:2941} INFO - Sync 1 DAGs
[2023-11-04T16:35:08.139+0000] {processor.py:179} INFO - Processing /opt/airflow/dags/script2.py took 0.418 seconds
[2023-11-04T16:35:38.318+0000] {processor.py:157} INFO - Started process (PID=1940) to work on /opt/airflow/dags/script2.py
[2023-11-04T16:35:38.320+0000] {processor.py:829} INFO - Processing file /opt/airflow/dags/script2.py for tasks to queue
[2023-11-04T16:35:38.321+0000] {logging_mixin.py:151} INFO - [2023-11-04T16:35:38.321+0000] {dagbag.py:536} INFO - Filling up the DagBag from /opt/airflow/dags/script2.py
[2023-11-04T16:35:38.740+0000] {processor.py:839} INFO - DAG(s) dict_keys(['traffic_data']) retrieved from /opt/airflow/dags/script2.py
[2023-11-04T16:35:38.761+0000] {logging_mixin.py:151} INFO - [2023-11-04T16:35:38.760+0000] {dag.py:2941} INFO - Sync 1 DAGs
[2023-11-04T16:35:38.849+0000] {processor.py:179} INFO - Processing /opt/airflow/dags/script2.py took 0.535 seconds
[2023-11-04T16:36:09.499+0000] {processor.py:157} INFO - Started process (PID=1949) to work on /opt/airflow/dags/script2.py
[2023-11-04T16:36:09.501+0000] {processor.py:829} INFO - Processing file /opt/airflow/dags/script2.py for tasks to queue
[2023-11-04T16:36:09.503+0000] {logging_mixin.py:151} INFO - [2023-11-04T16:36:09.502+0000] {dagbag.py:536} INFO - Filling up the DagBag from /opt/airflow/dags/script2.py
[2023-11-04T16:36:09.866+0000] {processor.py:839} INFO - DAG(s) dict_keys(['traffic_data']) retrieved from /opt/airflow/dags/script2.py
[2023-11-04T16:36:10.083+0000] {logging_mixin.py:151} INFO - [2023-11-04T16:36:10.082+0000] {dag.py:2941} INFO - Sync 1 DAGs
[2023-11-04T16:36:10.144+0000] {processor.py:179} INFO - Processing /opt/airflow/dags/script2.py took 0.649 seconds
[2023-11-04T16:36:40.340+0000] {processor.py:157} INFO - Started process (PID=1958) to work on /opt/airflow/dags/script2.py
[2023-11-04T16:36:40.343+0000] {processor.py:829} INFO - Processing file /opt/airflow/dags/script2.py for tasks to queue
[2023-11-04T16:36:40.344+0000] {logging_mixin.py:151} INFO - [2023-11-04T16:36:40.344+0000] {dagbag.py:536} INFO - Filling up the DagBag from /opt/airflow/dags/script2.py
[2023-11-04T16:36:40.656+0000] {processor.py:839} INFO - DAG(s) dict_keys(['traffic_data']) retrieved from /opt/airflow/dags/script2.py
[2023-11-04T16:36:40.701+0000] {logging_mixin.py:151} INFO - [2023-11-04T16:36:40.701+0000] {dag.py:2941} INFO - Sync 1 DAGs
[2023-11-04T16:36:40.780+0000] {processor.py:179} INFO - Processing /opt/airflow/dags/script2.py took 0.444 seconds
[2023-11-04T16:37:10.982+0000] {processor.py:157} INFO - Started process (PID=1968) to work on /opt/airflow/dags/script2.py
[2023-11-04T16:37:10.983+0000] {processor.py:829} INFO - Processing file /opt/airflow/dags/script2.py for tasks to queue
[2023-11-04T16:37:10.985+0000] {logging_mixin.py:151} INFO - [2023-11-04T16:37:10.984+0000] {dagbag.py:536} INFO - Filling up the DagBag from /opt/airflow/dags/script2.py
[2023-11-04T16:37:11.566+0000] {processor.py:839} INFO - DAG(s) dict_keys(['traffic_data']) retrieved from /opt/airflow/dags/script2.py
[2023-11-04T16:37:11.668+0000] {logging_mixin.py:151} INFO - [2023-11-04T16:37:11.666+0000] {dag.py:2941} INFO - Sync 1 DAGs
[2023-11-04T16:37:11.756+0000] {processor.py:179} INFO - Processing /opt/airflow/dags/script2.py took 0.780 seconds
[2023-11-04T16:37:41.958+0000] {processor.py:157} INFO - Started process (PID=1977) to work on /opt/airflow/dags/script2.py
[2023-11-04T16:37:41.960+0000] {processor.py:829} INFO - Processing file /opt/airflow/dags/script2.py for tasks to queue
[2023-11-04T16:37:41.961+0000] {logging_mixin.py:151} INFO - [2023-11-04T16:37:41.961+0000] {dagbag.py:536} INFO - Filling up the DagBag from /opt/airflow/dags/script2.py
[2023-11-04T16:37:42.286+0000] {processor.py:839} INFO - DAG(s) dict_keys(['traffic_data']) retrieved from /opt/airflow/dags/script2.py
[2023-11-04T16:37:42.503+0000] {logging_mixin.py:151} INFO - [2023-11-04T16:37:42.502+0000] {dag.py:2941} INFO - Sync 1 DAGs
[2023-11-04T16:37:42.566+0000] {processor.py:179} INFO - Processing /opt/airflow/dags/script2.py took 0.613 seconds
[2023-11-04T16:38:12.770+0000] {processor.py:157} INFO - Started process (PID=1986) to work on /opt/airflow/dags/script2.py
[2023-11-04T16:38:12.771+0000] {processor.py:829} INFO - Processing file /opt/airflow/dags/script2.py for tasks to queue
[2023-11-04T16:38:12.772+0000] {logging_mixin.py:151} INFO - [2023-11-04T16:38:12.772+0000] {dagbag.py:536} INFO - Filling up the DagBag from /opt/airflow/dags/script2.py
[2023-11-04T16:38:13.133+0000] {processor.py:839} INFO - DAG(s) dict_keys(['traffic_data']) retrieved from /opt/airflow/dags/script2.py
[2023-11-04T16:38:13.188+0000] {logging_mixin.py:151} INFO - [2023-11-04T16:38:13.188+0000] {dag.py:2941} INFO - Sync 1 DAGs
[2023-11-04T16:38:13.265+0000] {processor.py:179} INFO - Processing /opt/airflow/dags/script2.py took 0.500 seconds
[2023-11-04T16:38:43.464+0000] {processor.py:157} INFO - Started process (PID=1995) to work on /opt/airflow/dags/script2.py
[2023-11-04T16:38:43.466+0000] {processor.py:829} INFO - Processing file /opt/airflow/dags/script2.py for tasks to queue
[2023-11-04T16:38:43.467+0000] {logging_mixin.py:151} INFO - [2023-11-04T16:38:43.467+0000] {dagbag.py:536} INFO - Filling up the DagBag from /opt/airflow/dags/script2.py
[2023-11-04T16:38:43.847+0000] {processor.py:839} INFO - DAG(s) dict_keys(['traffic_data']) retrieved from /opt/airflow/dags/script2.py
[2023-11-04T16:38:43.862+0000] {logging_mixin.py:151} INFO - [2023-11-04T16:38:43.862+0000] {dag.py:2941} INFO - Sync 1 DAGs
[2023-11-04T16:38:43.921+0000] {processor.py:179} INFO - Processing /opt/airflow/dags/script2.py took 0.461 seconds
[2023-11-04T16:39:14.108+0000] {processor.py:157} INFO - Started process (PID=2004) to work on /opt/airflow/dags/script2.py
[2023-11-04T16:39:14.110+0000] {processor.py:829} INFO - Processing file /opt/airflow/dags/script2.py for tasks to queue
[2023-11-04T16:39:14.112+0000] {logging_mixin.py:151} INFO - [2023-11-04T16:39:14.111+0000] {dagbag.py:536} INFO - Filling up the DagBag from /opt/airflow/dags/script2.py
[2023-11-04T16:39:14.600+0000] {processor.py:839} INFO - DAG(s) dict_keys(['traffic_data']) retrieved from /opt/airflow/dags/script2.py
[2023-11-04T16:39:14.912+0000] {logging_mixin.py:151} INFO - [2023-11-04T16:39:14.912+0000] {dag.py:2941} INFO - Sync 1 DAGs
[2023-11-04T16:39:14.977+0000] {processor.py:179} INFO - Processing /opt/airflow/dags/script2.py took 0.873 seconds
[2023-11-04T16:39:45.166+0000] {processor.py:157} INFO - Started process (PID=2013) to work on /opt/airflow/dags/script2.py
[2023-11-04T16:39:45.167+0000] {processor.py:829} INFO - Processing file /opt/airflow/dags/script2.py for tasks to queue
[2023-11-04T16:39:45.168+0000] {logging_mixin.py:151} INFO - [2023-11-04T16:39:45.168+0000] {dagbag.py:536} INFO - Filling up the DagBag from /opt/airflow/dags/script2.py
[2023-11-04T16:39:45.613+0000] {processor.py:839} INFO - DAG(s) dict_keys(['traffic_data']) retrieved from /opt/airflow/dags/script2.py
[2023-11-04T16:39:45.729+0000] {logging_mixin.py:151} INFO - [2023-11-04T16:39:45.728+0000] {dag.py:2941} INFO - Sync 1 DAGs
[2023-11-04T16:39:45.817+0000] {processor.py:179} INFO - Processing /opt/airflow/dags/script2.py took 0.657 seconds
[2023-11-04T16:40:15.857+0000] {processor.py:157} INFO - Started process (PID=2022) to work on /opt/airflow/dags/script2.py
[2023-11-04T16:40:15.858+0000] {processor.py:829} INFO - Processing file /opt/airflow/dags/script2.py for tasks to queue
[2023-11-04T16:40:15.859+0000] {logging_mixin.py:151} INFO - [2023-11-04T16:40:15.859+0000] {dagbag.py:536} INFO - Filling up the DagBag from /opt/airflow/dags/script2.py
[2023-11-04T16:40:16.279+0000] {processor.py:839} INFO - DAG(s) dict_keys(['traffic_data']) retrieved from /opt/airflow/dags/script2.py
[2023-11-04T16:40:16.307+0000] {logging_mixin.py:151} INFO - [2023-11-04T16:40:16.307+0000] {dag.py:2941} INFO - Sync 1 DAGs
[2023-11-04T16:40:16.365+0000] {processor.py:179} INFO - Processing /opt/airflow/dags/script2.py took 0.512 seconds
[2023-11-04T16:40:46.553+0000] {processor.py:157} INFO - Started process (PID=2032) to work on /opt/airflow/dags/script2.py
[2023-11-04T16:40:46.554+0000] {processor.py:829} INFO - Processing file /opt/airflow/dags/script2.py for tasks to queue
[2023-11-04T16:40:46.555+0000] {logging_mixin.py:151} INFO - [2023-11-04T16:40:46.555+0000] {dagbag.py:536} INFO - Filling up the DagBag from /opt/airflow/dags/script2.py
[2023-11-04T16:40:46.941+0000] {processor.py:839} INFO - DAG(s) dict_keys(['traffic_data']) retrieved from /opt/airflow/dags/script2.py
[2023-11-04T16:40:47.157+0000] {logging_mixin.py:151} INFO - [2023-11-04T16:40:47.157+0000] {dag.py:2941} INFO - Sync 1 DAGs
[2023-11-04T16:40:47.232+0000] {processor.py:179} INFO - Processing /opt/airflow/dags/script2.py took 0.683 seconds
[2023-11-04T16:41:17.360+0000] {processor.py:157} INFO - Started process (PID=2042) to work on /opt/airflow/dags/script2.py
[2023-11-04T16:41:17.362+0000] {processor.py:829} INFO - Processing file /opt/airflow/dags/script2.py for tasks to queue
[2023-11-04T16:41:17.365+0000] {logging_mixin.py:151} INFO - [2023-11-04T16:41:17.364+0000] {dagbag.py:536} INFO - Filling up the DagBag from /opt/airflow/dags/script2.py
[2023-11-04T16:41:17.957+0000] {processor.py:839} INFO - DAG(s) dict_keys(['traffic_data']) retrieved from /opt/airflow/dags/script2.py
[2023-11-04T16:41:18.019+0000] {logging_mixin.py:151} INFO - [2023-11-04T16:41:18.018+0000] {dag.py:2941} INFO - Sync 1 DAGs
[2023-11-04T16:41:18.103+0000] {processor.py:179} INFO - Processing /opt/airflow/dags/script2.py took 0.749 seconds
[2023-11-04T16:41:48.296+0000] {processor.py:157} INFO - Started process (PID=2052) to work on /opt/airflow/dags/script2.py
[2023-11-04T16:41:48.297+0000] {processor.py:829} INFO - Processing file /opt/airflow/dags/script2.py for tasks to queue
[2023-11-04T16:41:48.298+0000] {logging_mixin.py:151} INFO - [2023-11-04T16:41:48.298+0000] {dagbag.py:536} INFO - Filling up the DagBag from /opt/airflow/dags/script2.py
[2023-11-04T16:41:48.679+0000] {processor.py:839} INFO - DAG(s) dict_keys(['traffic_data']) retrieved from /opt/airflow/dags/script2.py
[2023-11-04T16:41:48.695+0000] {logging_mixin.py:151} INFO - [2023-11-04T16:41:48.695+0000] {dag.py:2941} INFO - Sync 1 DAGs
[2023-11-04T16:41:48.758+0000] {processor.py:179} INFO - Processing /opt/airflow/dags/script2.py took 0.467 seconds
[2023-11-04T16:42:18.949+0000] {processor.py:157} INFO - Started process (PID=2061) to work on /opt/airflow/dags/script2.py
[2023-11-04T16:42:18.951+0000] {processor.py:829} INFO - Processing file /opt/airflow/dags/script2.py for tasks to queue
[2023-11-04T16:42:18.952+0000] {logging_mixin.py:151} INFO - [2023-11-04T16:42:18.952+0000] {dagbag.py:536} INFO - Filling up the DagBag from /opt/airflow/dags/script2.py
[2023-11-04T16:42:19.335+0000] {processor.py:839} INFO - DAG(s) dict_keys(['traffic_data']) retrieved from /opt/airflow/dags/script2.py
[2023-11-04T16:42:19.536+0000] {logging_mixin.py:151} INFO - [2023-11-04T16:42:19.536+0000] {dag.py:2941} INFO - Sync 1 DAGs
[2023-11-04T16:42:19.594+0000] {processor.py:179} INFO - Processing /opt/airflow/dags/script2.py took 0.649 seconds
[2023-11-04T16:42:49.783+0000] {processor.py:157} INFO - Started process (PID=2070) to work on /opt/airflow/dags/script2.py
[2023-11-04T16:42:49.784+0000] {processor.py:829} INFO - Processing file /opt/airflow/dags/script2.py for tasks to queue
[2023-11-04T16:42:49.786+0000] {logging_mixin.py:151} INFO - [2023-11-04T16:42:49.785+0000] {dagbag.py:536} INFO - Filling up the DagBag from /opt/airflow/dags/script2.py
[2023-11-04T16:42:50.244+0000] {processor.py:839} INFO - DAG(s) dict_keys(['traffic_data']) retrieved from /opt/airflow/dags/script2.py
[2023-11-04T16:42:50.291+0000] {logging_mixin.py:151} INFO - [2023-11-04T16:42:50.291+0000] {dag.py:2941} INFO - Sync 1 DAGs
[2023-11-04T16:42:50.350+0000] {processor.py:179} INFO - Processing /opt/airflow/dags/script2.py took 0.571 seconds
[2023-11-04T16:43:20.528+0000] {processor.py:157} INFO - Started process (PID=2080) to work on /opt/airflow/dags/script2.py
[2023-11-04T16:43:20.529+0000] {processor.py:829} INFO - Processing file /opt/airflow/dags/script2.py for tasks to queue
[2023-11-04T16:43:20.531+0000] {logging_mixin.py:151} INFO - [2023-11-04T16:43:20.530+0000] {dagbag.py:536} INFO - Filling up the DagBag from /opt/airflow/dags/script2.py
[2023-11-04T16:43:20.898+0000] {processor.py:839} INFO - DAG(s) dict_keys(['traffic_data']) retrieved from /opt/airflow/dags/script2.py
[2023-11-04T16:43:20.931+0000] {logging_mixin.py:151} INFO - [2023-11-04T16:43:20.930+0000] {dag.py:2941} INFO - Sync 1 DAGs
[2023-11-04T16:43:20.995+0000] {processor.py:179} INFO - Processing /opt/airflow/dags/script2.py took 0.472 seconds
[2023-11-04T16:43:51.227+0000] {processor.py:157} INFO - Started process (PID=2089) to work on /opt/airflow/dags/script2.py
[2023-11-04T16:43:51.229+0000] {processor.py:829} INFO - Processing file /opt/airflow/dags/script2.py for tasks to queue
[2023-11-04T16:43:51.230+0000] {logging_mixin.py:151} INFO - [2023-11-04T16:43:51.230+0000] {dagbag.py:536} INFO - Filling up the DagBag from /opt/airflow/dags/script2.py
[2023-11-04T16:43:51.799+0000] {processor.py:839} INFO - DAG(s) dict_keys(['traffic_data']) retrieved from /opt/airflow/dags/script2.py
[2023-11-04T16:43:52.149+0000] {logging_mixin.py:151} INFO - [2023-11-04T16:43:52.148+0000] {dag.py:2941} INFO - Sync 1 DAGs
[2023-11-04T16:43:52.230+0000] {processor.py:179} INFO - Processing /opt/airflow/dags/script2.py took 1.009 seconds
[2023-11-04T16:44:22.457+0000] {processor.py:157} INFO - Started process (PID=2105) to work on /opt/airflow/dags/script2.py
[2023-11-04T16:44:22.459+0000] {processor.py:829} INFO - Processing file /opt/airflow/dags/script2.py for tasks to queue
[2023-11-04T16:44:22.460+0000] {logging_mixin.py:151} INFO - [2023-11-04T16:44:22.460+0000] {dagbag.py:536} INFO - Filling up the DagBag from /opt/airflow/dags/script2.py
[2023-11-04T16:44:22.957+0000] {processor.py:839} INFO - DAG(s) dict_keys(['traffic_data']) retrieved from /opt/airflow/dags/script2.py
[2023-11-04T16:44:23.035+0000] {logging_mixin.py:151} INFO - [2023-11-04T16:44:23.035+0000] {dag.py:2941} INFO - Sync 1 DAGs
[2023-11-04T16:44:23.105+0000] {processor.py:179} INFO - Processing /opt/airflow/dags/script2.py took 0.651 seconds
[2023-11-04T16:44:53.152+0000] {processor.py:157} INFO - Started process (PID=2114) to work on /opt/airflow/dags/script2.py
[2023-11-04T16:44:53.154+0000] {processor.py:829} INFO - Processing file /opt/airflow/dags/script2.py for tasks to queue
[2023-11-04T16:44:53.155+0000] {logging_mixin.py:151} INFO - [2023-11-04T16:44:53.155+0000] {dagbag.py:536} INFO - Filling up the DagBag from /opt/airflow/dags/script2.py
[2023-11-04T16:44:53.554+0000] {processor.py:839} INFO - DAG(s) dict_keys(['traffic_data']) retrieved from /opt/airflow/dags/script2.py
[2023-11-04T16:44:53.576+0000] {logging_mixin.py:151} INFO - [2023-11-04T16:44:53.576+0000] {dag.py:2941} INFO - Sync 1 DAGs
[2023-11-04T16:44:53.639+0000] {processor.py:179} INFO - Processing /opt/airflow/dags/script2.py took 0.491 seconds
[2023-11-04T16:45:23.834+0000] {processor.py:157} INFO - Started process (PID=2123) to work on /opt/airflow/dags/script2.py
[2023-11-04T16:45:23.836+0000] {processor.py:829} INFO - Processing file /opt/airflow/dags/script2.py for tasks to queue
[2023-11-04T16:45:23.837+0000] {logging_mixin.py:151} INFO - [2023-11-04T16:45:23.837+0000] {dagbag.py:536} INFO - Filling up the DagBag from /opt/airflow/dags/script2.py
[2023-11-04T16:45:24.289+0000] {processor.py:839} INFO - DAG(s) dict_keys(['traffic_data']) retrieved from /opt/airflow/dags/script2.py
[2023-11-04T16:45:24.596+0000] {logging_mixin.py:151} INFO - [2023-11-04T16:45:24.595+0000] {dag.py:2941} INFO - Sync 1 DAGs
[2023-11-04T16:45:24.670+0000] {processor.py:179} INFO - Processing /opt/airflow/dags/script2.py took 0.841 seconds
[2023-11-04T16:45:54.884+0000] {processor.py:157} INFO - Started process (PID=2133) to work on /opt/airflow/dags/script2.py
[2023-11-04T16:45:54.886+0000] {processor.py:829} INFO - Processing file /opt/airflow/dags/script2.py for tasks to queue
[2023-11-04T16:45:54.887+0000] {logging_mixin.py:151} INFO - [2023-11-04T16:45:54.886+0000] {dagbag.py:536} INFO - Filling up the DagBag from /opt/airflow/dags/script2.py
[2023-11-04T16:45:55.303+0000] {processor.py:839} INFO - DAG(s) dict_keys(['traffic_data']) retrieved from /opt/airflow/dags/script2.py
[2023-11-04T16:45:55.353+0000] {logging_mixin.py:151} INFO - [2023-11-04T16:45:55.352+0000] {dag.py:2941} INFO - Sync 1 DAGs
[2023-11-04T16:45:55.409+0000] {processor.py:179} INFO - Processing /opt/airflow/dags/script2.py took 0.528 seconds
[2023-11-04T16:46:25.598+0000] {processor.py:157} INFO - Started process (PID=2142) to work on /opt/airflow/dags/script2.py
[2023-11-04T16:46:25.600+0000] {processor.py:829} INFO - Processing file /opt/airflow/dags/script2.py for tasks to queue
[2023-11-04T16:46:25.601+0000] {logging_mixin.py:151} INFO - [2023-11-04T16:46:25.600+0000] {dagbag.py:536} INFO - Filling up the DagBag from /opt/airflow/dags/script2.py
[2023-11-04T16:46:25.912+0000] {processor.py:839} INFO - DAG(s) dict_keys(['traffic_data']) retrieved from /opt/airflow/dags/script2.py
[2023-11-04T16:46:25.933+0000] {logging_mixin.py:151} INFO - [2023-11-04T16:46:25.932+0000] {dag.py:2941} INFO - Sync 1 DAGs
[2023-11-04T16:46:25.992+0000] {processor.py:179} INFO - Processing /opt/airflow/dags/script2.py took 0.399 seconds
[2023-11-04T16:46:56.197+0000] {processor.py:157} INFO - Started process (PID=2151) to work on /opt/airflow/dags/script2.py
[2023-11-04T16:46:56.198+0000] {processor.py:829} INFO - Processing file /opt/airflow/dags/script2.py for tasks to queue
[2023-11-04T16:46:56.200+0000] {logging_mixin.py:151} INFO - [2023-11-04T16:46:56.199+0000] {dagbag.py:536} INFO - Filling up the DagBag from /opt/airflow/dags/script2.py
[2023-11-04T16:46:56.634+0000] {processor.py:839} INFO - DAG(s) dict_keys(['traffic_data']) retrieved from /opt/airflow/dags/script2.py
[2023-11-04T16:46:56.927+0000] {logging_mixin.py:151} INFO - [2023-11-04T16:46:56.926+0000] {dag.py:2941} INFO - Sync 1 DAGs
[2023-11-04T16:46:56.991+0000] {processor.py:179} INFO - Processing /opt/airflow/dags/script2.py took 0.799 seconds
[2023-11-04T16:47:27.192+0000] {processor.py:157} INFO - Started process (PID=2160) to work on /opt/airflow/dags/script2.py
[2023-11-04T16:47:27.194+0000] {processor.py:829} INFO - Processing file /opt/airflow/dags/script2.py for tasks to queue
[2023-11-04T16:47:27.195+0000] {logging_mixin.py:151} INFO - [2023-11-04T16:47:27.194+0000] {dagbag.py:536} INFO - Filling up the DagBag from /opt/airflow/dags/script2.py
[2023-11-04T16:47:27.563+0000] {processor.py:839} INFO - DAG(s) dict_keys(['traffic_data']) retrieved from /opt/airflow/dags/script2.py
[2023-11-04T16:47:27.610+0000] {logging_mixin.py:151} INFO - [2023-11-04T16:47:27.610+0000] {dag.py:2941} INFO - Sync 1 DAGs
[2023-11-04T16:47:27.667+0000] {processor.py:179} INFO - Processing /opt/airflow/dags/script2.py took 0.480 seconds
[2023-11-04T16:47:57.850+0000] {processor.py:157} INFO - Started process (PID=2169) to work on /opt/airflow/dags/script2.py
[2023-11-04T16:47:57.852+0000] {processor.py:829} INFO - Processing file /opt/airflow/dags/script2.py for tasks to queue
[2023-11-04T16:47:57.853+0000] {logging_mixin.py:151} INFO - [2023-11-04T16:47:57.853+0000] {dagbag.py:536} INFO - Filling up the DagBag from /opt/airflow/dags/script2.py
[2023-11-04T16:47:58.248+0000] {processor.py:839} INFO - DAG(s) dict_keys(['traffic_data']) retrieved from /opt/airflow/dags/script2.py
[2023-11-04T16:47:58.267+0000] {logging_mixin.py:151} INFO - [2023-11-04T16:47:58.267+0000] {dag.py:2941} INFO - Sync 1 DAGs
[2023-11-04T16:47:58.325+0000] {processor.py:179} INFO - Processing /opt/airflow/dags/script2.py took 0.479 seconds
[2023-11-04T16:48:28.398+0000] {processor.py:157} INFO - Started process (PID=2178) to work on /opt/airflow/dags/script2.py
[2023-11-04T16:48:28.400+0000] {processor.py:829} INFO - Processing file /opt/airflow/dags/script2.py for tasks to queue
[2023-11-04T16:48:28.401+0000] {logging_mixin.py:151} INFO - [2023-11-04T16:48:28.401+0000] {dagbag.py:536} INFO - Filling up the DagBag from /opt/airflow/dags/script2.py
[2023-11-04T16:48:28.964+0000] {processor.py:839} INFO - DAG(s) dict_keys(['traffic_data']) retrieved from /opt/airflow/dags/script2.py
[2023-11-04T16:48:29.489+0000] {logging_mixin.py:151} INFO - [2023-11-04T16:48:29.479+0000] {dag.py:2941} INFO - Sync 1 DAGs
[2023-11-04T16:48:29.660+0000] {processor.py:179} INFO - Processing /opt/airflow/dags/script2.py took 1.267 seconds
[2023-11-04T16:48:59.879+0000] {processor.py:157} INFO - Started process (PID=2188) to work on /opt/airflow/dags/script2.py
[2023-11-04T16:48:59.881+0000] {processor.py:829} INFO - Processing file /opt/airflow/dags/script2.py for tasks to queue
[2023-11-04T16:48:59.883+0000] {logging_mixin.py:151} INFO - [2023-11-04T16:48:59.882+0000] {dagbag.py:536} INFO - Filling up the DagBag from /opt/airflow/dags/script2.py
[2023-11-04T16:49:00.315+0000] {processor.py:839} INFO - DAG(s) dict_keys(['traffic_data']) retrieved from /opt/airflow/dags/script2.py
[2023-11-04T16:49:00.358+0000] {logging_mixin.py:151} INFO - [2023-11-04T16:49:00.358+0000] {dag.py:2941} INFO - Sync 1 DAGs
[2023-11-04T16:49:00.424+0000] {processor.py:179} INFO - Processing /opt/airflow/dags/script2.py took 0.550 seconds
[2023-11-04T16:49:30.618+0000] {processor.py:157} INFO - Started process (PID=2197) to work on /opt/airflow/dags/script2.py
[2023-11-04T16:49:30.619+0000] {processor.py:829} INFO - Processing file /opt/airflow/dags/script2.py for tasks to queue
[2023-11-04T16:49:30.621+0000] {logging_mixin.py:151} INFO - [2023-11-04T16:49:30.620+0000] {dagbag.py:536} INFO - Filling up the DagBag from /opt/airflow/dags/script2.py
[2023-11-04T16:49:31.073+0000] {processor.py:839} INFO - DAG(s) dict_keys(['traffic_data']) retrieved from /opt/airflow/dags/script2.py
[2023-11-04T16:49:31.102+0000] {logging_mixin.py:151} INFO - [2023-11-04T16:49:31.101+0000] {dag.py:2941} INFO - Sync 1 DAGs
[2023-11-04T16:49:31.168+0000] {processor.py:179} INFO - Processing /opt/airflow/dags/script2.py took 0.555 seconds
[2023-11-04T16:50:01.379+0000] {processor.py:157} INFO - Started process (PID=2206) to work on /opt/airflow/dags/script2.py
[2023-11-04T16:50:01.381+0000] {processor.py:829} INFO - Processing file /opt/airflow/dags/script2.py for tasks to queue
[2023-11-04T16:50:01.382+0000] {logging_mixin.py:151} INFO - [2023-11-04T16:50:01.382+0000] {dagbag.py:536} INFO - Filling up the DagBag from /opt/airflow/dags/script2.py
[2023-11-04T16:50:01.777+0000] {processor.py:839} INFO - DAG(s) dict_keys(['traffic_data']) retrieved from /opt/airflow/dags/script2.py
[2023-11-04T16:50:02.017+0000] {logging_mixin.py:151} INFO - [2023-11-04T16:50:02.017+0000] {dag.py:2941} INFO - Sync 1 DAGs
[2023-11-04T16:50:02.080+0000] {processor.py:179} INFO - Processing /opt/airflow/dags/script2.py took 0.705 seconds
[2023-11-04T16:50:32.540+0000] {processor.py:157} INFO - Started process (PID=2215) to work on /opt/airflow/dags/script2.py
[2023-11-04T16:50:32.542+0000] {processor.py:829} INFO - Processing file /opt/airflow/dags/script2.py for tasks to queue
[2023-11-04T16:50:32.543+0000] {logging_mixin.py:151} INFO - [2023-11-04T16:50:32.543+0000] {dagbag.py:536} INFO - Filling up the DagBag from /opt/airflow/dags/script2.py
[2023-11-04T16:50:32.854+0000] {processor.py:839} INFO - DAG(s) dict_keys(['traffic_data']) retrieved from /opt/airflow/dags/script2.py
[2023-11-04T16:50:32.905+0000] {logging_mixin.py:151} INFO - [2023-11-04T16:50:32.905+0000] {dag.py:2941} INFO - Sync 1 DAGs
[2023-11-04T16:50:32.965+0000] {processor.py:179} INFO - Processing /opt/airflow/dags/script2.py took 0.429 seconds
[2023-11-04T16:51:03.142+0000] {processor.py:157} INFO - Started process (PID=2225) to work on /opt/airflow/dags/script2.py
[2023-11-04T16:51:03.144+0000] {processor.py:829} INFO - Processing file /opt/airflow/dags/script2.py for tasks to queue
[2023-11-04T16:51:03.146+0000] {logging_mixin.py:151} INFO - [2023-11-04T16:51:03.145+0000] {dagbag.py:536} INFO - Filling up the DagBag from /opt/airflow/dags/script2.py
[2023-11-04T16:51:03.520+0000] {processor.py:839} INFO - DAG(s) dict_keys(['traffic_data']) retrieved from /opt/airflow/dags/script2.py
[2023-11-04T16:51:03.536+0000] {logging_mixin.py:151} INFO - [2023-11-04T16:51:03.536+0000] {dag.py:2941} INFO - Sync 1 DAGs
[2023-11-04T16:51:03.595+0000] {processor.py:179} INFO - Processing /opt/airflow/dags/script2.py took 0.457 seconds
[2023-11-04T16:51:33.792+0000] {processor.py:157} INFO - Started process (PID=2234) to work on /opt/airflow/dags/script2.py
[2023-11-04T16:51:33.794+0000] {processor.py:829} INFO - Processing file /opt/airflow/dags/script2.py for tasks to queue
[2023-11-04T16:51:33.796+0000] {logging_mixin.py:151} INFO - [2023-11-04T16:51:33.795+0000] {dagbag.py:536} INFO - Filling up the DagBag from /opt/airflow/dags/script2.py
[2023-11-04T16:51:34.209+0000] {processor.py:839} INFO - DAG(s) dict_keys(['traffic_data']) retrieved from /opt/airflow/dags/script2.py
[2023-11-04T16:51:34.472+0000] {logging_mixin.py:151} INFO - [2023-11-04T16:51:34.472+0000] {dag.py:2941} INFO - Sync 1 DAGs
[2023-11-04T16:51:34.541+0000] {processor.py:179} INFO - Processing /opt/airflow/dags/script2.py took 0.753 seconds
[2023-11-04T16:52:04.743+0000] {processor.py:157} INFO - Started process (PID=2243) to work on /opt/airflow/dags/script2.py
[2023-11-04T16:52:04.744+0000] {processor.py:829} INFO - Processing file /opt/airflow/dags/script2.py for tasks to queue
[2023-11-04T16:52:04.746+0000] {logging_mixin.py:151} INFO - [2023-11-04T16:52:04.745+0000] {dagbag.py:536} INFO - Filling up the DagBag from /opt/airflow/dags/script2.py
[2023-11-04T16:52:05.058+0000] {processor.py:839} INFO - DAG(s) dict_keys(['traffic_data']) retrieved from /opt/airflow/dags/script2.py
[2023-11-04T16:52:05.099+0000] {logging_mixin.py:151} INFO - [2023-11-04T16:52:05.098+0000] {dag.py:2941} INFO - Sync 1 DAGs
[2023-11-04T16:52:05.165+0000] {processor.py:179} INFO - Processing /opt/airflow/dags/script2.py took 0.427 seconds
[2023-11-04T16:52:35.366+0000] {processor.py:157} INFO - Started process (PID=2252) to work on /opt/airflow/dags/script2.py
[2023-11-04T16:52:35.368+0000] {processor.py:829} INFO - Processing file /opt/airflow/dags/script2.py for tasks to queue
[2023-11-04T16:52:35.370+0000] {logging_mixin.py:151} INFO - [2023-11-04T16:52:35.369+0000] {dagbag.py:536} INFO - Filling up the DagBag from /opt/airflow/dags/script2.py
[2023-11-04T16:52:35.752+0000] {processor.py:839} INFO - DAG(s) dict_keys(['traffic_data']) retrieved from /opt/airflow/dags/script2.py
[2023-11-04T16:52:35.773+0000] {logging_mixin.py:151} INFO - [2023-11-04T16:52:35.772+0000] {dag.py:2941} INFO - Sync 1 DAGs
[2023-11-04T16:52:35.833+0000] {processor.py:179} INFO - Processing /opt/airflow/dags/script2.py took 0.471 seconds
[2023-11-04T16:53:06.021+0000] {processor.py:157} INFO - Started process (PID=2261) to work on /opt/airflow/dags/script2.py
[2023-11-04T16:53:06.024+0000] {processor.py:829} INFO - Processing file /opt/airflow/dags/script2.py for tasks to queue
[2023-11-04T16:53:06.025+0000] {logging_mixin.py:151} INFO - [2023-11-04T16:53:06.025+0000] {dagbag.py:536} INFO - Filling up the DagBag from /opt/airflow/dags/script2.py
[2023-11-04T16:53:06.519+0000] {processor.py:839} INFO - DAG(s) dict_keys(['traffic_data']) retrieved from /opt/airflow/dags/script2.py
[2023-11-04T16:53:06.809+0000] {logging_mixin.py:151} INFO - [2023-11-04T16:53:06.809+0000] {dag.py:2941} INFO - Sync 1 DAGs
[2023-11-04T16:53:06.877+0000] {processor.py:179} INFO - Processing /opt/airflow/dags/script2.py took 0.862 seconds
[2023-11-04T16:53:37.054+0000] {processor.py:157} INFO - Started process (PID=2271) to work on /opt/airflow/dags/script2.py
[2023-11-04T16:53:37.055+0000] {processor.py:829} INFO - Processing file /opt/airflow/dags/script2.py for tasks to queue
[2023-11-04T16:53:37.056+0000] {logging_mixin.py:151} INFO - [2023-11-04T16:53:37.056+0000] {dagbag.py:536} INFO - Filling up the DagBag from /opt/airflow/dags/script2.py
[2023-11-04T16:53:37.493+0000] {processor.py:839} INFO - DAG(s) dict_keys(['traffic_data']) retrieved from /opt/airflow/dags/script2.py
[2023-11-04T16:53:37.569+0000] {logging_mixin.py:151} INFO - [2023-11-04T16:53:37.568+0000] {dag.py:2941} INFO - Sync 1 DAGs
[2023-11-04T16:53:37.643+0000] {processor.py:179} INFO - Processing /opt/airflow/dags/script2.py took 0.593 seconds
[2023-11-04T16:54:07.827+0000] {processor.py:157} INFO - Started process (PID=2280) to work on /opt/airflow/dags/script2.py
[2023-11-04T16:54:07.829+0000] {processor.py:829} INFO - Processing file /opt/airflow/dags/script2.py for tasks to queue
[2023-11-04T16:54:07.831+0000] {logging_mixin.py:151} INFO - [2023-11-04T16:54:07.830+0000] {dagbag.py:536} INFO - Filling up the DagBag from /opt/airflow/dags/script2.py
[2023-11-04T16:54:08.218+0000] {processor.py:839} INFO - DAG(s) dict_keys(['traffic_data']) retrieved from /opt/airflow/dags/script2.py
[2023-11-04T16:54:08.241+0000] {logging_mixin.py:151} INFO - [2023-11-04T16:54:08.241+0000] {dag.py:2941} INFO - Sync 1 DAGs
[2023-11-04T16:54:08.301+0000] {processor.py:179} INFO - Processing /opt/airflow/dags/script2.py took 0.479 seconds
[2023-11-04T16:54:39.039+0000] {processor.py:157} INFO - Started process (PID=2289) to work on /opt/airflow/dags/script2.py
[2023-11-04T16:54:39.042+0000] {processor.py:829} INFO - Processing file /opt/airflow/dags/script2.py for tasks to queue
[2023-11-04T16:54:39.045+0000] {logging_mixin.py:151} INFO - [2023-11-04T16:54:39.044+0000] {dagbag.py:536} INFO - Filling up the DagBag from /opt/airflow/dags/script2.py
[2023-11-04T16:54:39.329+0000] {processor.py:839} INFO - DAG(s) dict_keys(['traffic_data']) retrieved from /opt/airflow/dags/script2.py
[2023-11-04T16:54:39.569+0000] {logging_mixin.py:151} INFO - [2023-11-04T16:54:39.568+0000] {dag.py:2941} INFO - Sync 1 DAGs
[2023-11-04T16:54:39.624+0000] {processor.py:179} INFO - Processing /opt/airflow/dags/script2.py took 0.595 seconds
[2023-11-04T16:55:09.720+0000] {processor.py:157} INFO - Started process (PID=2299) to work on /opt/airflow/dags/script2.py
[2023-11-04T16:55:09.721+0000] {processor.py:829} INFO - Processing file /opt/airflow/dags/script2.py for tasks to queue
[2023-11-04T16:55:09.722+0000] {logging_mixin.py:151} INFO - [2023-11-04T16:55:09.722+0000] {dagbag.py:536} INFO - Filling up the DagBag from /opt/airflow/dags/script2.py
[2023-11-04T16:55:10.080+0000] {processor.py:839} INFO - DAG(s) dict_keys(['traffic_data']) retrieved from /opt/airflow/dags/script2.py
[2023-11-04T16:55:10.124+0000] {logging_mixin.py:151} INFO - [2023-11-04T16:55:10.124+0000] {dag.py:2941} INFO - Sync 1 DAGs
[2023-11-04T16:55:10.182+0000] {processor.py:179} INFO - Processing /opt/airflow/dags/script2.py took 0.468 seconds
[2023-11-04T16:55:40.381+0000] {processor.py:157} INFO - Started process (PID=2308) to work on /opt/airflow/dags/script2.py
[2023-11-04T16:55:40.383+0000] {processor.py:829} INFO - Processing file /opt/airflow/dags/script2.py for tasks to queue
[2023-11-04T16:55:40.384+0000] {logging_mixin.py:151} INFO - [2023-11-04T16:55:40.384+0000] {dagbag.py:536} INFO - Filling up the DagBag from /opt/airflow/dags/script2.py
[2023-11-04T16:55:40.926+0000] {processor.py:839} INFO - DAG(s) dict_keys(['traffic_data']) retrieved from /opt/airflow/dags/script2.py
[2023-11-04T16:55:40.945+0000] {logging_mixin.py:151} INFO - [2023-11-04T16:55:40.944+0000] {dag.py:2941} INFO - Sync 1 DAGs
[2023-11-04T16:55:41.007+0000] {processor.py:179} INFO - Processing /opt/airflow/dags/script2.py took 0.629 seconds
[2023-11-04T16:56:11.195+0000] {processor.py:157} INFO - Started process (PID=2317) to work on /opt/airflow/dags/script2.py
[2023-11-04T16:56:11.197+0000] {processor.py:829} INFO - Processing file /opt/airflow/dags/script2.py for tasks to queue
[2023-11-04T16:56:11.198+0000] {logging_mixin.py:151} INFO - [2023-11-04T16:56:11.198+0000] {dagbag.py:536} INFO - Filling up the DagBag from /opt/airflow/dags/script2.py
[2023-11-04T16:56:11.511+0000] {processor.py:839} INFO - DAG(s) dict_keys(['traffic_data']) retrieved from /opt/airflow/dags/script2.py
[2023-11-04T16:56:11.733+0000] {logging_mixin.py:151} INFO - [2023-11-04T16:56:11.733+0000] {dag.py:2941} INFO - Sync 1 DAGs
[2023-11-04T16:56:11.814+0000] {processor.py:179} INFO - Processing /opt/airflow/dags/script2.py took 0.623 seconds
[2023-11-04T16:56:41.989+0000] {processor.py:157} INFO - Started process (PID=2326) to work on /opt/airflow/dags/script2.py
[2023-11-04T16:56:41.991+0000] {processor.py:829} INFO - Processing file /opt/airflow/dags/script2.py for tasks to queue
[2023-11-04T16:56:41.992+0000] {logging_mixin.py:151} INFO - [2023-11-04T16:56:41.991+0000] {dagbag.py:536} INFO - Filling up the DagBag from /opt/airflow/dags/script2.py
[2023-11-04T16:56:42.395+0000] {processor.py:839} INFO - DAG(s) dict_keys(['traffic_data']) retrieved from /opt/airflow/dags/script2.py
[2023-11-04T16:56:42.450+0000] {logging_mixin.py:151} INFO - [2023-11-04T16:56:42.450+0000] {dag.py:2941} INFO - Sync 1 DAGs
[2023-11-04T16:56:42.513+0000] {processor.py:179} INFO - Processing /opt/airflow/dags/script2.py took 0.529 seconds
[2023-11-04T16:57:12.742+0000] {processor.py:157} INFO - Started process (PID=2336) to work on /opt/airflow/dags/script2.py
[2023-11-04T16:57:12.745+0000] {processor.py:829} INFO - Processing file /opt/airflow/dags/script2.py for tasks to queue
[2023-11-04T16:57:12.747+0000] {logging_mixin.py:151} INFO - [2023-11-04T16:57:12.746+0000] {dagbag.py:536} INFO - Filling up the DagBag from /opt/airflow/dags/script2.py
[2023-11-04T16:57:17.976+0000] {processor.py:839} INFO - DAG(s) dict_keys(['traffic_data']) retrieved from /opt/airflow/dags/script2.py
[2023-11-04T16:57:20.880+0000] {logging_mixin.py:151} INFO - [2023-11-04T16:57:20.879+0000] {dag.py:2941} INFO - Sync 1 DAGs
[2023-11-04T16:57:21.411+0000] {processor.py:179} INFO - Processing /opt/airflow/dags/script2.py took 8.210 seconds
[2023-11-04T16:57:51.762+0000] {processor.py:157} INFO - Started process (PID=2346) to work on /opt/airflow/dags/script2.py
[2023-11-04T16:57:51.764+0000] {processor.py:829} INFO - Processing file /opt/airflow/dags/script2.py for tasks to queue
[2023-11-04T16:57:51.766+0000] {logging_mixin.py:151} INFO - [2023-11-04T16:57:51.765+0000] {dagbag.py:536} INFO - Filling up the DagBag from /opt/airflow/dags/script2.py
[2023-11-04T16:57:54.410+0000] {processor.py:839} INFO - DAG(s) dict_keys(['traffic_data']) retrieved from /opt/airflow/dags/script2.py
[2023-11-04T16:57:55.012+0000] {logging_mixin.py:151} INFO - [2023-11-04T16:57:55.012+0000] {dag.py:2941} INFO - Sync 1 DAGs
[2023-11-04T16:57:55.148+0000] {processor.py:179} INFO - Processing /opt/airflow/dags/script2.py took 3.394 seconds
[2023-11-04T16:58:26.148+0000] {processor.py:157} INFO - Started process (PID=2356) to work on /opt/airflow/dags/script2.py
[2023-11-04T16:58:26.160+0000] {processor.py:829} INFO - Processing file /opt/airflow/dags/script2.py for tasks to queue
[2023-11-04T16:58:26.170+0000] {logging_mixin.py:151} INFO - [2023-11-04T16:58:26.167+0000] {dagbag.py:536} INFO - Filling up the DagBag from /opt/airflow/dags/script2.py
[2023-11-04T16:58:26.751+0000] {processor.py:839} INFO - DAG(s) dict_keys(['traffic_data']) retrieved from /opt/airflow/dags/script2.py
[2023-11-04T16:58:26.800+0000] {logging_mixin.py:151} INFO - [2023-11-04T16:58:26.800+0000] {dag.py:2941} INFO - Sync 1 DAGs
[2023-11-04T16:58:26.900+0000] {processor.py:179} INFO - Processing /opt/airflow/dags/script2.py took 0.805 seconds
[2023-11-04T16:58:57.168+0000] {processor.py:157} INFO - Started process (PID=2365) to work on /opt/airflow/dags/script2.py
[2023-11-04T16:58:57.169+0000] {processor.py:829} INFO - Processing file /opt/airflow/dags/script2.py for tasks to queue
[2023-11-04T16:58:57.170+0000] {logging_mixin.py:151} INFO - [2023-11-04T16:58:57.170+0000] {dagbag.py:536} INFO - Filling up the DagBag from /opt/airflow/dags/script2.py
[2023-11-04T16:58:57.478+0000] {processor.py:839} INFO - DAG(s) dict_keys(['traffic_data']) retrieved from /opt/airflow/dags/script2.py
[2023-11-04T16:58:57.492+0000] {logging_mixin.py:151} INFO - [2023-11-04T16:58:57.492+0000] {dag.py:2941} INFO - Sync 1 DAGs
[2023-11-04T16:58:57.558+0000] {processor.py:179} INFO - Processing /opt/airflow/dags/script2.py took 0.394 seconds
[2023-11-04T16:59:27.754+0000] {processor.py:157} INFO - Started process (PID=2374) to work on /opt/airflow/dags/script2.py
[2023-11-04T16:59:27.755+0000] {processor.py:829} INFO - Processing file /opt/airflow/dags/script2.py for tasks to queue
[2023-11-04T16:59:27.756+0000] {logging_mixin.py:151} INFO - [2023-11-04T16:59:27.756+0000] {dagbag.py:536} INFO - Filling up the DagBag from /opt/airflow/dags/script2.py
[2023-11-04T16:59:28.061+0000] {processor.py:839} INFO - DAG(s) dict_keys(['traffic_data']) retrieved from /opt/airflow/dags/script2.py
[2023-11-04T16:59:28.221+0000] {logging_mixin.py:151} INFO - [2023-11-04T16:59:28.221+0000] {dag.py:2941} INFO - Sync 1 DAGs
[2023-11-04T16:59:28.280+0000] {processor.py:179} INFO - Processing /opt/airflow/dags/script2.py took 0.530 seconds
[2023-11-04T16:59:58.409+0000] {processor.py:157} INFO - Started process (PID=2383) to work on /opt/airflow/dags/script2.py
[2023-11-04T16:59:58.411+0000] {processor.py:829} INFO - Processing file /opt/airflow/dags/script2.py for tasks to queue
[2023-11-04T16:59:58.412+0000] {logging_mixin.py:151} INFO - [2023-11-04T16:59:58.411+0000] {dagbag.py:536} INFO - Filling up the DagBag from /opt/airflow/dags/script2.py
[2023-11-04T16:59:58.732+0000] {processor.py:839} INFO - DAG(s) dict_keys(['traffic_data']) retrieved from /opt/airflow/dags/script2.py
[2023-11-04T16:59:58.768+0000] {logging_mixin.py:151} INFO - [2023-11-04T16:59:58.768+0000] {dag.py:2941} INFO - Sync 1 DAGs
[2023-11-04T16:59:58.824+0000] {processor.py:179} INFO - Processing /opt/airflow/dags/script2.py took 0.419 seconds
[2023-11-04T17:00:29.623+0000] {processor.py:157} INFO - Started process (PID=2392) to work on /opt/airflow/dags/script2.py
[2023-11-04T17:00:29.625+0000] {processor.py:829} INFO - Processing file /opt/airflow/dags/script2.py for tasks to queue
[2023-11-04T17:00:29.626+0000] {logging_mixin.py:151} INFO - [2023-11-04T17:00:29.626+0000] {dagbag.py:536} INFO - Filling up the DagBag from /opt/airflow/dags/script2.py
[2023-11-04T17:00:29.969+0000] {processor.py:839} INFO - DAG(s) dict_keys(['traffic_data']) retrieved from /opt/airflow/dags/script2.py
[2023-11-04T17:00:29.985+0000] {logging_mixin.py:151} INFO - [2023-11-04T17:00:29.985+0000] {dag.py:2941} INFO - Sync 1 DAGs
[2023-11-04T17:00:30.047+0000] {processor.py:179} INFO - Processing /opt/airflow/dags/script2.py took 0.429 seconds
[2023-11-04T17:01:00.228+0000] {processor.py:157} INFO - Started process (PID=2408) to work on /opt/airflow/dags/script2.py
[2023-11-04T17:01:00.229+0000] {processor.py:829} INFO - Processing file /opt/airflow/dags/script2.py for tasks to queue
[2023-11-04T17:01:00.230+0000] {logging_mixin.py:151} INFO - [2023-11-04T17:01:00.230+0000] {dagbag.py:536} INFO - Filling up the DagBag from /opt/airflow/dags/script2.py
[2023-11-04T17:01:00.530+0000] {processor.py:839} INFO - DAG(s) dict_keys(['traffic_data']) retrieved from /opt/airflow/dags/script2.py
[2023-11-04T17:01:00.664+0000] {logging_mixin.py:151} INFO - [2023-11-04T17:01:00.663+0000] {dag.py:2941} INFO - Sync 1 DAGs
[2023-11-04T17:01:00.728+0000] {processor.py:179} INFO - Processing /opt/airflow/dags/script2.py took 0.505 seconds
[2023-11-04T17:01:30.930+0000] {processor.py:157} INFO - Started process (PID=2417) to work on /opt/airflow/dags/script2.py
[2023-11-04T17:01:30.931+0000] {processor.py:829} INFO - Processing file /opt/airflow/dags/script2.py for tasks to queue
[2023-11-04T17:01:30.933+0000] {logging_mixin.py:151} INFO - [2023-11-04T17:01:30.932+0000] {dagbag.py:536} INFO - Filling up the DagBag from /opt/airflow/dags/script2.py
[2023-11-04T17:01:31.266+0000] {processor.py:839} INFO - DAG(s) dict_keys(['traffic_data']) retrieved from /opt/airflow/dags/script2.py
[2023-11-04T17:01:31.297+0000] {logging_mixin.py:151} INFO - [2023-11-04T17:01:31.297+0000] {dag.py:2941} INFO - Sync 1 DAGs
[2023-11-04T17:01:31.356+0000] {processor.py:179} INFO - Processing /opt/airflow/dags/script2.py took 0.431 seconds
[2023-11-04T17:02:01.543+0000] {processor.py:157} INFO - Started process (PID=2427) to work on /opt/airflow/dags/script2.py
[2023-11-04T17:02:01.544+0000] {processor.py:829} INFO - Processing file /opt/airflow/dags/script2.py for tasks to queue
[2023-11-04T17:02:01.545+0000] {logging_mixin.py:151} INFO - [2023-11-04T17:02:01.545+0000] {dagbag.py:536} INFO - Filling up the DagBag from /opt/airflow/dags/script2.py
[2023-11-04T17:02:01.833+0000] {processor.py:839} INFO - DAG(s) dict_keys(['traffic_data']) retrieved from /opt/airflow/dags/script2.py
[2023-11-04T17:02:01.848+0000] {logging_mixin.py:151} INFO - [2023-11-04T17:02:01.848+0000] {dag.py:2941} INFO - Sync 1 DAGs
[2023-11-04T17:02:01.903+0000] {processor.py:179} INFO - Processing /opt/airflow/dags/script2.py took 0.365 seconds
[2023-11-04T17:02:32.259+0000] {processor.py:157} INFO - Started process (PID=2436) to work on /opt/airflow/dags/script2.py
[2023-11-04T17:02:32.262+0000] {processor.py:829} INFO - Processing file /opt/airflow/dags/script2.py for tasks to queue
[2023-11-04T17:02:32.265+0000] {logging_mixin.py:151} INFO - [2023-11-04T17:02:32.264+0000] {dagbag.py:536} INFO - Filling up the DagBag from /opt/airflow/dags/script2.py
[2023-11-04T17:02:33.243+0000] {processor.py:839} INFO - DAG(s) dict_keys(['traffic_data']) retrieved from /opt/airflow/dags/script2.py
[2023-11-04T17:02:33.716+0000] {logging_mixin.py:151} INFO - [2023-11-04T17:02:33.714+0000] {dag.py:2941} INFO - Sync 1 DAGs
[2023-11-04T17:02:33.863+0000] {processor.py:179} INFO - Processing /opt/airflow/dags/script2.py took 1.618 seconds
[2023-11-04T17:03:04.600+0000] {processor.py:157} INFO - Started process (PID=2445) to work on /opt/airflow/dags/script2.py
[2023-11-04T17:03:04.601+0000] {processor.py:829} INFO - Processing file /opt/airflow/dags/script2.py for tasks to queue
[2023-11-04T17:03:04.602+0000] {logging_mixin.py:151} INFO - [2023-11-04T17:03:04.602+0000] {dagbag.py:536} INFO - Filling up the DagBag from /opt/airflow/dags/script2.py
[2023-11-04T17:03:05.339+0000] {processor.py:839} INFO - DAG(s) dict_keys(['traffic_data']) retrieved from /opt/airflow/dags/script2.py
[2023-11-04T17:03:05.400+0000] {logging_mixin.py:151} INFO - [2023-11-04T17:03:05.400+0000] {dag.py:2941} INFO - Sync 1 DAGs
[2023-11-04T17:03:05.480+0000] {processor.py:179} INFO - Processing /opt/airflow/dags/script2.py took 0.886 seconds
[2023-11-04T17:03:35.907+0000] {processor.py:157} INFO - Started process (PID=2454) to work on /opt/airflow/dags/script2.py
[2023-11-04T17:03:35.909+0000] {processor.py:829} INFO - Processing file /opt/airflow/dags/script2.py for tasks to queue
[2023-11-04T17:03:35.911+0000] {logging_mixin.py:151} INFO - [2023-11-04T17:03:35.910+0000] {dagbag.py:536} INFO - Filling up the DagBag from /opt/airflow/dags/script2.py
[2023-11-04T17:03:36.631+0000] {processor.py:839} INFO - DAG(s) dict_keys(['traffic_data']) retrieved from /opt/airflow/dags/script2.py
[2023-11-04T17:03:36.665+0000] {logging_mixin.py:151} INFO - [2023-11-04T17:03:36.664+0000] {dag.py:2941} INFO - Sync 1 DAGs
[2023-11-04T17:03:36.822+0000] {processor.py:179} INFO - Processing /opt/airflow/dags/script2.py took 0.923 seconds
[2023-11-04T17:04:07.137+0000] {processor.py:157} INFO - Started process (PID=2463) to work on /opt/airflow/dags/script2.py
[2023-11-04T17:04:07.138+0000] {processor.py:829} INFO - Processing file /opt/airflow/dags/script2.py for tasks to queue
[2023-11-04T17:04:07.140+0000] {logging_mixin.py:151} INFO - [2023-11-04T17:04:07.140+0000] {dagbag.py:536} INFO - Filling up the DagBag from /opt/airflow/dags/script2.py
[2023-11-04T17:04:07.707+0000] {processor.py:839} INFO - DAG(s) dict_keys(['traffic_data']) retrieved from /opt/airflow/dags/script2.py
[2023-11-04T17:04:07.955+0000] {logging_mixin.py:151} INFO - [2023-11-04T17:04:07.954+0000] {dag.py:2941} INFO - Sync 1 DAGs
[2023-11-04T17:04:08.054+0000] {processor.py:179} INFO - Processing /opt/airflow/dags/script2.py took 0.929 seconds
[2023-11-04T17:04:38.374+0000] {processor.py:157} INFO - Started process (PID=2472) to work on /opt/airflow/dags/script2.py
[2023-11-04T17:04:38.377+0000] {processor.py:829} INFO - Processing file /opt/airflow/dags/script2.py for tasks to queue
[2023-11-04T17:04:38.378+0000] {logging_mixin.py:151} INFO - [2023-11-04T17:04:38.378+0000] {dagbag.py:536} INFO - Filling up the DagBag from /opt/airflow/dags/script2.py
[2023-11-04T17:04:39.012+0000] {processor.py:839} INFO - DAG(s) dict_keys(['traffic_data']) retrieved from /opt/airflow/dags/script2.py
[2023-11-04T17:04:39.094+0000] {logging_mixin.py:151} INFO - [2023-11-04T17:04:39.094+0000] {dag.py:2941} INFO - Sync 1 DAGs
[2023-11-04T17:04:39.209+0000] {processor.py:179} INFO - Processing /opt/airflow/dags/script2.py took 0.843 seconds
[2023-11-04T17:05:09.965+0000] {processor.py:157} INFO - Started process (PID=2482) to work on /opt/airflow/dags/script2.py
[2023-11-04T17:05:09.968+0000] {processor.py:829} INFO - Processing file /opt/airflow/dags/script2.py for tasks to queue
[2023-11-04T17:05:09.970+0000] {logging_mixin.py:151} INFO - [2023-11-04T17:05:09.969+0000] {dagbag.py:536} INFO - Filling up the DagBag from /opt/airflow/dags/script2.py
[2023-11-04T17:05:10.722+0000] {processor.py:839} INFO - DAG(s) dict_keys(['traffic_data']) retrieved from /opt/airflow/dags/script2.py
[2023-11-04T17:05:10.748+0000] {logging_mixin.py:151} INFO - [2023-11-04T17:05:10.747+0000] {dag.py:2941} INFO - Sync 1 DAGs
[2023-11-04T17:05:10.846+0000] {processor.py:179} INFO - Processing /opt/airflow/dags/script2.py took 0.905 seconds
[2023-11-04T17:05:41.107+0000] {processor.py:157} INFO - Started process (PID=2491) to work on /opt/airflow/dags/script2.py
[2023-11-04T17:05:41.109+0000] {processor.py:829} INFO - Processing file /opt/airflow/dags/script2.py for tasks to queue
[2023-11-04T17:05:41.111+0000] {logging_mixin.py:151} INFO - [2023-11-04T17:05:41.111+0000] {dagbag.py:536} INFO - Filling up the DagBag from /opt/airflow/dags/script2.py
[2023-11-04T17:05:41.869+0000] {processor.py:839} INFO - DAG(s) dict_keys(['traffic_data']) retrieved from /opt/airflow/dags/script2.py
[2023-11-04T17:05:42.246+0000] {logging_mixin.py:151} INFO - [2023-11-04T17:05:42.245+0000] {dag.py:2941} INFO - Sync 1 DAGs
[2023-11-04T17:05:42.448+0000] {processor.py:179} INFO - Processing /opt/airflow/dags/script2.py took 1.347 seconds
[2023-11-04T17:06:12.625+0000] {processor.py:157} INFO - Started process (PID=2500) to work on /opt/airflow/dags/script2.py
[2023-11-04T17:06:12.627+0000] {processor.py:829} INFO - Processing file /opt/airflow/dags/script2.py for tasks to queue
[2023-11-04T17:06:12.629+0000] {logging_mixin.py:151} INFO - [2023-11-04T17:06:12.628+0000] {dagbag.py:536} INFO - Filling up the DagBag from /opt/airflow/dags/script2.py
[2023-11-04T17:06:13.238+0000] {processor.py:839} INFO - DAG(s) dict_keys(['traffic_data']) retrieved from /opt/airflow/dags/script2.py
[2023-11-04T17:06:13.282+0000] {logging_mixin.py:151} INFO - [2023-11-04T17:06:13.281+0000] {dag.py:2941} INFO - Sync 1 DAGs
[2023-11-04T17:06:13.369+0000] {processor.py:179} INFO - Processing /opt/airflow/dags/script2.py took 0.752 seconds
[2023-11-04T17:06:43.635+0000] {processor.py:157} INFO - Started process (PID=2509) to work on /opt/airflow/dags/script2.py
[2023-11-04T17:06:43.637+0000] {processor.py:829} INFO - Processing file /opt/airflow/dags/script2.py for tasks to queue
[2023-11-04T17:06:43.639+0000] {logging_mixin.py:151} INFO - [2023-11-04T17:06:43.639+0000] {dagbag.py:536} INFO - Filling up the DagBag from /opt/airflow/dags/script2.py
[2023-11-04T17:06:44.213+0000] {processor.py:839} INFO - DAG(s) dict_keys(['traffic_data']) retrieved from /opt/airflow/dags/script2.py
[2023-11-04T17:06:44.242+0000] {logging_mixin.py:151} INFO - [2023-11-04T17:06:44.241+0000] {dag.py:2941} INFO - Sync 1 DAGs
[2023-11-04T17:06:44.329+0000] {processor.py:179} INFO - Processing /opt/airflow/dags/script2.py took 0.702 seconds
[2023-11-04T17:07:14.622+0000] {processor.py:157} INFO - Started process (PID=2518) to work on /opt/airflow/dags/script2.py
[2023-11-04T17:07:14.625+0000] {processor.py:829} INFO - Processing file /opt/airflow/dags/script2.py for tasks to queue
[2023-11-04T17:07:14.628+0000] {logging_mixin.py:151} INFO - [2023-11-04T17:07:14.626+0000] {dagbag.py:536} INFO - Filling up the DagBag from /opt/airflow/dags/script2.py
[2023-11-04T17:07:15.297+0000] {processor.py:839} INFO - DAG(s) dict_keys(['traffic_data']) retrieved from /opt/airflow/dags/script2.py
[2023-11-04T17:07:15.686+0000] {logging_mixin.py:151} INFO - [2023-11-04T17:07:15.686+0000] {dag.py:2941} INFO - Sync 1 DAGs
[2023-11-04T17:07:15.837+0000] {processor.py:179} INFO - Processing /opt/airflow/dags/script2.py took 1.222 seconds
[2023-11-04T17:07:46.130+0000] {processor.py:157} INFO - Started process (PID=2527) to work on /opt/airflow/dags/script2.py
[2023-11-04T17:07:46.131+0000] {processor.py:829} INFO - Processing file /opt/airflow/dags/script2.py for tasks to queue
[2023-11-04T17:07:46.132+0000] {logging_mixin.py:151} INFO - [2023-11-04T17:07:46.132+0000] {dagbag.py:536} INFO - Filling up the DagBag from /opt/airflow/dags/script2.py
[2023-11-04T17:07:46.694+0000] {processor.py:839} INFO - DAG(s) dict_keys(['traffic_data']) retrieved from /opt/airflow/dags/script2.py
[2023-11-04T17:07:46.798+0000] {logging_mixin.py:151} INFO - [2023-11-04T17:07:46.797+0000] {dag.py:2941} INFO - Sync 1 DAGs
[2023-11-04T17:07:46.883+0000] {processor.py:179} INFO - Processing /opt/airflow/dags/script2.py took 0.758 seconds
[2023-11-04T17:08:17.179+0000] {processor.py:157} INFO - Started process (PID=2537) to work on /opt/airflow/dags/script2.py
[2023-11-04T17:08:17.182+0000] {processor.py:829} INFO - Processing file /opt/airflow/dags/script2.py for tasks to queue
[2023-11-04T17:08:17.185+0000] {logging_mixin.py:151} INFO - [2023-11-04T17:08:17.184+0000] {dagbag.py:536} INFO - Filling up the DagBag from /opt/airflow/dags/script2.py
[2023-11-04T17:08:17.776+0000] {processor.py:839} INFO - DAG(s) dict_keys(['traffic_data']) retrieved from /opt/airflow/dags/script2.py
[2023-11-04T17:08:17.798+0000] {logging_mixin.py:151} INFO - [2023-11-04T17:08:17.798+0000] {dag.py:2941} INFO - Sync 1 DAGs
[2023-11-04T17:08:17.877+0000] {processor.py:179} INFO - Processing /opt/airflow/dags/script2.py took 0.707 seconds
[2023-11-04T17:08:48.154+0000] {processor.py:157} INFO - Started process (PID=2546) to work on /opt/airflow/dags/script2.py
[2023-11-04T17:08:48.156+0000] {processor.py:829} INFO - Processing file /opt/airflow/dags/script2.py for tasks to queue
[2023-11-04T17:08:48.158+0000] {logging_mixin.py:151} INFO - [2023-11-04T17:08:48.157+0000] {dagbag.py:536} INFO - Filling up the DagBag from /opt/airflow/dags/script2.py
[2023-11-04T17:08:49.661+0000] {processor.py:839} INFO - DAG(s) dict_keys(['traffic_data']) retrieved from /opt/airflow/dags/script2.py
[2023-11-04T17:08:50.408+0000] {logging_mixin.py:151} INFO - [2023-11-04T17:08:50.407+0000] {dag.py:2941} INFO - Sync 1 DAGs
[2023-11-04T17:08:50.718+0000] {processor.py:179} INFO - Processing /opt/airflow/dags/script2.py took 2.571 seconds
[2023-11-04T17:09:20.799+0000] {processor.py:157} INFO - Started process (PID=2555) to work on /opt/airflow/dags/script2.py
[2023-11-04T17:09:20.802+0000] {processor.py:829} INFO - Processing file /opt/airflow/dags/script2.py for tasks to queue
[2023-11-04T17:09:20.804+0000] {logging_mixin.py:151} INFO - [2023-11-04T17:09:20.803+0000] {dagbag.py:536} INFO - Filling up the DagBag from /opt/airflow/dags/script2.py
[2023-11-04T17:09:21.559+0000] {processor.py:839} INFO - DAG(s) dict_keys(['traffic_data']) retrieved from /opt/airflow/dags/script2.py
[2023-11-04T17:09:21.650+0000] {logging_mixin.py:151} INFO - [2023-11-04T17:09:21.649+0000] {dag.py:2941} INFO - Sync 1 DAGs
[2023-11-04T17:09:21.775+0000] {processor.py:179} INFO - Processing /opt/airflow/dags/script2.py took 0.993 seconds
[2023-11-04T17:09:52.107+0000] {processor.py:157} INFO - Started process (PID=2565) to work on /opt/airflow/dags/script2.py
[2023-11-04T17:09:52.109+0000] {processor.py:829} INFO - Processing file /opt/airflow/dags/script2.py for tasks to queue
[2023-11-04T17:09:52.111+0000] {logging_mixin.py:151} INFO - [2023-11-04T17:09:52.111+0000] {dagbag.py:536} INFO - Filling up the DagBag from /opt/airflow/dags/script2.py
[2023-11-04T17:09:52.727+0000] {processor.py:839} INFO - DAG(s) dict_keys(['traffic_data']) retrieved from /opt/airflow/dags/script2.py
[2023-11-04T17:09:52.754+0000] {logging_mixin.py:151} INFO - [2023-11-04T17:09:52.754+0000] {dag.py:2941} INFO - Sync 1 DAGs
[2023-11-04T17:09:52.834+0000] {processor.py:179} INFO - Processing /opt/airflow/dags/script2.py took 0.739 seconds
[2023-11-04T17:10:23.018+0000] {processor.py:157} INFO - Started process (PID=2574) to work on /opt/airflow/dags/script2.py
[2023-11-04T17:10:23.020+0000] {processor.py:829} INFO - Processing file /opt/airflow/dags/script2.py for tasks to queue
[2023-11-04T17:10:23.022+0000] {logging_mixin.py:151} INFO - [2023-11-04T17:10:23.021+0000] {dagbag.py:536} INFO - Filling up the DagBag from /opt/airflow/dags/script2.py
[2023-11-04T17:10:23.616+0000] {processor.py:839} INFO - DAG(s) dict_keys(['traffic_data']) retrieved from /opt/airflow/dags/script2.py
[2023-11-04T17:10:23.897+0000] {logging_mixin.py:151} INFO - [2023-11-04T17:10:23.896+0000] {dag.py:2941} INFO - Sync 1 DAGs
[2023-11-04T17:10:24.055+0000] {processor.py:179} INFO - Processing /opt/airflow/dags/script2.py took 1.048 seconds
[2023-11-04T17:10:54.329+0000] {processor.py:157} INFO - Started process (PID=2584) to work on /opt/airflow/dags/script2.py
[2023-11-04T17:10:54.331+0000] {processor.py:829} INFO - Processing file /opt/airflow/dags/script2.py for tasks to queue
[2023-11-04T17:10:54.332+0000] {logging_mixin.py:151} INFO - [2023-11-04T17:10:54.332+0000] {dagbag.py:536} INFO - Filling up the DagBag from /opt/airflow/dags/script2.py
[2023-11-04T17:10:56.165+0000] {processor.py:839} INFO - DAG(s) dict_keys(['traffic_data']) retrieved from /opt/airflow/dags/script2.py
[2023-11-04T17:10:56.395+0000] {logging_mixin.py:151} INFO - [2023-11-04T17:10:56.394+0000] {dag.py:2941} INFO - Sync 1 DAGs
[2023-11-04T17:10:56.606+0000] {processor.py:179} INFO - Processing /opt/airflow/dags/script2.py took 2.285 seconds
[2023-11-04T17:11:26.967+0000] {processor.py:157} INFO - Started process (PID=2593) to work on /opt/airflow/dags/script2.py
[2023-11-04T17:11:26.980+0000] {processor.py:829} INFO - Processing file /opt/airflow/dags/script2.py for tasks to queue
[2023-11-04T17:11:26.983+0000] {logging_mixin.py:151} INFO - [2023-11-04T17:11:26.982+0000] {dagbag.py:536} INFO - Filling up the DagBag from /opt/airflow/dags/script2.py
[2023-11-04T17:11:28.036+0000] {processor.py:839} INFO - DAG(s) dict_keys(['traffic_data']) retrieved from /opt/airflow/dags/script2.py
[2023-11-04T17:11:28.072+0000] {logging_mixin.py:151} INFO - [2023-11-04T17:11:28.071+0000] {dag.py:2941} INFO - Sync 1 DAGs
[2023-11-04T17:11:28.198+0000] {processor.py:179} INFO - Processing /opt/airflow/dags/script2.py took 1.249 seconds
[2023-11-04T17:11:58.553+0000] {processor.py:157} INFO - Started process (PID=2602) to work on /opt/airflow/dags/script2.py
[2023-11-04T17:11:58.555+0000] {processor.py:829} INFO - Processing file /opt/airflow/dags/script2.py for tasks to queue
[2023-11-04T17:11:58.556+0000] {logging_mixin.py:151} INFO - [2023-11-04T17:11:58.555+0000] {dagbag.py:536} INFO - Filling up the DagBag from /opt/airflow/dags/script2.py
[2023-11-04T17:11:59.140+0000] {processor.py:839} INFO - DAG(s) dict_keys(['traffic_data']) retrieved from /opt/airflow/dags/script2.py
[2023-11-04T17:11:59.305+0000] {logging_mixin.py:151} INFO - [2023-11-04T17:11:59.305+0000] {dag.py:2941} INFO - Sync 1 DAGs
[2023-11-04T17:11:59.416+0000] {processor.py:179} INFO - Processing /opt/airflow/dags/script2.py took 0.867 seconds
[2023-11-04T17:12:29.720+0000] {processor.py:157} INFO - Started process (PID=2612) to work on /opt/airflow/dags/script2.py
[2023-11-04T17:12:29.723+0000] {processor.py:829} INFO - Processing file /opt/airflow/dags/script2.py for tasks to queue
[2023-11-04T17:12:29.725+0000] {logging_mixin.py:151} INFO - [2023-11-04T17:12:29.724+0000] {dagbag.py:536} INFO - Filling up the DagBag from /opt/airflow/dags/script2.py
[2023-11-04T17:12:30.337+0000] {processor.py:839} INFO - DAG(s) dict_keys(['traffic_data']) retrieved from /opt/airflow/dags/script2.py
[2023-11-04T17:12:30.384+0000] {logging_mixin.py:151} INFO - [2023-11-04T17:12:30.384+0000] {dag.py:2941} INFO - Sync 1 DAGs
[2023-11-04T17:12:30.474+0000] {processor.py:179} INFO - Processing /opt/airflow/dags/script2.py took 0.764 seconds
[2023-11-04T17:13:00.767+0000] {processor.py:157} INFO - Started process (PID=2621) to work on /opt/airflow/dags/script2.py
[2023-11-04T17:13:00.769+0000] {processor.py:829} INFO - Processing file /opt/airflow/dags/script2.py for tasks to queue
[2023-11-04T17:13:00.771+0000] {logging_mixin.py:151} INFO - [2023-11-04T17:13:00.770+0000] {dagbag.py:536} INFO - Filling up the DagBag from /opt/airflow/dags/script2.py
[2023-11-04T17:13:01.520+0000] {processor.py:839} INFO - DAG(s) dict_keys(['traffic_data']) retrieved from /opt/airflow/dags/script2.py
[2023-11-04T17:13:01.548+0000] {logging_mixin.py:151} INFO - [2023-11-04T17:13:01.548+0000] {dag.py:2941} INFO - Sync 1 DAGs
[2023-11-04T17:13:01.678+0000] {processor.py:179} INFO - Processing /opt/airflow/dags/script2.py took 0.926 seconds
[2023-11-04T17:13:31.978+0000] {processor.py:157} INFO - Started process (PID=2630) to work on /opt/airflow/dags/script2.py
[2023-11-04T17:13:31.980+0000] {processor.py:829} INFO - Processing file /opt/airflow/dags/script2.py for tasks to queue
[2023-11-04T17:13:31.981+0000] {logging_mixin.py:151} INFO - [2023-11-04T17:13:31.981+0000] {dagbag.py:536} INFO - Filling up the DagBag from /opt/airflow/dags/script2.py
[2023-11-04T17:13:33.948+0000] {processor.py:839} INFO - DAG(s) dict_keys(['traffic_data']) retrieved from /opt/airflow/dags/script2.py
[2023-11-04T17:13:34.229+0000] {logging_mixin.py:151} INFO - [2023-11-04T17:13:34.229+0000] {dag.py:2941} INFO - Sync 1 DAGs
[2023-11-04T17:13:34.308+0000] {processor.py:179} INFO - Processing /opt/airflow/dags/script2.py took 2.335 seconds
[2023-11-04T17:14:04.623+0000] {processor.py:157} INFO - Started process (PID=2639) to work on /opt/airflow/dags/script2.py
[2023-11-04T17:14:04.625+0000] {processor.py:829} INFO - Processing file /opt/airflow/dags/script2.py for tasks to queue
[2023-11-04T17:14:04.628+0000] {logging_mixin.py:151} INFO - [2023-11-04T17:14:04.627+0000] {dagbag.py:536} INFO - Filling up the DagBag from /opt/airflow/dags/script2.py
[2023-11-04T17:14:05.136+0000] {processor.py:839} INFO - DAG(s) dict_keys(['traffic_data']) retrieved from /opt/airflow/dags/script2.py
[2023-11-04T17:14:05.181+0000] {logging_mixin.py:151} INFO - [2023-11-04T17:14:05.180+0000] {dag.py:2941} INFO - Sync 1 DAGs
[2023-11-04T17:14:05.282+0000] {processor.py:179} INFO - Processing /opt/airflow/dags/script2.py took 0.667 seconds
[2023-11-04T17:14:35.502+0000] {processor.py:157} INFO - Started process (PID=2650) to work on /opt/airflow/dags/script2.py
[2023-11-04T17:14:35.507+0000] {processor.py:829} INFO - Processing file /opt/airflow/dags/script2.py for tasks to queue
[2023-11-04T17:14:35.510+0000] {logging_mixin.py:151} INFO - [2023-11-04T17:14:35.509+0000] {dagbag.py:536} INFO - Filling up the DagBag from /opt/airflow/dags/script2.py
[2023-11-04T17:14:36.196+0000] {processor.py:839} INFO - DAG(s) dict_keys(['traffic_data']) retrieved from /opt/airflow/dags/script2.py
[2023-11-04T17:14:36.222+0000] {logging_mixin.py:151} INFO - [2023-11-04T17:14:36.221+0000] {dag.py:2941} INFO - Sync 1 DAGs
[2023-11-04T17:14:36.350+0000] {processor.py:179} INFO - Processing /opt/airflow/dags/script2.py took 0.858 seconds
[2023-11-04T17:15:06.838+0000] {processor.py:157} INFO - Started process (PID=2664) to work on /opt/airflow/dags/script2.py
[2023-11-04T17:15:06.841+0000] {processor.py:829} INFO - Processing file /opt/airflow/dags/script2.py for tasks to queue
[2023-11-04T17:15:06.844+0000] {logging_mixin.py:151} INFO - [2023-11-04T17:15:06.843+0000] {dagbag.py:536} INFO - Filling up the DagBag from /opt/airflow/dags/script2.py
[2023-11-04T17:15:07.396+0000] {processor.py:839} INFO - DAG(s) dict_keys(['traffic_data']) retrieved from /opt/airflow/dags/script2.py
[2023-11-04T17:15:07.615+0000] {logging_mixin.py:151} INFO - [2023-11-04T17:15:07.615+0000] {dag.py:2941} INFO - Sync 1 DAGs
[2023-11-04T17:15:07.692+0000] {processor.py:179} INFO - Processing /opt/airflow/dags/script2.py took 0.864 seconds
[2023-11-04T17:15:37.991+0000] {processor.py:157} INFO - Started process (PID=2673) to work on /opt/airflow/dags/script2.py
[2023-11-04T17:15:37.993+0000] {processor.py:829} INFO - Processing file /opt/airflow/dags/script2.py for tasks to queue
[2023-11-04T17:15:37.995+0000] {logging_mixin.py:151} INFO - [2023-11-04T17:15:37.994+0000] {dagbag.py:536} INFO - Filling up the DagBag from /opt/airflow/dags/script2.py
[2023-11-04T17:15:38.747+0000] {processor.py:839} INFO - DAG(s) dict_keys(['traffic_data']) retrieved from /opt/airflow/dags/script2.py
[2023-11-04T17:15:38.963+0000] {logging_mixin.py:151} INFO - [2023-11-04T17:15:38.963+0000] {dag.py:2941} INFO - Sync 1 DAGs
[2023-11-04T17:15:39.190+0000] {processor.py:179} INFO - Processing /opt/airflow/dags/script2.py took 1.208 seconds
[2023-11-04T17:16:09.320+0000] {processor.py:157} INFO - Started process (PID=2682) to work on /opt/airflow/dags/script2.py
[2023-11-04T17:16:09.323+0000] {processor.py:829} INFO - Processing file /opt/airflow/dags/script2.py for tasks to queue
[2023-11-04T17:16:09.326+0000] {logging_mixin.py:151} INFO - [2023-11-04T17:16:09.325+0000] {dagbag.py:536} INFO - Filling up the DagBag from /opt/airflow/dags/script2.py
[2023-11-04T17:16:09.976+0000] {processor.py:839} INFO - DAG(s) dict_keys(['traffic_data']) retrieved from /opt/airflow/dags/script2.py
[2023-11-04T17:16:10.002+0000] {logging_mixin.py:151} INFO - [2023-11-04T17:16:10.001+0000] {dag.py:2941} INFO - Sync 1 DAGs
[2023-11-04T17:16:10.091+0000] {processor.py:179} INFO - Processing /opt/airflow/dags/script2.py took 0.783 seconds
[2023-11-04T17:16:40.569+0000] {processor.py:157} INFO - Started process (PID=2691) to work on /opt/airflow/dags/script2.py
[2023-11-04T17:16:40.571+0000] {processor.py:829} INFO - Processing file /opt/airflow/dags/script2.py for tasks to queue
[2023-11-04T17:16:40.573+0000] {logging_mixin.py:151} INFO - [2023-11-04T17:16:40.572+0000] {dagbag.py:536} INFO - Filling up the DagBag from /opt/airflow/dags/script2.py
[2023-11-04T17:16:41.171+0000] {processor.py:839} INFO - DAG(s) dict_keys(['traffic_data']) retrieved from /opt/airflow/dags/script2.py
[2023-11-04T17:16:41.382+0000] {logging_mixin.py:151} INFO - [2023-11-04T17:16:41.381+0000] {dag.py:2941} INFO - Sync 1 DAGs
[2023-11-04T17:16:41.486+0000] {processor.py:179} INFO - Processing /opt/airflow/dags/script2.py took 0.931 seconds
[2023-11-04T17:17:11.774+0000] {processor.py:157} INFO - Started process (PID=2701) to work on /opt/airflow/dags/script2.py
[2023-11-04T17:17:11.776+0000] {processor.py:829} INFO - Processing file /opt/airflow/dags/script2.py for tasks to queue
[2023-11-04T17:17:11.779+0000] {logging_mixin.py:151} INFO - [2023-11-04T17:17:11.778+0000] {dagbag.py:536} INFO - Filling up the DagBag from /opt/airflow/dags/script2.py
[2023-11-04T17:17:12.193+0000] {processor.py:839} INFO - DAG(s) dict_keys(['traffic_data']) retrieved from /opt/airflow/dags/script2.py
[2023-11-04T17:17:12.249+0000] {logging_mixin.py:151} INFO - [2023-11-04T17:17:12.248+0000] {dag.py:2941} INFO - Sync 1 DAGs
[2023-11-04T17:17:12.324+0000] {processor.py:179} INFO - Processing /opt/airflow/dags/script2.py took 0.558 seconds
[2023-11-04T17:17:42.611+0000] {processor.py:157} INFO - Started process (PID=2710) to work on /opt/airflow/dags/script2.py
[2023-11-04T17:17:42.613+0000] {processor.py:829} INFO - Processing file /opt/airflow/dags/script2.py for tasks to queue
[2023-11-04T17:17:42.615+0000] {logging_mixin.py:151} INFO - [2023-11-04T17:17:42.614+0000] {dagbag.py:536} INFO - Filling up the DagBag from /opt/airflow/dags/script2.py
[2023-11-04T17:17:43.401+0000] {processor.py:839} INFO - DAG(s) dict_keys(['traffic_data']) retrieved from /opt/airflow/dags/script2.py
[2023-11-04T17:17:43.444+0000] {logging_mixin.py:151} INFO - [2023-11-04T17:17:43.444+0000] {dag.py:2941} INFO - Sync 1 DAGs
[2023-11-04T17:17:43.735+0000] {processor.py:179} INFO - Processing /opt/airflow/dags/script2.py took 1.131 seconds
[2023-11-04T17:18:14.089+0000] {processor.py:157} INFO - Started process (PID=2719) to work on /opt/airflow/dags/script2.py
[2023-11-04T17:18:14.092+0000] {processor.py:829} INFO - Processing file /opt/airflow/dags/script2.py for tasks to queue
[2023-11-04T17:18:14.094+0000] {logging_mixin.py:151} INFO - [2023-11-04T17:18:14.093+0000] {dagbag.py:536} INFO - Filling up the DagBag from /opt/airflow/dags/script2.py
[2023-11-04T17:18:14.777+0000] {processor.py:839} INFO - DAG(s) dict_keys(['traffic_data']) retrieved from /opt/airflow/dags/script2.py
[2023-11-04T17:18:14.980+0000] {logging_mixin.py:151} INFO - [2023-11-04T17:18:14.979+0000] {dag.py:2941} INFO - Sync 1 DAGs
[2023-11-04T17:18:15.106+0000] {processor.py:179} INFO - Processing /opt/airflow/dags/script2.py took 1.027 seconds
[2023-11-04T17:18:45.384+0000] {processor.py:157} INFO - Started process (PID=2728) to work on /opt/airflow/dags/script2.py
[2023-11-04T17:18:45.386+0000] {processor.py:829} INFO - Processing file /opt/airflow/dags/script2.py for tasks to queue
[2023-11-04T17:18:45.388+0000] {logging_mixin.py:151} INFO - [2023-11-04T17:18:45.388+0000] {dagbag.py:536} INFO - Filling up the DagBag from /opt/airflow/dags/script2.py
[2023-11-04T17:18:45.957+0000] {processor.py:839} INFO - DAG(s) dict_keys(['traffic_data']) retrieved from /opt/airflow/dags/script2.py
[2023-11-04T17:18:46.180+0000] {logging_mixin.py:151} INFO - [2023-11-04T17:18:46.179+0000] {dag.py:2941} INFO - Sync 1 DAGs
[2023-11-04T17:18:46.456+0000] {processor.py:179} INFO - Processing /opt/airflow/dags/script2.py took 1.080 seconds
[2023-11-04T17:19:16.667+0000] {processor.py:157} INFO - Started process (PID=2737) to work on /opt/airflow/dags/script2.py
[2023-11-04T17:19:16.669+0000] {processor.py:829} INFO - Processing file /opt/airflow/dags/script2.py for tasks to queue
[2023-11-04T17:19:16.672+0000] {logging_mixin.py:151} INFO - [2023-11-04T17:19:16.671+0000] {dagbag.py:536} INFO - Filling up the DagBag from /opt/airflow/dags/script2.py
[2023-11-04T17:19:17.230+0000] {processor.py:839} INFO - DAG(s) dict_keys(['traffic_data']) retrieved from /opt/airflow/dags/script2.py
[2023-11-04T17:19:17.253+0000] {logging_mixin.py:151} INFO - [2023-11-04T17:19:17.252+0000] {dag.py:2941} INFO - Sync 1 DAGs
[2023-11-04T17:19:17.403+0000] {processor.py:179} INFO - Processing /opt/airflow/dags/script2.py took 0.744 seconds
[2023-11-04T17:19:48.025+0000] {processor.py:157} INFO - Started process (PID=2746) to work on /opt/airflow/dags/script2.py
[2023-11-04T17:19:48.028+0000] {processor.py:829} INFO - Processing file /opt/airflow/dags/script2.py for tasks to queue
[2023-11-04T17:19:48.030+0000] {logging_mixin.py:151} INFO - [2023-11-04T17:19:48.029+0000] {dagbag.py:536} INFO - Filling up the DagBag from /opt/airflow/dags/script2.py
[2023-11-04T17:19:48.595+0000] {processor.py:839} INFO - DAG(s) dict_keys(['traffic_data']) retrieved from /opt/airflow/dags/script2.py
[2023-11-04T17:19:48.886+0000] {logging_mixin.py:151} INFO - [2023-11-04T17:19:48.886+0000] {dag.py:2941} INFO - Sync 1 DAGs
[2023-11-04T17:19:49.000+0000] {processor.py:179} INFO - Processing /opt/airflow/dags/script2.py took 0.978 seconds
[2023-11-04T17:20:19.320+0000] {processor.py:157} INFO - Started process (PID=2757) to work on /opt/airflow/dags/script2.py
[2023-11-04T17:20:19.323+0000] {processor.py:829} INFO - Processing file /opt/airflow/dags/script2.py for tasks to queue
[2023-11-04T17:20:19.326+0000] {logging_mixin.py:151} INFO - [2023-11-04T17:20:19.325+0000] {dagbag.py:536} INFO - Filling up the DagBag from /opt/airflow/dags/script2.py
[2023-11-04T17:20:20.619+0000] {processor.py:839} INFO - DAG(s) dict_keys(['traffic_data']) retrieved from /opt/airflow/dags/script2.py
[2023-11-04T17:20:20.747+0000] {logging_mixin.py:151} INFO - [2023-11-04T17:20:20.746+0000] {dag.py:2941} INFO - Sync 1 DAGs
[2023-11-04T17:20:20.918+0000] {processor.py:179} INFO - Processing /opt/airflow/dags/script2.py took 1.608 seconds
[2023-11-04T17:20:51.682+0000] {processor.py:157} INFO - Started process (PID=2766) to work on /opt/airflow/dags/script2.py
[2023-11-04T17:20:51.682+0000] {processor.py:829} INFO - Processing file /opt/airflow/dags/script2.py for tasks to queue
[2023-11-04T17:20:51.683+0000] {logging_mixin.py:151} INFO - [2023-11-04T17:20:51.683+0000] {dagbag.py:536} INFO - Filling up the DagBag from /opt/airflow/dags/script2.py
[2023-11-04T17:20:52.292+0000] {processor.py:839} INFO - DAG(s) dict_keys(['traffic_data']) retrieved from /opt/airflow/dags/script2.py
[2023-11-04T17:20:52.320+0000] {logging_mixin.py:151} INFO - [2023-11-04T17:20:52.320+0000] {dag.py:2941} INFO - Sync 1 DAGs
[2023-11-04T17:20:52.408+0000] {processor.py:179} INFO - Processing /opt/airflow/dags/script2.py took 0.732 seconds
[2023-11-04T17:21:22.712+0000] {processor.py:157} INFO - Started process (PID=2775) to work on /opt/airflow/dags/script2.py
[2023-11-04T17:21:22.715+0000] {processor.py:829} INFO - Processing file /opt/airflow/dags/script2.py for tasks to queue
[2023-11-04T17:21:22.718+0000] {logging_mixin.py:151} INFO - [2023-11-04T17:21:22.717+0000] {dagbag.py:536} INFO - Filling up the DagBag from /opt/airflow/dags/script2.py
[2023-11-04T17:21:23.281+0000] {processor.py:839} INFO - DAG(s) dict_keys(['traffic_data']) retrieved from /opt/airflow/dags/script2.py
[2023-11-04T17:21:23.542+0000] {logging_mixin.py:151} INFO - [2023-11-04T17:21:23.541+0000] {dag.py:2941} INFO - Sync 1 DAGs
[2023-11-04T17:21:23.650+0000] {processor.py:179} INFO - Processing /opt/airflow/dags/script2.py took 0.948 seconds
[2023-11-04T17:21:53.764+0000] {processor.py:157} INFO - Started process (PID=2784) to work on /opt/airflow/dags/script2.py
[2023-11-04T17:21:53.765+0000] {processor.py:829} INFO - Processing file /opt/airflow/dags/script2.py for tasks to queue
[2023-11-04T17:21:53.767+0000] {logging_mixin.py:151} INFO - [2023-11-04T17:21:53.767+0000] {dagbag.py:536} INFO - Filling up the DagBag from /opt/airflow/dags/script2.py
[2023-11-04T17:21:54.263+0000] {processor.py:839} INFO - DAG(s) dict_keys(['traffic_data']) retrieved from /opt/airflow/dags/script2.py
[2023-11-04T17:21:54.320+0000] {logging_mixin.py:151} INFO - [2023-11-04T17:21:54.320+0000] {dag.py:2941} INFO - Sync 1 DAGs
[2023-11-04T17:21:54.436+0000] {processor.py:179} INFO - Processing /opt/airflow/dags/script2.py took 0.681 seconds
[2023-11-04T17:22:24.724+0000] {processor.py:157} INFO - Started process (PID=2793) to work on /opt/airflow/dags/script2.py
[2023-11-04T17:22:24.727+0000] {processor.py:829} INFO - Processing file /opt/airflow/dags/script2.py for tasks to queue
[2023-11-04T17:22:24.730+0000] {logging_mixin.py:151} INFO - [2023-11-04T17:22:24.729+0000] {dagbag.py:536} INFO - Filling up the DagBag from /opt/airflow/dags/script2.py
[2023-11-04T17:22:25.299+0000] {processor.py:839} INFO - DAG(s) dict_keys(['traffic_data']) retrieved from /opt/airflow/dags/script2.py
[2023-11-04T17:22:25.322+0000] {logging_mixin.py:151} INFO - [2023-11-04T17:22:25.321+0000] {dag.py:2941} INFO - Sync 1 DAGs
[2023-11-04T17:22:25.422+0000] {processor.py:179} INFO - Processing /opt/airflow/dags/script2.py took 0.706 seconds
[2023-11-04T17:22:55.724+0000] {processor.py:157} INFO - Started process (PID=2802) to work on /opt/airflow/dags/script2.py
[2023-11-04T17:22:55.727+0000] {processor.py:829} INFO - Processing file /opt/airflow/dags/script2.py for tasks to queue
[2023-11-04T17:22:55.730+0000] {logging_mixin.py:151} INFO - [2023-11-04T17:22:55.729+0000] {dagbag.py:536} INFO - Filling up the DagBag from /opt/airflow/dags/script2.py
[2023-11-04T17:22:56.296+0000] {processor.py:839} INFO - DAG(s) dict_keys(['traffic_data']) retrieved from /opt/airflow/dags/script2.py
[2023-11-04T17:22:56.509+0000] {logging_mixin.py:151} INFO - [2023-11-04T17:22:56.508+0000] {dag.py:2941} INFO - Sync 1 DAGs
[2023-11-04T17:22:56.616+0000] {processor.py:179} INFO - Processing /opt/airflow/dags/script2.py took 0.904 seconds
[2023-11-04T17:23:26.736+0000] {processor.py:157} INFO - Started process (PID=2811) to work on /opt/airflow/dags/script2.py
[2023-11-04T17:23:26.739+0000] {processor.py:829} INFO - Processing file /opt/airflow/dags/script2.py for tasks to queue
[2023-11-04T17:23:26.741+0000] {logging_mixin.py:151} INFO - [2023-11-04T17:23:26.740+0000] {dagbag.py:536} INFO - Filling up the DagBag from /opt/airflow/dags/script2.py
[2023-11-04T17:23:27.322+0000] {processor.py:839} INFO - DAG(s) dict_keys(['traffic_data']) retrieved from /opt/airflow/dags/script2.py
[2023-11-04T17:23:27.378+0000] {logging_mixin.py:151} INFO - [2023-11-04T17:23:27.378+0000] {dag.py:2941} INFO - Sync 1 DAGs
[2023-11-04T17:23:27.460+0000] {processor.py:179} INFO - Processing /opt/airflow/dags/script2.py took 0.732 seconds
[2023-11-04T17:23:57.802+0000] {processor.py:157} INFO - Started process (PID=2820) to work on /opt/airflow/dags/script2.py
[2023-11-04T17:23:57.804+0000] {processor.py:829} INFO - Processing file /opt/airflow/dags/script2.py for tasks to queue
[2023-11-04T17:23:57.806+0000] {logging_mixin.py:151} INFO - [2023-11-04T17:23:57.806+0000] {dagbag.py:536} INFO - Filling up the DagBag from /opt/airflow/dags/script2.py
[2023-11-04T17:23:58.333+0000] {processor.py:839} INFO - DAG(s) dict_keys(['traffic_data']) retrieved from /opt/airflow/dags/script2.py
[2023-11-04T17:23:58.357+0000] {logging_mixin.py:151} INFO - [2023-11-04T17:23:58.356+0000] {dag.py:2941} INFO - Sync 1 DAGs
[2023-11-04T17:23:58.449+0000] {processor.py:179} INFO - Processing /opt/airflow/dags/script2.py took 0.654 seconds
[2023-11-04T17:24:28.760+0000] {processor.py:157} INFO - Started process (PID=2829) to work on /opt/airflow/dags/script2.py
[2023-11-04T17:24:28.762+0000] {processor.py:829} INFO - Processing file /opt/airflow/dags/script2.py for tasks to queue
[2023-11-04T17:24:28.764+0000] {logging_mixin.py:151} INFO - [2023-11-04T17:24:28.763+0000] {dagbag.py:536} INFO - Filling up the DagBag from /opt/airflow/dags/script2.py
[2023-11-04T17:24:29.329+0000] {processor.py:839} INFO - DAG(s) dict_keys(['traffic_data']) retrieved from /opt/airflow/dags/script2.py
[2023-11-04T17:24:29.528+0000] {logging_mixin.py:151} INFO - [2023-11-04T17:24:29.528+0000] {dag.py:2941} INFO - Sync 1 DAGs
[2023-11-04T17:24:29.599+0000] {processor.py:179} INFO - Processing /opt/airflow/dags/script2.py took 0.847 seconds
[2023-11-04T17:24:59.915+0000] {processor.py:157} INFO - Started process (PID=2838) to work on /opt/airflow/dags/script2.py
[2023-11-04T17:24:59.917+0000] {processor.py:829} INFO - Processing file /opt/airflow/dags/script2.py for tasks to queue
[2023-11-04T17:24:59.919+0000] {logging_mixin.py:151} INFO - [2023-11-04T17:24:59.918+0000] {dagbag.py:536} INFO - Filling up the DagBag from /opt/airflow/dags/script2.py
[2023-11-04T17:25:01.106+0000] {processor.py:839} INFO - DAG(s) dict_keys(['traffic_data']) retrieved from /opt/airflow/dags/script2.py
[2023-11-04T17:25:01.260+0000] {logging_mixin.py:151} INFO - [2023-11-04T17:25:01.260+0000] {dag.py:2941} INFO - Sync 1 DAGs
[2023-11-04T17:25:01.469+0000] {processor.py:179} INFO - Processing /opt/airflow/dags/script2.py took 1.566 seconds
[2023-11-04T17:25:32.421+0000] {processor.py:157} INFO - Started process (PID=2847) to work on /opt/airflow/dags/script2.py
[2023-11-04T17:25:32.425+0000] {processor.py:829} INFO - Processing file /opt/airflow/dags/script2.py for tasks to queue
[2023-11-04T17:25:32.427+0000] {logging_mixin.py:151} INFO - [2023-11-04T17:25:32.426+0000] {dagbag.py:536} INFO - Filling up the DagBag from /opt/airflow/dags/script2.py
[2023-11-04T17:25:33.034+0000] {processor.py:839} INFO - DAG(s) dict_keys(['traffic_data']) retrieved from /opt/airflow/dags/script2.py
[2023-11-04T17:25:33.057+0000] {logging_mixin.py:151} INFO - [2023-11-04T17:25:33.056+0000] {dag.py:2941} INFO - Sync 1 DAGs
[2023-11-04T17:25:33.153+0000] {processor.py:179} INFO - Processing /opt/airflow/dags/script2.py took 0.740 seconds
[2023-11-04T17:26:03.783+0000] {processor.py:157} INFO - Started process (PID=2856) to work on /opt/airflow/dags/script2.py
[2023-11-04T17:26:03.785+0000] {processor.py:829} INFO - Processing file /opt/airflow/dags/script2.py for tasks to queue
[2023-11-04T17:26:03.787+0000] {logging_mixin.py:151} INFO - [2023-11-04T17:26:03.786+0000] {dagbag.py:536} INFO - Filling up the DagBag from /opt/airflow/dags/script2.py
[2023-11-04T17:26:04.390+0000] {processor.py:839} INFO - DAG(s) dict_keys(['traffic_data']) retrieved from /opt/airflow/dags/script2.py
[2023-11-04T17:26:04.652+0000] {logging_mixin.py:151} INFO - [2023-11-04T17:26:04.652+0000] {dag.py:2941} INFO - Sync 1 DAGs
[2023-11-04T17:26:04.724+0000] {processor.py:179} INFO - Processing /opt/airflow/dags/script2.py took 0.950 seconds
[2023-11-04T17:26:35.194+0000] {processor.py:157} INFO - Started process (PID=2865) to work on /opt/airflow/dags/script2.py
[2023-11-04T17:26:35.197+0000] {processor.py:829} INFO - Processing file /opt/airflow/dags/script2.py for tasks to queue
[2023-11-04T17:26:35.198+0000] {logging_mixin.py:151} INFO - [2023-11-04T17:26:35.198+0000] {dagbag.py:536} INFO - Filling up the DagBag from /opt/airflow/dags/script2.py
[2023-11-04T17:26:35.729+0000] {processor.py:839} INFO - DAG(s) dict_keys(['traffic_data']) retrieved from /opt/airflow/dags/script2.py
[2023-11-04T17:26:35.772+0000] {logging_mixin.py:151} INFO - [2023-11-04T17:26:35.772+0000] {dag.py:2941} INFO - Sync 1 DAGs
[2023-11-04T17:26:35.859+0000] {processor.py:179} INFO - Processing /opt/airflow/dags/script2.py took 0.673 seconds
[2023-11-04T17:27:06.164+0000] {processor.py:157} INFO - Started process (PID=2874) to work on /opt/airflow/dags/script2.py
[2023-11-04T17:27:06.166+0000] {processor.py:829} INFO - Processing file /opt/airflow/dags/script2.py for tasks to queue
[2023-11-04T17:27:06.168+0000] {logging_mixin.py:151} INFO - [2023-11-04T17:27:06.168+0000] {dagbag.py:536} INFO - Filling up the DagBag from /opt/airflow/dags/script2.py
[2023-11-04T17:27:06.895+0000] {processor.py:839} INFO - DAG(s) dict_keys(['traffic_data']) retrieved from /opt/airflow/dags/script2.py
[2023-11-04T17:27:06.926+0000] {logging_mixin.py:151} INFO - [2023-11-04T17:27:06.925+0000] {dag.py:2941} INFO - Sync 1 DAGs
[2023-11-04T17:27:07.059+0000] {processor.py:179} INFO - Processing /opt/airflow/dags/script2.py took 0.904 seconds
[2023-11-04T17:27:37.362+0000] {processor.py:157} INFO - Started process (PID=2883) to work on /opt/airflow/dags/script2.py
[2023-11-04T17:27:37.364+0000] {processor.py:829} INFO - Processing file /opt/airflow/dags/script2.py for tasks to queue
[2023-11-04T17:27:37.367+0000] {logging_mixin.py:151} INFO - [2023-11-04T17:27:37.366+0000] {dagbag.py:536} INFO - Filling up the DagBag from /opt/airflow/dags/script2.py
[2023-11-04T17:27:37.858+0000] {processor.py:839} INFO - DAG(s) dict_keys(['traffic_data']) retrieved from /opt/airflow/dags/script2.py
[2023-11-04T17:27:38.055+0000] {logging_mixin.py:151} INFO - [2023-11-04T17:27:38.054+0000] {dag.py:2941} INFO - Sync 1 DAGs
[2023-11-04T17:27:38.140+0000] {processor.py:179} INFO - Processing /opt/airflow/dags/script2.py took 0.786 seconds
[2023-11-04T17:28:08.726+0000] {processor.py:157} INFO - Started process (PID=2892) to work on /opt/airflow/dags/script2.py
[2023-11-04T17:28:08.728+0000] {processor.py:829} INFO - Processing file /opt/airflow/dags/script2.py for tasks to queue
[2023-11-04T17:28:08.729+0000] {logging_mixin.py:151} INFO - [2023-11-04T17:28:08.729+0000] {dagbag.py:536} INFO - Filling up the DagBag from /opt/airflow/dags/script2.py
[2023-11-04T17:28:09.274+0000] {processor.py:839} INFO - DAG(s) dict_keys(['traffic_data']) retrieved from /opt/airflow/dags/script2.py
[2023-11-04T17:28:09.332+0000] {logging_mixin.py:151} INFO - [2023-11-04T17:28:09.332+0000] {dag.py:2941} INFO - Sync 1 DAGs
[2023-11-04T17:28:09.431+0000] {processor.py:179} INFO - Processing /opt/airflow/dags/script2.py took 0.710 seconds
[2023-11-04T17:28:40.163+0000] {processor.py:157} INFO - Started process (PID=2901) to work on /opt/airflow/dags/script2.py
[2023-11-04T17:28:40.165+0000] {processor.py:829} INFO - Processing file /opt/airflow/dags/script2.py for tasks to queue
[2023-11-04T17:28:40.168+0000] {logging_mixin.py:151} INFO - [2023-11-04T17:28:40.167+0000] {dagbag.py:536} INFO - Filling up the DagBag from /opt/airflow/dags/script2.py
[2023-11-04T17:28:40.696+0000] {processor.py:839} INFO - DAG(s) dict_keys(['traffic_data']) retrieved from /opt/airflow/dags/script2.py
[2023-11-04T17:28:40.720+0000] {logging_mixin.py:151} INFO - [2023-11-04T17:28:40.719+0000] {dag.py:2941} INFO - Sync 1 DAGs
[2023-11-04T17:28:40.815+0000] {processor.py:179} INFO - Processing /opt/airflow/dags/script2.py took 0.657 seconds
[2023-11-04T17:29:11.173+0000] {processor.py:157} INFO - Started process (PID=2910) to work on /opt/airflow/dags/script2.py
[2023-11-04T17:29:11.176+0000] {processor.py:829} INFO - Processing file /opt/airflow/dags/script2.py for tasks to queue
[2023-11-04T17:29:11.178+0000] {logging_mixin.py:151} INFO - [2023-11-04T17:29:11.177+0000] {dagbag.py:536} INFO - Filling up the DagBag from /opt/airflow/dags/script2.py
[2023-11-04T17:29:11.800+0000] {processor.py:839} INFO - DAG(s) dict_keys(['traffic_data']) retrieved from /opt/airflow/dags/script2.py
[2023-11-04T17:29:11.980+0000] {logging_mixin.py:151} INFO - [2023-11-04T17:29:11.979+0000] {dag.py:2941} INFO - Sync 1 DAGs
[2023-11-04T17:29:12.090+0000] {processor.py:179} INFO - Processing /opt/airflow/dags/script2.py took 0.925 seconds
[2023-11-04T17:29:42.371+0000] {processor.py:157} INFO - Started process (PID=2928) to work on /opt/airflow/dags/script2.py
[2023-11-04T17:29:42.374+0000] {processor.py:829} INFO - Processing file /opt/airflow/dags/script2.py for tasks to queue
[2023-11-04T17:29:42.376+0000] {logging_mixin.py:151} INFO - [2023-11-04T17:29:42.375+0000] {dagbag.py:536} INFO - Filling up the DagBag from /opt/airflow/dags/script2.py
[2023-11-04T17:29:43.643+0000] {processor.py:839} INFO - DAG(s) dict_keys(['traffic_data']) retrieved from /opt/airflow/dags/script2.py
[2023-11-04T17:29:44.160+0000] {logging_mixin.py:151} INFO - [2023-11-04T17:29:44.160+0000] {dag.py:2941} INFO - Sync 1 DAGs
[2023-11-04T17:29:44.383+0000] {processor.py:179} INFO - Processing /opt/airflow/dags/script2.py took 2.019 seconds
[2023-11-04T17:30:14.794+0000] {processor.py:157} INFO - Started process (PID=2937) to work on /opt/airflow/dags/script2.py
[2023-11-04T17:30:14.797+0000] {processor.py:829} INFO - Processing file /opt/airflow/dags/script2.py for tasks to queue
[2023-11-04T17:30:14.800+0000] {logging_mixin.py:151} INFO - [2023-11-04T17:30:14.798+0000] {dagbag.py:536} INFO - Filling up the DagBag from /opt/airflow/dags/script2.py
[2023-11-04T17:30:15.513+0000] {processor.py:839} INFO - DAG(s) dict_keys(['traffic_data']) retrieved from /opt/airflow/dags/script2.py
[2023-11-04T17:30:15.551+0000] {logging_mixin.py:151} INFO - [2023-11-04T17:30:15.550+0000] {dag.py:2941} INFO - Sync 1 DAGs
[2023-11-04T17:30:15.652+0000] {processor.py:179} INFO - Processing /opt/airflow/dags/script2.py took 0.875 seconds
[2023-11-04T17:30:45.981+0000] {processor.py:157} INFO - Started process (PID=2946) to work on /opt/airflow/dags/script2.py
[2023-11-04T17:30:45.983+0000] {processor.py:829} INFO - Processing file /opt/airflow/dags/script2.py for tasks to queue
[2023-11-04T17:30:45.985+0000] {logging_mixin.py:151} INFO - [2023-11-04T17:30:45.984+0000] {dagbag.py:536} INFO - Filling up the DagBag from /opt/airflow/dags/script2.py
[2023-11-04T17:30:46.594+0000] {processor.py:839} INFO - DAG(s) dict_keys(['traffic_data']) retrieved from /opt/airflow/dags/script2.py
[2023-11-04T17:30:46.860+0000] {logging_mixin.py:151} INFO - [2023-11-04T17:30:46.859+0000] {dag.py:2941} INFO - Sync 1 DAGs
[2023-11-04T17:30:47.030+0000] {processor.py:179} INFO - Processing /opt/airflow/dags/script2.py took 1.057 seconds
[2023-11-04T17:31:17.276+0000] {processor.py:157} INFO - Started process (PID=2955) to work on /opt/airflow/dags/script2.py
[2023-11-04T17:31:17.279+0000] {processor.py:829} INFO - Processing file /opt/airflow/dags/script2.py for tasks to queue
[2023-11-04T17:31:17.282+0000] {logging_mixin.py:151} INFO - [2023-11-04T17:31:17.280+0000] {dagbag.py:536} INFO - Filling up the DagBag from /opt/airflow/dags/script2.py
[2023-11-04T17:31:18.066+0000] {processor.py:839} INFO - DAG(s) dict_keys(['traffic_data']) retrieved from /opt/airflow/dags/script2.py
[2023-11-04T17:31:18.109+0000] {logging_mixin.py:151} INFO - [2023-11-04T17:31:18.109+0000] {dag.py:2941} INFO - Sync 1 DAGs
[2023-11-04T17:31:18.188+0000] {processor.py:179} INFO - Processing /opt/airflow/dags/script2.py took 0.921 seconds
[2023-11-04T17:31:48.526+0000] {processor.py:157} INFO - Started process (PID=2964) to work on /opt/airflow/dags/script2.py
[2023-11-04T17:31:48.528+0000] {processor.py:829} INFO - Processing file /opt/airflow/dags/script2.py for tasks to queue
[2023-11-04T17:31:48.530+0000] {logging_mixin.py:151} INFO - [2023-11-04T17:31:48.529+0000] {dagbag.py:536} INFO - Filling up the DagBag from /opt/airflow/dags/script2.py
[2023-11-04T17:31:49.088+0000] {processor.py:839} INFO - DAG(s) dict_keys(['traffic_data']) retrieved from /opt/airflow/dags/script2.py
[2023-11-04T17:31:49.108+0000] {logging_mixin.py:151} INFO - [2023-11-04T17:31:49.108+0000] {dag.py:2941} INFO - Sync 1 DAGs
[2023-11-04T17:31:49.194+0000] {processor.py:179} INFO - Processing /opt/airflow/dags/script2.py took 0.678 seconds
[2023-11-04T17:32:19.477+0000] {processor.py:157} INFO - Started process (PID=2974) to work on /opt/airflow/dags/script2.py
[2023-11-04T17:32:19.479+0000] {processor.py:829} INFO - Processing file /opt/airflow/dags/script2.py for tasks to queue
[2023-11-04T17:32:19.481+0000] {logging_mixin.py:151} INFO - [2023-11-04T17:32:19.480+0000] {dagbag.py:536} INFO - Filling up the DagBag from /opt/airflow/dags/script2.py
[2023-11-04T17:32:20.174+0000] {processor.py:839} INFO - DAG(s) dict_keys(['traffic_data']) retrieved from /opt/airflow/dags/script2.py
[2023-11-04T17:32:22.753+0000] {logging_mixin.py:151} INFO - [2023-11-04T17:32:22.752+0000] {dag.py:2941} INFO - Sync 1 DAGs
[2023-11-04T17:32:23.013+0000] {processor.py:179} INFO - Processing /opt/airflow/dags/script2.py took 3.393 seconds
[2023-11-04T17:32:53.241+0000] {processor.py:157} INFO - Started process (PID=2983) to work on /opt/airflow/dags/script2.py
[2023-11-04T17:32:53.242+0000] {processor.py:829} INFO - Processing file /opt/airflow/dags/script2.py for tasks to queue
[2023-11-04T17:32:53.244+0000] {logging_mixin.py:151} INFO - [2023-11-04T17:32:53.243+0000] {dagbag.py:536} INFO - Filling up the DagBag from /opt/airflow/dags/script2.py
[2023-11-04T17:32:53.744+0000] {processor.py:839} INFO - DAG(s) dict_keys(['traffic_data']) retrieved from /opt/airflow/dags/script2.py
[2023-11-04T17:32:53.807+0000] {logging_mixin.py:151} INFO - [2023-11-04T17:32:53.806+0000] {dag.py:2941} INFO - Sync 1 DAGs
[2023-11-04T17:32:53.910+0000] {processor.py:179} INFO - Processing /opt/airflow/dags/script2.py took 0.675 seconds
[2023-11-04T17:33:24.204+0000] {processor.py:157} INFO - Started process (PID=2992) to work on /opt/airflow/dags/script2.py
[2023-11-04T17:33:24.206+0000] {processor.py:829} INFO - Processing file /opt/airflow/dags/script2.py for tasks to queue
[2023-11-04T17:33:24.208+0000] {logging_mixin.py:151} INFO - [2023-11-04T17:33:24.207+0000] {dagbag.py:536} INFO - Filling up the DagBag from /opt/airflow/dags/script2.py
[2023-11-04T17:33:24.769+0000] {processor.py:839} INFO - DAG(s) dict_keys(['traffic_data']) retrieved from /opt/airflow/dags/script2.py
[2023-11-04T17:33:24.790+0000] {logging_mixin.py:151} INFO - [2023-11-04T17:33:24.790+0000] {dag.py:2941} INFO - Sync 1 DAGs
[2023-11-04T17:33:24.886+0000] {processor.py:179} INFO - Processing /opt/airflow/dags/script2.py took 0.691 seconds
[2023-11-04T17:33:55.161+0000] {processor.py:157} INFO - Started process (PID=3002) to work on /opt/airflow/dags/script2.py
[2023-11-04T17:33:55.163+0000] {processor.py:829} INFO - Processing file /opt/airflow/dags/script2.py for tasks to queue
[2023-11-04T17:33:55.165+0000] {logging_mixin.py:151} INFO - [2023-11-04T17:33:55.164+0000] {dagbag.py:536} INFO - Filling up the DagBag from /opt/airflow/dags/script2.py
[2023-11-04T17:33:55.703+0000] {processor.py:839} INFO - DAG(s) dict_keys(['traffic_data']) retrieved from /opt/airflow/dags/script2.py
[2023-11-04T17:33:56.230+0000] {logging_mixin.py:151} INFO - [2023-11-04T17:33:56.230+0000] {dag.py:2941} INFO - Sync 1 DAGs
[2023-11-04T17:33:56.342+0000] {processor.py:179} INFO - Processing /opt/airflow/dags/script2.py took 1.186 seconds
[2023-11-04T17:34:26.624+0000] {processor.py:157} INFO - Started process (PID=3012) to work on /opt/airflow/dags/script2.py
[2023-11-04T17:34:26.627+0000] {processor.py:829} INFO - Processing file /opt/airflow/dags/script2.py for tasks to queue
[2023-11-04T17:34:26.631+0000] {logging_mixin.py:151} INFO - [2023-11-04T17:34:26.629+0000] {dagbag.py:536} INFO - Filling up the DagBag from /opt/airflow/dags/script2.py
[2023-11-04T17:34:27.389+0000] {processor.py:839} INFO - DAG(s) dict_keys(['traffic_data']) retrieved from /opt/airflow/dags/script2.py
[2023-11-04T17:34:27.434+0000] {logging_mixin.py:151} INFO - [2023-11-04T17:34:27.433+0000] {dag.py:2941} INFO - Sync 1 DAGs
[2023-11-04T17:34:27.523+0000] {processor.py:179} INFO - Processing /opt/airflow/dags/script2.py took 0.906 seconds
[2023-11-04T17:34:58.534+0000] {processor.py:157} INFO - Started process (PID=3021) to work on /opt/airflow/dags/script2.py
[2023-11-04T17:34:58.536+0000] {processor.py:829} INFO - Processing file /opt/airflow/dags/script2.py for tasks to queue
[2023-11-04T17:34:58.538+0000] {logging_mixin.py:151} INFO - [2023-11-04T17:34:58.538+0000] {dagbag.py:536} INFO - Filling up the DagBag from /opt/airflow/dags/script2.py
[2023-11-04T17:34:59.079+0000] {processor.py:839} INFO - DAG(s) dict_keys(['traffic_data']) retrieved from /opt/airflow/dags/script2.py
[2023-11-04T17:34:59.101+0000] {logging_mixin.py:151} INFO - [2023-11-04T17:34:59.101+0000] {dag.py:2941} INFO - Sync 1 DAGs
[2023-11-04T17:34:59.188+0000] {processor.py:179} INFO - Processing /opt/airflow/dags/script2.py took 0.667 seconds
[2023-11-04T17:35:29.865+0000] {processor.py:157} INFO - Started process (PID=3030) to work on /opt/airflow/dags/script2.py
[2023-11-04T17:35:29.868+0000] {processor.py:829} INFO - Processing file /opt/airflow/dags/script2.py for tasks to queue
[2023-11-04T17:35:29.870+0000] {logging_mixin.py:151} INFO - [2023-11-04T17:35:29.869+0000] {dagbag.py:536} INFO - Filling up the DagBag from /opt/airflow/dags/script2.py
[2023-11-04T17:35:30.402+0000] {processor.py:839} INFO - DAG(s) dict_keys(['traffic_data']) retrieved from /opt/airflow/dags/script2.py
[2023-11-04T17:35:30.671+0000] {logging_mixin.py:151} INFO - [2023-11-04T17:35:30.670+0000] {dag.py:2941} INFO - Sync 1 DAGs
[2023-11-04T17:35:30.771+0000] {processor.py:179} INFO - Processing /opt/airflow/dags/script2.py took 0.917 seconds
[2023-11-04T17:36:01.052+0000] {processor.py:157} INFO - Started process (PID=3039) to work on /opt/airflow/dags/script2.py
[2023-11-04T17:36:01.054+0000] {processor.py:829} INFO - Processing file /opt/airflow/dags/script2.py for tasks to queue
[2023-11-04T17:36:01.055+0000] {logging_mixin.py:151} INFO - [2023-11-04T17:36:01.055+0000] {dagbag.py:536} INFO - Filling up the DagBag from /opt/airflow/dags/script2.py
[2023-11-04T17:36:01.581+0000] {processor.py:839} INFO - DAG(s) dict_keys(['traffic_data']) retrieved from /opt/airflow/dags/script2.py
[2023-11-04T17:36:01.624+0000] {logging_mixin.py:151} INFO - [2023-11-04T17:36:01.624+0000] {dag.py:2941} INFO - Sync 1 DAGs
[2023-11-04T17:36:01.695+0000] {processor.py:179} INFO - Processing /opt/airflow/dags/script2.py took 0.655 seconds
[2023-11-04T17:36:32.000+0000] {processor.py:157} INFO - Started process (PID=3049) to work on /opt/airflow/dags/script2.py
[2023-11-04T17:36:32.002+0000] {processor.py:829} INFO - Processing file /opt/airflow/dags/script2.py for tasks to queue
[2023-11-04T17:36:32.005+0000] {logging_mixin.py:151} INFO - [2023-11-04T17:36:32.004+0000] {dagbag.py:536} INFO - Filling up the DagBag from /opt/airflow/dags/script2.py
[2023-11-04T17:36:32.455+0000] {processor.py:839} INFO - DAG(s) dict_keys(['traffic_data']) retrieved from /opt/airflow/dags/script2.py
[2023-11-04T17:36:32.477+0000] {logging_mixin.py:151} INFO - [2023-11-04T17:36:32.477+0000] {dag.py:2941} INFO - Sync 1 DAGs
[2023-11-04T17:36:32.582+0000] {processor.py:179} INFO - Processing /opt/airflow/dags/script2.py took 0.591 seconds
[2023-11-04T17:37:02.868+0000] {processor.py:157} INFO - Started process (PID=3058) to work on /opt/airflow/dags/script2.py
[2023-11-04T17:37:02.871+0000] {processor.py:829} INFO - Processing file /opt/airflow/dags/script2.py for tasks to queue
[2023-11-04T17:37:02.872+0000] {logging_mixin.py:151} INFO - [2023-11-04T17:37:02.872+0000] {dagbag.py:536} INFO - Filling up the DagBag from /opt/airflow/dags/script2.py
[2023-11-04T17:37:03.449+0000] {processor.py:839} INFO - DAG(s) dict_keys(['traffic_data']) retrieved from /opt/airflow/dags/script2.py
[2023-11-04T17:37:03.714+0000] {logging_mixin.py:151} INFO - [2023-11-04T17:37:03.714+0000] {dag.py:2941} INFO - Sync 1 DAGs
[2023-11-04T17:37:03.829+0000] {processor.py:179} INFO - Processing /opt/airflow/dags/script2.py took 0.967 seconds
[2023-11-04T17:37:34.194+0000] {processor.py:157} INFO - Started process (PID=3067) to work on /opt/airflow/dags/script2.py
[2023-11-04T17:37:34.196+0000] {processor.py:829} INFO - Processing file /opt/airflow/dags/script2.py for tasks to queue
[2023-11-04T17:37:34.198+0000] {logging_mixin.py:151} INFO - [2023-11-04T17:37:34.197+0000] {dagbag.py:536} INFO - Filling up the DagBag from /opt/airflow/dags/script2.py
[2023-11-04T17:37:35.142+0000] {processor.py:839} INFO - DAG(s) dict_keys(['traffic_data']) retrieved from /opt/airflow/dags/script2.py
[2023-11-04T17:37:35.196+0000] {logging_mixin.py:151} INFO - [2023-11-04T17:37:35.196+0000] {dag.py:2941} INFO - Sync 1 DAGs
[2023-11-04T17:37:35.300+0000] {processor.py:179} INFO - Processing /opt/airflow/dags/script2.py took 1.113 seconds
[2023-11-04T17:38:05.379+0000] {processor.py:157} INFO - Started process (PID=3076) to work on /opt/airflow/dags/script2.py
[2023-11-04T17:38:05.382+0000] {processor.py:829} INFO - Processing file /opt/airflow/dags/script2.py for tasks to queue
[2023-11-04T17:38:05.383+0000] {logging_mixin.py:151} INFO - [2023-11-04T17:38:05.383+0000] {dagbag.py:536} INFO - Filling up the DagBag from /opt/airflow/dags/script2.py
[2023-11-04T17:38:05.600+0000] {processor.py:839} INFO - DAG(s) dict_keys(['traffic_data']) retrieved from /opt/airflow/dags/script2.py
[2023-11-04T17:38:05.663+0000] {logging_mixin.py:151} INFO - [2023-11-04T17:38:05.663+0000] {dag.py:2941} INFO - Sync 1 DAGs
[2023-11-04T17:38:05.870+0000] {processor.py:179} INFO - Processing /opt/airflow/dags/script2.py took 0.500 seconds
[2023-11-04T17:38:36.189+0000] {processor.py:157} INFO - Started process (PID=3086) to work on /opt/airflow/dags/script2.py
[2023-11-04T17:38:36.191+0000] {processor.py:829} INFO - Processing file /opt/airflow/dags/script2.py for tasks to queue
[2023-11-04T17:38:36.194+0000] {logging_mixin.py:151} INFO - [2023-11-04T17:38:36.193+0000] {dagbag.py:536} INFO - Filling up the DagBag from /opt/airflow/dags/script2.py
[2023-11-04T17:38:36.424+0000] {processor.py:839} INFO - DAG(s) dict_keys(['traffic_data']) retrieved from /opt/airflow/dags/script2.py
[2023-11-04T17:38:36.695+0000] {logging_mixin.py:151} INFO - [2023-11-04T17:38:36.694+0000] {dag.py:2941} INFO - Sync 1 DAGs
[2023-11-04T17:38:36.789+0000] {processor.py:179} INFO - Processing /opt/airflow/dags/script2.py took 0.611 seconds
[2023-11-04T17:39:07.087+0000] {processor.py:157} INFO - Started process (PID=3095) to work on /opt/airflow/dags/script2.py
[2023-11-04T17:39:07.089+0000] {processor.py:829} INFO - Processing file /opt/airflow/dags/script2.py for tasks to queue
[2023-11-04T17:39:07.091+0000] {logging_mixin.py:151} INFO - [2023-11-04T17:39:07.090+0000] {dagbag.py:536} INFO - Filling up the DagBag from /opt/airflow/dags/script2.py
[2023-11-04T17:39:07.309+0000] {processor.py:839} INFO - DAG(s) dict_keys(['traffic_data']) retrieved from /opt/airflow/dags/script2.py
[2023-11-04T17:39:07.367+0000] {logging_mixin.py:151} INFO - [2023-11-04T17:39:07.367+0000] {dag.py:2941} INFO - Sync 1 DAGs
[2023-11-04T17:39:07.443+0000] {processor.py:179} INFO - Processing /opt/airflow/dags/script2.py took 0.361 seconds
[2023-11-04T17:39:37.711+0000] {processor.py:157} INFO - Started process (PID=3104) to work on /opt/airflow/dags/script2.py
[2023-11-04T17:39:37.712+0000] {processor.py:829} INFO - Processing file /opt/airflow/dags/script2.py for tasks to queue
[2023-11-04T17:39:37.714+0000] {logging_mixin.py:151} INFO - [2023-11-04T17:39:37.713+0000] {dagbag.py:536} INFO - Filling up the DagBag from /opt/airflow/dags/script2.py
[2023-11-04T17:39:37.951+0000] {processor.py:839} INFO - DAG(s) dict_keys(['traffic_data']) retrieved from /opt/airflow/dags/script2.py
[2023-11-04T17:39:37.976+0000] {logging_mixin.py:151} INFO - [2023-11-04T17:39:37.976+0000] {dag.py:2941} INFO - Sync 1 DAGs
[2023-11-04T17:39:38.018+0000] {logging_mixin.py:151} INFO - [2023-11-04T17:39:38.017+0000] {dag.py:3722} INFO - Setting next_dagrun for traffic_data to 2023-11-04T17:38:38.016646+00:00, run_after=2023-11-04T17:39:38.016646+00:00
[2023-11-04T17:39:38.059+0000] {processor.py:179} INFO - Processing /opt/airflow/dags/script2.py took 0.359 seconds
[2023-11-04T17:40:08.459+0000] {processor.py:157} INFO - Started process (PID=3113) to work on /opt/airflow/dags/script2.py
[2023-11-04T17:40:08.463+0000] {processor.py:829} INFO - Processing file /opt/airflow/dags/script2.py for tasks to queue
[2023-11-04T17:40:08.465+0000] {logging_mixin.py:151} INFO - [2023-11-04T17:40:08.465+0000] {dagbag.py:536} INFO - Filling up the DagBag from /opt/airflow/dags/script2.py
[2023-11-04T17:40:08.783+0000] {processor.py:839} INFO - DAG(s) dict_keys(['traffic_data']) retrieved from /opt/airflow/dags/script2.py
[2023-11-04T17:40:09.151+0000] {logging_mixin.py:151} INFO - [2023-11-04T17:40:09.150+0000] {dag.py:2941} INFO - Sync 1 DAGs
[2023-11-04T17:40:09.284+0000] {processor.py:179} INFO - Processing /opt/airflow/dags/script2.py took 0.833 seconds
[2023-11-04T17:40:39.633+0000] {processor.py:157} INFO - Started process (PID=3122) to work on /opt/airflow/dags/script2.py
[2023-11-04T17:40:39.642+0000] {processor.py:829} INFO - Processing file /opt/airflow/dags/script2.py for tasks to queue
[2023-11-04T17:40:39.646+0000] {logging_mixin.py:151} INFO - [2023-11-04T17:40:39.645+0000] {dagbag.py:536} INFO - Filling up the DagBag from /opt/airflow/dags/script2.py
[2023-11-04T17:40:40.001+0000] {processor.py:839} INFO - DAG(s) dict_keys(['traffic_data']) retrieved from /opt/airflow/dags/script2.py
[2023-11-04T17:40:40.093+0000] {logging_mixin.py:151} INFO - [2023-11-04T17:40:40.092+0000] {dag.py:2941} INFO - Sync 1 DAGs
[2023-11-04T17:40:40.211+0000] {processor.py:179} INFO - Processing /opt/airflow/dags/script2.py took 0.666 seconds
[2023-11-04T17:41:10.506+0000] {processor.py:157} INFO - Started process (PID=3132) to work on /opt/airflow/dags/script2.py
[2023-11-04T17:41:10.510+0000] {processor.py:829} INFO - Processing file /opt/airflow/dags/script2.py for tasks to queue
[2023-11-04T17:41:10.519+0000] {logging_mixin.py:151} INFO - [2023-11-04T17:41:10.518+0000] {dagbag.py:536} INFO - Filling up the DagBag from /opt/airflow/dags/script2.py
[2023-11-04T17:41:10.866+0000] {processor.py:839} INFO - DAG(s) dict_keys(['traffic_data']) retrieved from /opt/airflow/dags/script2.py
[2023-11-04T17:41:10.938+0000] {logging_mixin.py:151} INFO - [2023-11-04T17:41:10.937+0000] {dag.py:2941} INFO - Sync 1 DAGs
[2023-11-04T17:41:11.105+0000] {processor.py:179} INFO - Processing /opt/airflow/dags/script2.py took 0.608 seconds
[2023-11-04T17:41:41.390+0000] {processor.py:157} INFO - Started process (PID=3140) to work on /opt/airflow/dags/script2.py
[2023-11-04T17:41:41.394+0000] {processor.py:829} INFO - Processing file /opt/airflow/dags/script2.py for tasks to queue
[2023-11-04T17:41:41.398+0000] {logging_mixin.py:151} INFO - [2023-11-04T17:41:41.397+0000] {dagbag.py:536} INFO - Filling up the DagBag from /opt/airflow/dags/script2.py
[2023-11-04T17:41:41.647+0000] {processor.py:839} INFO - DAG(s) dict_keys(['traffic_data']) retrieved from /opt/airflow/dags/script2.py
[2023-11-04T17:41:42.011+0000] {logging_mixin.py:151} INFO - [2023-11-04T17:41:42.010+0000] {dag.py:2941} INFO - Sync 1 DAGs
[2023-11-04T17:41:42.123+0000] {processor.py:179} INFO - Processing /opt/airflow/dags/script2.py took 0.745 seconds
[2023-11-04T17:42:12.477+0000] {processor.py:157} INFO - Started process (PID=3149) to work on /opt/airflow/dags/script2.py
[2023-11-04T17:42:12.479+0000] {processor.py:829} INFO - Processing file /opt/airflow/dags/script2.py for tasks to queue
[2023-11-04T17:42:12.481+0000] {logging_mixin.py:151} INFO - [2023-11-04T17:42:12.480+0000] {dagbag.py:536} INFO - Filling up the DagBag from /opt/airflow/dags/script2.py
[2023-11-04T17:42:12.763+0000] {processor.py:839} INFO - DAG(s) dict_keys(['traffic_data']) retrieved from /opt/airflow/dags/script2.py
[2023-11-04T17:42:12.833+0000] {logging_mixin.py:151} INFO - [2023-11-04T17:42:12.832+0000] {dag.py:2941} INFO - Sync 1 DAGs
[2023-11-04T17:42:12.936+0000] {processor.py:179} INFO - Processing /opt/airflow/dags/script2.py took 0.467 seconds
[2023-11-04T17:42:43.204+0000] {processor.py:157} INFO - Started process (PID=3158) to work on /opt/airflow/dags/script2.py
[2023-11-04T17:42:43.206+0000] {processor.py:829} INFO - Processing file /opt/airflow/dags/script2.py for tasks to queue
[2023-11-04T17:42:43.207+0000] {logging_mixin.py:151} INFO - [2023-11-04T17:42:43.207+0000] {dagbag.py:536} INFO - Filling up the DagBag from /opt/airflow/dags/script2.py
[2023-11-04T17:42:43.484+0000] {processor.py:839} INFO - DAG(s) dict_keys(['traffic_data']) retrieved from /opt/airflow/dags/script2.py
[2023-11-04T17:42:43.509+0000] {logging_mixin.py:151} INFO - [2023-11-04T17:42:43.509+0000] {dag.py:2941} INFO - Sync 1 DAGs
[2023-11-04T17:42:43.599+0000] {processor.py:179} INFO - Processing /opt/airflow/dags/script2.py took 0.399 seconds
[2023-11-04T17:43:13.893+0000] {processor.py:157} INFO - Started process (PID=3167) to work on /opt/airflow/dags/script2.py
[2023-11-04T17:43:13.894+0000] {processor.py:829} INFO - Processing file /opt/airflow/dags/script2.py for tasks to queue
[2023-11-04T17:43:13.896+0000] {logging_mixin.py:151} INFO - [2023-11-04T17:43:13.895+0000] {dagbag.py:536} INFO - Filling up the DagBag from /opt/airflow/dags/script2.py
[2023-11-04T17:43:14.198+0000] {processor.py:839} INFO - DAG(s) dict_keys(['traffic_data']) retrieved from /opt/airflow/dags/script2.py
[2023-11-04T17:43:14.576+0000] {logging_mixin.py:151} INFO - [2023-11-04T17:43:14.576+0000] {dag.py:2941} INFO - Sync 1 DAGs
[2023-11-04T17:43:14.705+0000] {processor.py:179} INFO - Processing /opt/airflow/dags/script2.py took 0.818 seconds
[2023-11-04T17:43:45.018+0000] {processor.py:157} INFO - Started process (PID=3176) to work on /opt/airflow/dags/script2.py
[2023-11-04T17:43:45.020+0000] {processor.py:829} INFO - Processing file /opt/airflow/dags/script2.py for tasks to queue
[2023-11-04T17:43:45.022+0000] {logging_mixin.py:151} INFO - [2023-11-04T17:43:45.021+0000] {dagbag.py:536} INFO - Filling up the DagBag from /opt/airflow/dags/script2.py
[2023-11-04T17:43:45.243+0000] {processor.py:839} INFO - DAG(s) dict_keys(['traffic_data']) retrieved from /opt/airflow/dags/script2.py
[2023-11-04T17:43:45.306+0000] {logging_mixin.py:151} INFO - [2023-11-04T17:43:45.306+0000] {dag.py:2941} INFO - Sync 1 DAGs
[2023-11-04T17:43:45.396+0000] {processor.py:179} INFO - Processing /opt/airflow/dags/script2.py took 0.385 seconds
[2023-11-04T17:44:15.754+0000] {processor.py:157} INFO - Started process (PID=3185) to work on /opt/airflow/dags/script2.py
[2023-11-04T17:44:15.758+0000] {processor.py:829} INFO - Processing file /opt/airflow/dags/script2.py for tasks to queue
[2023-11-04T17:44:15.762+0000] {logging_mixin.py:151} INFO - [2023-11-04T17:44:15.761+0000] {dagbag.py:536} INFO - Filling up the DagBag from /opt/airflow/dags/script2.py
[2023-11-04T17:44:16.195+0000] {processor.py:839} INFO - DAG(s) dict_keys(['traffic_data']) retrieved from /opt/airflow/dags/script2.py
[2023-11-04T17:44:16.227+0000] {logging_mixin.py:151} INFO - [2023-11-04T17:44:16.227+0000] {dag.py:2941} INFO - Sync 1 DAGs
[2023-11-04T17:44:16.324+0000] {processor.py:179} INFO - Processing /opt/airflow/dags/script2.py took 0.585 seconds
[2023-11-04T17:44:47.018+0000] {processor.py:157} INFO - Started process (PID=3194) to work on /opt/airflow/dags/script2.py
[2023-11-04T17:44:47.019+0000] {processor.py:829} INFO - Processing file /opt/airflow/dags/script2.py for tasks to queue
[2023-11-04T17:44:47.020+0000] {logging_mixin.py:151} INFO - [2023-11-04T17:44:47.020+0000] {dagbag.py:536} INFO - Filling up the DagBag from /opt/airflow/dags/script2.py
[2023-11-04T17:44:47.276+0000] {processor.py:839} INFO - DAG(s) dict_keys(['traffic_data']) retrieved from /opt/airflow/dags/script2.py
[2023-11-04T17:44:47.809+0000] {logging_mixin.py:151} INFO - [2023-11-04T17:44:47.809+0000] {dag.py:2941} INFO - Sync 1 DAGs
[2023-11-04T17:44:47.914+0000] {processor.py:179} INFO - Processing /opt/airflow/dags/script2.py took 0.904 seconds
[2023-11-04T17:45:18.367+0000] {processor.py:157} INFO - Started process (PID=3204) to work on /opt/airflow/dags/script2.py
[2023-11-04T17:45:18.369+0000] {processor.py:829} INFO - Processing file /opt/airflow/dags/script2.py for tasks to queue
[2023-11-04T17:45:18.371+0000] {logging_mixin.py:151} INFO - [2023-11-04T17:45:18.371+0000] {dagbag.py:536} INFO - Filling up the DagBag from /opt/airflow/dags/script2.py
[2023-11-04T17:45:18.616+0000] {processor.py:839} INFO - DAG(s) dict_keys(['traffic_data']) retrieved from /opt/airflow/dags/script2.py
[2023-11-04T17:45:18.655+0000] {logging_mixin.py:151} INFO - [2023-11-04T17:45:18.654+0000] {dag.py:2941} INFO - Sync 1 DAGs
[2023-11-04T17:45:18.732+0000] {processor.py:179} INFO - Processing /opt/airflow/dags/script2.py took 0.375 seconds
[2023-11-04T17:45:49.006+0000] {processor.py:157} INFO - Started process (PID=3220) to work on /opt/airflow/dags/script2.py
[2023-11-04T17:45:49.008+0000] {processor.py:829} INFO - Processing file /opt/airflow/dags/script2.py for tasks to queue
[2023-11-04T17:45:49.011+0000] {logging_mixin.py:151} INFO - [2023-11-04T17:45:49.010+0000] {dagbag.py:536} INFO - Filling up the DagBag from /opt/airflow/dags/script2.py
[2023-11-04T17:45:49.315+0000] {processor.py:839} INFO - DAG(s) dict_keys(['traffic_data']) retrieved from /opt/airflow/dags/script2.py
[2023-11-04T17:45:49.340+0000] {logging_mixin.py:151} INFO - [2023-11-04T17:45:49.339+0000] {dag.py:2941} INFO - Sync 1 DAGs
[2023-11-04T17:45:49.476+0000] {processor.py:179} INFO - Processing /opt/airflow/dags/script2.py took 0.478 seconds
[2023-11-04T17:46:19.793+0000] {processor.py:157} INFO - Started process (PID=3229) to work on /opt/airflow/dags/script2.py
[2023-11-04T17:46:19.796+0000] {processor.py:829} INFO - Processing file /opt/airflow/dags/script2.py for tasks to queue
[2023-11-04T17:46:19.799+0000] {logging_mixin.py:151} INFO - [2023-11-04T17:46:19.798+0000] {dagbag.py:536} INFO - Filling up the DagBag from /opt/airflow/dags/script2.py
[2023-11-04T17:46:20.101+0000] {processor.py:839} INFO - DAG(s) dict_keys(['traffic_data']) retrieved from /opt/airflow/dags/script2.py
[2023-11-04T17:46:20.406+0000] {logging_mixin.py:151} INFO - [2023-11-04T17:46:20.405+0000] {dag.py:2941} INFO - Sync 1 DAGs
[2023-11-04T17:46:20.530+0000] {processor.py:179} INFO - Processing /opt/airflow/dags/script2.py took 0.750 seconds
[2023-11-04T17:46:50.851+0000] {processor.py:157} INFO - Started process (PID=3238) to work on /opt/airflow/dags/script2.py
[2023-11-04T17:46:50.854+0000] {processor.py:829} INFO - Processing file /opt/airflow/dags/script2.py for tasks to queue
[2023-11-04T17:46:50.856+0000] {logging_mixin.py:151} INFO - [2023-11-04T17:46:50.855+0000] {dagbag.py:536} INFO - Filling up the DagBag from /opt/airflow/dags/script2.py
[2023-11-04T17:46:51.137+0000] {processor.py:839} INFO - DAG(s) dict_keys(['traffic_data']) retrieved from /opt/airflow/dags/script2.py
[2023-11-04T17:46:51.208+0000] {logging_mixin.py:151} INFO - [2023-11-04T17:46:51.208+0000] {dag.py:2941} INFO - Sync 1 DAGs
[2023-11-04T17:46:51.307+0000] {processor.py:179} INFO - Processing /opt/airflow/dags/script2.py took 0.468 seconds
[2023-11-04T17:47:21.383+0000] {processor.py:157} INFO - Started process (PID=3248) to work on /opt/airflow/dags/script2.py
[2023-11-04T17:47:21.386+0000] {processor.py:829} INFO - Processing file /opt/airflow/dags/script2.py for tasks to queue
[2023-11-04T17:47:21.388+0000] {logging_mixin.py:151} INFO - [2023-11-04T17:47:21.387+0000] {dagbag.py:536} INFO - Filling up the DagBag from /opt/airflow/dags/script2.py
[2023-11-04T17:47:21.734+0000] {processor.py:839} INFO - DAG(s) dict_keys(['traffic_data']) retrieved from /opt/airflow/dags/script2.py
[2023-11-04T17:47:21.762+0000] {logging_mixin.py:151} INFO - [2023-11-04T17:47:21.762+0000] {dag.py:2941} INFO - Sync 1 DAGs
[2023-11-04T17:47:21.882+0000] {processor.py:179} INFO - Processing /opt/airflow/dags/script2.py took 0.505 seconds
[2023-11-04T17:47:52.118+0000] {processor.py:157} INFO - Started process (PID=3257) to work on /opt/airflow/dags/script2.py
[2023-11-04T17:47:52.121+0000] {processor.py:829} INFO - Processing file /opt/airflow/dags/script2.py for tasks to queue
[2023-11-04T17:47:52.123+0000] {logging_mixin.py:151} INFO - [2023-11-04T17:47:52.122+0000] {dagbag.py:536} INFO - Filling up the DagBag from /opt/airflow/dags/script2.py
[2023-11-04T17:47:52.437+0000] {processor.py:839} INFO - DAG(s) dict_keys(['traffic_data']) retrieved from /opt/airflow/dags/script2.py
[2023-11-04T17:47:52.899+0000] {logging_mixin.py:151} INFO - [2023-11-04T17:47:52.898+0000] {dag.py:2941} INFO - Sync 1 DAGs
[2023-11-04T17:47:53.010+0000] {processor.py:179} INFO - Processing /opt/airflow/dags/script2.py took 0.902 seconds
[2023-11-04T17:48:23.312+0000] {processor.py:157} INFO - Started process (PID=3267) to work on /opt/airflow/dags/script2.py
[2023-11-04T17:48:23.314+0000] {processor.py:829} INFO - Processing file /opt/airflow/dags/script2.py for tasks to queue
[2023-11-04T17:48:23.317+0000] {logging_mixin.py:151} INFO - [2023-11-04T17:48:23.316+0000] {dagbag.py:536} INFO - Filling up the DagBag from /opt/airflow/dags/script2.py
[2023-11-04T17:48:23.586+0000] {processor.py:839} INFO - DAG(s) dict_keys(['traffic_data']) retrieved from /opt/airflow/dags/script2.py
[2023-11-04T17:48:23.646+0000] {logging_mixin.py:151} INFO - [2023-11-04T17:48:23.645+0000] {dag.py:2941} INFO - Sync 1 DAGs
[2023-11-04T17:48:23.741+0000] {processor.py:179} INFO - Processing /opt/airflow/dags/script2.py took 0.442 seconds
[2023-11-04T17:48:53.900+0000] {processor.py:157} INFO - Started process (PID=3276) to work on /opt/airflow/dags/script2.py
[2023-11-04T17:48:53.903+0000] {processor.py:829} INFO - Processing file /opt/airflow/dags/script2.py for tasks to queue
[2023-11-04T17:48:53.905+0000] {logging_mixin.py:151} INFO - [2023-11-04T17:48:53.905+0000] {dagbag.py:536} INFO - Filling up the DagBag from /opt/airflow/dags/script2.py
[2023-11-04T17:48:54.107+0000] {processor.py:839} INFO - DAG(s) dict_keys(['traffic_data']) retrieved from /opt/airflow/dags/script2.py
[2023-11-04T17:48:54.141+0000] {logging_mixin.py:151} INFO - [2023-11-04T17:48:54.140+0000] {dag.py:2941} INFO - Sync 1 DAGs
[2023-11-04T17:48:54.235+0000] {processor.py:179} INFO - Processing /opt/airflow/dags/script2.py took 0.342 seconds
[2023-11-04T17:49:24.524+0000] {processor.py:157} INFO - Started process (PID=3285) to work on /opt/airflow/dags/script2.py
[2023-11-04T17:49:24.527+0000] {processor.py:829} INFO - Processing file /opt/airflow/dags/script2.py for tasks to queue
[2023-11-04T17:49:24.530+0000] {logging_mixin.py:151} INFO - [2023-11-04T17:49:24.529+0000] {dagbag.py:536} INFO - Filling up the DagBag from /opt/airflow/dags/script2.py
[2023-11-04T17:49:24.821+0000] {processor.py:839} INFO - DAG(s) dict_keys(['traffic_data']) retrieved from /opt/airflow/dags/script2.py
[2023-11-04T17:49:25.094+0000] {logging_mixin.py:151} INFO - [2023-11-04T17:49:25.093+0000] {dag.py:2941} INFO - Sync 1 DAGs
[2023-11-04T17:49:25.211+0000] {processor.py:179} INFO - Processing /opt/airflow/dags/script2.py took 0.695 seconds
[2023-11-04T17:49:55.307+0000] {processor.py:157} INFO - Started process (PID=3294) to work on /opt/airflow/dags/script2.py
[2023-11-04T17:49:55.310+0000] {processor.py:829} INFO - Processing file /opt/airflow/dags/script2.py for tasks to queue
[2023-11-04T17:49:55.312+0000] {logging_mixin.py:151} INFO - [2023-11-04T17:49:55.311+0000] {dagbag.py:536} INFO - Filling up the DagBag from /opt/airflow/dags/script2.py
[2023-11-04T17:49:55.510+0000] {processor.py:839} INFO - DAG(s) dict_keys(['traffic_data']) retrieved from /opt/airflow/dags/script2.py
[2023-11-04T17:49:55.584+0000] {logging_mixin.py:151} INFO - [2023-11-04T17:49:55.584+0000] {dag.py:2941} INFO - Sync 1 DAGs
[2023-11-04T17:49:55.684+0000] {processor.py:179} INFO - Processing /opt/airflow/dags/script2.py took 0.384 seconds
[2023-11-04T17:50:25.983+0000] {processor.py:157} INFO - Started process (PID=3303) to work on /opt/airflow/dags/script2.py
[2023-11-04T17:50:25.988+0000] {processor.py:829} INFO - Processing file /opt/airflow/dags/script2.py for tasks to queue
[2023-11-04T17:50:25.991+0000] {logging_mixin.py:151} INFO - [2023-11-04T17:50:25.990+0000] {dagbag.py:536} INFO - Filling up the DagBag from /opt/airflow/dags/script2.py
[2023-11-04T17:50:26.327+0000] {processor.py:839} INFO - DAG(s) dict_keys(['traffic_data']) retrieved from /opt/airflow/dags/script2.py
[2023-11-04T17:50:26.351+0000] {logging_mixin.py:151} INFO - [2023-11-04T17:50:26.351+0000] {dag.py:2941} INFO - Sync 1 DAGs
[2023-11-04T17:50:26.434+0000] {processor.py:179} INFO - Processing /opt/airflow/dags/script2.py took 0.461 seconds
[2023-11-04T17:50:56.792+0000] {processor.py:157} INFO - Started process (PID=3312) to work on /opt/airflow/dags/script2.py
[2023-11-04T17:50:56.796+0000] {processor.py:829} INFO - Processing file /opt/airflow/dags/script2.py for tasks to queue
[2023-11-04T17:50:56.798+0000] {logging_mixin.py:151} INFO - [2023-11-04T17:50:56.797+0000] {dagbag.py:536} INFO - Filling up the DagBag from /opt/airflow/dags/script2.py
[2023-11-04T17:50:57.134+0000] {processor.py:839} INFO - DAG(s) dict_keys(['traffic_data']) retrieved from /opt/airflow/dags/script2.py
[2023-11-04T17:50:57.405+0000] {logging_mixin.py:151} INFO - [2023-11-04T17:50:57.404+0000] {dag.py:2941} INFO - Sync 1 DAGs
[2023-11-04T17:50:57.498+0000] {processor.py:179} INFO - Processing /opt/airflow/dags/script2.py took 0.719 seconds
[2023-11-04T17:51:27.811+0000] {processor.py:157} INFO - Started process (PID=3321) to work on /opt/airflow/dags/script2.py
[2023-11-04T17:51:27.813+0000] {processor.py:829} INFO - Processing file /opt/airflow/dags/script2.py for tasks to queue
[2023-11-04T17:51:27.815+0000] {logging_mixin.py:151} INFO - [2023-11-04T17:51:27.815+0000] {dagbag.py:536} INFO - Filling up the DagBag from /opt/airflow/dags/script2.py
[2023-11-04T17:51:28.084+0000] {processor.py:839} INFO - DAG(s) dict_keys(['traffic_data']) retrieved from /opt/airflow/dags/script2.py
[2023-11-04T17:51:28.135+0000] {logging_mixin.py:151} INFO - [2023-11-04T17:51:28.134+0000] {dag.py:2941} INFO - Sync 1 DAGs
[2023-11-04T17:51:28.224+0000] {processor.py:179} INFO - Processing /opt/airflow/dags/script2.py took 0.422 seconds
[2023-11-04T17:51:58.519+0000] {processor.py:157} INFO - Started process (PID=3330) to work on /opt/airflow/dags/script2.py
[2023-11-04T17:51:58.521+0000] {processor.py:829} INFO - Processing file /opt/airflow/dags/script2.py for tasks to queue
[2023-11-04T17:51:58.522+0000] {logging_mixin.py:151} INFO - [2023-11-04T17:51:58.522+0000] {dagbag.py:536} INFO - Filling up the DagBag from /opt/airflow/dags/script2.py
[2023-11-04T17:51:58.813+0000] {processor.py:839} INFO - DAG(s) dict_keys(['traffic_data']) retrieved from /opt/airflow/dags/script2.py
[2023-11-04T17:51:58.847+0000] {logging_mixin.py:151} INFO - [2023-11-04T17:51:58.846+0000] {dag.py:2941} INFO - Sync 1 DAGs
[2023-11-04T17:51:58.966+0000] {processor.py:179} INFO - Processing /opt/airflow/dags/script2.py took 0.454 seconds
[2023-11-04T17:52:29.290+0000] {processor.py:157} INFO - Started process (PID=3339) to work on /opt/airflow/dags/script2.py
[2023-11-04T17:52:29.294+0000] {processor.py:829} INFO - Processing file /opt/airflow/dags/script2.py for tasks to queue
[2023-11-04T17:52:29.297+0000] {logging_mixin.py:151} INFO - [2023-11-04T17:52:29.296+0000] {dagbag.py:536} INFO - Filling up the DagBag from /opt/airflow/dags/script2.py
[2023-11-04T17:52:29.563+0000] {processor.py:839} INFO - DAG(s) dict_keys(['traffic_data']) retrieved from /opt/airflow/dags/script2.py
[2023-11-04T17:52:29.852+0000] {logging_mixin.py:151} INFO - [2023-11-04T17:52:29.852+0000] {dag.py:2941} INFO - Sync 1 DAGs
[2023-11-04T17:52:29.939+0000] {processor.py:179} INFO - Processing /opt/airflow/dags/script2.py took 0.659 seconds
[2023-11-04T17:53:00.233+0000] {processor.py:157} INFO - Started process (PID=3349) to work on /opt/airflow/dags/script2.py
[2023-11-04T17:53:00.235+0000] {processor.py:829} INFO - Processing file /opt/airflow/dags/script2.py for tasks to queue
[2023-11-04T17:53:00.238+0000] {logging_mixin.py:151} INFO - [2023-11-04T17:53:00.237+0000] {dagbag.py:536} INFO - Filling up the DagBag from /opt/airflow/dags/script2.py
[2023-11-04T17:53:00.620+0000] {processor.py:839} INFO - DAG(s) dict_keys(['traffic_data']) retrieved from /opt/airflow/dags/script2.py
[2023-11-04T17:53:00.681+0000] {logging_mixin.py:151} INFO - [2023-11-04T17:53:00.680+0000] {dag.py:2941} INFO - Sync 1 DAGs
[2023-11-04T17:53:00.774+0000] {processor.py:179} INFO - Processing /opt/airflow/dags/script2.py took 0.553 seconds
[2023-11-04T17:53:31.070+0000] {processor.py:157} INFO - Started process (PID=3358) to work on /opt/airflow/dags/script2.py
[2023-11-04T17:53:31.073+0000] {processor.py:829} INFO - Processing file /opt/airflow/dags/script2.py for tasks to queue
[2023-11-04T17:53:31.075+0000] {logging_mixin.py:151} INFO - [2023-11-04T17:53:31.075+0000] {dagbag.py:536} INFO - Filling up the DagBag from /opt/airflow/dags/script2.py
[2023-11-04T17:53:31.383+0000] {processor.py:839} INFO - DAG(s) dict_keys(['traffic_data']) retrieved from /opt/airflow/dags/script2.py
[2023-11-04T17:53:31.412+0000] {logging_mixin.py:151} INFO - [2023-11-04T17:53:31.411+0000] {dag.py:2941} INFO - Sync 1 DAGs
[2023-11-04T17:53:31.513+0000] {processor.py:179} INFO - Processing /opt/airflow/dags/script2.py took 0.453 seconds
[2023-11-04T17:54:01.904+0000] {processor.py:157} INFO - Started process (PID=3367) to work on /opt/airflow/dags/script2.py
[2023-11-04T17:54:01.905+0000] {processor.py:829} INFO - Processing file /opt/airflow/dags/script2.py for tasks to queue
[2023-11-04T17:54:01.907+0000] {logging_mixin.py:151} INFO - [2023-11-04T17:54:01.906+0000] {dagbag.py:536} INFO - Filling up the DagBag from /opt/airflow/dags/script2.py
[2023-11-04T17:54:02.339+0000] {processor.py:839} INFO - DAG(s) dict_keys(['traffic_data']) retrieved from /opt/airflow/dags/script2.py
[2023-11-04T17:54:02.575+0000] {logging_mixin.py:151} INFO - [2023-11-04T17:54:02.575+0000] {dag.py:2941} INFO - Sync 1 DAGs
[2023-11-04T17:54:02.672+0000] {processor.py:179} INFO - Processing /opt/airflow/dags/script2.py took 0.775 seconds
