[2023-11-03T15:46:45.993+0000] {processor.py:157} INFO - Started process (PID=184) to work on /opt/airflow/dags/script.py
[2023-11-03T15:46:46.001+0000] {processor.py:829} INFO - Processing file /opt/airflow/dags/script.py for tasks to queue
[2023-11-03T15:46:46.291+0000] {logging_mixin.py:151} INFO - [2023-11-03T15:46:46.277+0000] {dagbag.py:536} INFO - Filling up the DagBag from /opt/airflow/dags/script.py
[2023-11-03T15:46:47.109+0000] {processor.py:839} INFO - DAG(s) dict_keys(['traffic_data_etl']) retrieved from /opt/airflow/dags/script.py
[2023-11-03T15:46:51.388+0000] {logging_mixin.py:151} INFO - [2023-11-03T15:46:51.387+0000] {manager.py:499} INFO - Created Permission View: %s
[2023-11-03T15:46:51.437+0000] {logging_mixin.py:151} INFO - [2023-11-03T15:46:51.436+0000] {manager.py:499} INFO - Created Permission View: %s
[2023-11-03T15:46:51.465+0000] {logging_mixin.py:151} INFO - [2023-11-03T15:46:51.464+0000] {manager.py:499} INFO - Created Permission View: %s
[2023-11-03T15:46:51.469+0000] {logging_mixin.py:151} INFO - [2023-11-03T15:46:51.468+0000] {dag.py:2941} INFO - Sync 1 DAGs
[2023-11-03T15:46:51.566+0000] {logging_mixin.py:151} INFO - [2023-11-03T15:46:51.566+0000] {dag.py:2963} INFO - Creating ORM DAG for traffic_data_etl
[2023-11-03T15:46:51.662+0000] {logging_mixin.py:151} INFO - [2023-11-03T15:46:51.661+0000] {dag.py:3722} INFO - Setting next_dagrun for traffic_data_etl to 2023-11-03T15:45:51.651168+00:00, run_after=2023-11-03T15:46:51.651168+00:00
[2023-11-03T15:46:51.734+0000] {processor.py:179} INFO - Processing /opt/airflow/dags/script.py took 5.872 seconds
[2023-11-03T15:47:23.013+0000] {processor.py:157} INFO - Started process (PID=192) to work on /opt/airflow/dags/script.py
[2023-11-03T15:47:23.044+0000] {processor.py:829} INFO - Processing file /opt/airflow/dags/script.py for tasks to queue
[2023-11-03T15:47:23.277+0000] {logging_mixin.py:151} INFO - [2023-11-03T15:47:23.247+0000] {dagbag.py:536} INFO - Filling up the DagBag from /opt/airflow/dags/script.py
[2023-11-03T15:47:24.021+0000] {processor.py:839} INFO - DAG(s) dict_keys(['traffic_data_etl']) retrieved from /opt/airflow/dags/script.py
[2023-11-03T15:47:24.719+0000] {logging_mixin.py:151} INFO - [2023-11-03T15:47:24.718+0000] {dag.py:2941} INFO - Sync 1 DAGs
[2023-11-03T15:47:25.009+0000] {logging_mixin.py:151} INFO - [2023-11-03T15:47:25.008+0000] {dag.py:3722} INFO - Setting next_dagrun for traffic_data_etl to 2023-11-03T15:46:25.006474+00:00, run_after=2023-11-03T15:47:25.006474+00:00
[2023-11-03T15:47:25.177+0000] {processor.py:179} INFO - Processing /opt/airflow/dags/script.py took 2.443 seconds
[2023-11-03T15:47:57.014+0000] {processor.py:157} INFO - Started process (PID=200) to work on /opt/airflow/dags/script.py
[2023-11-03T15:47:57.032+0000] {processor.py:829} INFO - Processing file /opt/airflow/dags/script.py for tasks to queue
[2023-11-03T15:47:57.096+0000] {logging_mixin.py:151} INFO - [2023-11-03T15:47:57.091+0000] {dagbag.py:536} INFO - Filling up the DagBag from /opt/airflow/dags/script.py
[2023-11-03T15:47:57.327+0000] {processor.py:839} INFO - DAG(s) dict_keys(['traffic_data_etl']) retrieved from /opt/airflow/dags/script.py
[2023-11-03T15:47:57.656+0000] {logging_mixin.py:151} INFO - [2023-11-03T15:47:57.656+0000] {dag.py:2941} INFO - Sync 1 DAGs
[2023-11-03T15:47:57.844+0000] {logging_mixin.py:151} INFO - [2023-11-03T15:47:57.843+0000] {dag.py:3722} INFO - Setting next_dagrun for traffic_data_etl to 2023-11-03T15:46:57.840804+00:00, run_after=2023-11-03T15:47:57.840804+00:00
[2023-11-03T15:47:57.976+0000] {processor.py:179} INFO - Processing /opt/airflow/dags/script.py took 1.225 seconds
[2023-11-03T15:49:19.628+0000] {processor.py:157} INFO - Started process (PID=201) to work on /opt/airflow/dags/script.py
[2023-11-03T15:49:20.753+0000] {processor.py:829} INFO - Processing file /opt/airflow/dags/script.py for tasks to queue
[2023-11-03T15:49:24.245+0000] {logging_mixin.py:151} INFO - [2023-11-03T15:49:23.826+0000] {dagbag.py:536} INFO - Filling up the DagBag from /opt/airflow/dags/script.py
[2023-11-03T15:49:30.534+0000] {processor.py:839} INFO - DAG(s) dict_keys(['traffic_data_etl']) retrieved from /opt/airflow/dags/script.py
[2023-11-03T15:49:34.456+0000] {logging_mixin.py:151} INFO - [2023-11-03T15:49:34.438+0000] {dag.py:2941} INFO - Sync 1 DAGs
[2023-11-03T15:49:35.483+0000] {logging_mixin.py:151} INFO - [2023-11-03T15:49:35.471+0000] {dag.py:3722} INFO - Setting next_dagrun for traffic_data_etl to 2023-11-03T15:48:35.460165+00:00, run_after=2023-11-03T15:49:35.460165+00:00
[2023-11-03T15:49:35.931+0000] {processor.py:179} INFO - Processing /opt/airflow/dags/script.py took 22.265 seconds
[2023-11-03T15:50:06.770+0000] {processor.py:157} INFO - Started process (PID=215) to work on /opt/airflow/dags/script.py
[2023-11-03T15:50:06.776+0000] {processor.py:829} INFO - Processing file /opt/airflow/dags/script.py for tasks to queue
[2023-11-03T15:50:06.821+0000] {logging_mixin.py:151} INFO - [2023-11-03T15:50:06.818+0000] {dagbag.py:536} INFO - Filling up the DagBag from /opt/airflow/dags/script.py
[2023-11-03T15:50:07.006+0000] {processor.py:839} INFO - DAG(s) dict_keys(['traffic_data_etl']) retrieved from /opt/airflow/dags/script.py
[2023-11-03T15:50:07.245+0000] {logging_mixin.py:151} INFO - [2023-11-03T15:50:07.245+0000] {dag.py:2941} INFO - Sync 1 DAGs
[2023-11-03T15:50:07.406+0000] {logging_mixin.py:151} INFO - [2023-11-03T15:50:07.405+0000] {dag.py:3722} INFO - Setting next_dagrun for traffic_data_etl to 2023-11-03T15:49:07.402706+00:00, run_after=2023-11-03T15:50:07.402706+00:00
[2023-11-03T15:50:07.484+0000] {processor.py:179} INFO - Processing /opt/airflow/dags/script.py took 0.762 seconds
[2023-11-03T15:50:38.008+0000] {processor.py:157} INFO - Started process (PID=223) to work on /opt/airflow/dags/script.py
[2023-11-03T15:50:38.012+0000] {processor.py:829} INFO - Processing file /opt/airflow/dags/script.py for tasks to queue
[2023-11-03T15:50:38.035+0000] {logging_mixin.py:151} INFO - [2023-11-03T15:50:38.033+0000] {dagbag.py:536} INFO - Filling up the DagBag from /opt/airflow/dags/script.py
[2023-11-03T15:50:38.140+0000] {processor.py:839} INFO - DAG(s) dict_keys(['traffic_data_etl']) retrieved from /opt/airflow/dags/script.py
[2023-11-03T15:50:38.307+0000] {logging_mixin.py:151} INFO - [2023-11-03T15:50:38.306+0000] {dag.py:2941} INFO - Sync 1 DAGs
[2023-11-03T15:50:39.800+0000] {processor.py:179} INFO - Processing /opt/airflow/dags/script.py took 1.826 seconds
[2023-11-03T15:51:10.408+0000] {processor.py:157} INFO - Started process (PID=232) to work on /opt/airflow/dags/script.py
[2023-11-03T15:51:10.417+0000] {processor.py:829} INFO - Processing file /opt/airflow/dags/script.py for tasks to queue
[2023-11-03T15:51:10.463+0000] {logging_mixin.py:151} INFO - [2023-11-03T15:51:10.458+0000] {dagbag.py:536} INFO - Filling up the DagBag from /opt/airflow/dags/script.py
[2023-11-03T15:51:10.652+0000] {processor.py:839} INFO - DAG(s) dict_keys(['traffic_data_etl']) retrieved from /opt/airflow/dags/script.py
[2023-11-03T15:51:10.890+0000] {logging_mixin.py:151} INFO - [2023-11-03T15:51:10.890+0000] {dag.py:2941} INFO - Sync 1 DAGs
[2023-11-03T15:51:11.157+0000] {processor.py:179} INFO - Processing /opt/airflow/dags/script.py took 0.835 seconds
[2023-11-03T15:51:41.526+0000] {processor.py:157} INFO - Started process (PID=239) to work on /opt/airflow/dags/script.py
[2023-11-03T15:51:41.534+0000] {processor.py:829} INFO - Processing file /opt/airflow/dags/script.py for tasks to queue
[2023-11-03T15:51:41.559+0000] {logging_mixin.py:151} INFO - [2023-11-03T15:51:41.558+0000] {dagbag.py:536} INFO - Filling up the DagBag from /opt/airflow/dags/script.py
[2023-11-03T15:51:41.655+0000] {processor.py:839} INFO - DAG(s) dict_keys(['traffic_data_etl']) retrieved from /opt/airflow/dags/script.py
[2023-11-03T15:51:41.819+0000] {logging_mixin.py:151} INFO - [2023-11-03T15:51:41.818+0000] {dag.py:2941} INFO - Sync 1 DAGs
[2023-11-03T15:51:42.101+0000] {processor.py:179} INFO - Processing /opt/airflow/dags/script.py took 0.609 seconds
[2023-11-03T15:52:12.563+0000] {processor.py:157} INFO - Started process (PID=247) to work on /opt/airflow/dags/script.py
[2023-11-03T15:52:12.580+0000] {processor.py:829} INFO - Processing file /opt/airflow/dags/script.py for tasks to queue
[2023-11-03T15:52:12.622+0000] {logging_mixin.py:151} INFO - [2023-11-03T15:52:12.614+0000] {dagbag.py:536} INFO - Filling up the DagBag from /opt/airflow/dags/script.py
[2023-11-03T15:52:13.142+0000] {processor.py:839} INFO - DAG(s) dict_keys(['traffic_data_etl']) retrieved from /opt/airflow/dags/script.py
[2023-11-03T15:52:13.799+0000] {logging_mixin.py:151} INFO - [2023-11-03T15:52:13.797+0000] {dag.py:2941} INFO - Sync 1 DAGs
[2023-11-03T15:52:14.726+0000] {processor.py:179} INFO - Processing /opt/airflow/dags/script.py took 2.234 seconds
[2023-11-03T15:52:45.177+0000] {processor.py:157} INFO - Started process (PID=255) to work on /opt/airflow/dags/script.py
[2023-11-03T15:52:45.192+0000] {processor.py:829} INFO - Processing file /opt/airflow/dags/script.py for tasks to queue
[2023-11-03T15:52:45.245+0000] {logging_mixin.py:151} INFO - [2023-11-03T15:52:45.240+0000] {dagbag.py:536} INFO - Filling up the DagBag from /opt/airflow/dags/script.py
[2023-11-03T15:52:45.552+0000] {processor.py:839} INFO - DAG(s) dict_keys(['traffic_data_etl']) retrieved from /opt/airflow/dags/script.py
[2023-11-03T15:52:45.972+0000] {logging_mixin.py:151} INFO - [2023-11-03T15:52:45.971+0000] {dag.py:2941} INFO - Sync 1 DAGs
[2023-11-03T15:52:46.772+0000] {processor.py:179} INFO - Processing /opt/airflow/dags/script.py took 1.644 seconds
[2023-11-03T15:53:17.078+0000] {processor.py:157} INFO - Started process (PID=263) to work on /opt/airflow/dags/script.py
[2023-11-03T15:53:17.081+0000] {processor.py:829} INFO - Processing file /opt/airflow/dags/script.py for tasks to queue
[2023-11-03T15:53:17.095+0000] {logging_mixin.py:151} INFO - [2023-11-03T15:53:17.094+0000] {dagbag.py:536} INFO - Filling up the DagBag from /opt/airflow/dags/script.py
[2023-11-03T15:53:17.156+0000] {processor.py:839} INFO - DAG(s) dict_keys(['traffic_data_etl']) retrieved from /opt/airflow/dags/script.py
[2023-11-03T15:53:17.227+0000] {logging_mixin.py:151} INFO - [2023-11-03T15:53:17.227+0000] {dag.py:2941} INFO - Sync 1 DAGs
[2023-11-03T15:53:17.325+0000] {processor.py:179} INFO - Processing /opt/airflow/dags/script.py took 0.258 seconds
[2023-11-03T15:53:32.222+0000] {processor.py:157} INFO - Started process (PID=264) to work on /opt/airflow/dags/script.py
[2023-11-03T15:53:32.224+0000] {processor.py:829} INFO - Processing file /opt/airflow/dags/script.py for tasks to queue
[2023-11-03T15:53:32.231+0000] {logging_mixin.py:151} INFO - [2023-11-03T15:53:32.231+0000] {dagbag.py:536} INFO - Filling up the DagBag from /opt/airflow/dags/script.py
[2023-11-03T15:53:32.279+0000] {logging_mixin.py:151} INFO - [2023-11-03T15:53:32.257+0000] {dagbag.py:346} ERROR - Failed to import: /opt/airflow/dags/script.py
Traceback (most recent call last):
  File "/home/airflow/.local/lib/python3.8/site-packages/airflow/models/dagbag.py", line 342, in parse
    loader.exec_module(new_module)
  File "<frozen importlib._bootstrap_external>", line 843, in exec_module
  File "<frozen importlib._bootstrap>", line 219, in _call_with_frames_removed
  File "/opt/airflow/dags/script.py", line 66, in <module>
    extract_task >> transform_task >> load_task
NameError: name 'load_task' is not defined
[2023-11-03T15:53:32.280+0000] {processor.py:841} WARNING - No viable dags retrieved from /opt/airflow/dags/script.py
[2023-11-03T15:53:32.358+0000] {processor.py:179} INFO - Processing /opt/airflow/dags/script.py took 0.143 seconds
[2023-11-03T15:53:35.246+0000] {processor.py:157} INFO - Started process (PID=265) to work on /opt/airflow/dags/script.py
[2023-11-03T15:53:35.247+0000] {processor.py:829} INFO - Processing file /opt/airflow/dags/script.py for tasks to queue
[2023-11-03T15:53:35.255+0000] {logging_mixin.py:151} INFO - [2023-11-03T15:53:35.255+0000] {dagbag.py:536} INFO - Filling up the DagBag from /opt/airflow/dags/script.py
[2023-11-03T15:53:35.303+0000] {processor.py:839} INFO - DAG(s) dict_keys(['traffic_data_etl']) retrieved from /opt/airflow/dags/script.py
[2023-11-03T15:53:36.714+0000] {logging_mixin.py:151} INFO - [2023-11-03T15:53:36.713+0000] {dag.py:2941} INFO - Sync 1 DAGs
[2023-11-03T15:53:36.825+0000] {processor.py:179} INFO - Processing /opt/airflow/dags/script.py took 1.587 seconds
[2023-11-03T15:53:46.494+0000] {processor.py:157} INFO - Started process (PID=273) to work on /opt/airflow/dags/script.py
[2023-11-03T15:53:46.496+0000] {processor.py:829} INFO - Processing file /opt/airflow/dags/script.py for tasks to queue
[2023-11-03T15:53:46.499+0000] {logging_mixin.py:151} INFO - [2023-11-03T15:53:46.498+0000] {dagbag.py:536} INFO - Filling up the DagBag from /opt/airflow/dags/script.py
[2023-11-03T15:53:46.525+0000] {processor.py:839} INFO - DAG(s) dict_keys(['traffic_data_etl']) retrieved from /opt/airflow/dags/script.py
[2023-11-03T15:53:46.549+0000] {logging_mixin.py:151} INFO - [2023-11-03T15:53:46.548+0000] {dag.py:2941} INFO - Sync 1 DAGs
[2023-11-03T15:53:46.598+0000] {logging_mixin.py:151} INFO - [2023-11-03T15:53:46.597+0000] {dag.py:3722} INFO - Setting next_dagrun for traffic_data_etl to 2023-11-03T15:52:46.593418+00:00, run_after=2023-11-03T15:53:46.593418+00:00
[2023-11-03T15:53:46.641+0000] {processor.py:179} INFO - Processing /opt/airflow/dags/script.py took 0.151 seconds
[2023-11-03T15:54:16.734+0000] {processor.py:157} INFO - Started process (PID=281) to work on /opt/airflow/dags/script.py
[2023-11-03T15:54:16.736+0000] {processor.py:829} INFO - Processing file /opt/airflow/dags/script.py for tasks to queue
[2023-11-03T15:54:16.742+0000] {logging_mixin.py:151} INFO - [2023-11-03T15:54:16.742+0000] {dagbag.py:536} INFO - Filling up the DagBag from /opt/airflow/dags/script.py
[2023-11-03T15:54:16.788+0000] {processor.py:839} INFO - DAG(s) dict_keys(['traffic_data_etl']) retrieved from /opt/airflow/dags/script.py
[2023-11-03T15:54:16.866+0000] {logging_mixin.py:151} INFO - [2023-11-03T15:54:16.865+0000] {dag.py:2941} INFO - Sync 1 DAGs
[2023-11-03T15:54:16.919+0000] {logging_mixin.py:151} INFO - [2023-11-03T15:54:16.918+0000] {dag.py:3722} INFO - Setting next_dagrun for traffic_data_etl to 2023-11-03T15:53:46.593418+00:00, run_after=2023-11-03T15:54:46.593418+00:00
[2023-11-03T15:54:16.956+0000] {processor.py:179} INFO - Processing /opt/airflow/dags/script.py took 0.229 seconds
[2023-11-03T15:54:47.195+0000] {processor.py:157} INFO - Started process (PID=289) to work on /opt/airflow/dags/script.py
[2023-11-03T15:54:47.198+0000] {processor.py:829} INFO - Processing file /opt/airflow/dags/script.py for tasks to queue
[2023-11-03T15:54:47.204+0000] {logging_mixin.py:151} INFO - [2023-11-03T15:54:47.204+0000] {dagbag.py:536} INFO - Filling up the DagBag from /opt/airflow/dags/script.py
[2023-11-03T15:54:47.309+0000] {processor.py:839} INFO - DAG(s) dict_keys(['traffic_data_etl']) retrieved from /opt/airflow/dags/script.py
[2023-11-03T15:54:47.483+0000] {logging_mixin.py:151} INFO - [2023-11-03T15:54:47.483+0000] {dag.py:2941} INFO - Sync 1 DAGs
[2023-11-03T15:54:47.687+0000] {processor.py:179} INFO - Processing /opt/airflow/dags/script.py took 0.514 seconds
[2023-11-03T15:55:17.998+0000] {processor.py:157} INFO - Started process (PID=297) to work on /opt/airflow/dags/script.py
[2023-11-03T15:55:18.000+0000] {processor.py:829} INFO - Processing file /opt/airflow/dags/script.py for tasks to queue
[2023-11-03T15:55:18.004+0000] {logging_mixin.py:151} INFO - [2023-11-03T15:55:18.003+0000] {dagbag.py:536} INFO - Filling up the DagBag from /opt/airflow/dags/script.py
[2023-11-03T15:55:18.034+0000] {processor.py:839} INFO - DAG(s) dict_keys(['traffic_data_etl']) retrieved from /opt/airflow/dags/script.py
[2023-11-03T15:55:18.099+0000] {logging_mixin.py:151} INFO - [2023-11-03T15:55:18.099+0000] {dag.py:2941} INFO - Sync 1 DAGs
[2023-11-03T15:55:18.143+0000] {logging_mixin.py:151} INFO - [2023-11-03T15:55:18.142+0000] {dag.py:3722} INFO - Setting next_dagrun for traffic_data_etl to 2023-11-03T15:54:46.593418+00:00, run_after=2023-11-03T15:55:46.593418+00:00
[2023-11-03T15:55:18.180+0000] {processor.py:179} INFO - Processing /opt/airflow/dags/script.py took 0.186 seconds
[2023-11-03T15:55:48.293+0000] {processor.py:157} INFO - Started process (PID=305) to work on /opt/airflow/dags/script.py
[2023-11-03T15:55:48.297+0000] {processor.py:829} INFO - Processing file /opt/airflow/dags/script.py for tasks to queue
[2023-11-03T15:55:48.301+0000] {logging_mixin.py:151} INFO - [2023-11-03T15:55:48.300+0000] {dagbag.py:536} INFO - Filling up the DagBag from /opt/airflow/dags/script.py
[2023-11-03T15:55:48.354+0000] {processor.py:839} INFO - DAG(s) dict_keys(['traffic_data_etl']) retrieved from /opt/airflow/dags/script.py
[2023-11-03T15:55:48.425+0000] {logging_mixin.py:151} INFO - [2023-11-03T15:55:48.425+0000] {dag.py:2941} INFO - Sync 1 DAGs
[2023-11-03T15:55:48.504+0000] {processor.py:179} INFO - Processing /opt/airflow/dags/script.py took 0.234 seconds
[2023-11-03T15:56:12.631+0000] {processor.py:157} INFO - Started process (PID=312) to work on /opt/airflow/dags/script.py
[2023-11-03T15:56:12.634+0000] {processor.py:829} INFO - Processing file /opt/airflow/dags/script.py for tasks to queue
[2023-11-03T15:56:12.640+0000] {logging_mixin.py:151} INFO - [2023-11-03T15:56:12.639+0000] {dagbag.py:536} INFO - Filling up the DagBag from /opt/airflow/dags/script.py
[2023-11-03T15:56:12.699+0000] {processor.py:839} INFO - DAG(s) dict_keys(['traffic_data_etl']) retrieved from /opt/airflow/dags/script.py
[2023-11-03T15:56:12.793+0000] {logging_mixin.py:151} INFO - [2023-11-03T15:56:12.793+0000] {dag.py:2941} INFO - Sync 1 DAGs
[2023-11-03T15:56:12.857+0000] {logging_mixin.py:151} INFO - [2023-11-03T15:56:12.856+0000] {dag.py:3722} INFO - Setting next_dagrun for traffic_data_etl to 2023-11-03T15:55:46.593418+00:00, run_after=2023-11-03T15:56:46.593418+00:00
[2023-11-03T15:56:12.937+0000] {processor.py:179} INFO - Processing /opt/airflow/dags/script.py took 0.315 seconds
[2023-11-03T15:56:14.983+0000] {processor.py:157} INFO - Started process (PID=313) to work on /opt/airflow/dags/script.py
[2023-11-03T15:56:14.984+0000] {processor.py:829} INFO - Processing file /opt/airflow/dags/script.py for tasks to queue
[2023-11-03T15:56:14.988+0000] {logging_mixin.py:151} INFO - [2023-11-03T15:56:14.987+0000] {dagbag.py:536} INFO - Filling up the DagBag from /opt/airflow/dags/script.py
[2023-11-03T15:56:15.066+0000] {processor.py:839} INFO - DAG(s) dict_keys(['traffic_data_etl']) retrieved from /opt/airflow/dags/script.py
[2023-11-03T15:56:15.687+0000] {logging_mixin.py:151} INFO - [2023-11-03T15:56:15.687+0000] {dag.py:2941} INFO - Sync 1 DAGs
[2023-11-03T15:56:15.735+0000] {logging_mixin.py:151} INFO - [2023-11-03T15:56:15.735+0000] {dag.py:3722} INFO - Setting next_dagrun for traffic_data_etl to 2023-11-03T15:55:46.593418+00:00, run_after=2023-11-03T15:56:46.593418+00:00
[2023-11-03T15:56:15.775+0000] {processor.py:179} INFO - Processing /opt/airflow/dags/script.py took 0.797 seconds
[2023-11-03T15:56:45.995+0000] {processor.py:157} INFO - Started process (PID=321) to work on /opt/airflow/dags/script.py
[2023-11-03T15:56:45.999+0000] {processor.py:829} INFO - Processing file /opt/airflow/dags/script.py for tasks to queue
[2023-11-03T15:56:46.006+0000] {logging_mixin.py:151} INFO - [2023-11-03T15:56:46.005+0000] {dagbag.py:536} INFO - Filling up the DagBag from /opt/airflow/dags/script.py
[2023-11-03T15:56:46.078+0000] {processor.py:839} INFO - DAG(s) dict_keys(['traffic_data_etl']) retrieved from /opt/airflow/dags/script.py
[2023-11-03T15:56:46.136+0000] {logging_mixin.py:151} INFO - [2023-11-03T15:56:46.135+0000] {dag.py:2941} INFO - Sync 1 DAGs
[2023-11-03T15:56:46.177+0000] {logging_mixin.py:151} INFO - [2023-11-03T15:56:46.177+0000] {dag.py:3722} INFO - Setting next_dagrun for traffic_data_etl to 2023-11-03T15:55:46.593418+00:00, run_after=2023-11-03T15:56:46.593418+00:00
[2023-11-03T15:56:46.226+0000] {processor.py:179} INFO - Processing /opt/airflow/dags/script.py took 0.240 seconds
[2023-11-03T15:57:00.113+0000] {processor.py:157} INFO - Started process (PID=322) to work on /opt/airflow/dags/script.py
[2023-11-03T15:57:00.117+0000] {processor.py:829} INFO - Processing file /opt/airflow/dags/script.py for tasks to queue
[2023-11-03T15:57:00.124+0000] {logging_mixin.py:151} INFO - [2023-11-03T15:57:00.123+0000] {dagbag.py:536} INFO - Filling up the DagBag from /opt/airflow/dags/script.py
[2023-11-03T15:57:00.176+0000] {processor.py:839} INFO - DAG(s) dict_keys(['traffic_data_etl']) retrieved from /opt/airflow/dags/script.py
[2023-11-03T15:57:00.254+0000] {logging_mixin.py:151} INFO - [2023-11-03T15:57:00.254+0000] {dag.py:2941} INFO - Sync 1 DAGs
[2023-11-03T15:57:00.353+0000] {processor.py:179} INFO - Processing /opt/airflow/dags/script.py took 0.250 seconds
[2023-11-03T15:57:01.356+0000] {processor.py:157} INFO - Started process (PID=323) to work on /opt/airflow/dags/script.py
[2023-11-03T15:57:01.359+0000] {processor.py:829} INFO - Processing file /opt/airflow/dags/script.py for tasks to queue
[2023-11-03T15:57:01.364+0000] {logging_mixin.py:151} INFO - [2023-11-03T15:57:01.364+0000] {dagbag.py:536} INFO - Filling up the DagBag from /opt/airflow/dags/script.py
[2023-11-03T15:57:01.398+0000] {processor.py:839} INFO - DAG(s) dict_keys(['traffic_data_etl']) retrieved from /opt/airflow/dags/script.py
[2023-11-03T15:57:01.461+0000] {logging_mixin.py:151} INFO - [2023-11-03T15:57:01.461+0000] {dag.py:2941} INFO - Sync 1 DAGs
[2023-11-03T15:57:01.570+0000] {processor.py:179} INFO - Processing /opt/airflow/dags/script.py took 0.219 seconds
[2023-11-03T15:57:11.461+0000] {processor.py:157} INFO - Started process (PID=332) to work on /opt/airflow/dags/script.py
[2023-11-03T15:57:11.464+0000] {processor.py:829} INFO - Processing file /opt/airflow/dags/script.py for tasks to queue
[2023-11-03T15:57:11.469+0000] {logging_mixin.py:151} INFO - [2023-11-03T15:57:11.468+0000] {dagbag.py:536} INFO - Filling up the DagBag from /opt/airflow/dags/script.py
[2023-11-03T15:57:11.528+0000] {processor.py:839} INFO - DAG(s) dict_keys(['traffic_data_etl']) retrieved from /opt/airflow/dags/script.py
[2023-11-03T15:57:11.713+0000] {logging_mixin.py:151} INFO - [2023-11-03T15:57:11.713+0000] {dag.py:2941} INFO - Sync 1 DAGs
[2023-11-03T15:57:11.817+0000] {processor.py:179} INFO - Processing /opt/airflow/dags/script.py took 0.362 seconds
[2023-11-03T15:57:14.714+0000] {processor.py:157} INFO - Started process (PID=333) to work on /opt/airflow/dags/script.py
[2023-11-03T15:57:14.719+0000] {processor.py:829} INFO - Processing file /opt/airflow/dags/script.py for tasks to queue
[2023-11-03T15:57:14.723+0000] {logging_mixin.py:151} INFO - [2023-11-03T15:57:14.722+0000] {dagbag.py:536} INFO - Filling up the DagBag from /opt/airflow/dags/script.py
[2023-11-03T15:57:14.748+0000] {processor.py:839} INFO - DAG(s) dict_keys(['traffic_data_etl']) retrieved from /opt/airflow/dags/script.py
[2023-11-03T15:57:14.833+0000] {logging_mixin.py:151} INFO - [2023-11-03T15:57:14.833+0000] {dag.py:2941} INFO - Sync 1 DAGs
[2023-11-03T15:57:14.960+0000] {processor.py:179} INFO - Processing /opt/airflow/dags/script.py took 0.251 seconds
[2023-11-03T15:57:20.937+0000] {processor.py:157} INFO - Started process (PID=334) to work on /opt/airflow/dags/script.py
[2023-11-03T15:57:20.940+0000] {processor.py:829} INFO - Processing file /opt/airflow/dags/script.py for tasks to queue
[2023-11-03T15:57:20.943+0000] {logging_mixin.py:151} INFO - [2023-11-03T15:57:20.943+0000] {dagbag.py:536} INFO - Filling up the DagBag from /opt/airflow/dags/script.py
[2023-11-03T15:57:20.960+0000] {processor.py:839} INFO - DAG(s) dict_keys(['traffic_data_etl']) retrieved from /opt/airflow/dags/script.py
[2023-11-03T15:57:21.005+0000] {logging_mixin.py:151} INFO - [2023-11-03T15:57:21.005+0000] {dag.py:2941} INFO - Sync 1 DAGs
[2023-11-03T15:57:21.085+0000] {processor.py:179} INFO - Processing /opt/airflow/dags/script.py took 0.154 seconds
[2023-11-03T15:57:51.217+0000] {processor.py:157} INFO - Started process (PID=342) to work on /opt/airflow/dags/script.py
[2023-11-03T15:57:51.219+0000] {processor.py:829} INFO - Processing file /opt/airflow/dags/script.py for tasks to queue
[2023-11-03T15:57:51.225+0000] {logging_mixin.py:151} INFO - [2023-11-03T15:57:51.224+0000] {dagbag.py:536} INFO - Filling up the DagBag from /opt/airflow/dags/script.py
[2023-11-03T15:57:51.268+0000] {processor.py:839} INFO - DAG(s) dict_keys(['traffic_data_etl']) retrieved from /opt/airflow/dags/script.py
[2023-11-03T15:57:51.330+0000] {logging_mixin.py:151} INFO - [2023-11-03T15:57:51.329+0000] {dag.py:2941} INFO - Sync 1 DAGs
[2023-11-03T15:57:51.414+0000] {processor.py:179} INFO - Processing /opt/airflow/dags/script.py took 0.203 seconds
[2023-11-03T15:57:54.288+0000] {processor.py:157} INFO - Started process (PID=343) to work on /opt/airflow/dags/script.py
[2023-11-03T15:57:54.289+0000] {processor.py:829} INFO - Processing file /opt/airflow/dags/script.py for tasks to queue
[2023-11-03T15:57:54.293+0000] {logging_mixin.py:151} INFO - [2023-11-03T15:57:54.291+0000] {dagbag.py:536} INFO - Filling up the DagBag from /opt/airflow/dags/script.py
[2023-11-03T15:57:54.311+0000] {processor.py:839} INFO - DAG(s) dict_keys(['traffic_data_etl']) retrieved from /opt/airflow/dags/script.py
[2023-11-03T15:57:54.356+0000] {logging_mixin.py:151} INFO - [2023-11-03T15:57:54.355+0000] {dag.py:2941} INFO - Sync 1 DAGs
[2023-11-03T15:57:54.443+0000] {processor.py:179} INFO - Processing /opt/airflow/dags/script.py took 0.159 seconds
[2023-11-03T15:58:24.676+0000] {processor.py:157} INFO - Started process (PID=351) to work on /opt/airflow/dags/script.py
[2023-11-03T15:58:24.678+0000] {processor.py:829} INFO - Processing file /opt/airflow/dags/script.py for tasks to queue
[2023-11-03T15:58:24.681+0000] {logging_mixin.py:151} INFO - [2023-11-03T15:58:24.680+0000] {dagbag.py:536} INFO - Filling up the DagBag from /opt/airflow/dags/script.py
[2023-11-03T15:58:24.730+0000] {processor.py:839} INFO - DAG(s) dict_keys(['traffic_data_etl']) retrieved from /opt/airflow/dags/script.py
[2023-11-03T15:58:24.819+0000] {logging_mixin.py:151} INFO - [2023-11-03T15:58:24.818+0000] {dag.py:2941} INFO - Sync 1 DAGs
[2023-11-03T15:58:24.905+0000] {processor.py:179} INFO - Processing /opt/airflow/dags/script.py took 0.234 seconds
[2023-11-03T15:58:55.125+0000] {processor.py:157} INFO - Started process (PID=359) to work on /opt/airflow/dags/script.py
[2023-11-03T15:58:55.127+0000] {processor.py:829} INFO - Processing file /opt/airflow/dags/script.py for tasks to queue
[2023-11-03T15:58:55.134+0000] {logging_mixin.py:151} INFO - [2023-11-03T15:58:55.133+0000] {dagbag.py:536} INFO - Filling up the DagBag from /opt/airflow/dags/script.py
[2023-11-03T15:58:55.183+0000] {processor.py:839} INFO - DAG(s) dict_keys(['traffic_data_etl']) retrieved from /opt/airflow/dags/script.py
[2023-11-03T15:58:55.328+0000] {logging_mixin.py:151} INFO - [2023-11-03T15:58:55.328+0000] {dag.py:2941} INFO - Sync 1 DAGs
[2023-11-03T15:58:55.414+0000] {processor.py:179} INFO - Processing /opt/airflow/dags/script.py took 0.296 seconds
[2023-11-03T15:59:25.688+0000] {processor.py:157} INFO - Started process (PID=368) to work on /opt/airflow/dags/script.py
[2023-11-03T15:59:25.690+0000] {processor.py:829} INFO - Processing file /opt/airflow/dags/script.py for tasks to queue
[2023-11-03T15:59:25.699+0000] {logging_mixin.py:151} INFO - [2023-11-03T15:59:25.698+0000] {dagbag.py:536} INFO - Filling up the DagBag from /opt/airflow/dags/script.py
[2023-11-03T15:59:25.784+0000] {processor.py:839} INFO - DAG(s) dict_keys(['traffic_data_etl']) retrieved from /opt/airflow/dags/script.py
[2023-11-03T15:59:25.876+0000] {logging_mixin.py:151} INFO - [2023-11-03T15:59:25.875+0000] {dag.py:2941} INFO - Sync 1 DAGs
[2023-11-03T15:59:26.009+0000] {processor.py:179} INFO - Processing /opt/airflow/dags/script.py took 0.333 seconds
[2023-11-03T15:59:56.395+0000] {processor.py:157} INFO - Started process (PID=376) to work on /opt/airflow/dags/script.py
[2023-11-03T15:59:56.409+0000] {processor.py:829} INFO - Processing file /opt/airflow/dags/script.py for tasks to queue
[2023-11-03T15:59:56.556+0000] {logging_mixin.py:151} INFO - [2023-11-03T15:59:56.543+0000] {dagbag.py:536} INFO - Filling up the DagBag from /opt/airflow/dags/script.py
[2023-11-03T15:59:56.944+0000] {processor.py:839} INFO - DAG(s) dict_keys(['traffic_data_etl']) retrieved from /opt/airflow/dags/script.py
[2023-11-03T15:59:57.358+0000] {logging_mixin.py:151} INFO - [2023-11-03T15:59:57.358+0000] {dag.py:2941} INFO - Sync 1 DAGs
[2023-11-03T15:59:57.737+0000] {logging_mixin.py:151} INFO - [2023-11-03T15:59:57.736+0000] {dag.py:3722} INFO - Setting next_dagrun for traffic_data_etl to 2023-11-03T15:58:57.723387+00:00, run_after=2023-11-03T15:59:57.723387+00:00
[2023-11-03T15:59:57.844+0000] {processor.py:179} INFO - Processing /opt/airflow/dags/script.py took 1.569 seconds
[2023-11-03T16:00:28.107+0000] {processor.py:157} INFO - Started process (PID=384) to work on /opt/airflow/dags/script.py
[2023-11-03T16:00:28.116+0000] {processor.py:829} INFO - Processing file /opt/airflow/dags/script.py for tasks to queue
[2023-11-03T16:00:28.138+0000] {logging_mixin.py:151} INFO - [2023-11-03T16:00:28.137+0000] {dagbag.py:536} INFO - Filling up the DagBag from /opt/airflow/dags/script.py
[2023-11-03T16:00:28.264+0000] {processor.py:839} INFO - DAG(s) dict_keys(['traffic_data_etl']) retrieved from /opt/airflow/dags/script.py
[2023-11-03T16:00:28.373+0000] {logging_mixin.py:151} INFO - [2023-11-03T16:00:28.372+0000] {dag.py:2941} INFO - Sync 1 DAGs
[2023-11-03T16:00:28.516+0000] {processor.py:179} INFO - Processing /opt/airflow/dags/script.py took 0.430 seconds
[2023-11-03T16:00:58.848+0000] {processor.py:157} INFO - Started process (PID=392) to work on /opt/airflow/dags/script.py
[2023-11-03T16:00:58.867+0000] {processor.py:829} INFO - Processing file /opt/airflow/dags/script.py for tasks to queue
[2023-11-03T16:00:58.911+0000] {logging_mixin.py:151} INFO - [2023-11-03T16:00:58.902+0000] {dagbag.py:536} INFO - Filling up the DagBag from /opt/airflow/dags/script.py
[2023-11-03T16:00:59.165+0000] {processor.py:839} INFO - DAG(s) dict_keys(['traffic_data_etl']) retrieved from /opt/airflow/dags/script.py
[2023-11-03T16:00:59.406+0000] {logging_mixin.py:151} INFO - [2023-11-03T16:00:59.406+0000] {dag.py:2941} INFO - Sync 1 DAGs
[2023-11-03T16:00:59.618+0000] {processor.py:179} INFO - Processing /opt/airflow/dags/script.py took 0.793 seconds
[2023-11-03T16:01:30.092+0000] {processor.py:157} INFO - Started process (PID=400) to work on /opt/airflow/dags/script.py
[2023-11-03T16:01:30.107+0000] {processor.py:829} INFO - Processing file /opt/airflow/dags/script.py for tasks to queue
[2023-11-03T16:01:30.198+0000] {logging_mixin.py:151} INFO - [2023-11-03T16:01:30.192+0000] {dagbag.py:536} INFO - Filling up the DagBag from /opt/airflow/dags/script.py
[2023-11-03T16:01:30.419+0000] {processor.py:839} INFO - DAG(s) dict_keys(['traffic_data_etl']) retrieved from /opt/airflow/dags/script.py
[2023-11-03T16:01:55.998+0000] {logging_mixin.py:151} INFO - [2023-11-03T16:01:55.993+0000] {dag.py:2941} INFO - Sync 1 DAGs
[2023-11-03T16:01:56.471+0000] {processor.py:179} INFO - Processing /opt/airflow/dags/script.py took 26.459 seconds
[2023-11-03T16:02:06.060+0000] {processor.py:157} INFO - Started process (PID=408) to work on /opt/airflow/dags/script.py
[2023-11-03T16:02:06.064+0000] {processor.py:829} INFO - Processing file /opt/airflow/dags/script.py for tasks to queue
[2023-11-03T16:02:06.079+0000] {logging_mixin.py:151} INFO - [2023-11-03T16:02:06.073+0000] {dagbag.py:536} INFO - Filling up the DagBag from /opt/airflow/dags/script.py
[2023-11-03T16:02:06.244+0000] {processor.py:839} INFO - DAG(s) dict_keys(['traffic_data_etl']) retrieved from /opt/airflow/dags/script.py
[2023-11-03T16:02:16.394+0000] {processor.py:713} ERROR - Error executing TaskCallbackRequest callback for file: /opt/airflow/dags/script.py
Traceback (most recent call last):
  File "/home/airflow/.local/lib/python3.8/site-packages/sqlalchemy/engine/base.py", line 3371, in _wrap_pool_connect
    return fn()
  File "/home/airflow/.local/lib/python3.8/site-packages/sqlalchemy/pool/base.py", line 327, in connect
    return _ConnectionFairy._checkout(self)
  File "/home/airflow/.local/lib/python3.8/site-packages/sqlalchemy/pool/base.py", line 894, in _checkout
    fairy = _ConnectionRecord.checkout(pool)
  File "/home/airflow/.local/lib/python3.8/site-packages/sqlalchemy/pool/base.py", line 493, in checkout
    rec = pool._do_get()
  File "/home/airflow/.local/lib/python3.8/site-packages/sqlalchemy/pool/impl.py", line 146, in _do_get
    self._dec_overflow()
  File "/home/airflow/.local/lib/python3.8/site-packages/sqlalchemy/util/langhelpers.py", line 70, in __exit__
    compat.raise_(
  File "/home/airflow/.local/lib/python3.8/site-packages/sqlalchemy/util/compat.py", line 211, in raise_
    raise exception
  File "/home/airflow/.local/lib/python3.8/site-packages/sqlalchemy/pool/impl.py", line 143, in _do_get
    return self._create_connection()
  File "/home/airflow/.local/lib/python3.8/site-packages/sqlalchemy/pool/base.py", line 273, in _create_connection
    return _ConnectionRecord(self)
  File "/home/airflow/.local/lib/python3.8/site-packages/sqlalchemy/pool/base.py", line 388, in __init__
    self.__connect()
  File "/home/airflow/.local/lib/python3.8/site-packages/sqlalchemy/pool/base.py", line 691, in __connect
    pool.logger.debug("Error on connect(): %s", e)
  File "/home/airflow/.local/lib/python3.8/site-packages/sqlalchemy/util/langhelpers.py", line 70, in __exit__
    compat.raise_(
  File "/home/airflow/.local/lib/python3.8/site-packages/sqlalchemy/util/compat.py", line 211, in raise_
    raise exception
  File "/home/airflow/.local/lib/python3.8/site-packages/sqlalchemy/pool/base.py", line 686, in __connect
    self.dbapi_connection = connection = pool._invoke_creator(self)
  File "/home/airflow/.local/lib/python3.8/site-packages/sqlalchemy/engine/create.py", line 574, in connect
    return dialect.connect(*cargs, **cparams)
  File "/home/airflow/.local/lib/python3.8/site-packages/sqlalchemy/engine/default.py", line 598, in connect
    return self.dbapi.connect(*cargs, **cparams)
  File "/home/airflow/.local/lib/python3.8/site-packages/psycopg2/__init__.py", line 122, in connect
    conn = _connect(dsn, connection_factory=connection_factory, **kwasync)
psycopg2.OperationalError: could not translate host name "postgres" to address: Temporary failure in name resolution


The above exception was the direct cause of the following exception:

Traceback (most recent call last):
  File "/home/airflow/.local/lib/python3.8/site-packages/airflow/dag_processing/processor.py", line 707, in execute_callbacks
    self._execute_task_callbacks(dagbag, request, session=session)
  File "/home/airflow/.local/lib/python3.8/site-packages/airflow/dag_processing/processor.py", line 755, in _execute_task_callbacks
    session.query(TI)
  File "/home/airflow/.local/lib/python3.8/site-packages/sqlalchemy/orm/query.py", line 2850, in one_or_none
    return self._iter().one_or_none()
  File "/home/airflow/.local/lib/python3.8/site-packages/sqlalchemy/orm/query.py", line 2916, in _iter
    result = self.session.execute(
  File "/home/airflow/.local/lib/python3.8/site-packages/sqlalchemy/orm/session.py", line 1716, in execute
    conn = self._connection_for_bind(bind)
  File "/home/airflow/.local/lib/python3.8/site-packages/sqlalchemy/orm/session.py", line 1555, in _connection_for_bind
    return self._transaction._connection_for_bind(
  File "/home/airflow/.local/lib/python3.8/site-packages/sqlalchemy/orm/session.py", line 750, in _connection_for_bind
    conn = bind.connect()
  File "/home/airflow/.local/lib/python3.8/site-packages/sqlalchemy/future/engine.py", line 406, in connect
    return super(Engine, self).connect()
  File "/home/airflow/.local/lib/python3.8/site-packages/sqlalchemy/engine/base.py", line 3325, in connect
    return self._connection_cls(self, close_with_result=close_with_result)
  File "/home/airflow/.local/lib/python3.8/site-packages/sqlalchemy/engine/base.py", line 96, in __init__
    else engine.raw_connection()
  File "/home/airflow/.local/lib/python3.8/site-packages/sqlalchemy/engine/base.py", line 3404, in raw_connection
    return self._wrap_pool_connect(self.pool.connect, _connection)
  File "/home/airflow/.local/lib/python3.8/site-packages/sqlalchemy/engine/base.py", line 3374, in _wrap_pool_connect
    Connection._handle_dbapi_exception_noconnection(
  File "/home/airflow/.local/lib/python3.8/site-packages/sqlalchemy/engine/base.py", line 2208, in _handle_dbapi_exception_noconnection
    util.raise_(
  File "/home/airflow/.local/lib/python3.8/site-packages/sqlalchemy/util/compat.py", line 211, in raise_
    raise exception
  File "/home/airflow/.local/lib/python3.8/site-packages/sqlalchemy/engine/base.py", line 3371, in _wrap_pool_connect
    return fn()
  File "/home/airflow/.local/lib/python3.8/site-packages/sqlalchemy/pool/base.py", line 327, in connect
    return _ConnectionFairy._checkout(self)
  File "/home/airflow/.local/lib/python3.8/site-packages/sqlalchemy/pool/base.py", line 894, in _checkout
    fairy = _ConnectionRecord.checkout(pool)
  File "/home/airflow/.local/lib/python3.8/site-packages/sqlalchemy/pool/base.py", line 493, in checkout
    rec = pool._do_get()
  File "/home/airflow/.local/lib/python3.8/site-packages/sqlalchemy/pool/impl.py", line 146, in _do_get
    self._dec_overflow()
  File "/home/airflow/.local/lib/python3.8/site-packages/sqlalchemy/util/langhelpers.py", line 70, in __exit__
    compat.raise_(
  File "/home/airflow/.local/lib/python3.8/site-packages/sqlalchemy/util/compat.py", line 211, in raise_
    raise exception
  File "/home/airflow/.local/lib/python3.8/site-packages/sqlalchemy/pool/impl.py", line 143, in _do_get
    return self._create_connection()
  File "/home/airflow/.local/lib/python3.8/site-packages/sqlalchemy/pool/base.py", line 273, in _create_connection
    return _ConnectionRecord(self)
  File "/home/airflow/.local/lib/python3.8/site-packages/sqlalchemy/pool/base.py", line 388, in __init__
    self.__connect()
  File "/home/airflow/.local/lib/python3.8/site-packages/sqlalchemy/pool/base.py", line 691, in __connect
    pool.logger.debug("Error on connect(): %s", e)
  File "/home/airflow/.local/lib/python3.8/site-packages/sqlalchemy/util/langhelpers.py", line 70, in __exit__
    compat.raise_(
  File "/home/airflow/.local/lib/python3.8/site-packages/sqlalchemy/util/compat.py", line 211, in raise_
    raise exception
  File "/home/airflow/.local/lib/python3.8/site-packages/sqlalchemy/pool/base.py", line 686, in __connect
    self.dbapi_connection = connection = pool._invoke_creator(self)
  File "/home/airflow/.local/lib/python3.8/site-packages/sqlalchemy/engine/create.py", line 574, in connect
    return dialect.connect(*cargs, **cparams)
  File "/home/airflow/.local/lib/python3.8/site-packages/sqlalchemy/engine/default.py", line 598, in connect
    return self.dbapi.connect(*cargs, **cparams)
  File "/home/airflow/.local/lib/python3.8/site-packages/psycopg2/__init__.py", line 122, in connect
    conn = _connect(dsn, connection_factory=connection_factory, **kwasync)
sqlalchemy.exc.OperationalError: (psycopg2.OperationalError) could not translate host name "postgres" to address: Temporary failure in name resolution

(Background on this error at: https://sqlalche.me/e/14/e3q8)
[2023-11-03T16:02:27.052+0000] {processor.py:713} ERROR - Error executing TaskCallbackRequest callback for file: /opt/airflow/dags/script.py
Traceback (most recent call last):
  File "/home/airflow/.local/lib/python3.8/site-packages/sqlalchemy/engine/base.py", line 3371, in _wrap_pool_connect
    return fn()
  File "/home/airflow/.local/lib/python3.8/site-packages/sqlalchemy/pool/base.py", line 327, in connect
    return _ConnectionFairy._checkout(self)
  File "/home/airflow/.local/lib/python3.8/site-packages/sqlalchemy/pool/base.py", line 894, in _checkout
    fairy = _ConnectionRecord.checkout(pool)
  File "/home/airflow/.local/lib/python3.8/site-packages/sqlalchemy/pool/base.py", line 493, in checkout
    rec = pool._do_get()
  File "/home/airflow/.local/lib/python3.8/site-packages/sqlalchemy/pool/impl.py", line 146, in _do_get
    self._dec_overflow()
  File "/home/airflow/.local/lib/python3.8/site-packages/sqlalchemy/util/langhelpers.py", line 70, in __exit__
    compat.raise_(
  File "/home/airflow/.local/lib/python3.8/site-packages/sqlalchemy/util/compat.py", line 211, in raise_
    raise exception
  File "/home/airflow/.local/lib/python3.8/site-packages/sqlalchemy/pool/impl.py", line 143, in _do_get
    return self._create_connection()
  File "/home/airflow/.local/lib/python3.8/site-packages/sqlalchemy/pool/base.py", line 273, in _create_connection
    return _ConnectionRecord(self)
  File "/home/airflow/.local/lib/python3.8/site-packages/sqlalchemy/pool/base.py", line 388, in __init__
    self.__connect()
  File "/home/airflow/.local/lib/python3.8/site-packages/sqlalchemy/pool/base.py", line 691, in __connect
    pool.logger.debug("Error on connect(): %s", e)
  File "/home/airflow/.local/lib/python3.8/site-packages/sqlalchemy/util/langhelpers.py", line 70, in __exit__
    compat.raise_(
  File "/home/airflow/.local/lib/python3.8/site-packages/sqlalchemy/util/compat.py", line 211, in raise_
    raise exception
  File "/home/airflow/.local/lib/python3.8/site-packages/sqlalchemy/pool/base.py", line 686, in __connect
    self.dbapi_connection = connection = pool._invoke_creator(self)
  File "/home/airflow/.local/lib/python3.8/site-packages/sqlalchemy/engine/create.py", line 574, in connect
    return dialect.connect(*cargs, **cparams)
  File "/home/airflow/.local/lib/python3.8/site-packages/sqlalchemy/engine/default.py", line 598, in connect
    return self.dbapi.connect(*cargs, **cparams)
  File "/home/airflow/.local/lib/python3.8/site-packages/psycopg2/__init__.py", line 122, in connect
    conn = _connect(dsn, connection_factory=connection_factory, **kwasync)
psycopg2.OperationalError: could not translate host name "postgres" to address: Temporary failure in name resolution


The above exception was the direct cause of the following exception:

Traceback (most recent call last):
  File "/home/airflow/.local/lib/python3.8/site-packages/airflow/dag_processing/processor.py", line 707, in execute_callbacks
    self._execute_task_callbacks(dagbag, request, session=session)
  File "/home/airflow/.local/lib/python3.8/site-packages/airflow/dag_processing/processor.py", line 755, in _execute_task_callbacks
    session.query(TI)
  File "/home/airflow/.local/lib/python3.8/site-packages/sqlalchemy/orm/query.py", line 2850, in one_or_none
    return self._iter().one_or_none()
  File "/home/airflow/.local/lib/python3.8/site-packages/sqlalchemy/orm/query.py", line 2916, in _iter
    result = self.session.execute(
  File "/home/airflow/.local/lib/python3.8/site-packages/sqlalchemy/orm/session.py", line 1716, in execute
    conn = self._connection_for_bind(bind)
  File "/home/airflow/.local/lib/python3.8/site-packages/sqlalchemy/orm/session.py", line 1555, in _connection_for_bind
    return self._transaction._connection_for_bind(
  File "/home/airflow/.local/lib/python3.8/site-packages/sqlalchemy/orm/session.py", line 750, in _connection_for_bind
    conn = bind.connect()
  File "/home/airflow/.local/lib/python3.8/site-packages/sqlalchemy/future/engine.py", line 406, in connect
    return super(Engine, self).connect()
  File "/home/airflow/.local/lib/python3.8/site-packages/sqlalchemy/engine/base.py", line 3325, in connect
    return self._connection_cls(self, close_with_result=close_with_result)
  File "/home/airflow/.local/lib/python3.8/site-packages/sqlalchemy/engine/base.py", line 96, in __init__
    else engine.raw_connection()
  File "/home/airflow/.local/lib/python3.8/site-packages/sqlalchemy/engine/base.py", line 3404, in raw_connection
    return self._wrap_pool_connect(self.pool.connect, _connection)
  File "/home/airflow/.local/lib/python3.8/site-packages/sqlalchemy/engine/base.py", line 3374, in _wrap_pool_connect
    Connection._handle_dbapi_exception_noconnection(
  File "/home/airflow/.local/lib/python3.8/site-packages/sqlalchemy/engine/base.py", line 2208, in _handle_dbapi_exception_noconnection
    util.raise_(
  File "/home/airflow/.local/lib/python3.8/site-packages/sqlalchemy/util/compat.py", line 211, in raise_
    raise exception
  File "/home/airflow/.local/lib/python3.8/site-packages/sqlalchemy/engine/base.py", line 3371, in _wrap_pool_connect
    return fn()
  File "/home/airflow/.local/lib/python3.8/site-packages/sqlalchemy/pool/base.py", line 327, in connect
    return _ConnectionFairy._checkout(self)
  File "/home/airflow/.local/lib/python3.8/site-packages/sqlalchemy/pool/base.py", line 894, in _checkout
    fairy = _ConnectionRecord.checkout(pool)
  File "/home/airflow/.local/lib/python3.8/site-packages/sqlalchemy/pool/base.py", line 493, in checkout
    rec = pool._do_get()
  File "/home/airflow/.local/lib/python3.8/site-packages/sqlalchemy/pool/impl.py", line 146, in _do_get
    self._dec_overflow()
  File "/home/airflow/.local/lib/python3.8/site-packages/sqlalchemy/util/langhelpers.py", line 70, in __exit__
    compat.raise_(
  File "/home/airflow/.local/lib/python3.8/site-packages/sqlalchemy/util/compat.py", line 211, in raise_
    raise exception
  File "/home/airflow/.local/lib/python3.8/site-packages/sqlalchemy/pool/impl.py", line 143, in _do_get
    return self._create_connection()
  File "/home/airflow/.local/lib/python3.8/site-packages/sqlalchemy/pool/base.py", line 273, in _create_connection
    return _ConnectionRecord(self)
  File "/home/airflow/.local/lib/python3.8/site-packages/sqlalchemy/pool/base.py", line 388, in __init__
    self.__connect()
  File "/home/airflow/.local/lib/python3.8/site-packages/sqlalchemy/pool/base.py", line 691, in __connect
    pool.logger.debug("Error on connect(): %s", e)
  File "/home/airflow/.local/lib/python3.8/site-packages/sqlalchemy/util/langhelpers.py", line 70, in __exit__
    compat.raise_(
  File "/home/airflow/.local/lib/python3.8/site-packages/sqlalchemy/util/compat.py", line 211, in raise_
    raise exception
  File "/home/airflow/.local/lib/python3.8/site-packages/sqlalchemy/pool/base.py", line 686, in __connect
    self.dbapi_connection = connection = pool._invoke_creator(self)
  File "/home/airflow/.local/lib/python3.8/site-packages/sqlalchemy/engine/create.py", line 574, in connect
    return dialect.connect(*cargs, **cparams)
  File "/home/airflow/.local/lib/python3.8/site-packages/sqlalchemy/engine/default.py", line 598, in connect
    return self.dbapi.connect(*cargs, **cparams)
  File "/home/airflow/.local/lib/python3.8/site-packages/psycopg2/__init__.py", line 122, in connect
    conn = _connect(dsn, connection_factory=connection_factory, **kwasync)
sqlalchemy.exc.OperationalError: (psycopg2.OperationalError) could not translate host name "postgres" to address: Temporary failure in name resolution

(Background on this error at: https://sqlalche.me/e/14/e3q8)
[2023-11-03T16:02:36.237+0000] {logging_mixin.py:151} INFO - [2023-11-03T16:02:36.230+0000] {dag.py:2941} INFO - Sync 1 DAGs
[2023-11-03T16:02:36.378+0000] {processor.py:179} INFO - Processing /opt/airflow/dags/script.py took 29.280 seconds
[2023-11-03T16:02:38.014+0000] {processor.py:157} INFO - Started process (PID=409) to work on /opt/airflow/dags/script.py
[2023-11-03T16:02:38.025+0000] {processor.py:829} INFO - Processing file /opt/airflow/dags/script.py for tasks to queue
[2023-11-03T16:02:38.045+0000] {logging_mixin.py:151} INFO - [2023-11-03T16:02:38.034+0000] {dagbag.py:536} INFO - Filling up the DagBag from /opt/airflow/dags/script.py
[2023-11-03T16:02:38.156+0000] {processor.py:839} INFO - DAG(s) dict_keys(['traffic_data_etl']) retrieved from /opt/airflow/dags/script.py
[2023-11-03T16:02:39.049+0000] {logging_mixin.py:151} INFO - [2023-11-03T16:02:39.041+0000] {taskinstance.py:1939} ERROR - {'DAG Id': 'traffic_data_etl', 'Task Id': 'load_data_to_logstash', 'Run Id': 'scheduled__2023-11-03T15:58:57.723387+00:00', 'Hostname': 'e99d93717981', 'External Executor Id': '82b8d52b-9739-4146-8111-f4a6b7b0871b'}
[2023-11-03T16:02:39.250+0000] {logging_mixin.py:151} INFO - [2023-11-03T16:02:39.250+0000] {taskinstance.py:1400} INFO - Marking task as FAILED. dag_id=traffic_data_etl, task_id=load_data_to_logstash, execution_date=20231103T155857, start_date=20231103T160121, end_date=20231103T160239
[2023-11-03T16:02:39.345+0000] {processor.py:790} INFO - Executed failure callback for <TaskInstance: traffic_data_etl.load_data_to_logstash scheduled__2023-11-03T15:58:57.723387+00:00 [failed]> in state failed
[2023-11-03T16:02:39.351+0000] {logging_mixin.py:151} INFO - [2023-11-03T16:02:39.351+0000] {taskinstance.py:1939} ERROR - {'DAG Id': 'traffic_data_etl', 'Task Id': 'load_data_to_logstash', 'Run Id': 'scheduled__2023-11-03T15:58:57.723387+00:00', 'Hostname': 'e99d93717981', 'External Executor Id': '82b8d52b-9739-4146-8111-f4a6b7b0871b'}
[2023-11-03T16:02:39.374+0000] {logging_mixin.py:151} INFO - [2023-11-03T16:02:39.374+0000] {taskinstance.py:1400} INFO - Marking task as FAILED. dag_id=traffic_data_etl, task_id=load_data_to_logstash, execution_date=20231103T155857, start_date=20231103T160121, end_date=20231103T160239
[2023-11-03T16:02:39.384+0000] {processor.py:790} INFO - Executed failure callback for <TaskInstance: traffic_data_etl.load_data_to_logstash scheduled__2023-11-03T15:58:57.723387+00:00 [failed]> in state failed
[2023-11-03T16:02:39.462+0000] {logging_mixin.py:151} INFO - [2023-11-03T16:02:39.462+0000] {dag.py:2941} INFO - Sync 1 DAGs
[2023-11-03T16:02:39.570+0000] {processor.py:179} INFO - Processing /opt/airflow/dags/script.py took 1.572 seconds
[2023-11-03T16:03:10.208+0000] {processor.py:157} INFO - Started process (PID=417) to work on /opt/airflow/dags/script.py
[2023-11-03T16:03:10.211+0000] {processor.py:829} INFO - Processing file /opt/airflow/dags/script.py for tasks to queue
[2023-11-03T16:03:10.231+0000] {logging_mixin.py:151} INFO - [2023-11-03T16:03:10.227+0000] {dagbag.py:536} INFO - Filling up the DagBag from /opt/airflow/dags/script.py
[2023-11-03T16:03:10.323+0000] {processor.py:839} INFO - DAG(s) dict_keys(['traffic_data_etl']) retrieved from /opt/airflow/dags/script.py
[2023-11-03T16:03:10.665+0000] {logging_mixin.py:151} INFO - [2023-11-03T16:03:10.644+0000] {dag.py:2941} INFO - Sync 1 DAGs
[2023-11-03T16:03:10.854+0000] {processor.py:179} INFO - Processing /opt/airflow/dags/script.py took 0.658 seconds
[2023-11-03T16:03:34.905+0000] {processor.py:157} INFO - Started process (PID=418) to work on /opt/airflow/dags/script.py
[2023-11-03T16:03:34.908+0000] {processor.py:829} INFO - Processing file /opt/airflow/dags/script.py for tasks to queue
[2023-11-03T16:03:34.914+0000] {logging_mixin.py:151} INFO - [2023-11-03T16:03:34.910+0000] {dagbag.py:536} INFO - Filling up the DagBag from /opt/airflow/dags/script.py
[2023-11-03T16:03:34.973+0000] {processor.py:839} INFO - DAG(s) dict_keys(['traffic_data_etl']) retrieved from /opt/airflow/dags/script.py
[2023-11-03T16:03:35.137+0000] {logging_mixin.py:151} INFO - [2023-11-03T16:03:35.137+0000] {dag.py:2941} INFO - Sync 1 DAGs
[2023-11-03T16:03:35.238+0000] {processor.py:179} INFO - Processing /opt/airflow/dags/script.py took 0.343 seconds
[2023-11-03T16:03:36.336+0000] {processor.py:157} INFO - Started process (PID=419) to work on /opt/airflow/dags/script.py
[2023-11-03T16:03:36.339+0000] {processor.py:829} INFO - Processing file /opt/airflow/dags/script.py for tasks to queue
[2023-11-03T16:03:36.355+0000] {logging_mixin.py:151} INFO - [2023-11-03T16:03:36.351+0000] {dagbag.py:536} INFO - Filling up the DagBag from /opt/airflow/dags/script.py
[2023-11-03T16:03:36.410+0000] {processor.py:839} INFO - DAG(s) dict_keys(['traffic_data_etl']) retrieved from /opt/airflow/dags/script.py
[2023-11-03T16:03:36.543+0000] {logging_mixin.py:151} INFO - [2023-11-03T16:03:36.542+0000] {dag.py:2941} INFO - Sync 1 DAGs
[2023-11-03T16:03:36.690+0000] {processor.py:179} INFO - Processing /opt/airflow/dags/script.py took 0.367 seconds
[2023-11-03T16:04:07.004+0000] {processor.py:157} INFO - Started process (PID=427) to work on /opt/airflow/dags/script.py
[2023-11-03T16:04:07.007+0000] {processor.py:829} INFO - Processing file /opt/airflow/dags/script.py for tasks to queue
[2023-11-03T16:04:07.026+0000] {logging_mixin.py:151} INFO - [2023-11-03T16:04:07.021+0000] {dagbag.py:536} INFO - Filling up the DagBag from /opt/airflow/dags/script.py
[2023-11-03T16:04:07.157+0000] {processor.py:839} INFO - DAG(s) dict_keys(['traffic_data_etl']) retrieved from /opt/airflow/dags/script.py
[2023-11-03T16:04:07.526+0000] {logging_mixin.py:151} INFO - [2023-11-03T16:04:07.514+0000] {dag.py:2941} INFO - Sync 1 DAGs
[2023-11-03T16:04:07.786+0000] {processor.py:179} INFO - Processing /opt/airflow/dags/script.py took 0.800 seconds
[2023-11-03T16:04:23.100+0000] {processor.py:157} INFO - Started process (PID=435) to work on /opt/airflow/dags/script.py
[2023-11-03T16:04:23.103+0000] {processor.py:829} INFO - Processing file /opt/airflow/dags/script.py for tasks to queue
[2023-11-03T16:04:23.113+0000] {logging_mixin.py:151} INFO - [2023-11-03T16:04:23.110+0000] {dagbag.py:536} INFO - Filling up the DagBag from /opt/airflow/dags/script.py
[2023-11-03T16:04:23.226+0000] {processor.py:839} INFO - DAG(s) dict_keys(['traffic_data_etl']) retrieved from /opt/airflow/dags/script.py
[2023-11-03T16:04:23.518+0000] {logging_mixin.py:151} INFO - [2023-11-03T16:04:23.517+0000] {dag.py:2941} INFO - Sync 1 DAGs
[2023-11-03T16:04:23.742+0000] {processor.py:179} INFO - Processing /opt/airflow/dags/script.py took 0.654 seconds
[2023-11-03T16:04:36.952+0000] {processor.py:157} INFO - Started process (PID=436) to work on /opt/airflow/dags/script.py
[2023-11-03T16:04:36.955+0000] {processor.py:829} INFO - Processing file /opt/airflow/dags/script.py for tasks to queue
[2023-11-03T16:04:36.962+0000] {logging_mixin.py:151} INFO - [2023-11-03T16:04:36.958+0000] {dagbag.py:536} INFO - Filling up the DagBag from /opt/airflow/dags/script.py
[2023-11-03T16:04:37.026+0000] {processor.py:839} INFO - DAG(s) dict_keys(['traffic_data_etl']) retrieved from /opt/airflow/dags/script.py
[2023-11-03T16:04:37.190+0000] {logging_mixin.py:151} INFO - [2023-11-03T16:04:37.190+0000] {dag.py:2941} INFO - Sync 1 DAGs
[2023-11-03T16:04:37.289+0000] {processor.py:179} INFO - Processing /opt/airflow/dags/script.py took 0.352 seconds
[2023-11-03T16:05:08.154+0000] {processor.py:157} INFO - Started process (PID=445) to work on /opt/airflow/dags/script.py
[2023-11-03T16:05:08.160+0000] {processor.py:829} INFO - Processing file /opt/airflow/dags/script.py for tasks to queue
[2023-11-03T16:05:08.172+0000] {logging_mixin.py:151} INFO - [2023-11-03T16:05:08.168+0000] {dagbag.py:536} INFO - Filling up the DagBag from /opt/airflow/dags/script.py
[2023-11-03T16:05:08.272+0000] {processor.py:839} INFO - DAG(s) dict_keys(['traffic_data_etl']) retrieved from /opt/airflow/dags/script.py
[2023-11-03T16:05:08.460+0000] {logging_mixin.py:151} INFO - [2023-11-03T16:05:08.459+0000] {dag.py:2941} INFO - Sync 1 DAGs
[2023-11-03T16:05:08.727+0000] {processor.py:179} INFO - Processing /opt/airflow/dags/script.py took 0.589 seconds
[2023-11-03T16:05:21.883+0000] {processor.py:157} INFO - Started process (PID=454) to work on /opt/airflow/dags/script.py
[2023-11-03T16:05:21.887+0000] {processor.py:829} INFO - Processing file /opt/airflow/dags/script.py for tasks to queue
[2023-11-03T16:05:21.893+0000] {logging_mixin.py:151} INFO - [2023-11-03T16:05:21.891+0000] {dagbag.py:536} INFO - Filling up the DagBag from /opt/airflow/dags/script.py
[2023-11-03T16:05:21.991+0000] {processor.py:839} INFO - DAG(s) dict_keys(['traffic_data_etl']) retrieved from /opt/airflow/dags/script.py
[2023-11-03T16:05:22.123+0000] {logging_mixin.py:151} INFO - [2023-11-03T16:05:22.123+0000] {dag.py:2941} INFO - Sync 1 DAGs
[2023-11-03T16:05:22.246+0000] {processor.py:179} INFO - Processing /opt/airflow/dags/script.py took 0.372 seconds
[2023-11-03T16:05:40.798+0000] {processor.py:157} INFO - Started process (PID=455) to work on /opt/airflow/dags/script.py
[2023-11-03T16:05:40.802+0000] {processor.py:829} INFO - Processing file /opt/airflow/dags/script.py for tasks to queue
[2023-11-03T16:05:40.817+0000] {logging_mixin.py:151} INFO - [2023-11-03T16:05:40.811+0000] {dagbag.py:536} INFO - Filling up the DagBag from /opt/airflow/dags/script.py
[2023-11-03T16:05:40.985+0000] {processor.py:839} INFO - DAG(s) dict_keys(['traffic_data_etl']) retrieved from /opt/airflow/dags/script.py
[2023-11-03T16:05:44.717+0000] {logging_mixin.py:151} INFO - [2023-11-03T16:05:44.717+0000] {dag.py:2941} INFO - Sync 1 DAGs
[2023-11-03T16:05:44.929+0000] {processor.py:179} INFO - Processing /opt/airflow/dags/script.py took 4.151 seconds
[2023-11-03T16:05:46.037+0000] {processor.py:157} INFO - Started process (PID=456) to work on /opt/airflow/dags/script.py
[2023-11-03T16:05:46.041+0000] {processor.py:829} INFO - Processing file /opt/airflow/dags/script.py for tasks to queue
[2023-11-03T16:05:46.057+0000] {logging_mixin.py:151} INFO - [2023-11-03T16:05:46.050+0000] {dagbag.py:536} INFO - Filling up the DagBag from /opt/airflow/dags/script.py
[2023-11-03T16:05:46.272+0000] {processor.py:839} INFO - DAG(s) dict_keys(['traffic_data_etl']) retrieved from /opt/airflow/dags/script.py
[2023-11-03T16:05:46.484+0000] {logging_mixin.py:151} INFO - [2023-11-03T16:05:46.484+0000] {dag.py:2941} INFO - Sync 1 DAGs
[2023-11-03T16:05:46.666+0000] {processor.py:179} INFO - Processing /opt/airflow/dags/script.py took 0.653 seconds
[2023-11-03T16:05:54.791+0000] {processor.py:157} INFO - Started process (PID=465) to work on /opt/airflow/dags/script.py
[2023-11-03T16:05:54.793+0000] {processor.py:829} INFO - Processing file /opt/airflow/dags/script.py for tasks to queue
[2023-11-03T16:05:54.800+0000] {logging_mixin.py:151} INFO - [2023-11-03T16:05:54.798+0000] {dagbag.py:536} INFO - Filling up the DagBag from /opt/airflow/dags/script.py
[2023-11-03T16:05:54.861+0000] {processor.py:839} INFO - DAG(s) dict_keys(['traffic_data_etl']) retrieved from /opt/airflow/dags/script.py
[2023-11-03T16:05:55.057+0000] {logging_mixin.py:151} INFO - [2023-11-03T16:05:55.055+0000] {taskinstance.py:1939} ERROR - {'DAG Id': 'traffic_data_etl', 'Task Id': 'load_data_to_logstash', 'Run Id': 'scheduled__2023-11-03T16:01:40.585623+00:00', 'Hostname': 'e99d93717981', 'External Executor Id': '063b0b9e-0613-4fa0-bffa-eebaed51a33e'}
[2023-11-03T16:05:55.202+0000] {logging_mixin.py:151} INFO - [2023-11-03T16:05:55.202+0000] {taskinstance.py:1400} INFO - Marking task as FAILED. dag_id=traffic_data_etl, task_id=load_data_to_logstash, execution_date=20231103T160140, start_date=20231103T160523, end_date=20231103T160555
[2023-11-03T16:05:55.261+0000] {processor.py:790} INFO - Executed failure callback for <TaskInstance: traffic_data_etl.load_data_to_logstash scheduled__2023-11-03T16:01:40.585623+00:00 [failed]> in state failed
[2023-11-03T16:05:55.320+0000] {logging_mixin.py:151} INFO - [2023-11-03T16:05:55.320+0000] {dag.py:2941} INFO - Sync 1 DAGs
[2023-11-03T16:05:55.407+0000] {processor.py:179} INFO - Processing /opt/airflow/dags/script.py took 0.621 seconds
[2023-11-03T16:06:26.389+0000] {processor.py:157} INFO - Started process (PID=466) to work on /opt/airflow/dags/script.py
[2023-11-03T16:06:26.396+0000] {processor.py:829} INFO - Processing file /opt/airflow/dags/script.py for tasks to queue
[2023-11-03T16:06:26.443+0000] {logging_mixin.py:151} INFO - [2023-11-03T16:06:26.432+0000] {dagbag.py:536} INFO - Filling up the DagBag from /opt/airflow/dags/script.py
[2023-11-03T16:06:27.069+0000] {processor.py:839} INFO - DAG(s) dict_keys(['traffic_data_etl']) retrieved from /opt/airflow/dags/script.py
[2023-11-03T16:06:51.798+0000] {logging_mixin.py:151} INFO - [2023-11-03T16:06:51.791+0000] {dag.py:2941} INFO - Sync 1 DAGs
[2023-11-03T16:06:52.100+0000] {processor.py:179} INFO - Processing /opt/airflow/dags/script.py took 25.031 seconds
[2023-11-03T16:07:23.310+0000] {processor.py:157} INFO - Started process (PID=467) to work on /opt/airflow/dags/script.py
[2023-11-03T16:07:23.332+0000] {processor.py:829} INFO - Processing file /opt/airflow/dags/script.py for tasks to queue
[2023-11-03T16:07:23.530+0000] {logging_mixin.py:151} INFO - [2023-11-03T16:07:23.507+0000] {dagbag.py:536} INFO - Filling up the DagBag from /opt/airflow/dags/script.py
[2023-11-03T16:07:24.562+0000] {processor.py:839} INFO - DAG(s) dict_keys(['traffic_data_etl']) retrieved from /opt/airflow/dags/script.py
[2023-11-03T16:09:17.015+0000] {processor.py:157} INFO - Started process (PID=40) to work on /opt/airflow/dags/script.py
[2023-11-03T16:09:17.018+0000] {processor.py:829} INFO - Processing file /opt/airflow/dags/script.py for tasks to queue
[2023-11-03T16:09:17.033+0000] {logging_mixin.py:151} INFO - [2023-11-03T16:09:17.030+0000] {dagbag.py:536} INFO - Filling up the DagBag from /opt/airflow/dags/script.py
[2023-11-03T16:09:17.194+0000] {processor.py:839} INFO - DAG(s) dict_keys(['traffic_data_etl']) retrieved from /opt/airflow/dags/script.py
[2023-11-03T16:09:17.660+0000] {logging_mixin.py:151} INFO - [2023-11-03T16:09:17.659+0000] {dag.py:2941} INFO - Sync 1 DAGs
[2023-11-03T16:09:17.906+0000] {logging_mixin.py:151} INFO - [2023-11-03T16:09:17.905+0000] {dag.py:3722} INFO - Setting next_dagrun for traffic_data_etl to 2023-11-03T16:08:17.902086+00:00, run_after=2023-11-03T16:09:17.902086+00:00
[2023-11-03T16:09:18.127+0000] {processor.py:179} INFO - Processing /opt/airflow/dags/script.py took 1.155 seconds
[2023-11-03T16:09:48.898+0000] {processor.py:157} INFO - Started process (PID=41) to work on /opt/airflow/dags/script.py
[2023-11-03T16:09:48.902+0000] {processor.py:829} INFO - Processing file /opt/airflow/dags/script.py for tasks to queue
[2023-11-03T16:09:48.913+0000] {logging_mixin.py:151} INFO - [2023-11-03T16:09:48.908+0000] {dagbag.py:536} INFO - Filling up the DagBag from /opt/airflow/dags/script.py
[2023-11-03T16:09:49.034+0000] {processor.py:839} INFO - DAG(s) dict_keys(['traffic_data_etl']) retrieved from /opt/airflow/dags/script.py
[2023-11-03T16:10:06.096+0000] {logging_mixin.py:151} INFO - [2023-11-03T16:10:06.081+0000] {dag.py:2941} INFO - Sync 1 DAGs
[2023-11-03T16:10:06.495+0000] {processor.py:179} INFO - Processing /opt/airflow/dags/script.py took 17.282 seconds
[2023-11-03T16:11:06.335+0000] {processor.py:157} INFO - Started process (PID=38) to work on /opt/airflow/dags/script.py
[2023-11-03T16:11:06.338+0000] {processor.py:829} INFO - Processing file /opt/airflow/dags/script.py for tasks to queue
[2023-11-03T16:11:06.342+0000] {logging_mixin.py:151} INFO - [2023-11-03T16:11:06.341+0000] {dagbag.py:536} INFO - Filling up the DagBag from /opt/airflow/dags/script.py
[2023-11-03T16:11:06.411+0000] {processor.py:839} INFO - DAG(s) dict_keys(['traffic_data_etl']) retrieved from /opt/airflow/dags/script.py
[2023-11-03T16:11:06.639+0000] {logging_mixin.py:151} INFO - [2023-11-03T16:11:06.638+0000] {dag.py:2941} INFO - Sync 1 DAGs
[2023-11-03T16:11:06.784+0000] {processor.py:179} INFO - Processing /opt/airflow/dags/script.py took 0.458 seconds
[2023-11-03T16:11:10.677+0000] {processor.py:157} INFO - Started process (PID=39) to work on /opt/airflow/dags/script.py
[2023-11-03T16:11:10.685+0000] {processor.py:829} INFO - Processing file /opt/airflow/dags/script.py for tasks to queue
[2023-11-03T16:11:10.697+0000] {logging_mixin.py:151} INFO - [2023-11-03T16:11:10.692+0000] {dagbag.py:536} INFO - Filling up the DagBag from /opt/airflow/dags/script.py
[2023-11-03T16:11:10.800+0000] {processor.py:839} INFO - DAG(s) dict_keys(['traffic_data_etl']) retrieved from /opt/airflow/dags/script.py
[2023-11-03T16:11:11.346+0000] {logging_mixin.py:151} INFO - [2023-11-03T16:11:11.335+0000] {dag.py:2941} INFO - Sync 1 DAGs
[2023-11-03T16:11:11.569+0000] {processor.py:179} INFO - Processing /opt/airflow/dags/script.py took 0.912 seconds
[2023-11-03T16:11:13.918+0000] {processor.py:157} INFO - Started process (PID=40) to work on /opt/airflow/dags/script.py
[2023-11-03T16:11:13.928+0000] {processor.py:829} INFO - Processing file /opt/airflow/dags/script.py for tasks to queue
[2023-11-03T16:11:13.961+0000] {logging_mixin.py:151} INFO - [2023-11-03T16:11:13.932+0000] {dagbag.py:536} INFO - Filling up the DagBag from /opt/airflow/dags/script.py
[2023-11-03T16:11:15.755+0000] {processor.py:839} INFO - DAG(s) dict_keys(['traffic_data_etl']) retrieved from /opt/airflow/dags/script.py
[2023-11-03T16:11:17.913+0000] {logging_mixin.py:151} INFO - [2023-11-03T16:11:17.894+0000] {dag.py:2941} INFO - Sync 1 DAGs
[2023-11-03T16:11:18.093+0000] {processor.py:179} INFO - Processing /opt/airflow/dags/script.py took 4.224 seconds
[2023-11-03T16:11:30.981+0000] {processor.py:157} INFO - Started process (PID=41) to work on /opt/airflow/dags/script.py
[2023-11-03T16:11:30.984+0000] {processor.py:829} INFO - Processing file /opt/airflow/dags/script.py for tasks to queue
[2023-11-03T16:11:30.991+0000] {logging_mixin.py:151} INFO - [2023-11-03T16:11:30.987+0000] {dagbag.py:536} INFO - Filling up the DagBag from /opt/airflow/dags/script.py
[2023-11-03T16:11:31.489+0000] {processor.py:839} INFO - DAG(s) dict_keys(['traffic_data_etl']) retrieved from /opt/airflow/dags/script.py
[2023-11-03T16:12:02.871+0000] {processor.py:182} ERROR - Got an exception! Propagating...
Traceback (most recent call last):
  File "/home/airflow/.local/lib/python3.8/site-packages/sqlalchemy/engine/base.py", line 3371, in _wrap_pool_connect
    return fn()
  File "/home/airflow/.local/lib/python3.8/site-packages/sqlalchemy/pool/base.py", line 327, in connect
    return _ConnectionFairy._checkout(self)
  File "/home/airflow/.local/lib/python3.8/site-packages/sqlalchemy/pool/base.py", line 894, in _checkout
    fairy = _ConnectionRecord.checkout(pool)
  File "/home/airflow/.local/lib/python3.8/site-packages/sqlalchemy/pool/base.py", line 493, in checkout
    rec = pool._do_get()
  File "/home/airflow/.local/lib/python3.8/site-packages/sqlalchemy/pool/impl.py", line 146, in _do_get
    self._dec_overflow()
  File "/home/airflow/.local/lib/python3.8/site-packages/sqlalchemy/util/langhelpers.py", line 70, in __exit__
    compat.raise_(
  File "/home/airflow/.local/lib/python3.8/site-packages/sqlalchemy/util/compat.py", line 211, in raise_
    raise exception
  File "/home/airflow/.local/lib/python3.8/site-packages/sqlalchemy/pool/impl.py", line 143, in _do_get
    return self._create_connection()
  File "/home/airflow/.local/lib/python3.8/site-packages/sqlalchemy/pool/base.py", line 273, in _create_connection
    return _ConnectionRecord(self)
  File "/home/airflow/.local/lib/python3.8/site-packages/sqlalchemy/pool/base.py", line 388, in __init__
    self.__connect()
  File "/home/airflow/.local/lib/python3.8/site-packages/sqlalchemy/pool/base.py", line 691, in __connect
    pool.logger.debug("Error on connect(): %s", e)
  File "/home/airflow/.local/lib/python3.8/site-packages/sqlalchemy/util/langhelpers.py", line 70, in __exit__
    compat.raise_(
  File "/home/airflow/.local/lib/python3.8/site-packages/sqlalchemy/util/compat.py", line 211, in raise_
    raise exception
  File "/home/airflow/.local/lib/python3.8/site-packages/sqlalchemy/pool/base.py", line 686, in __connect
    self.dbapi_connection = connection = pool._invoke_creator(self)
  File "/home/airflow/.local/lib/python3.8/site-packages/sqlalchemy/engine/create.py", line 574, in connect
    return dialect.connect(*cargs, **cparams)
  File "/home/airflow/.local/lib/python3.8/site-packages/sqlalchemy/engine/default.py", line 598, in connect
    return self.dbapi.connect(*cargs, **cparams)
  File "/home/airflow/.local/lib/python3.8/site-packages/psycopg2/__init__.py", line 122, in connect
    conn = _connect(dsn, connection_factory=connection_factory, **kwasync)
psycopg2.OperationalError: could not translate host name "postgres" to address: Temporary failure in name resolution


The above exception was the direct cause of the following exception:

Traceback (most recent call last):
  File "/home/airflow/.local/lib/python3.8/site-packages/airflow/dag_processing/processor.py", line 178, in _run_file_processor
    _handle_dag_file_processing()
  File "/home/airflow/.local/lib/python3.8/site-packages/airflow/dag_processing/processor.py", line 159, in _handle_dag_file_processing
    result: tuple[int, int] = dag_file_processor.process_file(
  File "/home/airflow/.local/lib/python3.8/site-packages/airflow/utils/session.py", line 77, in wrapper
    return func(*args, session=session, **kwargs)
  File "/home/airflow/.local/lib/python3.8/site-packages/airflow/dag_processing/processor.py", line 857, in process_file
    serialize_errors = DagFileProcessor.save_dag_to_db(
  File "/home/airflow/.local/lib/python3.8/site-packages/airflow/api_internal/internal_api_call.py", line 114, in wrapper
    return func(*args, **kwargs)
  File "/home/airflow/.local/lib/python3.8/site-packages/airflow/utils/session.py", line 77, in wrapper
    return func(*args, session=session, **kwargs)
  File "/home/airflow/.local/lib/python3.8/site-packages/airflow/dag_processing/processor.py", line 893, in save_dag_to_db
    import_errors = DagBag._sync_to_db(dags=dags, processor_subdir=dag_directory, session=session)
  File "/home/airflow/.local/lib/python3.8/site-packages/airflow/utils/session.py", line 74, in wrapper
    return func(*args, **kwargs)
  File "/home/airflow/.local/lib/python3.8/site-packages/airflow/models/dagbag.py", line 654, in _sync_to_db
    for attempt in run_with_db_retries(logger=log):
  File "/home/airflow/.local/lib/python3.8/site-packages/tenacity/__init__.py", line 347, in __iter__
    do = self.iter(retry_state=retry_state)
  File "/home/airflow/.local/lib/python3.8/site-packages/tenacity/__init__.py", line 325, in iter
    raise retry_exc.reraise()
  File "/home/airflow/.local/lib/python3.8/site-packages/tenacity/__init__.py", line 158, in reraise
    raise self.last_attempt.result()
  File "/usr/local/lib/python3.8/concurrent/futures/_base.py", line 437, in result
    return self.__get_result()
  File "/usr/local/lib/python3.8/concurrent/futures/_base.py", line 389, in __get_result
    raise self._exception
  File "/home/airflow/.local/lib/python3.8/site-packages/airflow/models/dagbag.py", line 666, in _sync_to_db
    serialize_errors.extend(_serialize_dag_capturing_errors(dag, session))
  File "/home/airflow/.local/lib/python3.8/site-packages/airflow/models/dagbag.py", line 633, in _serialize_dag_capturing_errors
    dag_was_updated = SerializedDagModel.write_dag(
  File "/home/airflow/.local/lib/python3.8/site-packages/airflow/utils/session.py", line 74, in wrapper
    return func(*args, **kwargs)
  File "/home/airflow/.local/lib/python3.8/site-packages/airflow/models/serialized_dag.py", line 147, in write_dag
    if session.scalar(
  File "/home/airflow/.local/lib/python3.8/site-packages/sqlalchemy/orm/session.py", line 1747, in scalar
    return self.execute(
  File "/home/airflow/.local/lib/python3.8/site-packages/sqlalchemy/orm/session.py", line 1716, in execute
    conn = self._connection_for_bind(bind)
  File "/home/airflow/.local/lib/python3.8/site-packages/sqlalchemy/orm/session.py", line 1555, in _connection_for_bind
    return self._transaction._connection_for_bind(
  File "/home/airflow/.local/lib/python3.8/site-packages/sqlalchemy/orm/session.py", line 750, in _connection_for_bind
    conn = bind.connect()
  File "/home/airflow/.local/lib/python3.8/site-packages/sqlalchemy/future/engine.py", line 406, in connect
    return super(Engine, self).connect()
  File "/home/airflow/.local/lib/python3.8/site-packages/sqlalchemy/engine/base.py", line 3325, in connect
    return self._connection_cls(self, close_with_result=close_with_result)
  File "/home/airflow/.local/lib/python3.8/site-packages/sqlalchemy/engine/base.py", line 96, in __init__
    else engine.raw_connection()
  File "/home/airflow/.local/lib/python3.8/site-packages/sqlalchemy/engine/base.py", line 3404, in raw_connection
    return self._wrap_pool_connect(self.pool.connect, _connection)
  File "/home/airflow/.local/lib/python3.8/site-packages/sqlalchemy/engine/base.py", line 3374, in _wrap_pool_connect
    Connection._handle_dbapi_exception_noconnection(
  File "/home/airflow/.local/lib/python3.8/site-packages/sqlalchemy/engine/base.py", line 2208, in _handle_dbapi_exception_noconnection
    util.raise_(
  File "/home/airflow/.local/lib/python3.8/site-packages/sqlalchemy/util/compat.py", line 211, in raise_
    raise exception
  File "/home/airflow/.local/lib/python3.8/site-packages/sqlalchemy/engine/base.py", line 3371, in _wrap_pool_connect
    return fn()
  File "/home/airflow/.local/lib/python3.8/site-packages/sqlalchemy/pool/base.py", line 327, in connect
    return _ConnectionFairy._checkout(self)
  File "/home/airflow/.local/lib/python3.8/site-packages/sqlalchemy/pool/base.py", line 894, in _checkout
    fairy = _ConnectionRecord.checkout(pool)
  File "/home/airflow/.local/lib/python3.8/site-packages/sqlalchemy/pool/base.py", line 493, in checkout
    rec = pool._do_get()
  File "/home/airflow/.local/lib/python3.8/site-packages/sqlalchemy/pool/impl.py", line 146, in _do_get
    self._dec_overflow()
  File "/home/airflow/.local/lib/python3.8/site-packages/sqlalchemy/util/langhelpers.py", line 70, in __exit__
    compat.raise_(
  File "/home/airflow/.local/lib/python3.8/site-packages/sqlalchemy/util/compat.py", line 211, in raise_
    raise exception
  File "/home/airflow/.local/lib/python3.8/site-packages/sqlalchemy/pool/impl.py", line 143, in _do_get
    return self._create_connection()
  File "/home/airflow/.local/lib/python3.8/site-packages/sqlalchemy/pool/base.py", line 273, in _create_connection
    return _ConnectionRecord(self)
  File "/home/airflow/.local/lib/python3.8/site-packages/sqlalchemy/pool/base.py", line 388, in __init__
    self.__connect()
  File "/home/airflow/.local/lib/python3.8/site-packages/sqlalchemy/pool/base.py", line 691, in __connect
    pool.logger.debug("Error on connect(): %s", e)
  File "/home/airflow/.local/lib/python3.8/site-packages/sqlalchemy/util/langhelpers.py", line 70, in __exit__
    compat.raise_(
  File "/home/airflow/.local/lib/python3.8/site-packages/sqlalchemy/util/compat.py", line 211, in raise_
    raise exception
  File "/home/airflow/.local/lib/python3.8/site-packages/sqlalchemy/pool/base.py", line 686, in __connect
    self.dbapi_connection = connection = pool._invoke_creator(self)
  File "/home/airflow/.local/lib/python3.8/site-packages/sqlalchemy/engine/create.py", line 574, in connect
    return dialect.connect(*cargs, **cparams)
  File "/home/airflow/.local/lib/python3.8/site-packages/sqlalchemy/engine/default.py", line 598, in connect
    return self.dbapi.connect(*cargs, **cparams)
  File "/home/airflow/.local/lib/python3.8/site-packages/psycopg2/__init__.py", line 122, in connect
    conn = _connect(dsn, connection_factory=connection_factory, **kwasync)
sqlalchemy.exc.OperationalError: (psycopg2.OperationalError) could not translate host name "postgres" to address: Temporary failure in name resolution

(Background on this error at: https://sqlalche.me/e/14/e3q8)
[2023-11-03T16:16:06.006+0000] {processor.py:157} INFO - Started process (PID=51) to work on /opt/airflow/dags/script.py
[2023-11-03T16:16:06.022+0000] {processor.py:829} INFO - Processing file /opt/airflow/dags/script.py for tasks to queue
[2023-11-03T16:16:06.058+0000] {logging_mixin.py:151} INFO - [2023-11-03T16:16:06.056+0000] {dagbag.py:536} INFO - Filling up the DagBag from /opt/airflow/dags/script.py
[2023-11-03T16:16:06.853+0000] {processor.py:839} INFO - DAG(s) dict_keys(['traffic_data_etl']) retrieved from /opt/airflow/dags/script.py
[2023-11-03T16:16:10.159+0000] {logging_mixin.py:151} INFO - [2023-11-03T16:16:10.158+0000] {dag.py:2941} INFO - Sync 1 DAGs
[2023-11-03T16:16:10.294+0000] {processor.py:179} INFO - Processing /opt/airflow/dags/script.py took 4.322 seconds
[2023-11-03T16:16:14.478+0000] {processor.py:157} INFO - Started process (PID=52) to work on /opt/airflow/dags/script.py
[2023-11-03T16:16:14.480+0000] {processor.py:829} INFO - Processing file /opt/airflow/dags/script.py for tasks to queue
[2023-11-03T16:16:14.485+0000] {logging_mixin.py:151} INFO - [2023-11-03T16:16:14.485+0000] {dagbag.py:536} INFO - Filling up the DagBag from /opt/airflow/dags/script.py
[2023-11-03T16:16:15.218+0000] {processor.py:839} INFO - DAG(s) dict_keys(['traffic_data_etl']) retrieved from /opt/airflow/dags/script.py
[2023-11-03T16:16:15.255+0000] {logging_mixin.py:151} INFO - [2023-11-03T16:16:15.254+0000] {taskinstance.py:1939} ERROR - {'DAG Id': 'traffic_data_etl', 'Task Id': 'extract_data', 'Run Id': 'scheduled__2023-11-03T16:08:17.902086+00:00', 'Hostname': 'e99d93717981', 'External Executor Id': 'd6d9a4a0-a862-4f83-9274-54e39dc80e2c'}
[2023-11-03T16:16:15.288+0000] {logging_mixin.py:151} INFO - [2023-11-03T16:16:15.288+0000] {taskinstance.py:1400} INFO - Marking task as UP_FOR_RETRY. dag_id=traffic_data_etl, task_id=extract_data, execution_date=20231103T160817, start_date=20231103T161119, end_date=20231103T161615
[2023-11-03T16:16:15.319+0000] {processor.py:790} INFO - Executed failure callback for <TaskInstance: traffic_data_etl.extract_data scheduled__2023-11-03T16:08:17.902086+00:00 [up_for_retry]> in state up_for_retry
[2023-11-03T16:16:15.354+0000] {logging_mixin.py:151} INFO - [2023-11-03T16:16:15.354+0000] {dag.py:2941} INFO - Sync 1 DAGs
[2023-11-03T16:16:15.425+0000] {processor.py:179} INFO - Processing /opt/airflow/dags/script.py took 0.954 seconds
[2023-11-03T16:16:45.546+0000] {processor.py:157} INFO - Started process (PID=60) to work on /opt/airflow/dags/script.py
[2023-11-03T16:16:45.548+0000] {processor.py:829} INFO - Processing file /opt/airflow/dags/script.py for tasks to queue
[2023-11-03T16:16:45.551+0000] {logging_mixin.py:151} INFO - [2023-11-03T16:16:45.550+0000] {dagbag.py:536} INFO - Filling up the DagBag from /opt/airflow/dags/script.py
[2023-11-03T16:16:47.148+0000] {processor.py:839} INFO - DAG(s) dict_keys(['traffic_data_etl']) retrieved from /opt/airflow/dags/script.py
[2023-11-03T16:16:47.216+0000] {logging_mixin.py:151} INFO - [2023-11-03T16:16:47.216+0000] {dag.py:2941} INFO - Sync 1 DAGs
[2023-11-03T16:16:47.298+0000] {processor.py:179} INFO - Processing /opt/airflow/dags/script.py took 1.757 seconds
[2023-11-03T16:17:17.518+0000] {processor.py:157} INFO - Started process (PID=68) to work on /opt/airflow/dags/script.py
[2023-11-03T16:17:17.519+0000] {processor.py:829} INFO - Processing file /opt/airflow/dags/script.py for tasks to queue
[2023-11-03T16:17:17.524+0000] {logging_mixin.py:151} INFO - [2023-11-03T16:17:17.524+0000] {dagbag.py:536} INFO - Filling up the DagBag from /opt/airflow/dags/script.py
[2023-11-03T16:17:17.691+0000] {processor.py:839} INFO - DAG(s) dict_keys(['traffic_data_etl']) retrieved from /opt/airflow/dags/script.py
[2023-11-03T16:17:17.739+0000] {logging_mixin.py:151} INFO - [2023-11-03T16:17:17.738+0000] {dag.py:2941} INFO - Sync 1 DAGs
[2023-11-03T16:17:18.116+0000] {processor.py:179} INFO - Processing /opt/airflow/dags/script.py took 0.604 seconds
[2023-11-03T16:17:48.325+0000] {processor.py:157} INFO - Started process (PID=76) to work on /opt/airflow/dags/script.py
[2023-11-03T16:17:48.327+0000] {processor.py:829} INFO - Processing file /opt/airflow/dags/script.py for tasks to queue
[2023-11-03T16:17:48.329+0000] {logging_mixin.py:151} INFO - [2023-11-03T16:17:48.329+0000] {dagbag.py:536} INFO - Filling up the DagBag from /opt/airflow/dags/script.py
[2023-11-03T16:17:48.482+0000] {processor.py:839} INFO - DAG(s) dict_keys(['traffic_data_etl']) retrieved from /opt/airflow/dags/script.py
[2023-11-03T16:17:48.519+0000] {logging_mixin.py:151} INFO - [2023-11-03T16:17:48.519+0000] {dag.py:2941} INFO - Sync 1 DAGs
[2023-11-03T16:17:48.802+0000] {processor.py:179} INFO - Processing /opt/airflow/dags/script.py took 0.482 seconds
[2023-11-03T16:18:18.995+0000] {processor.py:157} INFO - Started process (PID=84) to work on /opt/airflow/dags/script.py
[2023-11-03T16:18:18.997+0000] {processor.py:829} INFO - Processing file /opt/airflow/dags/script.py for tasks to queue
[2023-11-03T16:18:18.999+0000] {logging_mixin.py:151} INFO - [2023-11-03T16:18:18.999+0000] {dagbag.py:536} INFO - Filling up the DagBag from /opt/airflow/dags/script.py
[2023-11-03T16:18:19.165+0000] {processor.py:839} INFO - DAG(s) dict_keys(['traffic_data_etl']) retrieved from /opt/airflow/dags/script.py
[2023-11-03T16:18:19.502+0000] {logging_mixin.py:151} INFO - [2023-11-03T16:18:19.502+0000] {dag.py:2941} INFO - Sync 1 DAGs
[2023-11-03T16:18:19.563+0000] {processor.py:179} INFO - Processing /opt/airflow/dags/script.py took 0.572 seconds
[2023-11-03T16:18:49.650+0000] {processor.py:157} INFO - Started process (PID=92) to work on /opt/airflow/dags/script.py
[2023-11-03T16:18:49.651+0000] {processor.py:829} INFO - Processing file /opt/airflow/dags/script.py for tasks to queue
[2023-11-03T16:18:49.654+0000] {logging_mixin.py:151} INFO - [2023-11-03T16:18:49.653+0000] {dagbag.py:536} INFO - Filling up the DagBag from /opt/airflow/dags/script.py
[2023-11-03T16:18:50.075+0000] {processor.py:839} INFO - DAG(s) dict_keys(['traffic_data_etl']) retrieved from /opt/airflow/dags/script.py
[2023-11-03T16:18:50.108+0000] {logging_mixin.py:151} INFO - [2023-11-03T16:18:50.107+0000] {dag.py:2941} INFO - Sync 1 DAGs
[2023-11-03T16:18:50.178+0000] {processor.py:179} INFO - Processing /opt/airflow/dags/script.py took 0.532 seconds
[2023-11-03T16:19:20.366+0000] {processor.py:157} INFO - Started process (PID=100) to work on /opt/airflow/dags/script.py
[2023-11-03T16:19:20.367+0000] {processor.py:829} INFO - Processing file /opt/airflow/dags/script.py for tasks to queue
[2023-11-03T16:19:20.370+0000] {logging_mixin.py:151} INFO - [2023-11-03T16:19:20.370+0000] {dagbag.py:536} INFO - Filling up the DagBag from /opt/airflow/dags/script.py
[2023-11-03T16:19:20.649+0000] {processor.py:839} INFO - DAG(s) dict_keys(['traffic_data_etl']) retrieved from /opt/airflow/dags/script.py
[2023-11-03T16:19:20.684+0000] {logging_mixin.py:151} INFO - [2023-11-03T16:19:20.683+0000] {dag.py:2941} INFO - Sync 1 DAGs
[2023-11-03T16:19:20.735+0000] {processor.py:179} INFO - Processing /opt/airflow/dags/script.py took 0.374 seconds
[2023-11-03T16:19:50.924+0000] {processor.py:157} INFO - Started process (PID=108) to work on /opt/airflow/dags/script.py
[2023-11-03T16:19:50.925+0000] {processor.py:829} INFO - Processing file /opt/airflow/dags/script.py for tasks to queue
[2023-11-03T16:19:50.927+0000] {logging_mixin.py:151} INFO - [2023-11-03T16:19:50.927+0000] {dagbag.py:536} INFO - Filling up the DagBag from /opt/airflow/dags/script.py
[2023-11-03T16:19:51.220+0000] {processor.py:839} INFO - DAG(s) dict_keys(['traffic_data_etl']) retrieved from /opt/airflow/dags/script.py
[2023-11-03T16:19:51.267+0000] {logging_mixin.py:151} INFO - [2023-11-03T16:19:51.266+0000] {dag.py:2941} INFO - Sync 1 DAGs
[2023-11-03T16:19:51.342+0000] {processor.py:179} INFO - Processing /opt/airflow/dags/script.py took 0.422 seconds
[2023-11-03T16:20:21.545+0000] {processor.py:157} INFO - Started process (PID=117) to work on /opt/airflow/dags/script.py
[2023-11-03T16:20:21.547+0000] {processor.py:829} INFO - Processing file /opt/airflow/dags/script.py for tasks to queue
[2023-11-03T16:20:21.550+0000] {logging_mixin.py:151} INFO - [2023-11-03T16:20:21.549+0000] {dagbag.py:536} INFO - Filling up the DagBag from /opt/airflow/dags/script.py
[2023-11-03T16:20:21.695+0000] {processor.py:839} INFO - DAG(s) dict_keys(['traffic_data_etl']) retrieved from /opt/airflow/dags/script.py
[2023-11-03T16:20:21.729+0000] {logging_mixin.py:151} INFO - [2023-11-03T16:20:21.729+0000] {dag.py:2941} INFO - Sync 1 DAGs
[2023-11-03T16:20:21.965+0000] {processor.py:179} INFO - Processing /opt/airflow/dags/script.py took 0.425 seconds
[2023-11-03T16:20:52.148+0000] {processor.py:157} INFO - Started process (PID=125) to work on /opt/airflow/dags/script.py
[2023-11-03T16:20:52.149+0000] {processor.py:829} INFO - Processing file /opt/airflow/dags/script.py for tasks to queue
[2023-11-03T16:20:52.152+0000] {logging_mixin.py:151} INFO - [2023-11-03T16:20:52.152+0000] {dagbag.py:536} INFO - Filling up the DagBag from /opt/airflow/dags/script.py
[2023-11-03T16:20:52.278+0000] {processor.py:839} INFO - DAG(s) dict_keys(['traffic_data_etl']) retrieved from /opt/airflow/dags/script.py
[2023-11-03T16:20:52.315+0000] {logging_mixin.py:151} INFO - [2023-11-03T16:20:52.315+0000] {dag.py:2941} INFO - Sync 1 DAGs
[2023-11-03T16:20:52.541+0000] {processor.py:179} INFO - Processing /opt/airflow/dags/script.py took 0.397 seconds
[2023-11-03T16:21:22.719+0000] {processor.py:157} INFO - Started process (PID=133) to work on /opt/airflow/dags/script.py
[2023-11-03T16:21:22.720+0000] {processor.py:829} INFO - Processing file /opt/airflow/dags/script.py for tasks to queue
[2023-11-03T16:21:22.722+0000] {logging_mixin.py:151} INFO - [2023-11-03T16:21:22.722+0000] {dagbag.py:536} INFO - Filling up the DagBag from /opt/airflow/dags/script.py
[2023-11-03T16:21:23.009+0000] {processor.py:839} INFO - DAG(s) dict_keys(['traffic_data_etl']) retrieved from /opt/airflow/dags/script.py
[2023-11-03T16:21:23.038+0000] {logging_mixin.py:151} INFO - [2023-11-03T16:21:23.038+0000] {dag.py:2941} INFO - Sync 1 DAGs
[2023-11-03T16:21:23.097+0000] {processor.py:179} INFO - Processing /opt/airflow/dags/script.py took 0.382 seconds
[2023-11-03T16:21:53.292+0000] {processor.py:157} INFO - Started process (PID=142) to work on /opt/airflow/dags/script.py
[2023-11-03T16:21:53.294+0000] {processor.py:829} INFO - Processing file /opt/airflow/dags/script.py for tasks to queue
[2023-11-03T16:21:53.297+0000] {logging_mixin.py:151} INFO - [2023-11-03T16:21:53.297+0000] {dagbag.py:536} INFO - Filling up the DagBag from /opt/airflow/dags/script.py
[2023-11-03T16:21:53.604+0000] {processor.py:839} INFO - DAG(s) dict_keys(['traffic_data_etl']) retrieved from /opt/airflow/dags/script.py
[2023-11-03T16:21:53.633+0000] {logging_mixin.py:151} INFO - [2023-11-03T16:21:53.632+0000] {dag.py:2941} INFO - Sync 1 DAGs
[2023-11-03T16:21:53.680+0000] {processor.py:179} INFO - Processing /opt/airflow/dags/script.py took 0.393 seconds
[2023-11-03T16:22:23.870+0000] {processor.py:157} INFO - Started process (PID=150) to work on /opt/airflow/dags/script.py
[2023-11-03T16:22:23.871+0000] {processor.py:829} INFO - Processing file /opt/airflow/dags/script.py for tasks to queue
[2023-11-03T16:22:23.874+0000] {logging_mixin.py:151} INFO - [2023-11-03T16:22:23.873+0000] {dagbag.py:536} INFO - Filling up the DagBag from /opt/airflow/dags/script.py
[2023-11-03T16:22:24.184+0000] {processor.py:839} INFO - DAG(s) dict_keys(['traffic_data_etl']) retrieved from /opt/airflow/dags/script.py
[2023-11-03T16:22:24.213+0000] {logging_mixin.py:151} INFO - [2023-11-03T16:22:24.213+0000] {dag.py:2941} INFO - Sync 1 DAGs
[2023-11-03T16:22:24.268+0000] {processor.py:179} INFO - Processing /opt/airflow/dags/script.py took 0.401 seconds
[2023-11-03T16:22:54.462+0000] {processor.py:157} INFO - Started process (PID=158) to work on /opt/airflow/dags/script.py
[2023-11-03T16:22:54.471+0000] {processor.py:829} INFO - Processing file /opt/airflow/dags/script.py for tasks to queue
[2023-11-03T16:22:54.474+0000] {logging_mixin.py:151} INFO - [2023-11-03T16:22:54.474+0000] {dagbag.py:536} INFO - Filling up the DagBag from /opt/airflow/dags/script.py
[2023-11-03T16:22:54.847+0000] {processor.py:839} INFO - DAG(s) dict_keys(['traffic_data_etl']) retrieved from /opt/airflow/dags/script.py
[2023-11-03T16:22:54.882+0000] {logging_mixin.py:151} INFO - [2023-11-03T16:22:54.882+0000] {dag.py:2941} INFO - Sync 1 DAGs
[2023-11-03T16:22:54.952+0000] {processor.py:179} INFO - Processing /opt/airflow/dags/script.py took 0.497 seconds
[2023-11-03T16:23:25.147+0000] {processor.py:157} INFO - Started process (PID=166) to work on /opt/airflow/dags/script.py
[2023-11-03T16:23:25.148+0000] {processor.py:829} INFO - Processing file /opt/airflow/dags/script.py for tasks to queue
[2023-11-03T16:23:25.152+0000] {logging_mixin.py:151} INFO - [2023-11-03T16:23:25.151+0000] {dagbag.py:536} INFO - Filling up the DagBag from /opt/airflow/dags/script.py
[2023-11-03T16:23:25.270+0000] {processor.py:839} INFO - DAG(s) dict_keys(['traffic_data_etl']) retrieved from /opt/airflow/dags/script.py
[2023-11-03T16:23:25.303+0000] {logging_mixin.py:151} INFO - [2023-11-03T16:23:25.302+0000] {dag.py:2941} INFO - Sync 1 DAGs
[2023-11-03T16:23:25.525+0000] {processor.py:179} INFO - Processing /opt/airflow/dags/script.py took 0.382 seconds
[2023-11-03T16:23:55.701+0000] {processor.py:157} INFO - Started process (PID=174) to work on /opt/airflow/dags/script.py
[2023-11-03T16:23:55.709+0000] {processor.py:829} INFO - Processing file /opt/airflow/dags/script.py for tasks to queue
[2023-11-03T16:23:55.711+0000] {logging_mixin.py:151} INFO - [2023-11-03T16:23:55.711+0000] {dagbag.py:536} INFO - Filling up the DagBag from /opt/airflow/dags/script.py
[2023-11-03T16:23:55.829+0000] {processor.py:839} INFO - DAG(s) dict_keys(['traffic_data_etl']) retrieved from /opt/airflow/dags/script.py
[2023-11-03T16:23:56.027+0000] {logging_mixin.py:151} INFO - [2023-11-03T16:23:56.027+0000] {dag.py:2941} INFO - Sync 1 DAGs
[2023-11-03T16:23:56.088+0000] {processor.py:179} INFO - Processing /opt/airflow/dags/script.py took 0.390 seconds
[2023-11-03T16:24:26.282+0000] {processor.py:157} INFO - Started process (PID=182) to work on /opt/airflow/dags/script.py
[2023-11-03T16:24:26.283+0000] {processor.py:829} INFO - Processing file /opt/airflow/dags/script.py for tasks to queue
[2023-11-03T16:24:26.285+0000] {logging_mixin.py:151} INFO - [2023-11-03T16:24:26.285+0000] {dagbag.py:536} INFO - Filling up the DagBag from /opt/airflow/dags/script.py
[2023-11-03T16:24:26.640+0000] {processor.py:839} INFO - DAG(s) dict_keys(['traffic_data_etl']) retrieved from /opt/airflow/dags/script.py
[2023-11-03T16:24:26.677+0000] {logging_mixin.py:151} INFO - [2023-11-03T16:24:26.677+0000] {dag.py:2941} INFO - Sync 1 DAGs
[2023-11-03T16:24:26.735+0000] {processor.py:179} INFO - Processing /opt/airflow/dags/script.py took 0.458 seconds
[2023-11-03T16:24:56.924+0000] {processor.py:157} INFO - Started process (PID=190) to work on /opt/airflow/dags/script.py
[2023-11-03T16:24:56.932+0000] {processor.py:829} INFO - Processing file /opt/airflow/dags/script.py for tasks to queue
[2023-11-03T16:24:56.935+0000] {logging_mixin.py:151} INFO - [2023-11-03T16:24:56.934+0000] {dagbag.py:536} INFO - Filling up the DagBag from /opt/airflow/dags/script.py
[2023-11-03T16:24:57.246+0000] {processor.py:839} INFO - DAG(s) dict_keys(['traffic_data_etl']) retrieved from /opt/airflow/dags/script.py
[2023-11-03T16:24:57.288+0000] {logging_mixin.py:151} INFO - [2023-11-03T16:24:57.287+0000] {dag.py:2941} INFO - Sync 1 DAGs
[2023-11-03T16:24:57.346+0000] {processor.py:179} INFO - Processing /opt/airflow/dags/script.py took 0.426 seconds
[2023-11-03T16:25:27.536+0000] {processor.py:157} INFO - Started process (PID=198) to work on /opt/airflow/dags/script.py
[2023-11-03T16:25:27.538+0000] {processor.py:829} INFO - Processing file /opt/airflow/dags/script.py for tasks to queue
[2023-11-03T16:25:27.541+0000] {logging_mixin.py:151} INFO - [2023-11-03T16:25:27.541+0000] {dagbag.py:536} INFO - Filling up the DagBag from /opt/airflow/dags/script.py
[2023-11-03T16:25:27.952+0000] {processor.py:839} INFO - DAG(s) dict_keys(['traffic_data_etl']) retrieved from /opt/airflow/dags/script.py
[2023-11-03T16:25:28.000+0000] {logging_mixin.py:151} INFO - [2023-11-03T16:25:27.999+0000] {dag.py:2941} INFO - Sync 1 DAGs
[2023-11-03T16:25:28.061+0000] {processor.py:179} INFO - Processing /opt/airflow/dags/script.py took 0.531 seconds
[2023-11-03T16:25:58.256+0000] {processor.py:157} INFO - Started process (PID=206) to work on /opt/airflow/dags/script.py
[2023-11-03T16:25:58.258+0000] {processor.py:829} INFO - Processing file /opt/airflow/dags/script.py for tasks to queue
[2023-11-03T16:25:58.262+0000] {logging_mixin.py:151} INFO - [2023-11-03T16:25:58.261+0000] {dagbag.py:536} INFO - Filling up the DagBag from /opt/airflow/dags/script.py
[2023-11-03T16:25:58.632+0000] {processor.py:839} INFO - DAG(s) dict_keys(['traffic_data_etl']) retrieved from /opt/airflow/dags/script.py
[2023-11-03T16:25:58.668+0000] {logging_mixin.py:151} INFO - [2023-11-03T16:25:58.667+0000] {dag.py:2941} INFO - Sync 1 DAGs
[2023-11-03T16:25:58.695+0000] {logging_mixin.py:151} INFO - [2023-11-03T16:25:58.695+0000] {dag.py:3722} INFO - Setting next_dagrun for traffic_data_etl to 2023-11-03T16:24:58.694937+00:00, run_after=2023-11-03T16:25:58.694937+00:00
[2023-11-03T16:25:58.730+0000] {processor.py:179} INFO - Processing /opt/airflow/dags/script.py took 0.478 seconds
[2023-11-03T16:26:28.901+0000] {processor.py:157} INFO - Started process (PID=215) to work on /opt/airflow/dags/script.py
[2023-11-03T16:26:28.902+0000] {processor.py:829} INFO - Processing file /opt/airflow/dags/script.py for tasks to queue
[2023-11-03T16:26:28.904+0000] {logging_mixin.py:151} INFO - [2023-11-03T16:26:28.904+0000] {dagbag.py:536} INFO - Filling up the DagBag from /opt/airflow/dags/script.py
[2023-11-03T16:26:29.031+0000] {processor.py:839} INFO - DAG(s) dict_keys(['traffic_data_etl']) retrieved from /opt/airflow/dags/script.py
[2023-11-03T16:26:29.241+0000] {logging_mixin.py:151} INFO - [2023-11-03T16:26:29.240+0000] {dag.py:2941} INFO - Sync 1 DAGs
[2023-11-03T16:26:29.300+0000] {processor.py:179} INFO - Processing /opt/airflow/dags/script.py took 0.403 seconds
[2023-11-03T16:26:59.482+0000] {processor.py:157} INFO - Started process (PID=223) to work on /opt/airflow/dags/script.py
[2023-11-03T16:26:59.490+0000] {processor.py:829} INFO - Processing file /opt/airflow/dags/script.py for tasks to queue
[2023-11-03T16:26:59.493+0000] {logging_mixin.py:151} INFO - [2023-11-03T16:26:59.492+0000] {dagbag.py:536} INFO - Filling up the DagBag from /opt/airflow/dags/script.py
[2023-11-03T16:26:59.800+0000] {processor.py:839} INFO - DAG(s) dict_keys(['traffic_data_etl']) retrieved from /opt/airflow/dags/script.py
[2023-11-03T16:26:59.832+0000] {logging_mixin.py:151} INFO - [2023-11-03T16:26:59.832+0000] {dag.py:2941} INFO - Sync 1 DAGs
[2023-11-03T16:26:59.879+0000] {processor.py:179} INFO - Processing /opt/airflow/dags/script.py took 0.400 seconds
[2023-11-03T16:27:30.065+0000] {processor.py:157} INFO - Started process (PID=231) to work on /opt/airflow/dags/script.py
[2023-11-03T16:27:30.066+0000] {processor.py:829} INFO - Processing file /opt/airflow/dags/script.py for tasks to queue
[2023-11-03T16:27:30.068+0000] {logging_mixin.py:151} INFO - [2023-11-03T16:27:30.068+0000] {dagbag.py:536} INFO - Filling up the DagBag from /opt/airflow/dags/script.py
[2023-11-03T16:27:30.397+0000] {processor.py:839} INFO - DAG(s) dict_keys(['traffic_data_etl']) retrieved from /opt/airflow/dags/script.py
[2023-11-03T16:27:30.429+0000] {logging_mixin.py:151} INFO - [2023-11-03T16:27:30.429+0000] {dag.py:2941} INFO - Sync 1 DAGs
[2023-11-03T16:27:30.486+0000] {processor.py:179} INFO - Processing /opt/airflow/dags/script.py took 0.425 seconds
[2023-11-03T16:28:00.675+0000] {processor.py:157} INFO - Started process (PID=239) to work on /opt/airflow/dags/script.py
[2023-11-03T16:28:00.683+0000] {processor.py:829} INFO - Processing file /opt/airflow/dags/script.py for tasks to queue
[2023-11-03T16:28:00.686+0000] {logging_mixin.py:151} INFO - [2023-11-03T16:28:00.685+0000] {dagbag.py:536} INFO - Filling up the DagBag from /opt/airflow/dags/script.py
[2023-11-03T16:28:00.972+0000] {processor.py:839} INFO - DAG(s) dict_keys(['traffic_data_etl']) retrieved from /opt/airflow/dags/script.py
[2023-11-03T16:28:01.000+0000] {logging_mixin.py:151} INFO - [2023-11-03T16:28:01.000+0000] {dag.py:2941} INFO - Sync 1 DAGs
[2023-11-03T16:28:01.045+0000] {processor.py:179} INFO - Processing /opt/airflow/dags/script.py took 0.375 seconds
[2023-11-03T16:28:31.237+0000] {processor.py:157} INFO - Started process (PID=247) to work on /opt/airflow/dags/script.py
[2023-11-03T16:28:31.238+0000] {processor.py:829} INFO - Processing file /opt/airflow/dags/script.py for tasks to queue
[2023-11-03T16:28:31.241+0000] {logging_mixin.py:151} INFO - [2023-11-03T16:28:31.240+0000] {dagbag.py:536} INFO - Filling up the DagBag from /opt/airflow/dags/script.py
[2023-11-03T16:28:31.572+0000] {processor.py:839} INFO - DAG(s) dict_keys(['traffic_data_etl']) retrieved from /opt/airflow/dags/script.py
[2023-11-03T16:28:31.601+0000] {logging_mixin.py:151} INFO - [2023-11-03T16:28:31.601+0000] {dag.py:2941} INFO - Sync 1 DAGs
[2023-11-03T16:28:31.653+0000] {processor.py:179} INFO - Processing /opt/airflow/dags/script.py took 0.420 seconds
[2023-11-03T16:29:01.844+0000] {processor.py:157} INFO - Started process (PID=255) to work on /opt/airflow/dags/script.py
[2023-11-03T16:29:01.847+0000] {processor.py:829} INFO - Processing file /opt/airflow/dags/script.py for tasks to queue
[2023-11-03T16:29:01.852+0000] {logging_mixin.py:151} INFO - [2023-11-03T16:29:01.851+0000] {dagbag.py:536} INFO - Filling up the DagBag from /opt/airflow/dags/script.py
[2023-11-03T16:29:02.078+0000] {processor.py:839} INFO - DAG(s) dict_keys(['traffic_data_etl']) retrieved from /opt/airflow/dags/script.py
[2023-11-03T16:29:02.115+0000] {logging_mixin.py:151} INFO - [2023-11-03T16:29:02.114+0000] {dag.py:2941} INFO - Sync 1 DAGs
[2023-11-03T16:29:02.346+0000] {processor.py:179} INFO - Processing /opt/airflow/dags/script.py took 0.508 seconds
[2023-11-03T16:29:32.539+0000] {processor.py:157} INFO - Started process (PID=263) to work on /opt/airflow/dags/script.py
[2023-11-03T16:29:32.540+0000] {processor.py:829} INFO - Processing file /opt/airflow/dags/script.py for tasks to queue
[2023-11-03T16:29:32.544+0000] {logging_mixin.py:151} INFO - [2023-11-03T16:29:32.543+0000] {dagbag.py:536} INFO - Filling up the DagBag from /opt/airflow/dags/script.py
[2023-11-03T16:29:32.715+0000] {processor.py:839} INFO - DAG(s) dict_keys(['traffic_data_etl']) retrieved from /opt/airflow/dags/script.py
[2023-11-03T16:29:32.950+0000] {logging_mixin.py:151} INFO - [2023-11-03T16:29:32.950+0000] {dag.py:2941} INFO - Sync 1 DAGs
[2023-11-03T16:29:33.143+0000] {processor.py:179} INFO - Processing /opt/airflow/dags/script.py took 0.607 seconds
[2023-11-03T16:30:03.176+0000] {processor.py:157} INFO - Started process (PID=272) to work on /opt/airflow/dags/script.py
[2023-11-03T16:30:03.177+0000] {processor.py:829} INFO - Processing file /opt/airflow/dags/script.py for tasks to queue
[2023-11-03T16:30:03.180+0000] {logging_mixin.py:151} INFO - [2023-11-03T16:30:03.179+0000] {dagbag.py:536} INFO - Filling up the DagBag from /opt/airflow/dags/script.py
[2023-11-03T16:30:03.525+0000] {processor.py:839} INFO - DAG(s) dict_keys(['traffic_data_etl']) retrieved from /opt/airflow/dags/script.py
[2023-11-03T16:30:03.558+0000] {logging_mixin.py:151} INFO - [2023-11-03T16:30:03.557+0000] {dag.py:2941} INFO - Sync 1 DAGs
[2023-11-03T16:30:03.611+0000] {processor.py:179} INFO - Processing /opt/airflow/dags/script.py took 0.438 seconds
[2023-11-03T16:30:33.809+0000] {processor.py:157} INFO - Started process (PID=281) to work on /opt/airflow/dags/script.py
[2023-11-03T16:30:33.818+0000] {processor.py:829} INFO - Processing file /opt/airflow/dags/script.py for tasks to queue
[2023-11-03T16:30:33.822+0000] {logging_mixin.py:151} INFO - [2023-11-03T16:30:33.821+0000] {dagbag.py:536} INFO - Filling up the DagBag from /opt/airflow/dags/script.py
[2023-11-03T16:30:34.147+0000] {processor.py:839} INFO - DAG(s) dict_keys(['traffic_data_etl']) retrieved from /opt/airflow/dags/script.py
[2023-11-03T16:30:34.178+0000] {logging_mixin.py:151} INFO - [2023-11-03T16:30:34.178+0000] {dag.py:2941} INFO - Sync 1 DAGs
[2023-11-03T16:30:34.234+0000] {processor.py:179} INFO - Processing /opt/airflow/dags/script.py took 0.429 seconds
[2023-11-03T16:31:04.435+0000] {processor.py:157} INFO - Started process (PID=290) to work on /opt/airflow/dags/script.py
[2023-11-03T16:31:04.436+0000] {processor.py:829} INFO - Processing file /opt/airflow/dags/script.py for tasks to queue
[2023-11-03T16:31:04.438+0000] {logging_mixin.py:151} INFO - [2023-11-03T16:31:04.438+0000] {dagbag.py:536} INFO - Filling up the DagBag from /opt/airflow/dags/script.py
[2023-11-03T16:31:04.769+0000] {processor.py:839} INFO - DAG(s) dict_keys(['traffic_data_etl']) retrieved from /opt/airflow/dags/script.py
[2023-11-03T16:31:04.805+0000] {logging_mixin.py:151} INFO - [2023-11-03T16:31:04.805+0000] {dag.py:2941} INFO - Sync 1 DAGs
[2023-11-03T16:31:04.862+0000] {processor.py:179} INFO - Processing /opt/airflow/dags/script.py took 0.432 seconds
[2023-11-03T16:31:35.072+0000] {processor.py:157} INFO - Started process (PID=298) to work on /opt/airflow/dags/script.py
[2023-11-03T16:31:35.073+0000] {processor.py:829} INFO - Processing file /opt/airflow/dags/script.py for tasks to queue
[2023-11-03T16:31:35.076+0000] {logging_mixin.py:151} INFO - [2023-11-03T16:31:35.076+0000] {dagbag.py:536} INFO - Filling up the DagBag from /opt/airflow/dags/script.py
[2023-11-03T16:31:35.205+0000] {processor.py:839} INFO - DAG(s) dict_keys(['traffic_data_etl']) retrieved from /opt/airflow/dags/script.py
[2023-11-03T16:31:35.239+0000] {logging_mixin.py:151} INFO - [2023-11-03T16:31:35.238+0000] {dag.py:2941} INFO - Sync 1 DAGs
[2023-11-03T16:31:35.463+0000] {processor.py:179} INFO - Processing /opt/airflow/dags/script.py took 0.394 seconds
[2023-11-03T16:32:05.644+0000] {processor.py:157} INFO - Started process (PID=306) to work on /opt/airflow/dags/script.py
[2023-11-03T16:32:05.645+0000] {processor.py:829} INFO - Processing file /opt/airflow/dags/script.py for tasks to queue
[2023-11-03T16:32:05.649+0000] {logging_mixin.py:151} INFO - [2023-11-03T16:32:05.648+0000] {dagbag.py:536} INFO - Filling up the DagBag from /opt/airflow/dags/script.py
[2023-11-03T16:32:05.799+0000] {processor.py:839} INFO - DAG(s) dict_keys(['traffic_data_etl']) retrieved from /opt/airflow/dags/script.py
[2023-11-03T16:32:06.126+0000] {logging_mixin.py:151} INFO - [2023-11-03T16:32:06.126+0000] {dag.py:2941} INFO - Sync 1 DAGs
[2023-11-03T16:32:06.216+0000] {processor.py:179} INFO - Processing /opt/airflow/dags/script.py took 0.577 seconds
[2023-11-03T16:32:36.416+0000] {processor.py:157} INFO - Started process (PID=314) to work on /opt/airflow/dags/script.py
[2023-11-03T16:32:36.424+0000] {processor.py:829} INFO - Processing file /opt/airflow/dags/script.py for tasks to queue
[2023-11-03T16:32:36.426+0000] {logging_mixin.py:151} INFO - [2023-11-03T16:32:36.426+0000] {dagbag.py:536} INFO - Filling up the DagBag from /opt/airflow/dags/script.py
[2023-11-03T16:32:36.735+0000] {processor.py:839} INFO - DAG(s) dict_keys(['traffic_data_etl']) retrieved from /opt/airflow/dags/script.py
[2023-11-03T16:32:36.762+0000] {logging_mixin.py:151} INFO - [2023-11-03T16:32:36.762+0000] {dag.py:2941} INFO - Sync 1 DAGs
[2023-11-03T16:32:36.819+0000] {processor.py:179} INFO - Processing /opt/airflow/dags/script.py took 0.407 seconds
[2023-11-03T16:33:06.999+0000] {processor.py:157} INFO - Started process (PID=323) to work on /opt/airflow/dags/script.py
[2023-11-03T16:33:07.000+0000] {processor.py:829} INFO - Processing file /opt/airflow/dags/script.py for tasks to queue
[2023-11-03T16:33:07.002+0000] {logging_mixin.py:151} INFO - [2023-11-03T16:33:07.002+0000] {dagbag.py:536} INFO - Filling up the DagBag from /opt/airflow/dags/script.py
[2023-11-03T16:33:07.291+0000] {processor.py:839} INFO - DAG(s) dict_keys(['traffic_data_etl']) retrieved from /opt/airflow/dags/script.py
[2023-11-03T16:33:07.319+0000] {logging_mixin.py:151} INFO - [2023-11-03T16:33:07.318+0000] {dag.py:2941} INFO - Sync 1 DAGs
[2023-11-03T16:33:07.372+0000] {processor.py:179} INFO - Processing /opt/airflow/dags/script.py took 0.376 seconds
[2023-11-03T16:33:37.557+0000] {processor.py:157} INFO - Started process (PID=331) to work on /opt/airflow/dags/script.py
[2023-11-03T16:33:37.558+0000] {processor.py:829} INFO - Processing file /opt/airflow/dags/script.py for tasks to queue
[2023-11-03T16:33:37.560+0000] {logging_mixin.py:151} INFO - [2023-11-03T16:33:37.560+0000] {dagbag.py:536} INFO - Filling up the DagBag from /opt/airflow/dags/script.py
[2023-11-03T16:33:37.874+0000] {processor.py:839} INFO - DAG(s) dict_keys(['traffic_data_etl']) retrieved from /opt/airflow/dags/script.py
[2023-11-03T16:33:37.904+0000] {logging_mixin.py:151} INFO - [2023-11-03T16:33:37.904+0000] {dag.py:2941} INFO - Sync 1 DAGs
[2023-11-03T16:33:37.956+0000] {processor.py:179} INFO - Processing /opt/airflow/dags/script.py took 0.404 seconds
[2023-11-03T16:34:08.138+0000] {processor.py:157} INFO - Started process (PID=339) to work on /opt/airflow/dags/script.py
[2023-11-03T16:34:08.139+0000] {processor.py:829} INFO - Processing file /opt/airflow/dags/script.py for tasks to queue
[2023-11-03T16:34:08.141+0000] {logging_mixin.py:151} INFO - [2023-11-03T16:34:08.140+0000] {dagbag.py:536} INFO - Filling up the DagBag from /opt/airflow/dags/script.py
[2023-11-03T16:34:08.426+0000] {processor.py:839} INFO - DAG(s) dict_keys(['traffic_data_etl']) retrieved from /opt/airflow/dags/script.py
[2023-11-03T16:34:08.461+0000] {logging_mixin.py:151} INFO - [2023-11-03T16:34:08.460+0000] {dag.py:2941} INFO - Sync 1 DAGs
[2023-11-03T16:34:08.515+0000] {processor.py:179} INFO - Processing /opt/airflow/dags/script.py took 0.380 seconds
[2023-11-03T16:34:38.697+0000] {processor.py:157} INFO - Started process (PID=347) to work on /opt/airflow/dags/script.py
[2023-11-03T16:34:38.705+0000] {processor.py:829} INFO - Processing file /opt/airflow/dags/script.py for tasks to queue
[2023-11-03T16:34:38.708+0000] {logging_mixin.py:151} INFO - [2023-11-03T16:34:38.707+0000] {dagbag.py:536} INFO - Filling up the DagBag from /opt/airflow/dags/script.py
[2023-11-03T16:34:38.829+0000] {processor.py:839} INFO - DAG(s) dict_keys(['traffic_data_etl']) retrieved from /opt/airflow/dags/script.py
[2023-11-03T16:34:38.859+0000] {logging_mixin.py:151} INFO - [2023-11-03T16:34:38.859+0000] {dag.py:2941} INFO - Sync 1 DAGs
[2023-11-03T16:34:39.112+0000] {processor.py:179} INFO - Processing /opt/airflow/dags/script.py took 0.418 seconds
[2023-11-03T16:35:09.287+0000] {processor.py:157} INFO - Started process (PID=355) to work on /opt/airflow/dags/script.py
[2023-11-03T16:35:09.288+0000] {processor.py:829} INFO - Processing file /opt/airflow/dags/script.py for tasks to queue
[2023-11-03T16:35:09.292+0000] {logging_mixin.py:151} INFO - [2023-11-03T16:35:09.291+0000] {dagbag.py:536} INFO - Filling up the DagBag from /opt/airflow/dags/script.py
[2023-11-03T16:35:09.440+0000] {processor.py:839} INFO - DAG(s) dict_keys(['traffic_data_etl']) retrieved from /opt/airflow/dags/script.py
[2023-11-03T16:35:09.649+0000] {logging_mixin.py:151} INFO - [2023-11-03T16:35:09.649+0000] {dag.py:2941} INFO - Sync 1 DAGs
[2023-11-03T16:35:09.700+0000] {processor.py:179} INFO - Processing /opt/airflow/dags/script.py took 0.416 seconds
[2023-11-03T16:35:39.892+0000] {processor.py:157} INFO - Started process (PID=363) to work on /opt/airflow/dags/script.py
[2023-11-03T16:35:39.901+0000] {processor.py:829} INFO - Processing file /opt/airflow/dags/script.py for tasks to queue
[2023-11-03T16:35:39.905+0000] {logging_mixin.py:151} INFO - [2023-11-03T16:35:39.905+0000] {dagbag.py:536} INFO - Filling up the DagBag from /opt/airflow/dags/script.py
[2023-11-03T16:35:40.344+0000] {processor.py:839} INFO - DAG(s) dict_keys(['traffic_data_etl']) retrieved from /opt/airflow/dags/script.py
[2023-11-03T16:35:40.423+0000] {logging_mixin.py:151} INFO - [2023-11-03T16:35:40.422+0000] {dag.py:2941} INFO - Sync 1 DAGs
[2023-11-03T16:35:40.477+0000] {logging_mixin.py:151} INFO - [2023-11-03T16:35:40.476+0000] {dag.py:3722} INFO - Setting next_dagrun for traffic_data_etl to 2023-11-03T16:34:40.476052+00:00, run_after=2023-11-03T16:35:40.476052+00:00
[2023-11-03T16:35:41.002+0000] {processor.py:179} INFO - Processing /opt/airflow/dags/script.py took 1.115 seconds
[2023-11-03T16:36:11.114+0000] {processor.py:157} INFO - Started process (PID=373) to work on /opt/airflow/dags/script.py
[2023-11-03T16:36:11.117+0000] {processor.py:829} INFO - Processing file /opt/airflow/dags/script.py for tasks to queue
[2023-11-03T16:36:11.126+0000] {logging_mixin.py:151} INFO - [2023-11-03T16:36:11.121+0000] {dagbag.py:536} INFO - Filling up the DagBag from /opt/airflow/dags/script.py
[2023-11-03T16:36:11.541+0000] {processor.py:839} INFO - DAG(s) dict_keys(['traffic_data_etl']) retrieved from /opt/airflow/dags/script.py
[2023-11-03T16:36:11.575+0000] {logging_mixin.py:151} INFO - [2023-11-03T16:36:11.575+0000] {dag.py:2941} INFO - Sync 1 DAGs
[2023-11-03T16:36:11.627+0000] {processor.py:179} INFO - Processing /opt/airflow/dags/script.py took 0.518 seconds
[2023-11-03T16:36:41.807+0000] {processor.py:157} INFO - Started process (PID=387) to work on /opt/airflow/dags/script.py
[2023-11-03T16:36:41.815+0000] {processor.py:829} INFO - Processing file /opt/airflow/dags/script.py for tasks to queue
[2023-11-03T16:36:41.817+0000] {logging_mixin.py:151} INFO - [2023-11-03T16:36:41.817+0000] {dagbag.py:536} INFO - Filling up the DagBag from /opt/airflow/dags/script.py
[2023-11-03T16:36:42.139+0000] {processor.py:839} INFO - DAG(s) dict_keys(['traffic_data_etl']) retrieved from /opt/airflow/dags/script.py
[2023-11-03T16:36:42.169+0000] {logging_mixin.py:151} INFO - [2023-11-03T16:36:42.169+0000] {dag.py:2941} INFO - Sync 1 DAGs
[2023-11-03T16:36:42.223+0000] {processor.py:179} INFO - Processing /opt/airflow/dags/script.py took 0.421 seconds
[2023-11-03T16:37:12.437+0000] {processor.py:157} INFO - Started process (PID=395) to work on /opt/airflow/dags/script.py
[2023-11-03T16:37:12.437+0000] {processor.py:829} INFO - Processing file /opt/airflow/dags/script.py for tasks to queue
[2023-11-03T16:37:12.439+0000] {logging_mixin.py:151} INFO - [2023-11-03T16:37:12.439+0000] {dagbag.py:536} INFO - Filling up the DagBag from /opt/airflow/dags/script.py
[2023-11-03T16:37:12.765+0000] {processor.py:839} INFO - DAG(s) dict_keys(['traffic_data_etl']) retrieved from /opt/airflow/dags/script.py
[2023-11-03T16:37:12.793+0000] {logging_mixin.py:151} INFO - [2023-11-03T16:37:12.792+0000] {dag.py:2941} INFO - Sync 1 DAGs
[2023-11-03T16:37:12.848+0000] {processor.py:179} INFO - Processing /opt/airflow/dags/script.py took 0.417 seconds
[2023-11-03T16:37:43.035+0000] {processor.py:157} INFO - Started process (PID=403) to work on /opt/airflow/dags/script.py
[2023-11-03T16:37:43.043+0000] {processor.py:829} INFO - Processing file /opt/airflow/dags/script.py for tasks to queue
[2023-11-03T16:37:43.045+0000] {logging_mixin.py:151} INFO - [2023-11-03T16:37:43.045+0000] {dagbag.py:536} INFO - Filling up the DagBag from /opt/airflow/dags/script.py
[2023-11-03T16:37:43.184+0000] {processor.py:839} INFO - DAG(s) dict_keys(['traffic_data_etl']) retrieved from /opt/airflow/dags/script.py
[2023-11-03T16:37:43.394+0000] {logging_mixin.py:151} INFO - [2023-11-03T16:37:43.394+0000] {dag.py:2941} INFO - Sync 1 DAGs
[2023-11-03T16:37:43.445+0000] {processor.py:179} INFO - Processing /opt/airflow/dags/script.py took 0.416 seconds
[2023-11-03T16:38:13.636+0000] {processor.py:157} INFO - Started process (PID=411) to work on /opt/airflow/dags/script.py
[2023-11-03T16:38:13.637+0000] {processor.py:829} INFO - Processing file /opt/airflow/dags/script.py for tasks to queue
[2023-11-03T16:38:13.639+0000] {logging_mixin.py:151} INFO - [2023-11-03T16:38:13.639+0000] {dagbag.py:536} INFO - Filling up the DagBag from /opt/airflow/dags/script.py
[2023-11-03T16:38:13.935+0000] {processor.py:839} INFO - DAG(s) dict_keys(['traffic_data_etl']) retrieved from /opt/airflow/dags/script.py
[2023-11-03T16:38:13.963+0000] {logging_mixin.py:151} INFO - [2023-11-03T16:38:13.963+0000] {dag.py:2941} INFO - Sync 1 DAGs
[2023-11-03T16:38:14.010+0000] {processor.py:179} INFO - Processing /opt/airflow/dags/script.py took 0.377 seconds
[2023-11-03T16:38:44.189+0000] {processor.py:157} INFO - Started process (PID=419) to work on /opt/airflow/dags/script.py
[2023-11-03T16:38:44.190+0000] {processor.py:829} INFO - Processing file /opt/airflow/dags/script.py for tasks to queue
[2023-11-03T16:38:44.192+0000] {logging_mixin.py:151} INFO - [2023-11-03T16:38:44.192+0000] {dagbag.py:536} INFO - Filling up the DagBag from /opt/airflow/dags/script.py
[2023-11-03T16:38:44.490+0000] {processor.py:839} INFO - DAG(s) dict_keys(['traffic_data_etl']) retrieved from /opt/airflow/dags/script.py
[2023-11-03T16:38:44.522+0000] {logging_mixin.py:151} INFO - [2023-11-03T16:38:44.522+0000] {dag.py:2941} INFO - Sync 1 DAGs
[2023-11-03T16:38:44.570+0000] {processor.py:179} INFO - Processing /opt/airflow/dags/script.py took 0.385 seconds
[2023-11-03T16:39:14.768+0000] {processor.py:157} INFO - Started process (PID=427) to work on /opt/airflow/dags/script.py
[2023-11-03T16:39:14.769+0000] {processor.py:829} INFO - Processing file /opt/airflow/dags/script.py for tasks to queue
[2023-11-03T16:39:14.771+0000] {logging_mixin.py:151} INFO - [2023-11-03T16:39:14.771+0000] {dagbag.py:536} INFO - Filling up the DagBag from /opt/airflow/dags/script.py
[2023-11-03T16:39:15.075+0000] {processor.py:839} INFO - DAG(s) dict_keys(['traffic_data_etl']) retrieved from /opt/airflow/dags/script.py
[2023-11-03T16:39:15.111+0000] {logging_mixin.py:151} INFO - [2023-11-03T16:39:15.110+0000] {dag.py:2941} INFO - Sync 1 DAGs
[2023-11-03T16:39:15.164+0000] {processor.py:179} INFO - Processing /opt/airflow/dags/script.py took 0.400 seconds
[2023-11-03T16:39:45.347+0000] {processor.py:157} INFO - Started process (PID=436) to work on /opt/airflow/dags/script.py
[2023-11-03T16:39:45.348+0000] {processor.py:829} INFO - Processing file /opt/airflow/dags/script.py for tasks to queue
[2023-11-03T16:39:45.352+0000] {logging_mixin.py:151} INFO - [2023-11-03T16:39:45.351+0000] {dagbag.py:536} INFO - Filling up the DagBag from /opt/airflow/dags/script.py
[2023-11-03T16:39:45.733+0000] {processor.py:839} INFO - DAG(s) dict_keys(['traffic_data_etl']) retrieved from /opt/airflow/dags/script.py
[2023-11-03T16:39:45.783+0000] {logging_mixin.py:151} INFO - [2023-11-03T16:39:45.783+0000] {dag.py:2941} INFO - Sync 1 DAGs
[2023-11-03T16:39:45.892+0000] {processor.py:179} INFO - Processing /opt/airflow/dags/script.py took 0.550 seconds
[2023-11-03T16:40:16.134+0000] {processor.py:157} INFO - Started process (PID=444) to work on /opt/airflow/dags/script.py
[2023-11-03T16:40:16.135+0000] {processor.py:829} INFO - Processing file /opt/airflow/dags/script.py for tasks to queue
[2023-11-03T16:40:16.141+0000] {logging_mixin.py:151} INFO - [2023-11-03T16:40:16.139+0000] {dagbag.py:536} INFO - Filling up the DagBag from /opt/airflow/dags/script.py
[2023-11-03T16:40:16.557+0000] {processor.py:839} INFO - DAG(s) dict_keys(['traffic_data_etl']) retrieved from /opt/airflow/dags/script.py
[2023-11-03T16:40:16.591+0000] {logging_mixin.py:151} INFO - [2023-11-03T16:40:16.591+0000] {dag.py:2941} INFO - Sync 1 DAGs
[2023-11-03T16:40:16.660+0000] {processor.py:179} INFO - Processing /opt/airflow/dags/script.py took 0.535 seconds
[2023-11-03T16:40:46.856+0000] {processor.py:157} INFO - Started process (PID=452) to work on /opt/airflow/dags/script.py
[2023-11-03T16:40:46.858+0000] {processor.py:829} INFO - Processing file /opt/airflow/dags/script.py for tasks to queue
[2023-11-03T16:40:46.860+0000] {logging_mixin.py:151} INFO - [2023-11-03T16:40:46.860+0000] {dagbag.py:536} INFO - Filling up the DagBag from /opt/airflow/dags/script.py
[2023-11-03T16:40:46.987+0000] {processor.py:839} INFO - DAG(s) dict_keys(['traffic_data_etl']) retrieved from /opt/airflow/dags/script.py
[2023-11-03T16:40:47.191+0000] {logging_mixin.py:151} INFO - [2023-11-03T16:40:47.191+0000] {dag.py:2941} INFO - Sync 1 DAGs
[2023-11-03T16:40:47.256+0000] {processor.py:179} INFO - Processing /opt/airflow/dags/script.py took 0.404 seconds
[2023-11-03T16:41:17.485+0000] {processor.py:157} INFO - Started process (PID=461) to work on /opt/airflow/dags/script.py
[2023-11-03T16:41:17.486+0000] {processor.py:829} INFO - Processing file /opt/airflow/dags/script.py for tasks to queue
[2023-11-03T16:41:17.488+0000] {logging_mixin.py:151} INFO - [2023-11-03T16:41:17.488+0000] {dagbag.py:536} INFO - Filling up the DagBag from /opt/airflow/dags/script.py
[2023-11-03T16:41:17.797+0000] {processor.py:839} INFO - DAG(s) dict_keys(['traffic_data_etl']) retrieved from /opt/airflow/dags/script.py
[2023-11-03T16:41:17.826+0000] {logging_mixin.py:151} INFO - [2023-11-03T16:41:17.825+0000] {dag.py:2941} INFO - Sync 1 DAGs
[2023-11-03T16:41:17.875+0000] {processor.py:179} INFO - Processing /opt/airflow/dags/script.py took 0.395 seconds
[2023-11-03T16:41:48.056+0000] {processor.py:157} INFO - Started process (PID=469) to work on /opt/airflow/dags/script.py
[2023-11-03T16:41:48.062+0000] {processor.py:829} INFO - Processing file /opt/airflow/dags/script.py for tasks to queue
[2023-11-03T16:41:48.069+0000] {logging_mixin.py:151} INFO - [2023-11-03T16:41:48.069+0000] {dagbag.py:536} INFO - Filling up the DagBag from /opt/airflow/dags/script.py
[2023-11-03T16:41:48.426+0000] {processor.py:839} INFO - DAG(s) dict_keys(['traffic_data_etl']) retrieved from /opt/airflow/dags/script.py
[2023-11-03T16:41:48.457+0000] {logging_mixin.py:151} INFO - [2023-11-03T16:41:48.456+0000] {dag.py:2941} INFO - Sync 1 DAGs
[2023-11-03T16:41:48.509+0000] {processor.py:179} INFO - Processing /opt/airflow/dags/script.py took 0.461 seconds
[2023-11-03T16:42:18.700+0000] {processor.py:157} INFO - Started process (PID=477) to work on /opt/airflow/dags/script.py
[2023-11-03T16:42:18.701+0000] {processor.py:829} INFO - Processing file /opt/airflow/dags/script.py for tasks to queue
[2023-11-03T16:42:18.704+0000] {logging_mixin.py:151} INFO - [2023-11-03T16:42:18.703+0000] {dagbag.py:536} INFO - Filling up the DagBag from /opt/airflow/dags/script.py
[2023-11-03T16:42:19.085+0000] {processor.py:839} INFO - DAG(s) dict_keys(['traffic_data_etl']) retrieved from /opt/airflow/dags/script.py
[2023-11-03T16:42:19.120+0000] {logging_mixin.py:151} INFO - [2023-11-03T16:42:19.119+0000] {dag.py:2941} INFO - Sync 1 DAGs
[2023-11-03T16:42:19.195+0000] {processor.py:179} INFO - Processing /opt/airflow/dags/script.py took 0.500 seconds
[2023-11-03T16:42:49.395+0000] {processor.py:157} INFO - Started process (PID=485) to work on /opt/airflow/dags/script.py
[2023-11-03T16:42:49.404+0000] {processor.py:829} INFO - Processing file /opt/airflow/dags/script.py for tasks to queue
[2023-11-03T16:42:49.408+0000] {logging_mixin.py:151} INFO - [2023-11-03T16:42:49.407+0000] {dagbag.py:536} INFO - Filling up the DagBag from /opt/airflow/dags/script.py
[2023-11-03T16:42:49.727+0000] {processor.py:839} INFO - DAG(s) dict_keys(['traffic_data_etl']) retrieved from /opt/airflow/dags/script.py
[2023-11-03T16:42:49.758+0000] {logging_mixin.py:151} INFO - [2023-11-03T16:42:49.758+0000] {dag.py:2941} INFO - Sync 1 DAGs
[2023-11-03T16:42:49.817+0000] {processor.py:179} INFO - Processing /opt/airflow/dags/script.py took 0.428 seconds
[2023-11-03T16:43:20.014+0000] {processor.py:157} INFO - Started process (PID=493) to work on /opt/airflow/dags/script.py
[2023-11-03T16:43:20.015+0000] {processor.py:829} INFO - Processing file /opt/airflow/dags/script.py for tasks to queue
[2023-11-03T16:43:20.018+0000] {logging_mixin.py:151} INFO - [2023-11-03T16:43:20.017+0000] {dagbag.py:536} INFO - Filling up the DagBag from /opt/airflow/dags/script.py
[2023-11-03T16:43:20.151+0000] {processor.py:839} INFO - DAG(s) dict_keys(['traffic_data_etl']) retrieved from /opt/airflow/dags/script.py
[2023-11-03T16:43:20.193+0000] {logging_mixin.py:151} INFO - [2023-11-03T16:43:20.193+0000] {dag.py:2941} INFO - Sync 1 DAGs
[2023-11-03T16:43:20.425+0000] {processor.py:179} INFO - Processing /opt/airflow/dags/script.py took 0.415 seconds
[2023-11-03T16:43:50.620+0000] {processor.py:157} INFO - Started process (PID=501) to work on /opt/airflow/dags/script.py
[2023-11-03T16:43:50.621+0000] {processor.py:829} INFO - Processing file /opt/airflow/dags/script.py for tasks to queue
[2023-11-03T16:43:50.624+0000] {logging_mixin.py:151} INFO - [2023-11-03T16:43:50.624+0000] {dagbag.py:536} INFO - Filling up the DagBag from /opt/airflow/dags/script.py
[2023-11-03T16:43:50.754+0000] {processor.py:839} INFO - DAG(s) dict_keys(['traffic_data_etl']) retrieved from /opt/airflow/dags/script.py
[2023-11-03T16:43:50.967+0000] {logging_mixin.py:151} INFO - [2023-11-03T16:43:50.967+0000] {dag.py:2941} INFO - Sync 1 DAGs
[2023-11-03T16:43:51.021+0000] {processor.py:179} INFO - Processing /opt/airflow/dags/script.py took 0.405 seconds
[2023-11-03T16:44:21.209+0000] {processor.py:157} INFO - Started process (PID=509) to work on /opt/airflow/dags/script.py
[2023-11-03T16:44:21.209+0000] {processor.py:829} INFO - Processing file /opt/airflow/dags/script.py for tasks to queue
[2023-11-03T16:44:21.212+0000] {logging_mixin.py:151} INFO - [2023-11-03T16:44:21.212+0000] {dagbag.py:536} INFO - Filling up the DagBag from /opt/airflow/dags/script.py
[2023-11-03T16:44:21.540+0000] {processor.py:839} INFO - DAG(s) dict_keys(['traffic_data_etl']) retrieved from /opt/airflow/dags/script.py
[2023-11-03T16:44:21.567+0000] {logging_mixin.py:151} INFO - [2023-11-03T16:44:21.567+0000] {dag.py:2941} INFO - Sync 1 DAGs
[2023-11-03T16:44:21.620+0000] {processor.py:179} INFO - Processing /opt/airflow/dags/script.py took 0.415 seconds
[2023-11-03T16:44:51.807+0000] {processor.py:157} INFO - Started process (PID=517) to work on /opt/airflow/dags/script.py
[2023-11-03T16:44:51.808+0000] {processor.py:829} INFO - Processing file /opt/airflow/dags/script.py for tasks to queue
[2023-11-03T16:44:51.811+0000] {logging_mixin.py:151} INFO - [2023-11-03T16:44:51.811+0000] {dagbag.py:536} INFO - Filling up the DagBag from /opt/airflow/dags/script.py
[2023-11-03T16:44:52.128+0000] {processor.py:839} INFO - DAG(s) dict_keys(['traffic_data_etl']) retrieved from /opt/airflow/dags/script.py
[2023-11-03T16:44:52.161+0000] {logging_mixin.py:151} INFO - [2023-11-03T16:44:52.161+0000] {dag.py:2941} INFO - Sync 1 DAGs
[2023-11-03T16:44:52.213+0000] {processor.py:179} INFO - Processing /opt/airflow/dags/script.py took 0.409 seconds
[2023-11-03T16:45:22.401+0000] {processor.py:157} INFO - Started process (PID=525) to work on /opt/airflow/dags/script.py
[2023-11-03T16:45:22.402+0000] {processor.py:829} INFO - Processing file /opt/airflow/dags/script.py for tasks to queue
[2023-11-03T16:45:22.405+0000] {logging_mixin.py:151} INFO - [2023-11-03T16:45:22.404+0000] {dagbag.py:536} INFO - Filling up the DagBag from /opt/airflow/dags/script.py
[2023-11-03T16:45:22.693+0000] {processor.py:839} INFO - DAG(s) dict_keys(['traffic_data_etl']) retrieved from /opt/airflow/dags/script.py
[2023-11-03T16:45:22.721+0000] {logging_mixin.py:151} INFO - [2023-11-03T16:45:22.721+0000] {dag.py:2941} INFO - Sync 1 DAGs
[2023-11-03T16:45:22.743+0000] {logging_mixin.py:151} INFO - [2023-11-03T16:45:22.742+0000] {dag.py:3722} INFO - Setting next_dagrun for traffic_data_etl to 2023-11-03T16:44:22.742670+00:00, run_after=2023-11-03T16:45:22.742670+00:00
[2023-11-03T16:45:22.769+0000] {processor.py:179} INFO - Processing /opt/airflow/dags/script.py took 0.373 seconds
[2023-11-03T16:45:52.954+0000] {processor.py:157} INFO - Started process (PID=533) to work on /opt/airflow/dags/script.py
[2023-11-03T16:45:52.955+0000] {processor.py:829} INFO - Processing file /opt/airflow/dags/script.py for tasks to queue
[2023-11-03T16:45:52.958+0000] {logging_mixin.py:151} INFO - [2023-11-03T16:45:52.958+0000] {dagbag.py:536} INFO - Filling up the DagBag from /opt/airflow/dags/script.py
[2023-11-03T16:45:53.247+0000] {processor.py:839} INFO - DAG(s) dict_keys(['traffic_data_etl']) retrieved from /opt/airflow/dags/script.py
[2023-11-03T16:45:53.276+0000] {logging_mixin.py:151} INFO - [2023-11-03T16:45:53.276+0000] {dag.py:2941} INFO - Sync 1 DAGs
[2023-11-03T16:45:53.328+0000] {processor.py:179} INFO - Processing /opt/airflow/dags/script.py took 0.378 seconds
[2023-11-03T16:46:23.551+0000] {processor.py:157} INFO - Started process (PID=541) to work on /opt/airflow/dags/script.py
[2023-11-03T16:46:23.552+0000] {processor.py:829} INFO - Processing file /opt/airflow/dags/script.py for tasks to queue
[2023-11-03T16:46:23.556+0000] {logging_mixin.py:151} INFO - [2023-11-03T16:46:23.554+0000] {dagbag.py:536} INFO - Filling up the DagBag from /opt/airflow/dags/script.py
[2023-11-03T16:46:23.705+0000] {processor.py:839} INFO - DAG(s) dict_keys(['traffic_data_etl']) retrieved from /opt/airflow/dags/script.py
[2023-11-03T16:46:24.586+0000] {logging_mixin.py:151} INFO - [2023-11-03T16:46:24.586+0000] {dag.py:2941} INFO - Sync 1 DAGs
[2023-11-03T16:46:24.862+0000] {processor.py:179} INFO - Processing /opt/airflow/dags/script.py took 1.315 seconds
[2023-11-03T16:46:55.055+0000] {processor.py:157} INFO - Started process (PID=549) to work on /opt/airflow/dags/script.py
[2023-11-03T16:46:55.056+0000] {processor.py:829} INFO - Processing file /opt/airflow/dags/script.py for tasks to queue
[2023-11-03T16:46:55.069+0000] {logging_mixin.py:151} INFO - [2023-11-03T16:46:55.066+0000] {dagbag.py:536} INFO - Filling up the DagBag from /opt/airflow/dags/script.py
[2023-11-03T16:46:55.615+0000] {processor.py:839} INFO - DAG(s) dict_keys(['traffic_data_etl']) retrieved from /opt/airflow/dags/script.py
[2023-11-03T16:46:55.651+0000] {logging_mixin.py:151} INFO - [2023-11-03T16:46:55.651+0000] {dag.py:2941} INFO - Sync 1 DAGs
[2023-11-03T16:46:55.709+0000] {processor.py:179} INFO - Processing /opt/airflow/dags/script.py took 0.661 seconds
[2023-11-03T16:47:25.908+0000] {processor.py:157} INFO - Started process (PID=557) to work on /opt/airflow/dags/script.py
[2023-11-03T16:47:25.910+0000] {processor.py:829} INFO - Processing file /opt/airflow/dags/script.py for tasks to queue
[2023-11-03T16:47:25.918+0000] {logging_mixin.py:151} INFO - [2023-11-03T16:47:25.917+0000] {dagbag.py:536} INFO - Filling up the DagBag from /opt/airflow/dags/script.py
[2023-11-03T16:47:26.360+0000] {processor.py:839} INFO - DAG(s) dict_keys(['traffic_data_etl']) retrieved from /opt/airflow/dags/script.py
[2023-11-03T16:47:26.391+0000] {logging_mixin.py:151} INFO - [2023-11-03T16:47:26.391+0000] {dag.py:2941} INFO - Sync 1 DAGs
[2023-11-03T16:47:26.444+0000] {processor.py:179} INFO - Processing /opt/airflow/dags/script.py took 0.540 seconds
[2023-11-03T16:47:56.636+0000] {processor.py:157} INFO - Started process (PID=565) to work on /opt/airflow/dags/script.py
[2023-11-03T16:47:56.639+0000] {processor.py:829} INFO - Processing file /opt/airflow/dags/script.py for tasks to queue
[2023-11-03T16:47:56.642+0000] {logging_mixin.py:151} INFO - [2023-11-03T16:47:56.641+0000] {dagbag.py:536} INFO - Filling up the DagBag from /opt/airflow/dags/script.py
[2023-11-03T16:47:57.427+0000] {processor.py:839} INFO - DAG(s) dict_keys(['traffic_data_etl']) retrieved from /opt/airflow/dags/script.py
[2023-11-03T16:47:57.468+0000] {logging_mixin.py:151} INFO - [2023-11-03T16:47:57.468+0000] {dag.py:2941} INFO - Sync 1 DAGs
[2023-11-03T16:47:57.550+0000] {processor.py:179} INFO - Processing /opt/airflow/dags/script.py took 0.919 seconds
[2023-11-03T16:48:27.741+0000] {processor.py:157} INFO - Started process (PID=573) to work on /opt/airflow/dags/script.py
[2023-11-03T16:48:27.742+0000] {processor.py:829} INFO - Processing file /opt/airflow/dags/script.py for tasks to queue
[2023-11-03T16:48:27.744+0000] {logging_mixin.py:151} INFO - [2023-11-03T16:48:27.744+0000] {dagbag.py:536} INFO - Filling up the DagBag from /opt/airflow/dags/script.py
[2023-11-03T16:48:28.051+0000] {processor.py:839} INFO - DAG(s) dict_keys(['traffic_data_etl']) retrieved from /opt/airflow/dags/script.py
[2023-11-03T16:48:28.084+0000] {logging_mixin.py:151} INFO - [2023-11-03T16:48:28.084+0000] {dag.py:2941} INFO - Sync 1 DAGs
[2023-11-03T16:48:28.138+0000] {processor.py:179} INFO - Processing /opt/airflow/dags/script.py took 0.402 seconds
[2023-11-03T16:48:58.371+0000] {processor.py:157} INFO - Started process (PID=581) to work on /opt/airflow/dags/script.py
[2023-11-03T16:48:58.488+0000] {processor.py:829} INFO - Processing file /opt/airflow/dags/script.py for tasks to queue
[2023-11-03T16:48:58.512+0000] {logging_mixin.py:151} INFO - [2023-11-03T16:48:58.510+0000] {dagbag.py:536} INFO - Filling up the DagBag from /opt/airflow/dags/script.py
[2023-11-03T16:49:01.491+0000] {processor.py:839} INFO - DAG(s) dict_keys(['traffic_data_etl']) retrieved from /opt/airflow/dags/script.py
[2023-11-03T16:49:01.584+0000] {logging_mixin.py:151} INFO - [2023-11-03T16:49:01.584+0000] {dag.py:2941} INFO - Sync 1 DAGs
[2023-11-03T16:49:01.760+0000] {processor.py:179} INFO - Processing /opt/airflow/dags/script.py took 3.417 seconds
[2023-11-03T16:49:31.944+0000] {processor.py:157} INFO - Started process (PID=589) to work on /opt/airflow/dags/script.py
[2023-11-03T16:49:31.945+0000] {processor.py:829} INFO - Processing file /opt/airflow/dags/script.py for tasks to queue
[2023-11-03T16:49:31.948+0000] {logging_mixin.py:151} INFO - [2023-11-03T16:49:31.947+0000] {dagbag.py:536} INFO - Filling up the DagBag from /opt/airflow/dags/script.py
[2023-11-03T16:49:32.100+0000] {processor.py:839} INFO - DAG(s) dict_keys(['traffic_data_etl']) retrieved from /opt/airflow/dags/script.py
[2023-11-03T16:49:32.485+0000] {logging_mixin.py:151} INFO - [2023-11-03T16:49:32.485+0000] {dag.py:2941} INFO - Sync 1 DAGs
[2023-11-03T16:49:32.550+0000] {processor.py:179} INFO - Processing /opt/airflow/dags/script.py took 0.609 seconds
[2023-11-03T16:50:02.703+0000] {processor.py:157} INFO - Started process (PID=598) to work on /opt/airflow/dags/script.py
[2023-11-03T16:50:02.705+0000] {processor.py:829} INFO - Processing file /opt/airflow/dags/script.py for tasks to queue
[2023-11-03T16:50:02.708+0000] {logging_mixin.py:151} INFO - [2023-11-03T16:50:02.707+0000] {dagbag.py:536} INFO - Filling up the DagBag from /opt/airflow/dags/script.py
[2023-11-03T16:50:03.077+0000] {processor.py:839} INFO - DAG(s) dict_keys(['traffic_data_etl']) retrieved from /opt/airflow/dags/script.py
[2023-11-03T16:50:03.106+0000] {logging_mixin.py:151} INFO - [2023-11-03T16:50:03.105+0000] {dag.py:2941} INFO - Sync 1 DAGs
[2023-11-03T16:50:03.158+0000] {processor.py:179} INFO - Processing /opt/airflow/dags/script.py took 0.465 seconds
[2023-11-03T16:50:33.348+0000] {processor.py:157} INFO - Started process (PID=606) to work on /opt/airflow/dags/script.py
[2023-11-03T16:50:33.350+0000] {processor.py:829} INFO - Processing file /opt/airflow/dags/script.py for tasks to queue
[2023-11-03T16:50:33.352+0000] {logging_mixin.py:151} INFO - [2023-11-03T16:50:33.352+0000] {dagbag.py:536} INFO - Filling up the DagBag from /opt/airflow/dags/script.py
[2023-11-03T16:50:33.701+0000] {processor.py:839} INFO - DAG(s) dict_keys(['traffic_data_etl']) retrieved from /opt/airflow/dags/script.py
[2023-11-03T16:50:33.739+0000] {logging_mixin.py:151} INFO - [2023-11-03T16:50:33.739+0000] {dag.py:2941} INFO - Sync 1 DAGs
[2023-11-03T16:50:33.798+0000] {processor.py:179} INFO - Processing /opt/airflow/dags/script.py took 0.455 seconds
[2023-11-03T16:51:03.994+0000] {processor.py:157} INFO - Started process (PID=614) to work on /opt/airflow/dags/script.py
[2023-11-03T16:51:03.995+0000] {processor.py:829} INFO - Processing file /opt/airflow/dags/script.py for tasks to queue
[2023-11-03T16:51:03.999+0000] {logging_mixin.py:151} INFO - [2023-11-03T16:51:03.999+0000] {dagbag.py:536} INFO - Filling up the DagBag from /opt/airflow/dags/script.py
[2023-11-03T16:51:04.356+0000] {processor.py:839} INFO - DAG(s) dict_keys(['traffic_data_etl']) retrieved from /opt/airflow/dags/script.py
[2023-11-03T16:51:04.384+0000] {logging_mixin.py:151} INFO - [2023-11-03T16:51:04.384+0000] {dag.py:2941} INFO - Sync 1 DAGs
[2023-11-03T16:51:04.433+0000] {processor.py:179} INFO - Processing /opt/airflow/dags/script.py took 0.446 seconds
[2023-11-03T16:51:34.637+0000] {processor.py:157} INFO - Started process (PID=622) to work on /opt/airflow/dags/script.py
[2023-11-03T16:51:34.639+0000] {processor.py:829} INFO - Processing file /opt/airflow/dags/script.py for tasks to queue
[2023-11-03T16:51:34.642+0000] {logging_mixin.py:151} INFO - [2023-11-03T16:51:34.641+0000] {dagbag.py:536} INFO - Filling up the DagBag from /opt/airflow/dags/script.py
[2023-11-03T16:51:34.939+0000] {processor.py:839} INFO - DAG(s) dict_keys(['traffic_data_etl']) retrieved from /opt/airflow/dags/script.py
[2023-11-03T16:51:34.969+0000] {logging_mixin.py:151} INFO - [2023-11-03T16:51:34.969+0000] {dag.py:2941} INFO - Sync 1 DAGs
[2023-11-03T16:51:35.022+0000] {processor.py:179} INFO - Processing /opt/airflow/dags/script.py took 0.388 seconds
[2023-11-03T16:52:05.204+0000] {processor.py:157} INFO - Started process (PID=630) to work on /opt/airflow/dags/script.py
[2023-11-03T16:52:05.205+0000] {processor.py:829} INFO - Processing file /opt/airflow/dags/script.py for tasks to queue
[2023-11-03T16:52:05.209+0000] {logging_mixin.py:151} INFO - [2023-11-03T16:52:05.208+0000] {dagbag.py:536} INFO - Filling up the DagBag from /opt/airflow/dags/script.py
[2023-11-03T16:52:05.348+0000] {processor.py:839} INFO - DAG(s) dict_keys(['traffic_data_etl']) retrieved from /opt/airflow/dags/script.py
[2023-11-03T16:52:05.561+0000] {logging_mixin.py:151} INFO - [2023-11-03T16:52:05.561+0000] {dag.py:2941} INFO - Sync 1 DAGs
[2023-11-03T16:52:05.619+0000] {processor.py:179} INFO - Processing /opt/airflow/dags/script.py took 0.418 seconds
[2023-11-03T16:52:35.808+0000] {processor.py:157} INFO - Started process (PID=638) to work on /opt/airflow/dags/script.py
[2023-11-03T16:52:35.809+0000] {processor.py:829} INFO - Processing file /opt/airflow/dags/script.py for tasks to queue
[2023-11-03T16:52:35.812+0000] {logging_mixin.py:151} INFO - [2023-11-03T16:52:35.811+0000] {dagbag.py:536} INFO - Filling up the DagBag from /opt/airflow/dags/script.py
[2023-11-03T16:52:36.116+0000] {processor.py:839} INFO - DAG(s) dict_keys(['traffic_data_etl']) retrieved from /opt/airflow/dags/script.py
[2023-11-03T16:52:36.145+0000] {logging_mixin.py:151} INFO - [2023-11-03T16:52:36.144+0000] {dag.py:2941} INFO - Sync 1 DAGs
[2023-11-03T16:52:36.197+0000] {processor.py:179} INFO - Processing /opt/airflow/dags/script.py took 0.392 seconds
[2023-11-03T16:53:06.387+0000] {processor.py:157} INFO - Started process (PID=646) to work on /opt/airflow/dags/script.py
[2023-11-03T16:53:06.387+0000] {processor.py:829} INFO - Processing file /opt/airflow/dags/script.py for tasks to queue
[2023-11-03T16:53:06.390+0000] {logging_mixin.py:151} INFO - [2023-11-03T16:53:06.389+0000] {dagbag.py:536} INFO - Filling up the DagBag from /opt/airflow/dags/script.py
[2023-11-03T16:53:06.688+0000] {processor.py:839} INFO - DAG(s) dict_keys(['traffic_data_etl']) retrieved from /opt/airflow/dags/script.py
[2023-11-03T16:53:06.719+0000] {logging_mixin.py:151} INFO - [2023-11-03T16:53:06.719+0000] {dag.py:2941} INFO - Sync 1 DAGs
[2023-11-03T16:53:06.773+0000] {processor.py:179} INFO - Processing /opt/airflow/dags/script.py took 0.390 seconds
[2023-11-03T16:53:36.953+0000] {processor.py:157} INFO - Started process (PID=654) to work on /opt/airflow/dags/script.py
[2023-11-03T16:53:36.960+0000] {processor.py:829} INFO - Processing file /opt/airflow/dags/script.py for tasks to queue
[2023-11-03T16:53:36.963+0000] {logging_mixin.py:151} INFO - [2023-11-03T16:53:36.963+0000] {dagbag.py:536} INFO - Filling up the DagBag from /opt/airflow/dags/script.py
[2023-11-03T16:53:37.261+0000] {processor.py:839} INFO - DAG(s) dict_keys(['traffic_data_etl']) retrieved from /opt/airflow/dags/script.py
[2023-11-03T16:53:37.292+0000] {logging_mixin.py:151} INFO - [2023-11-03T16:53:37.291+0000] {dag.py:2941} INFO - Sync 1 DAGs
[2023-11-03T16:53:37.349+0000] {processor.py:179} INFO - Processing /opt/airflow/dags/script.py took 0.400 seconds
[2023-11-03T16:54:07.532+0000] {processor.py:157} INFO - Started process (PID=662) to work on /opt/airflow/dags/script.py
[2023-11-03T16:54:07.534+0000] {processor.py:829} INFO - Processing file /opt/airflow/dags/script.py for tasks to queue
[2023-11-03T16:54:07.536+0000] {logging_mixin.py:151} INFO - [2023-11-03T16:54:07.536+0000] {dagbag.py:536} INFO - Filling up the DagBag from /opt/airflow/dags/script.py
[2023-11-03T16:54:07.916+0000] {processor.py:839} INFO - DAG(s) dict_keys(['traffic_data_etl']) retrieved from /opt/airflow/dags/script.py
[2023-11-03T16:54:07.952+0000] {logging_mixin.py:151} INFO - [2023-11-03T16:54:07.951+0000] {dag.py:2941} INFO - Sync 1 DAGs
[2023-11-03T16:54:08.021+0000] {processor.py:179} INFO - Processing /opt/airflow/dags/script.py took 0.493 seconds
[2023-11-03T16:54:38.233+0000] {processor.py:157} INFO - Started process (PID=670) to work on /opt/airflow/dags/script.py
[2023-11-03T16:54:38.238+0000] {processor.py:829} INFO - Processing file /opt/airflow/dags/script.py for tasks to queue
[2023-11-03T16:54:38.245+0000] {logging_mixin.py:151} INFO - [2023-11-03T16:54:38.244+0000] {dagbag.py:536} INFO - Filling up the DagBag from /opt/airflow/dags/script.py
[2023-11-03T16:54:38.800+0000] {processor.py:839} INFO - DAG(s) dict_keys(['traffic_data_etl']) retrieved from /opt/airflow/dags/script.py
[2023-11-03T16:54:38.856+0000] {logging_mixin.py:151} INFO - [2023-11-03T16:54:38.856+0000] {dag.py:2941} INFO - Sync 1 DAGs
[2023-11-03T16:54:38.946+0000] {processor.py:179} INFO - Processing /opt/airflow/dags/script.py took 0.726 seconds
[2023-11-03T16:55:09.182+0000] {processor.py:157} INFO - Started process (PID=678) to work on /opt/airflow/dags/script.py
[2023-11-03T16:55:09.190+0000] {processor.py:829} INFO - Processing file /opt/airflow/dags/script.py for tasks to queue
[2023-11-03T16:55:09.193+0000] {logging_mixin.py:151} INFO - [2023-11-03T16:55:09.193+0000] {dagbag.py:536} INFO - Filling up the DagBag from /opt/airflow/dags/script.py
[2023-11-03T16:55:09.356+0000] {processor.py:839} INFO - DAG(s) dict_keys(['traffic_data_etl']) retrieved from /opt/airflow/dags/script.py
[2023-11-03T16:55:09.594+0000] {logging_mixin.py:151} INFO - [2023-11-03T16:55:09.594+0000] {dag.py:2941} INFO - Sync 1 DAGs
[2023-11-03T16:55:09.651+0000] {processor.py:179} INFO - Processing /opt/airflow/dags/script.py took 0.474 seconds
[2023-11-03T16:55:39.838+0000] {processor.py:157} INFO - Started process (PID=686) to work on /opt/airflow/dags/script.py
[2023-11-03T16:55:39.839+0000] {processor.py:829} INFO - Processing file /opt/airflow/dags/script.py for tasks to queue
[2023-11-03T16:55:39.841+0000] {logging_mixin.py:151} INFO - [2023-11-03T16:55:39.840+0000] {dagbag.py:536} INFO - Filling up the DagBag from /opt/airflow/dags/script.py
[2023-11-03T16:55:40.132+0000] {processor.py:839} INFO - DAG(s) dict_keys(['traffic_data_etl']) retrieved from /opt/airflow/dags/script.py
[2023-11-03T16:55:40.159+0000] {logging_mixin.py:151} INFO - [2023-11-03T16:55:40.159+0000] {dag.py:2941} INFO - Sync 1 DAGs
[2023-11-03T16:55:40.209+0000] {processor.py:179} INFO - Processing /opt/airflow/dags/script.py took 0.375 seconds
[2023-11-03T16:56:10.384+0000] {processor.py:157} INFO - Started process (PID=694) to work on /opt/airflow/dags/script.py
[2023-11-03T16:56:10.386+0000] {processor.py:829} INFO - Processing file /opt/airflow/dags/script.py for tasks to queue
[2023-11-03T16:56:10.388+0000] {logging_mixin.py:151} INFO - [2023-11-03T16:56:10.387+0000] {dagbag.py:536} INFO - Filling up the DagBag from /opt/airflow/dags/script.py
[2023-11-03T16:56:10.667+0000] {processor.py:839} INFO - DAG(s) dict_keys(['traffic_data_etl']) retrieved from /opt/airflow/dags/script.py
[2023-11-03T16:56:10.695+0000] {logging_mixin.py:151} INFO - [2023-11-03T16:56:10.694+0000] {dag.py:2941} INFO - Sync 1 DAGs
[2023-11-03T16:56:10.739+0000] {processor.py:179} INFO - Processing /opt/airflow/dags/script.py took 0.358 seconds
[2023-11-03T16:56:40.924+0000] {processor.py:157} INFO - Started process (PID=702) to work on /opt/airflow/dags/script.py
[2023-11-03T16:56:40.924+0000] {processor.py:829} INFO - Processing file /opt/airflow/dags/script.py for tasks to queue
[2023-11-03T16:56:40.927+0000] {logging_mixin.py:151} INFO - [2023-11-03T16:56:40.926+0000] {dagbag.py:536} INFO - Filling up the DagBag from /opt/airflow/dags/script.py
[2023-11-03T16:56:41.218+0000] {processor.py:839} INFO - DAG(s) dict_keys(['traffic_data_etl']) retrieved from /opt/airflow/dags/script.py
[2023-11-03T16:56:41.245+0000] {logging_mixin.py:151} INFO - [2023-11-03T16:56:41.245+0000] {dag.py:2941} INFO - Sync 1 DAGs
[2023-11-03T16:56:41.294+0000] {processor.py:179} INFO - Processing /opt/airflow/dags/script.py took 0.374 seconds
[2023-11-03T16:57:11.474+0000] {processor.py:157} INFO - Started process (PID=710) to work on /opt/airflow/dags/script.py
[2023-11-03T16:57:11.482+0000] {processor.py:829} INFO - Processing file /opt/airflow/dags/script.py for tasks to queue
[2023-11-03T16:57:11.484+0000] {logging_mixin.py:151} INFO - [2023-11-03T16:57:11.483+0000] {dagbag.py:536} INFO - Filling up the DagBag from /opt/airflow/dags/script.py
[2023-11-03T16:57:11.776+0000] {processor.py:839} INFO - DAG(s) dict_keys(['traffic_data_etl']) retrieved from /opt/airflow/dags/script.py
[2023-11-03T16:57:11.804+0000] {logging_mixin.py:151} INFO - [2023-11-03T16:57:11.804+0000] {dag.py:2941} INFO - Sync 1 DAGs
[2023-11-03T16:57:11.875+0000] {processor.py:179} INFO - Processing /opt/airflow/dags/script.py took 0.405 seconds
[2023-11-03T16:57:42.114+0000] {processor.py:157} INFO - Started process (PID=718) to work on /opt/airflow/dags/script.py
[2023-11-03T16:57:42.116+0000] {processor.py:829} INFO - Processing file /opt/airflow/dags/script.py for tasks to queue
[2023-11-03T16:57:42.118+0000] {logging_mixin.py:151} INFO - [2023-11-03T16:57:42.118+0000] {dagbag.py:536} INFO - Filling up the DagBag from /opt/airflow/dags/script.py
[2023-11-03T16:57:42.278+0000] {processor.py:839} INFO - DAG(s) dict_keys(['traffic_data_etl']) retrieved from /opt/airflow/dags/script.py
[2023-11-03T16:57:42.481+0000] {logging_mixin.py:151} INFO - [2023-11-03T16:57:42.481+0000] {dag.py:2941} INFO - Sync 1 DAGs
[2023-11-03T16:57:42.539+0000] {processor.py:179} INFO - Processing /opt/airflow/dags/script.py took 0.431 seconds
[2023-11-03T16:58:12.733+0000] {processor.py:157} INFO - Started process (PID=726) to work on /opt/airflow/dags/script.py
[2023-11-03T16:58:12.737+0000] {processor.py:829} INFO - Processing file /opt/airflow/dags/script.py for tasks to queue
[2023-11-03T16:58:12.740+0000] {logging_mixin.py:151} INFO - [2023-11-03T16:58:12.739+0000] {dagbag.py:536} INFO - Filling up the DagBag from /opt/airflow/dags/script.py
[2023-11-03T16:58:13.114+0000] {processor.py:839} INFO - DAG(s) dict_keys(['traffic_data_etl']) retrieved from /opt/airflow/dags/script.py
[2023-11-03T16:58:13.162+0000] {logging_mixin.py:151} INFO - [2023-11-03T16:58:13.161+0000] {dag.py:2941} INFO - Sync 1 DAGs
[2023-11-03T16:58:13.229+0000] {processor.py:179} INFO - Processing /opt/airflow/dags/script.py took 0.504 seconds
[2023-11-03T16:58:43.423+0000] {processor.py:157} INFO - Started process (PID=734) to work on /opt/airflow/dags/script.py
[2023-11-03T16:58:43.424+0000] {processor.py:829} INFO - Processing file /opt/airflow/dags/script.py for tasks to queue
[2023-11-03T16:58:43.426+0000] {logging_mixin.py:151} INFO - [2023-11-03T16:58:43.426+0000] {dagbag.py:536} INFO - Filling up the DagBag from /opt/airflow/dags/script.py
[2023-11-03T16:58:43.718+0000] {processor.py:839} INFO - DAG(s) dict_keys(['traffic_data_etl']) retrieved from /opt/airflow/dags/script.py
[2023-11-03T16:58:43.745+0000] {logging_mixin.py:151} INFO - [2023-11-03T16:58:43.745+0000] {dag.py:2941} INFO - Sync 1 DAGs
[2023-11-03T16:58:43.791+0000] {processor.py:179} INFO - Processing /opt/airflow/dags/script.py took 0.372 seconds
[2023-11-03T16:59:13.964+0000] {processor.py:157} INFO - Started process (PID=742) to work on /opt/airflow/dags/script.py
[2023-11-03T16:59:13.966+0000] {processor.py:829} INFO - Processing file /opt/airflow/dags/script.py for tasks to queue
[2023-11-03T16:59:13.968+0000] {logging_mixin.py:151} INFO - [2023-11-03T16:59:13.968+0000] {dagbag.py:536} INFO - Filling up the DagBag from /opt/airflow/dags/script.py
[2023-11-03T16:59:14.271+0000] {processor.py:839} INFO - DAG(s) dict_keys(['traffic_data_etl']) retrieved from /opt/airflow/dags/script.py
[2023-11-03T16:59:14.299+0000] {logging_mixin.py:151} INFO - [2023-11-03T16:59:14.299+0000] {dag.py:2941} INFO - Sync 1 DAGs
[2023-11-03T16:59:14.348+0000] {processor.py:179} INFO - Processing /opt/airflow/dags/script.py took 0.388 seconds
[2023-11-03T16:59:44.540+0000] {processor.py:157} INFO - Started process (PID=750) to work on /opt/airflow/dags/script.py
[2023-11-03T16:59:44.541+0000] {processor.py:829} INFO - Processing file /opt/airflow/dags/script.py for tasks to queue
[2023-11-03T16:59:44.543+0000] {logging_mixin.py:151} INFO - [2023-11-03T16:59:44.543+0000] {dagbag.py:536} INFO - Filling up the DagBag from /opt/airflow/dags/script.py
[2023-11-03T16:59:44.854+0000] {processor.py:839} INFO - DAG(s) dict_keys(['traffic_data_etl']) retrieved from /opt/airflow/dags/script.py
[2023-11-03T16:59:44.883+0000] {logging_mixin.py:151} INFO - [2023-11-03T16:59:44.883+0000] {dag.py:2941} INFO - Sync 1 DAGs
[2023-11-03T16:59:44.936+0000] {processor.py:179} INFO - Processing /opt/airflow/dags/script.py took 0.399 seconds
[2023-11-03T17:00:15.112+0000] {processor.py:157} INFO - Started process (PID=758) to work on /opt/airflow/dags/script.py
[2023-11-03T17:00:15.120+0000] {processor.py:829} INFO - Processing file /opt/airflow/dags/script.py for tasks to queue
[2023-11-03T17:00:15.122+0000] {logging_mixin.py:151} INFO - [2023-11-03T17:00:15.122+0000] {dagbag.py:536} INFO - Filling up the DagBag from /opt/airflow/dags/script.py
[2023-11-03T17:00:15.432+0000] {processor.py:839} INFO - DAG(s) dict_keys(['traffic_data_etl']) retrieved from /opt/airflow/dags/script.py
[2023-11-03T17:00:15.465+0000] {logging_mixin.py:151} INFO - [2023-11-03T17:00:15.464+0000] {dag.py:2941} INFO - Sync 1 DAGs
[2023-11-03T17:00:15.514+0000] {processor.py:179} INFO - Processing /opt/airflow/dags/script.py took 0.406 seconds
[2023-11-03T17:00:45.697+0000] {processor.py:157} INFO - Started process (PID=766) to work on /opt/airflow/dags/script.py
[2023-11-03T17:00:45.698+0000] {processor.py:829} INFO - Processing file /opt/airflow/dags/script.py for tasks to queue
[2023-11-03T17:00:45.701+0000] {logging_mixin.py:151} INFO - [2023-11-03T17:00:45.700+0000] {dagbag.py:536} INFO - Filling up the DagBag from /opt/airflow/dags/script.py
[2023-11-03T17:00:45.875+0000] {processor.py:839} INFO - DAG(s) dict_keys(['traffic_data_etl']) retrieved from /opt/airflow/dags/script.py
[2023-11-03T17:00:46.115+0000] {logging_mixin.py:151} INFO - [2023-11-03T17:00:46.114+0000] {dag.py:2941} INFO - Sync 1 DAGs
[2023-11-03T17:00:46.176+0000] {processor.py:179} INFO - Processing /opt/airflow/dags/script.py took 0.483 seconds
[2023-11-03T17:01:16.413+0000] {processor.py:157} INFO - Started process (PID=775) to work on /opt/airflow/dags/script.py
[2023-11-03T17:01:16.421+0000] {processor.py:829} INFO - Processing file /opt/airflow/dags/script.py for tasks to queue
[2023-11-03T17:01:16.425+0000] {logging_mixin.py:151} INFO - [2023-11-03T17:01:16.424+0000] {dagbag.py:536} INFO - Filling up the DagBag from /opt/airflow/dags/script.py
[2023-11-03T17:01:16.728+0000] {processor.py:839} INFO - DAG(s) dict_keys(['traffic_data_etl']) retrieved from /opt/airflow/dags/script.py
[2023-11-03T17:01:16.755+0000] {logging_mixin.py:151} INFO - [2023-11-03T17:01:16.755+0000] {dag.py:2941} INFO - Sync 1 DAGs
[2023-11-03T17:01:16.806+0000] {processor.py:179} INFO - Processing /opt/airflow/dags/script.py took 0.399 seconds
[2023-11-03T17:01:46.994+0000] {processor.py:157} INFO - Started process (PID=783) to work on /opt/airflow/dags/script.py
[2023-11-03T17:01:47.002+0000] {processor.py:829} INFO - Processing file /opt/airflow/dags/script.py for tasks to queue
[2023-11-03T17:01:47.004+0000] {logging_mixin.py:151} INFO - [2023-11-03T17:01:47.004+0000] {dagbag.py:536} INFO - Filling up the DagBag from /opt/airflow/dags/script.py
[2023-11-03T17:01:47.323+0000] {processor.py:839} INFO - DAG(s) dict_keys(['traffic_data_etl']) retrieved from /opt/airflow/dags/script.py
[2023-11-03T17:01:47.352+0000] {logging_mixin.py:151} INFO - [2023-11-03T17:01:47.351+0000] {dag.py:2941} INFO - Sync 1 DAGs
[2023-11-03T17:01:47.414+0000] {processor.py:179} INFO - Processing /opt/airflow/dags/script.py took 0.423 seconds
[2023-11-03T17:02:17.590+0000] {processor.py:157} INFO - Started process (PID=799) to work on /opt/airflow/dags/script.py
[2023-11-03T17:02:17.592+0000] {processor.py:829} INFO - Processing file /opt/airflow/dags/script.py for tasks to queue
[2023-11-03T17:02:17.594+0000] {logging_mixin.py:151} INFO - [2023-11-03T17:02:17.593+0000] {dagbag.py:536} INFO - Filling up the DagBag from /opt/airflow/dags/script.py
[2023-11-03T17:02:17.867+0000] {processor.py:839} INFO - DAG(s) dict_keys(['traffic_data_etl']) retrieved from /opt/airflow/dags/script.py
[2023-11-03T17:02:17.900+0000] {logging_mixin.py:151} INFO - [2023-11-03T17:02:17.900+0000] {dag.py:2941} INFO - Sync 1 DAGs
[2023-11-03T17:02:17.972+0000] {processor.py:179} INFO - Processing /opt/airflow/dags/script.py took 0.385 seconds
[2023-11-03T17:02:48.155+0000] {processor.py:157} INFO - Started process (PID=808) to work on /opt/airflow/dags/script.py
[2023-11-03T17:02:48.156+0000] {processor.py:829} INFO - Processing file /opt/airflow/dags/script.py for tasks to queue
[2023-11-03T17:02:48.159+0000] {logging_mixin.py:151} INFO - [2023-11-03T17:02:48.159+0000] {dagbag.py:536} INFO - Filling up the DagBag from /opt/airflow/dags/script.py
[2023-11-03T17:02:48.617+0000] {processor.py:839} INFO - DAG(s) dict_keys(['traffic_data_etl']) retrieved from /opt/airflow/dags/script.py
[2023-11-03T17:02:48.657+0000] {logging_mixin.py:151} INFO - [2023-11-03T17:02:48.656+0000] {dag.py:2941} INFO - Sync 1 DAGs
[2023-11-03T17:02:48.709+0000] {processor.py:179} INFO - Processing /opt/airflow/dags/script.py took 0.560 seconds
[2023-11-03T17:03:18.892+0000] {processor.py:157} INFO - Started process (PID=816) to work on /opt/airflow/dags/script.py
[2023-11-03T17:03:18.893+0000] {processor.py:829} INFO - Processing file /opt/airflow/dags/script.py for tasks to queue
[2023-11-03T17:03:18.896+0000] {logging_mixin.py:151} INFO - [2023-11-03T17:03:18.895+0000] {dagbag.py:536} INFO - Filling up the DagBag from /opt/airflow/dags/script.py
[2023-11-03T17:03:19.256+0000] {processor.py:839} INFO - DAG(s) dict_keys(['traffic_data_etl']) retrieved from /opt/airflow/dags/script.py
[2023-11-03T17:03:19.290+0000] {logging_mixin.py:151} INFO - [2023-11-03T17:03:19.289+0000] {dag.py:2941} INFO - Sync 1 DAGs
[2023-11-03T17:03:19.349+0000] {processor.py:179} INFO - Processing /opt/airflow/dags/script.py took 0.462 seconds
[2023-11-03T17:03:49.489+0000] {processor.py:157} INFO - Started process (PID=824) to work on /opt/airflow/dags/script.py
[2023-11-03T17:03:49.490+0000] {processor.py:829} INFO - Processing file /opt/airflow/dags/script.py for tasks to queue
[2023-11-03T17:03:49.493+0000] {logging_mixin.py:151} INFO - [2023-11-03T17:03:49.492+0000] {dagbag.py:536} INFO - Filling up the DagBag from /opt/airflow/dags/script.py
[2023-11-03T17:03:49.787+0000] {processor.py:839} INFO - DAG(s) dict_keys(['traffic_data_etl']) retrieved from /opt/airflow/dags/script.py
[2023-11-03T17:03:49.819+0000] {logging_mixin.py:151} INFO - [2023-11-03T17:03:49.819+0000] {dag.py:2941} INFO - Sync 1 DAGs
[2023-11-03T17:03:49.873+0000] {processor.py:179} INFO - Processing /opt/airflow/dags/script.py took 0.388 seconds
[2023-11-03T17:04:20.048+0000] {processor.py:157} INFO - Started process (PID=832) to work on /opt/airflow/dags/script.py
[2023-11-03T17:04:20.050+0000] {processor.py:829} INFO - Processing file /opt/airflow/dags/script.py for tasks to queue
[2023-11-03T17:04:20.053+0000] {logging_mixin.py:151} INFO - [2023-11-03T17:04:20.052+0000] {dagbag.py:536} INFO - Filling up the DagBag from /opt/airflow/dags/script.py
[2023-11-03T17:04:20.353+0000] {processor.py:839} INFO - DAG(s) dict_keys(['traffic_data_etl']) retrieved from /opt/airflow/dags/script.py
[2023-11-03T17:04:20.383+0000] {logging_mixin.py:151} INFO - [2023-11-03T17:04:20.383+0000] {dag.py:2941} INFO - Sync 1 DAGs
[2023-11-03T17:04:20.438+0000] {processor.py:179} INFO - Processing /opt/airflow/dags/script.py took 0.394 seconds
[2023-11-03T17:04:50.620+0000] {processor.py:157} INFO - Started process (PID=840) to work on /opt/airflow/dags/script.py
[2023-11-03T17:04:50.622+0000] {processor.py:829} INFO - Processing file /opt/airflow/dags/script.py for tasks to queue
[2023-11-03T17:04:50.624+0000] {logging_mixin.py:151} INFO - [2023-11-03T17:04:50.624+0000] {dagbag.py:536} INFO - Filling up the DagBag from /opt/airflow/dags/script.py
[2023-11-03T17:04:50.910+0000] {processor.py:839} INFO - DAG(s) dict_keys(['traffic_data_etl']) retrieved from /opt/airflow/dags/script.py
[2023-11-03T17:04:50.936+0000] {logging_mixin.py:151} INFO - [2023-11-03T17:04:50.936+0000] {dag.py:2941} INFO - Sync 1 DAGs
[2023-11-03T17:04:50.982+0000] {processor.py:179} INFO - Processing /opt/airflow/dags/script.py took 0.365 seconds
[2023-11-03T17:05:21.163+0000] {processor.py:157} INFO - Started process (PID=849) to work on /opt/airflow/dags/script.py
[2023-11-03T17:05:21.164+0000] {processor.py:829} INFO - Processing file /opt/airflow/dags/script.py for tasks to queue
[2023-11-03T17:05:21.166+0000] {logging_mixin.py:151} INFO - [2023-11-03T17:05:21.166+0000] {dagbag.py:536} INFO - Filling up the DagBag from /opt/airflow/dags/script.py
[2023-11-03T17:05:21.448+0000] {processor.py:839} INFO - DAG(s) dict_keys(['traffic_data_etl']) retrieved from /opt/airflow/dags/script.py
[2023-11-03T17:05:21.481+0000] {logging_mixin.py:151} INFO - [2023-11-03T17:05:21.481+0000] {dag.py:2941} INFO - Sync 1 DAGs
[2023-11-03T17:05:21.540+0000] {processor.py:179} INFO - Processing /opt/airflow/dags/script.py took 0.380 seconds
[2023-11-03T17:05:51.726+0000] {processor.py:157} INFO - Started process (PID=857) to work on /opt/airflow/dags/script.py
[2023-11-03T17:05:51.727+0000] {processor.py:829} INFO - Processing file /opt/airflow/dags/script.py for tasks to queue
[2023-11-03T17:05:51.730+0000] {logging_mixin.py:151} INFO - [2023-11-03T17:05:51.730+0000] {dagbag.py:536} INFO - Filling up the DagBag from /opt/airflow/dags/script.py
[2023-11-03T17:05:52.048+0000] {processor.py:839} INFO - DAG(s) dict_keys(['traffic_data_etl']) retrieved from /opt/airflow/dags/script.py
[2023-11-03T17:05:52.086+0000] {logging_mixin.py:151} INFO - [2023-11-03T17:05:52.085+0000] {dag.py:2941} INFO - Sync 1 DAGs
[2023-11-03T17:05:52.143+0000] {processor.py:179} INFO - Processing /opt/airflow/dags/script.py took 0.422 seconds
[2023-11-03T17:06:22.330+0000] {processor.py:157} INFO - Started process (PID=865) to work on /opt/airflow/dags/script.py
[2023-11-03T17:06:22.334+0000] {processor.py:829} INFO - Processing file /opt/airflow/dags/script.py for tasks to queue
[2023-11-03T17:06:22.337+0000] {logging_mixin.py:151} INFO - [2023-11-03T17:06:22.337+0000] {dagbag.py:536} INFO - Filling up the DagBag from /opt/airflow/dags/script.py
[2023-11-03T17:06:22.796+0000] {processor.py:839} INFO - DAG(s) dict_keys(['traffic_data_etl']) retrieved from /opt/airflow/dags/script.py
[2023-11-03T17:06:22.824+0000] {logging_mixin.py:151} INFO - [2023-11-03T17:06:22.824+0000] {dag.py:2941} INFO - Sync 1 DAGs
[2023-11-03T17:06:22.873+0000] {processor.py:179} INFO - Processing /opt/airflow/dags/script.py took 0.557 seconds
[2023-11-03T17:06:53.065+0000] {processor.py:157} INFO - Started process (PID=873) to work on /opt/airflow/dags/script.py
[2023-11-03T17:06:53.072+0000] {processor.py:829} INFO - Processing file /opt/airflow/dags/script.py for tasks to queue
[2023-11-03T17:06:53.075+0000] {logging_mixin.py:151} INFO - [2023-11-03T17:06:53.074+0000] {dagbag.py:536} INFO - Filling up the DagBag from /opt/airflow/dags/script.py
[2023-11-03T17:06:53.363+0000] {processor.py:839} INFO - DAG(s) dict_keys(['traffic_data_etl']) retrieved from /opt/airflow/dags/script.py
[2023-11-03T17:06:53.391+0000] {logging_mixin.py:151} INFO - [2023-11-03T17:06:53.390+0000] {dag.py:2941} INFO - Sync 1 DAGs
[2023-11-03T17:06:53.443+0000] {processor.py:179} INFO - Processing /opt/airflow/dags/script.py took 0.382 seconds
[2023-11-03T17:07:23.632+0000] {processor.py:157} INFO - Started process (PID=881) to work on /opt/airflow/dags/script.py
[2023-11-03T17:07:23.633+0000] {processor.py:829} INFO - Processing file /opt/airflow/dags/script.py for tasks to queue
[2023-11-03T17:07:23.635+0000] {logging_mixin.py:151} INFO - [2023-11-03T17:07:23.635+0000] {dagbag.py:536} INFO - Filling up the DagBag from /opt/airflow/dags/script.py
[2023-11-03T17:07:25.447+0000] {processor.py:839} INFO - DAG(s) dict_keys(['traffic_data_etl']) retrieved from /opt/airflow/dags/script.py
[2023-11-03T17:07:25.515+0000] {logging_mixin.py:151} INFO - [2023-11-03T17:07:25.514+0000] {dag.py:2941} INFO - Sync 1 DAGs
[2023-11-03T17:07:26.570+0000] {processor.py:179} INFO - Processing /opt/airflow/dags/script.py took 2.942 seconds
[2023-11-03T17:07:56.750+0000] {processor.py:157} INFO - Started process (PID=889) to work on /opt/airflow/dags/script.py
[2023-11-03T17:07:56.758+0000] {processor.py:829} INFO - Processing file /opt/airflow/dags/script.py for tasks to queue
[2023-11-03T17:07:56.762+0000] {logging_mixin.py:151} INFO - [2023-11-03T17:07:56.761+0000] {dagbag.py:536} INFO - Filling up the DagBag from /opt/airflow/dags/script.py
[2023-11-03T17:07:57.307+0000] {processor.py:839} INFO - DAG(s) dict_keys(['traffic_data_etl']) retrieved from /opt/airflow/dags/script.py
[2023-11-03T17:07:57.345+0000] {logging_mixin.py:151} INFO - [2023-11-03T17:07:57.345+0000] {dag.py:2941} INFO - Sync 1 DAGs
[2023-11-03T17:07:57.420+0000] {processor.py:179} INFO - Processing /opt/airflow/dags/script.py took 0.676 seconds
[2023-11-03T17:08:27.621+0000] {processor.py:157} INFO - Started process (PID=897) to work on /opt/airflow/dags/script.py
[2023-11-03T17:08:27.622+0000] {processor.py:829} INFO - Processing file /opt/airflow/dags/script.py for tasks to queue
[2023-11-03T17:08:27.624+0000] {logging_mixin.py:151} INFO - [2023-11-03T17:08:27.624+0000] {dagbag.py:536} INFO - Filling up the DagBag from /opt/airflow/dags/script.py
[2023-11-03T17:08:27.936+0000] {processor.py:839} INFO - DAG(s) dict_keys(['traffic_data_etl']) retrieved from /opt/airflow/dags/script.py
[2023-11-03T17:08:27.963+0000] {logging_mixin.py:151} INFO - [2023-11-03T17:08:27.962+0000] {dag.py:2941} INFO - Sync 1 DAGs
[2023-11-03T17:08:28.020+0000] {processor.py:179} INFO - Processing /opt/airflow/dags/script.py took 0.404 seconds
[2023-11-03T17:08:58.068+0000] {processor.py:157} INFO - Started process (PID=905) to work on /opt/airflow/dags/script.py
[2023-11-03T17:08:58.076+0000] {processor.py:829} INFO - Processing file /opt/airflow/dags/script.py for tasks to queue
[2023-11-03T17:08:58.079+0000] {logging_mixin.py:151} INFO - [2023-11-03T17:08:58.079+0000] {dagbag.py:536} INFO - Filling up the DagBag from /opt/airflow/dags/script.py
[2023-11-03T17:08:58.392+0000] {processor.py:839} INFO - DAG(s) dict_keys(['traffic_data_etl']) retrieved from /opt/airflow/dags/script.py
[2023-11-03T17:08:58.423+0000] {logging_mixin.py:151} INFO - [2023-11-03T17:08:58.423+0000] {dag.py:2941} INFO - Sync 1 DAGs
[2023-11-03T17:08:58.473+0000] {processor.py:179} INFO - Processing /opt/airflow/dags/script.py took 0.409 seconds
[2023-11-03T17:09:28.657+0000] {processor.py:157} INFO - Started process (PID=913) to work on /opt/airflow/dags/script.py
[2023-11-03T17:09:28.658+0000] {processor.py:829} INFO - Processing file /opt/airflow/dags/script.py for tasks to queue
[2023-11-03T17:09:28.663+0000] {logging_mixin.py:151} INFO - [2023-11-03T17:09:28.662+0000] {dagbag.py:536} INFO - Filling up the DagBag from /opt/airflow/dags/script.py
[2023-11-03T17:09:28.950+0000] {processor.py:839} INFO - DAG(s) dict_keys(['traffic_data_etl']) retrieved from /opt/airflow/dags/script.py
[2023-11-03T17:09:28.978+0000] {logging_mixin.py:151} INFO - [2023-11-03T17:09:28.977+0000] {dag.py:2941} INFO - Sync 1 DAGs
[2023-11-03T17:09:29.029+0000] {processor.py:179} INFO - Processing /opt/airflow/dags/script.py took 0.377 seconds
[2023-11-03T17:09:59.200+0000] {processor.py:157} INFO - Started process (PID=921) to work on /opt/airflow/dags/script.py
[2023-11-03T17:09:59.202+0000] {processor.py:829} INFO - Processing file /opt/airflow/dags/script.py for tasks to queue
[2023-11-03T17:09:59.204+0000] {logging_mixin.py:151} INFO - [2023-11-03T17:09:59.204+0000] {dagbag.py:536} INFO - Filling up the DagBag from /opt/airflow/dags/script.py
[2023-11-03T17:09:59.476+0000] {processor.py:839} INFO - DAG(s) dict_keys(['traffic_data_etl']) retrieved from /opt/airflow/dags/script.py
[2023-11-03T17:09:59.504+0000] {logging_mixin.py:151} INFO - [2023-11-03T17:09:59.503+0000] {dag.py:2941} INFO - Sync 1 DAGs
[2023-11-03T17:09:59.554+0000] {processor.py:179} INFO - Processing /opt/airflow/dags/script.py took 0.356 seconds
[2023-11-03T17:10:29.733+0000] {processor.py:157} INFO - Started process (PID=929) to work on /opt/airflow/dags/script.py
[2023-11-03T17:10:29.734+0000] {processor.py:829} INFO - Processing file /opt/airflow/dags/script.py for tasks to queue
[2023-11-03T17:10:29.736+0000] {logging_mixin.py:151} INFO - [2023-11-03T17:10:29.736+0000] {dagbag.py:536} INFO - Filling up the DagBag from /opt/airflow/dags/script.py
[2023-11-03T17:10:30.017+0000] {processor.py:839} INFO - DAG(s) dict_keys(['traffic_data_etl']) retrieved from /opt/airflow/dags/script.py
[2023-11-03T17:10:30.044+0000] {logging_mixin.py:151} INFO - [2023-11-03T17:10:30.043+0000] {dag.py:2941} INFO - Sync 1 DAGs
[2023-11-03T17:10:30.092+0000] {processor.py:179} INFO - Processing /opt/airflow/dags/script.py took 0.363 seconds
[2023-11-03T17:11:00.260+0000] {processor.py:157} INFO - Started process (PID=937) to work on /opt/airflow/dags/script.py
[2023-11-03T17:11:00.261+0000] {processor.py:829} INFO - Processing file /opt/airflow/dags/script.py for tasks to queue
[2023-11-03T17:11:00.263+0000] {logging_mixin.py:151} INFO - [2023-11-03T17:11:00.263+0000] {dagbag.py:536} INFO - Filling up the DagBag from /opt/airflow/dags/script.py
[2023-11-03T17:11:00.544+0000] {processor.py:839} INFO - DAG(s) dict_keys(['traffic_data_etl']) retrieved from /opt/airflow/dags/script.py
[2023-11-03T17:11:00.572+0000] {logging_mixin.py:151} INFO - [2023-11-03T17:11:00.572+0000] {dag.py:2941} INFO - Sync 1 DAGs
[2023-11-03T17:11:00.625+0000] {processor.py:179} INFO - Processing /opt/airflow/dags/script.py took 0.368 seconds
[2023-11-03T17:11:30.810+0000] {processor.py:157} INFO - Started process (PID=945) to work on /opt/airflow/dags/script.py
[2023-11-03T17:11:30.811+0000] {processor.py:829} INFO - Processing file /opt/airflow/dags/script.py for tasks to queue
[2023-11-03T17:11:30.814+0000] {logging_mixin.py:151} INFO - [2023-11-03T17:11:30.813+0000] {dagbag.py:536} INFO - Filling up the DagBag from /opt/airflow/dags/script.py
[2023-11-03T17:11:31.831+0000] {processor.py:839} INFO - DAG(s) dict_keys(['traffic_data_etl']) retrieved from /opt/airflow/dags/script.py
[2023-11-03T17:11:31.930+0000] {logging_mixin.py:151} INFO - [2023-11-03T17:11:31.929+0000] {dag.py:2941} INFO - Sync 1 DAGs
[2023-11-03T17:11:32.157+0000] {processor.py:179} INFO - Processing /opt/airflow/dags/script.py took 1.352 seconds
[2023-11-03T17:12:02.357+0000] {processor.py:157} INFO - Started process (PID=953) to work on /opt/airflow/dags/script.py
[2023-11-03T17:12:02.358+0000] {processor.py:829} INFO - Processing file /opt/airflow/dags/script.py for tasks to queue
[2023-11-03T17:12:02.369+0000] {logging_mixin.py:151} INFO - [2023-11-03T17:12:02.368+0000] {dagbag.py:536} INFO - Filling up the DagBag from /opt/airflow/dags/script.py
[2023-11-03T17:12:02.940+0000] {processor.py:839} INFO - DAG(s) dict_keys(['traffic_data_etl']) retrieved from /opt/airflow/dags/script.py
[2023-11-03T17:12:02.991+0000] {logging_mixin.py:151} INFO - [2023-11-03T17:12:02.991+0000] {dag.py:2941} INFO - Sync 1 DAGs
[2023-11-03T17:12:03.078+0000] {processor.py:179} INFO - Processing /opt/airflow/dags/script.py took 0.734 seconds
[2023-11-03T17:12:33.247+0000] {processor.py:157} INFO - Started process (PID=961) to work on /opt/airflow/dags/script.py
[2023-11-03T17:12:33.248+0000] {processor.py:829} INFO - Processing file /opt/airflow/dags/script.py for tasks to queue
[2023-11-03T17:12:33.253+0000] {logging_mixin.py:151} INFO - [2023-11-03T17:12:33.252+0000] {dagbag.py:536} INFO - Filling up the DagBag from /opt/airflow/dags/script.py
[2023-11-03T17:12:33.730+0000] {processor.py:839} INFO - DAG(s) dict_keys(['traffic_data_etl']) retrieved from /opt/airflow/dags/script.py
[2023-11-03T17:12:33.781+0000] {logging_mixin.py:151} INFO - [2023-11-03T17:12:33.780+0000] {dag.py:2941} INFO - Sync 1 DAGs
[2023-11-03T17:12:33.850+0000] {processor.py:179} INFO - Processing /opt/airflow/dags/script.py took 0.609 seconds
[2023-11-03T17:13:04.079+0000] {processor.py:157} INFO - Started process (PID=970) to work on /opt/airflow/dags/script.py
[2023-11-03T17:13:04.081+0000] {processor.py:829} INFO - Processing file /opt/airflow/dags/script.py for tasks to queue
[2023-11-03T17:13:04.084+0000] {logging_mixin.py:151} INFO - [2023-11-03T17:13:04.084+0000] {dagbag.py:536} INFO - Filling up the DagBag from /opt/airflow/dags/script.py
[2023-11-03T17:13:04.508+0000] {processor.py:839} INFO - DAG(s) dict_keys(['traffic_data_etl']) retrieved from /opt/airflow/dags/script.py
[2023-11-03T17:13:04.579+0000] {logging_mixin.py:151} INFO - [2023-11-03T17:13:04.578+0000] {dag.py:2941} INFO - Sync 1 DAGs
[2023-11-03T17:13:04.666+0000] {processor.py:179} INFO - Processing /opt/airflow/dags/script.py took 0.591 seconds
[2023-11-03T17:13:34.720+0000] {processor.py:157} INFO - Started process (PID=978) to work on /opt/airflow/dags/script.py
[2023-11-03T17:13:34.723+0000] {processor.py:829} INFO - Processing file /opt/airflow/dags/script.py for tasks to queue
[2023-11-03T17:13:34.728+0000] {logging_mixin.py:151} INFO - [2023-11-03T17:13:34.727+0000] {dagbag.py:536} INFO - Filling up the DagBag from /opt/airflow/dags/script.py
[2023-11-03T17:13:35.288+0000] {processor.py:839} INFO - DAG(s) dict_keys(['traffic_data_etl']) retrieved from /opt/airflow/dags/script.py
[2023-11-03T17:13:35.368+0000] {logging_mixin.py:151} INFO - [2023-11-03T17:13:35.367+0000] {dag.py:2941} INFO - Sync 1 DAGs
[2023-11-03T17:13:35.479+0000] {processor.py:179} INFO - Processing /opt/airflow/dags/script.py took 0.768 seconds
[2023-11-03T17:14:05.679+0000] {processor.py:157} INFO - Started process (PID=986) to work on /opt/airflow/dags/script.py
[2023-11-03T17:14:05.680+0000] {processor.py:829} INFO - Processing file /opt/airflow/dags/script.py for tasks to queue
[2023-11-03T17:14:05.683+0000] {logging_mixin.py:151} INFO - [2023-11-03T17:14:05.682+0000] {dagbag.py:536} INFO - Filling up the DagBag from /opt/airflow/dags/script.py
[2023-11-03T17:14:05.976+0000] {processor.py:839} INFO - DAG(s) dict_keys(['traffic_data_etl']) retrieved from /opt/airflow/dags/script.py
[2023-11-03T17:14:06.011+0000] {logging_mixin.py:151} INFO - [2023-11-03T17:14:06.011+0000] {dag.py:2941} INFO - Sync 1 DAGs
[2023-11-03T17:14:06.068+0000] {processor.py:179} INFO - Processing /opt/airflow/dags/script.py took 0.392 seconds
[2023-11-03T17:14:36.208+0000] {processor.py:157} INFO - Started process (PID=994) to work on /opt/airflow/dags/script.py
[2023-11-03T17:14:36.209+0000] {processor.py:829} INFO - Processing file /opt/airflow/dags/script.py for tasks to queue
[2023-11-03T17:14:36.212+0000] {logging_mixin.py:151} INFO - [2023-11-03T17:14:36.211+0000] {dagbag.py:536} INFO - Filling up the DagBag from /opt/airflow/dags/script.py
[2023-11-03T17:14:36.505+0000] {processor.py:839} INFO - DAG(s) dict_keys(['traffic_data_etl']) retrieved from /opt/airflow/dags/script.py
[2023-11-03T17:14:36.537+0000] {logging_mixin.py:151} INFO - [2023-11-03T17:14:36.537+0000] {dag.py:2941} INFO - Sync 1 DAGs
[2023-11-03T17:14:36.590+0000] {processor.py:179} INFO - Processing /opt/airflow/dags/script.py took 0.386 seconds
[2023-11-03T17:15:06.773+0000] {processor.py:157} INFO - Started process (PID=1002) to work on /opt/airflow/dags/script.py
[2023-11-03T17:15:06.782+0000] {processor.py:829} INFO - Processing file /opt/airflow/dags/script.py for tasks to queue
[2023-11-03T17:15:06.784+0000] {logging_mixin.py:151} INFO - [2023-11-03T17:15:06.784+0000] {dagbag.py:536} INFO - Filling up the DagBag from /opt/airflow/dags/script.py
[2023-11-03T17:15:07.063+0000] {processor.py:839} INFO - DAG(s) dict_keys(['traffic_data_etl']) retrieved from /opt/airflow/dags/script.py
[2023-11-03T17:15:07.093+0000] {logging_mixin.py:151} INFO - [2023-11-03T17:15:07.092+0000] {dag.py:2941} INFO - Sync 1 DAGs
[2023-11-03T17:15:07.142+0000] {processor.py:179} INFO - Processing /opt/airflow/dags/script.py took 0.373 seconds
[2023-11-03T17:15:37.326+0000] {processor.py:157} INFO - Started process (PID=1009) to work on /opt/airflow/dags/script.py
[2023-11-03T17:15:37.327+0000] {processor.py:829} INFO - Processing file /opt/airflow/dags/script.py for tasks to queue
[2023-11-03T17:15:37.330+0000] {logging_mixin.py:151} INFO - [2023-11-03T17:15:37.330+0000] {dagbag.py:536} INFO - Filling up the DagBag from /opt/airflow/dags/script.py
[2023-11-03T17:15:37.605+0000] {processor.py:839} INFO - DAG(s) dict_keys(['traffic_data_etl']) retrieved from /opt/airflow/dags/script.py
[2023-11-03T17:15:37.631+0000] {logging_mixin.py:151} INFO - [2023-11-03T17:15:37.631+0000] {dag.py:2941} INFO - Sync 1 DAGs
[2023-11-03T17:15:37.683+0000] {processor.py:179} INFO - Processing /opt/airflow/dags/script.py took 0.361 seconds
[2023-11-03T17:16:07.867+0000] {processor.py:157} INFO - Started process (PID=1017) to work on /opt/airflow/dags/script.py
[2023-11-03T17:16:07.868+0000] {processor.py:829} INFO - Processing file /opt/airflow/dags/script.py for tasks to queue
[2023-11-03T17:16:07.875+0000] {logging_mixin.py:151} INFO - [2023-11-03T17:16:07.874+0000] {dagbag.py:536} INFO - Filling up the DagBag from /opt/airflow/dags/script.py
[2023-11-03T17:16:08.284+0000] {processor.py:839} INFO - DAG(s) dict_keys(['traffic_data_etl']) retrieved from /opt/airflow/dags/script.py
[2023-11-03T17:16:08.314+0000] {logging_mixin.py:151} INFO - [2023-11-03T17:16:08.314+0000] {dag.py:2941} INFO - Sync 1 DAGs
[2023-11-03T17:16:08.362+0000] {processor.py:179} INFO - Processing /opt/airflow/dags/script.py took 0.502 seconds
[2023-11-03T17:16:38.672+0000] {processor.py:157} INFO - Started process (PID=1025) to work on /opt/airflow/dags/script.py
[2023-11-03T17:16:38.672+0000] {processor.py:829} INFO - Processing file /opt/airflow/dags/script.py for tasks to queue
[2023-11-03T17:16:38.678+0000] {logging_mixin.py:151} INFO - [2023-11-03T17:16:38.677+0000] {dagbag.py:536} INFO - Filling up the DagBag from /opt/airflow/dags/script.py
[2023-11-03T17:16:39.229+0000] {processor.py:839} INFO - DAG(s) dict_keys(['traffic_data_etl']) retrieved from /opt/airflow/dags/script.py
[2023-11-03T17:16:39.273+0000] {logging_mixin.py:151} INFO - [2023-11-03T17:16:39.273+0000] {dag.py:2941} INFO - Sync 1 DAGs
[2023-11-03T17:16:39.342+0000] {processor.py:179} INFO - Processing /opt/airflow/dags/script.py took 0.678 seconds
[2023-11-03T17:17:09.519+0000] {processor.py:157} INFO - Started process (PID=1033) to work on /opt/airflow/dags/script.py
[2023-11-03T17:17:09.520+0000] {processor.py:829} INFO - Processing file /opt/airflow/dags/script.py for tasks to queue
[2023-11-03T17:17:09.523+0000] {logging_mixin.py:151} INFO - [2023-11-03T17:17:09.522+0000] {dagbag.py:536} INFO - Filling up the DagBag from /opt/airflow/dags/script.py
[2023-11-03T17:17:09.825+0000] {processor.py:839} INFO - DAG(s) dict_keys(['traffic_data_etl']) retrieved from /opt/airflow/dags/script.py
[2023-11-03T17:17:09.855+0000] {logging_mixin.py:151} INFO - [2023-11-03T17:17:09.855+0000] {dag.py:2941} INFO - Sync 1 DAGs
[2023-11-03T17:17:09.917+0000] {processor.py:179} INFO - Processing /opt/airflow/dags/script.py took 0.401 seconds
[2023-11-03T17:17:40.114+0000] {processor.py:157} INFO - Started process (PID=1041) to work on /opt/airflow/dags/script.py
[2023-11-03T17:17:40.115+0000] {processor.py:829} INFO - Processing file /opt/airflow/dags/script.py for tasks to queue
[2023-11-03T17:17:40.117+0000] {logging_mixin.py:151} INFO - [2023-11-03T17:17:40.117+0000] {dagbag.py:536} INFO - Filling up the DagBag from /opt/airflow/dags/script.py
[2023-11-03T17:17:40.419+0000] {processor.py:839} INFO - DAG(s) dict_keys(['traffic_data_etl']) retrieved from /opt/airflow/dags/script.py
[2023-11-03T17:17:40.446+0000] {logging_mixin.py:151} INFO - [2023-11-03T17:17:40.446+0000] {dag.py:2941} INFO - Sync 1 DAGs
[2023-11-03T17:17:40.490+0000] {processor.py:179} INFO - Processing /opt/airflow/dags/script.py took 0.379 seconds
[2023-11-03T17:18:10.676+0000] {processor.py:157} INFO - Started process (PID=1049) to work on /opt/airflow/dags/script.py
[2023-11-03T17:18:10.677+0000] {processor.py:829} INFO - Processing file /opt/airflow/dags/script.py for tasks to queue
[2023-11-03T17:18:10.679+0000] {logging_mixin.py:151} INFO - [2023-11-03T17:18:10.679+0000] {dagbag.py:536} INFO - Filling up the DagBag from /opt/airflow/dags/script.py
[2023-11-03T17:18:10.965+0000] {processor.py:839} INFO - DAG(s) dict_keys(['traffic_data_etl']) retrieved from /opt/airflow/dags/script.py
[2023-11-03T17:18:10.992+0000] {logging_mixin.py:151} INFO - [2023-11-03T17:18:10.992+0000] {dag.py:2941} INFO - Sync 1 DAGs
[2023-11-03T17:18:11.042+0000] {processor.py:179} INFO - Processing /opt/airflow/dags/script.py took 0.370 seconds
[2023-11-03T17:18:41.218+0000] {processor.py:157} INFO - Started process (PID=1058) to work on /opt/airflow/dags/script.py
[2023-11-03T17:18:41.219+0000] {processor.py:829} INFO - Processing file /opt/airflow/dags/script.py for tasks to queue
[2023-11-03T17:18:41.221+0000] {logging_mixin.py:151} INFO - [2023-11-03T17:18:41.221+0000] {dagbag.py:536} INFO - Filling up the DagBag from /opt/airflow/dags/script.py
[2023-11-03T17:18:41.611+0000] {processor.py:839} INFO - DAG(s) dict_keys(['traffic_data_etl']) retrieved from /opt/airflow/dags/script.py
[2023-11-03T17:18:41.640+0000] {logging_mixin.py:151} INFO - [2023-11-03T17:18:41.640+0000] {dag.py:2941} INFO - Sync 1 DAGs
[2023-11-03T17:18:41.689+0000] {processor.py:179} INFO - Processing /opt/airflow/dags/script.py took 0.475 seconds
[2023-11-03T17:19:11.882+0000] {processor.py:157} INFO - Started process (PID=1066) to work on /opt/airflow/dags/script.py
[2023-11-03T17:19:11.883+0000] {processor.py:829} INFO - Processing file /opt/airflow/dags/script.py for tasks to queue
[2023-11-03T17:19:11.885+0000] {logging_mixin.py:151} INFO - [2023-11-03T17:19:11.885+0000] {dagbag.py:536} INFO - Filling up the DagBag from /opt/airflow/dags/script.py
[2023-11-03T17:19:12.243+0000] {processor.py:839} INFO - DAG(s) dict_keys(['traffic_data_etl']) retrieved from /opt/airflow/dags/script.py
[2023-11-03T17:19:12.287+0000] {logging_mixin.py:151} INFO - [2023-11-03T17:19:12.286+0000] {dag.py:2941} INFO - Sync 1 DAGs
[2023-11-03T17:19:12.352+0000] {processor.py:179} INFO - Processing /opt/airflow/dags/script.py took 0.475 seconds
[2023-11-03T17:19:42.534+0000] {processor.py:157} INFO - Started process (PID=1074) to work on /opt/airflow/dags/script.py
[2023-11-03T17:19:42.535+0000] {processor.py:829} INFO - Processing file /opt/airflow/dags/script.py for tasks to queue
[2023-11-03T17:19:42.538+0000] {logging_mixin.py:151} INFO - [2023-11-03T17:19:42.537+0000] {dagbag.py:536} INFO - Filling up the DagBag from /opt/airflow/dags/script.py
[2023-11-03T17:19:45.682+0000] {processor.py:839} INFO - DAG(s) dict_keys(['traffic_data_etl']) retrieved from /opt/airflow/dags/script.py
[2023-11-03T17:19:45.746+0000] {logging_mixin.py:151} INFO - [2023-11-03T17:19:45.746+0000] {dag.py:2941} INFO - Sync 1 DAGs
[2023-11-03T17:19:45.839+0000] {processor.py:179} INFO - Processing /opt/airflow/dags/script.py took 3.309 seconds
[2023-11-03T17:20:16.043+0000] {processor.py:157} INFO - Started process (PID=1082) to work on /opt/airflow/dags/script.py
[2023-11-03T17:20:16.044+0000] {processor.py:829} INFO - Processing file /opt/airflow/dags/script.py for tasks to queue
[2023-11-03T17:20:16.054+0000] {logging_mixin.py:151} INFO - [2023-11-03T17:20:16.053+0000] {dagbag.py:536} INFO - Filling up the DagBag from /opt/airflow/dags/script.py
[2023-11-03T17:20:16.614+0000] {processor.py:839} INFO - DAG(s) dict_keys(['traffic_data_etl']) retrieved from /opt/airflow/dags/script.py
[2023-11-03T17:20:16.655+0000] {logging_mixin.py:151} INFO - [2023-11-03T17:20:16.655+0000] {dag.py:2941} INFO - Sync 1 DAGs
[2023-11-03T17:20:16.739+0000] {processor.py:179} INFO - Processing /opt/airflow/dags/script.py took 0.704 seconds
[2023-11-03T17:20:46.906+0000] {processor.py:157} INFO - Started process (PID=1090) to work on /opt/airflow/dags/script.py
[2023-11-03T17:20:46.907+0000] {processor.py:829} INFO - Processing file /opt/airflow/dags/script.py for tasks to queue
[2023-11-03T17:20:46.910+0000] {logging_mixin.py:151} INFO - [2023-11-03T17:20:46.910+0000] {dagbag.py:536} INFO - Filling up the DagBag from /opt/airflow/dags/script.py
[2023-11-03T17:20:47.215+0000] {processor.py:839} INFO - DAG(s) dict_keys(['traffic_data_etl']) retrieved from /opt/airflow/dags/script.py
[2023-11-03T17:20:47.243+0000] {logging_mixin.py:151} INFO - [2023-11-03T17:20:47.243+0000] {dag.py:2941} INFO - Sync 1 DAGs
[2023-11-03T17:20:47.298+0000] {processor.py:179} INFO - Processing /opt/airflow/dags/script.py took 0.397 seconds
[2023-11-03T17:21:17.515+0000] {processor.py:157} INFO - Started process (PID=1098) to work on /opt/airflow/dags/script.py
[2023-11-03T17:21:17.516+0000] {processor.py:829} INFO - Processing file /opt/airflow/dags/script.py for tasks to queue
[2023-11-03T17:21:17.518+0000] {logging_mixin.py:151} INFO - [2023-11-03T17:21:17.518+0000] {dagbag.py:536} INFO - Filling up the DagBag from /opt/airflow/dags/script.py
[2023-11-03T17:21:17.825+0000] {processor.py:839} INFO - DAG(s) dict_keys(['traffic_data_etl']) retrieved from /opt/airflow/dags/script.py
[2023-11-03T17:21:17.854+0000] {logging_mixin.py:151} INFO - [2023-11-03T17:21:17.853+0000] {dag.py:2941} INFO - Sync 1 DAGs
[2023-11-03T17:21:17.906+0000] {processor.py:179} INFO - Processing /opt/airflow/dags/script.py took 0.396 seconds
[2023-11-03T17:21:48.094+0000] {processor.py:157} INFO - Started process (PID=1106) to work on /opt/airflow/dags/script.py
[2023-11-03T17:21:48.095+0000] {processor.py:829} INFO - Processing file /opt/airflow/dags/script.py for tasks to queue
[2023-11-03T17:21:48.098+0000] {logging_mixin.py:151} INFO - [2023-11-03T17:21:48.098+0000] {dagbag.py:536} INFO - Filling up the DagBag from /opt/airflow/dags/script.py
[2023-11-03T17:21:48.418+0000] {processor.py:839} INFO - DAG(s) dict_keys(['traffic_data_etl']) retrieved from /opt/airflow/dags/script.py
[2023-11-03T17:21:48.462+0000] {logging_mixin.py:151} INFO - [2023-11-03T17:21:48.462+0000] {dag.py:2941} INFO - Sync 1 DAGs
[2023-11-03T17:21:48.536+0000] {processor.py:179} INFO - Processing /opt/airflow/dags/script.py took 0.447 seconds
[2023-11-03T17:22:18.730+0000] {processor.py:157} INFO - Started process (PID=1114) to work on /opt/airflow/dags/script.py
[2023-11-03T17:22:18.731+0000] {processor.py:829} INFO - Processing file /opt/airflow/dags/script.py for tasks to queue
[2023-11-03T17:22:18.733+0000] {logging_mixin.py:151} INFO - [2023-11-03T17:22:18.733+0000] {dagbag.py:536} INFO - Filling up the DagBag from /opt/airflow/dags/script.py
[2023-11-03T17:22:19.152+0000] {processor.py:839} INFO - DAG(s) dict_keys(['traffic_data_etl']) retrieved from /opt/airflow/dags/script.py
[2023-11-03T17:22:19.181+0000] {logging_mixin.py:151} INFO - [2023-11-03T17:22:19.180+0000] {dag.py:2941} INFO - Sync 1 DAGs
[2023-11-03T17:22:19.235+0000] {processor.py:179} INFO - Processing /opt/airflow/dags/script.py took 0.509 seconds
[2023-11-03T17:22:49.442+0000] {processor.py:157} INFO - Started process (PID=1122) to work on /opt/airflow/dags/script.py
[2023-11-03T17:22:49.450+0000] {processor.py:829} INFO - Processing file /opt/airflow/dags/script.py for tasks to queue
[2023-11-03T17:22:49.452+0000] {logging_mixin.py:151} INFO - [2023-11-03T17:22:49.452+0000] {dagbag.py:536} INFO - Filling up the DagBag from /opt/airflow/dags/script.py
[2023-11-03T17:22:49.730+0000] {processor.py:839} INFO - DAG(s) dict_keys(['traffic_data_etl']) retrieved from /opt/airflow/dags/script.py
[2023-11-03T17:22:49.758+0000] {logging_mixin.py:151} INFO - [2023-11-03T17:22:49.758+0000] {dag.py:2941} INFO - Sync 1 DAGs
[2023-11-03T17:22:49.816+0000] {processor.py:179} INFO - Processing /opt/airflow/dags/script.py took 0.379 seconds
[2023-11-03T17:23:20.002+0000] {processor.py:157} INFO - Started process (PID=1130) to work on /opt/airflow/dags/script.py
[2023-11-03T17:23:20.004+0000] {processor.py:829} INFO - Processing file /opt/airflow/dags/script.py for tasks to queue
[2023-11-03T17:23:20.007+0000] {logging_mixin.py:151} INFO - [2023-11-03T17:23:20.007+0000] {dagbag.py:536} INFO - Filling up the DagBag from /opt/airflow/dags/script.py
[2023-11-03T17:23:20.362+0000] {processor.py:839} INFO - DAG(s) dict_keys(['traffic_data_etl']) retrieved from /opt/airflow/dags/script.py
[2023-11-03T17:23:20.390+0000] {logging_mixin.py:151} INFO - [2023-11-03T17:23:20.389+0000] {dag.py:2941} INFO - Sync 1 DAGs
[2023-11-03T17:23:20.439+0000] {processor.py:179} INFO - Processing /opt/airflow/dags/script.py took 0.444 seconds
[2023-11-03T17:23:50.648+0000] {processor.py:157} INFO - Started process (PID=1138) to work on /opt/airflow/dags/script.py
[2023-11-03T17:23:50.649+0000] {processor.py:829} INFO - Processing file /opt/airflow/dags/script.py for tasks to queue
[2023-11-03T17:23:50.652+0000] {logging_mixin.py:151} INFO - [2023-11-03T17:23:50.652+0000] {dagbag.py:536} INFO - Filling up the DagBag from /opt/airflow/dags/script.py
[2023-11-03T17:23:51.154+0000] {processor.py:839} INFO - DAG(s) dict_keys(['traffic_data_etl']) retrieved from /opt/airflow/dags/script.py
[2023-11-03T17:23:51.190+0000] {logging_mixin.py:151} INFO - [2023-11-03T17:23:51.190+0000] {dag.py:2941} INFO - Sync 1 DAGs
[2023-11-03T17:23:51.244+0000] {processor.py:179} INFO - Processing /opt/airflow/dags/script.py took 0.600 seconds
[2023-11-03T17:24:21.343+0000] {processor.py:157} INFO - Started process (PID=1146) to work on /opt/airflow/dags/script.py
[2023-11-03T17:24:21.344+0000] {processor.py:829} INFO - Processing file /opt/airflow/dags/script.py for tasks to queue
[2023-11-03T17:24:21.356+0000] {logging_mixin.py:151} INFO - [2023-11-03T17:24:21.356+0000] {dagbag.py:536} INFO - Filling up the DagBag from /opt/airflow/dags/script.py
[2023-11-03T17:24:21.774+0000] {processor.py:839} INFO - DAG(s) dict_keys(['traffic_data_etl']) retrieved from /opt/airflow/dags/script.py
[2023-11-03T17:24:21.838+0000] {logging_mixin.py:151} INFO - [2023-11-03T17:24:21.838+0000] {dag.py:2941} INFO - Sync 1 DAGs
[2023-11-03T17:24:21.898+0000] {processor.py:179} INFO - Processing /opt/airflow/dags/script.py took 0.564 seconds
[2023-11-03T17:24:52.089+0000] {processor.py:157} INFO - Started process (PID=1154) to work on /opt/airflow/dags/script.py
[2023-11-03T17:24:52.090+0000] {processor.py:829} INFO - Processing file /opt/airflow/dags/script.py for tasks to queue
[2023-11-03T17:24:52.093+0000] {logging_mixin.py:151} INFO - [2023-11-03T17:24:52.092+0000] {dagbag.py:536} INFO - Filling up the DagBag from /opt/airflow/dags/script.py
[2023-11-03T17:24:52.401+0000] {processor.py:839} INFO - DAG(s) dict_keys(['traffic_data_etl']) retrieved from /opt/airflow/dags/script.py
[2023-11-03T17:24:52.429+0000] {logging_mixin.py:151} INFO - [2023-11-03T17:24:52.428+0000] {dag.py:2941} INFO - Sync 1 DAGs
[2023-11-03T17:24:52.477+0000] {processor.py:179} INFO - Processing /opt/airflow/dags/script.py took 0.392 seconds
[2023-11-03T17:25:22.664+0000] {processor.py:157} INFO - Started process (PID=1162) to work on /opt/airflow/dags/script.py
[2023-11-03T17:25:22.665+0000] {processor.py:829} INFO - Processing file /opt/airflow/dags/script.py for tasks to queue
[2023-11-03T17:25:22.668+0000] {logging_mixin.py:151} INFO - [2023-11-03T17:25:22.668+0000] {dagbag.py:536} INFO - Filling up the DagBag from /opt/airflow/dags/script.py
[2023-11-03T17:25:22.989+0000] {processor.py:839} INFO - DAG(s) dict_keys(['traffic_data_etl']) retrieved from /opt/airflow/dags/script.py
[2023-11-03T17:25:23.020+0000] {logging_mixin.py:151} INFO - [2023-11-03T17:25:23.020+0000] {dag.py:2941} INFO - Sync 1 DAGs
[2023-11-03T17:25:23.078+0000] {processor.py:179} INFO - Processing /opt/airflow/dags/script.py took 0.419 seconds
[2023-11-03T17:25:53.266+0000] {processor.py:157} INFO - Started process (PID=1179) to work on /opt/airflow/dags/script.py
[2023-11-03T17:25:53.274+0000] {processor.py:829} INFO - Processing file /opt/airflow/dags/script.py for tasks to queue
[2023-11-03T17:25:53.277+0000] {logging_mixin.py:151} INFO - [2023-11-03T17:25:53.277+0000] {dagbag.py:536} INFO - Filling up the DagBag from /opt/airflow/dags/script.py
[2023-11-03T17:25:53.862+0000] {processor.py:839} INFO - DAG(s) dict_keys(['traffic_data_etl']) retrieved from /opt/airflow/dags/script.py
[2023-11-03T17:25:53.947+0000] {logging_mixin.py:151} INFO - [2023-11-03T17:25:53.947+0000] {dag.py:2941} INFO - Sync 1 DAGs
[2023-11-03T17:25:54.018+0000] {processor.py:179} INFO - Processing /opt/airflow/dags/script.py took 0.759 seconds
[2023-11-03T17:26:24.199+0000] {processor.py:157} INFO - Started process (PID=1187) to work on /opt/airflow/dags/script.py
[2023-11-03T17:26:24.200+0000] {processor.py:829} INFO - Processing file /opt/airflow/dags/script.py for tasks to queue
[2023-11-03T17:26:24.218+0000] {logging_mixin.py:151} INFO - [2023-11-03T17:26:24.217+0000] {dagbag.py:536} INFO - Filling up the DagBag from /opt/airflow/dags/script.py
[2023-11-03T17:26:24.617+0000] {processor.py:839} INFO - DAG(s) dict_keys(['traffic_data_etl']) retrieved from /opt/airflow/dags/script.py
[2023-11-03T17:26:24.649+0000] {logging_mixin.py:151} INFO - [2023-11-03T17:26:24.649+0000] {dag.py:2941} INFO - Sync 1 DAGs
[2023-11-03T17:26:24.714+0000] {processor.py:179} INFO - Processing /opt/airflow/dags/script.py took 0.526 seconds
[2023-11-03T17:26:54.902+0000] {processor.py:157} INFO - Started process (PID=1195) to work on /opt/airflow/dags/script.py
[2023-11-03T17:26:54.910+0000] {processor.py:829} INFO - Processing file /opt/airflow/dags/script.py for tasks to queue
[2023-11-03T17:26:54.912+0000] {logging_mixin.py:151} INFO - [2023-11-03T17:26:54.912+0000] {dagbag.py:536} INFO - Filling up the DagBag from /opt/airflow/dags/script.py
[2023-11-03T17:26:55.207+0000] {processor.py:839} INFO - DAG(s) dict_keys(['traffic_data_etl']) retrieved from /opt/airflow/dags/script.py
[2023-11-03T17:26:55.236+0000] {logging_mixin.py:151} INFO - [2023-11-03T17:26:55.236+0000] {dag.py:2941} INFO - Sync 1 DAGs
[2023-11-03T17:26:55.284+0000] {processor.py:179} INFO - Processing /opt/airflow/dags/script.py took 0.385 seconds
[2023-11-03T17:27:25.465+0000] {processor.py:157} INFO - Started process (PID=1203) to work on /opt/airflow/dags/script.py
[2023-11-03T17:27:25.466+0000] {processor.py:829} INFO - Processing file /opt/airflow/dags/script.py for tasks to queue
[2023-11-03T17:27:25.469+0000] {logging_mixin.py:151} INFO - [2023-11-03T17:27:25.468+0000] {dagbag.py:536} INFO - Filling up the DagBag from /opt/airflow/dags/script.py
[2023-11-03T17:27:25.757+0000] {processor.py:839} INFO - DAG(s) dict_keys(['traffic_data_etl']) retrieved from /opt/airflow/dags/script.py
[2023-11-03T17:27:25.784+0000] {logging_mixin.py:151} INFO - [2023-11-03T17:27:25.784+0000] {dag.py:2941} INFO - Sync 1 DAGs
[2023-11-03T17:27:25.834+0000] {processor.py:179} INFO - Processing /opt/airflow/dags/script.py took 0.374 seconds
[2023-11-03T17:27:56.011+0000] {processor.py:157} INFO - Started process (PID=1211) to work on /opt/airflow/dags/script.py
[2023-11-03T17:27:56.019+0000] {processor.py:829} INFO - Processing file /opt/airflow/dags/script.py for tasks to queue
[2023-11-03T17:27:56.022+0000] {logging_mixin.py:151} INFO - [2023-11-03T17:27:56.021+0000] {dagbag.py:536} INFO - Filling up the DagBag from /opt/airflow/dags/script.py
[2023-11-03T17:27:56.309+0000] {processor.py:839} INFO - DAG(s) dict_keys(['traffic_data_etl']) retrieved from /opt/airflow/dags/script.py
[2023-11-03T17:27:56.336+0000] {logging_mixin.py:151} INFO - [2023-11-03T17:27:56.336+0000] {dag.py:2941} INFO - Sync 1 DAGs
[2023-11-03T17:27:56.389+0000] {processor.py:179} INFO - Processing /opt/airflow/dags/script.py took 0.382 seconds
[2023-11-03T17:28:26.572+0000] {processor.py:157} INFO - Started process (PID=1219) to work on /opt/airflow/dags/script.py
[2023-11-03T17:28:26.573+0000] {processor.py:829} INFO - Processing file /opt/airflow/dags/script.py for tasks to queue
[2023-11-03T17:28:26.575+0000] {logging_mixin.py:151} INFO - [2023-11-03T17:28:26.575+0000] {dagbag.py:536} INFO - Filling up the DagBag from /opt/airflow/dags/script.py
[2023-11-03T17:28:26.852+0000] {processor.py:839} INFO - DAG(s) dict_keys(['traffic_data_etl']) retrieved from /opt/airflow/dags/script.py
[2023-11-03T17:28:26.881+0000] {logging_mixin.py:151} INFO - [2023-11-03T17:28:26.880+0000] {dag.py:2941} INFO - Sync 1 DAGs
[2023-11-03T17:28:26.932+0000] {processor.py:179} INFO - Processing /opt/airflow/dags/script.py took 0.365 seconds
[2023-11-03T17:28:57.107+0000] {processor.py:157} INFO - Started process (PID=1227) to work on /opt/airflow/dags/script.py
[2023-11-03T17:28:57.115+0000] {processor.py:829} INFO - Processing file /opt/airflow/dags/script.py for tasks to queue
[2023-11-03T17:28:57.117+0000] {logging_mixin.py:151} INFO - [2023-11-03T17:28:57.117+0000] {dagbag.py:536} INFO - Filling up the DagBag from /opt/airflow/dags/script.py
[2023-11-03T17:28:57.400+0000] {processor.py:839} INFO - DAG(s) dict_keys(['traffic_data_etl']) retrieved from /opt/airflow/dags/script.py
[2023-11-03T17:28:57.428+0000] {logging_mixin.py:151} INFO - [2023-11-03T17:28:57.428+0000] {dag.py:2941} INFO - Sync 1 DAGs
[2023-11-03T17:28:57.497+0000] {processor.py:179} INFO - Processing /opt/airflow/dags/script.py took 0.393 seconds
[2023-11-03T17:29:27.708+0000] {processor.py:157} INFO - Started process (PID=1235) to work on /opt/airflow/dags/script.py
[2023-11-03T17:29:27.710+0000] {processor.py:829} INFO - Processing file /opt/airflow/dags/script.py for tasks to queue
[2023-11-03T17:29:27.716+0000] {logging_mixin.py:151} INFO - [2023-11-03T17:29:27.715+0000] {dagbag.py:536} INFO - Filling up the DagBag from /opt/airflow/dags/script.py
[2023-11-03T17:29:28.233+0000] {processor.py:839} INFO - DAG(s) dict_keys(['traffic_data_etl']) retrieved from /opt/airflow/dags/script.py
[2023-11-03T17:29:28.276+0000] {logging_mixin.py:151} INFO - [2023-11-03T17:29:28.275+0000] {dag.py:2941} INFO - Sync 1 DAGs
[2023-11-03T17:29:28.353+0000] {processor.py:179} INFO - Processing /opt/airflow/dags/script.py took 0.652 seconds
[2023-11-03T17:29:58.461+0000] {processor.py:157} INFO - Started process (PID=1243) to work on /opt/airflow/dags/script.py
[2023-11-03T17:29:58.469+0000] {processor.py:829} INFO - Processing file /opt/airflow/dags/script.py for tasks to queue
[2023-11-03T17:29:58.472+0000] {logging_mixin.py:151} INFO - [2023-11-03T17:29:58.472+0000] {dagbag.py:536} INFO - Filling up the DagBag from /opt/airflow/dags/script.py
[2023-11-03T17:29:58.787+0000] {processor.py:839} INFO - DAG(s) dict_keys(['traffic_data_etl']) retrieved from /opt/airflow/dags/script.py
[2023-11-03T17:29:58.822+0000] {logging_mixin.py:151} INFO - [2023-11-03T17:29:58.821+0000] {dag.py:2941} INFO - Sync 1 DAGs
[2023-11-03T17:29:58.877+0000] {processor.py:179} INFO - Processing /opt/airflow/dags/script.py took 0.422 seconds
[2023-11-03T17:30:29.061+0000] {processor.py:157} INFO - Started process (PID=1252) to work on /opt/airflow/dags/script.py
[2023-11-03T17:30:29.062+0000] {processor.py:829} INFO - Processing file /opt/airflow/dags/script.py for tasks to queue
[2023-11-03T17:30:29.064+0000] {logging_mixin.py:151} INFO - [2023-11-03T17:30:29.064+0000] {dagbag.py:536} INFO - Filling up the DagBag from /opt/airflow/dags/script.py
[2023-11-03T17:30:29.372+0000] {processor.py:839} INFO - DAG(s) dict_keys(['traffic_data_etl']) retrieved from /opt/airflow/dags/script.py
[2023-11-03T17:30:29.402+0000] {logging_mixin.py:151} INFO - [2023-11-03T17:30:29.402+0000] {dag.py:2941} INFO - Sync 1 DAGs
[2023-11-03T17:30:29.455+0000] {processor.py:179} INFO - Processing /opt/airflow/dags/script.py took 0.398 seconds
[2023-11-03T17:30:59.702+0000] {processor.py:157} INFO - Started process (PID=1260) to work on /opt/airflow/dags/script.py
[2023-11-03T17:30:59.704+0000] {processor.py:829} INFO - Processing file /opt/airflow/dags/script.py for tasks to queue
[2023-11-03T17:30:59.709+0000] {logging_mixin.py:151} INFO - [2023-11-03T17:30:59.708+0000] {dagbag.py:536} INFO - Filling up the DagBag from /opt/airflow/dags/script.py
[2023-11-03T17:31:00.170+0000] {processor.py:839} INFO - DAG(s) dict_keys(['traffic_data_etl']) retrieved from /opt/airflow/dags/script.py
[2023-11-03T17:31:00.203+0000] {logging_mixin.py:151} INFO - [2023-11-03T17:31:00.203+0000] {dag.py:2941} INFO - Sync 1 DAGs
[2023-11-03T17:31:00.265+0000] {processor.py:179} INFO - Processing /opt/airflow/dags/script.py took 0.585 seconds
[2023-11-03T17:31:30.431+0000] {processor.py:157} INFO - Started process (PID=1268) to work on /opt/airflow/dags/script.py
[2023-11-03T17:31:30.432+0000] {processor.py:829} INFO - Processing file /opt/airflow/dags/script.py for tasks to queue
[2023-11-03T17:31:30.434+0000] {logging_mixin.py:151} INFO - [2023-11-03T17:31:30.434+0000] {dagbag.py:536} INFO - Filling up the DagBag from /opt/airflow/dags/script.py
[2023-11-03T17:31:30.731+0000] {processor.py:839} INFO - DAG(s) dict_keys(['traffic_data_etl']) retrieved from /opt/airflow/dags/script.py
[2023-11-03T17:31:30.763+0000] {logging_mixin.py:151} INFO - [2023-11-03T17:31:30.762+0000] {dag.py:2941} INFO - Sync 1 DAGs
[2023-11-03T17:31:30.817+0000] {processor.py:179} INFO - Processing /opt/airflow/dags/script.py took 0.390 seconds
[2023-11-03T17:32:01.003+0000] {processor.py:157} INFO - Started process (PID=1276) to work on /opt/airflow/dags/script.py
[2023-11-03T17:32:01.005+0000] {processor.py:829} INFO - Processing file /opt/airflow/dags/script.py for tasks to queue
[2023-11-03T17:32:01.008+0000] {logging_mixin.py:151} INFO - [2023-11-03T17:32:01.008+0000] {dagbag.py:536} INFO - Filling up the DagBag from /opt/airflow/dags/script.py
[2023-11-03T17:32:01.316+0000] {processor.py:839} INFO - DAG(s) dict_keys(['traffic_data_etl']) retrieved from /opt/airflow/dags/script.py
[2023-11-03T17:32:01.343+0000] {logging_mixin.py:151} INFO - [2023-11-03T17:32:01.342+0000] {dag.py:2941} INFO - Sync 1 DAGs
[2023-11-03T17:32:01.403+0000] {processor.py:179} INFO - Processing /opt/airflow/dags/script.py took 0.406 seconds
[2023-11-03T17:32:31.595+0000] {processor.py:157} INFO - Started process (PID=1284) to work on /opt/airflow/dags/script.py
[2023-11-03T17:32:31.597+0000] {processor.py:829} INFO - Processing file /opt/airflow/dags/script.py for tasks to queue
[2023-11-03T17:32:31.601+0000] {logging_mixin.py:151} INFO - [2023-11-03T17:32:31.600+0000] {dagbag.py:536} INFO - Filling up the DagBag from /opt/airflow/dags/script.py
[2023-11-03T17:32:31.939+0000] {processor.py:839} INFO - DAG(s) dict_keys(['traffic_data_etl']) retrieved from /opt/airflow/dags/script.py
[2023-11-03T17:32:31.986+0000] {logging_mixin.py:151} INFO - [2023-11-03T17:32:31.985+0000] {dag.py:2941} INFO - Sync 1 DAGs
[2023-11-03T17:32:32.488+0000] {processor.py:179} INFO - Processing /opt/airflow/dags/script.py took 0.899 seconds
[2023-11-03T17:33:02.679+0000] {processor.py:157} INFO - Started process (PID=1292) to work on /opt/airflow/dags/script.py
[2023-11-03T17:33:02.681+0000] {processor.py:829} INFO - Processing file /opt/airflow/dags/script.py for tasks to queue
[2023-11-03T17:33:02.683+0000] {logging_mixin.py:151} INFO - [2023-11-03T17:33:02.683+0000] {dagbag.py:536} INFO - Filling up the DagBag from /opt/airflow/dags/script.py
[2023-11-03T17:33:03.096+0000] {processor.py:839} INFO - DAG(s) dict_keys(['traffic_data_etl']) retrieved from /opt/airflow/dags/script.py
[2023-11-03T17:33:03.125+0000] {logging_mixin.py:151} INFO - [2023-11-03T17:33:03.125+0000] {dag.py:2941} INFO - Sync 1 DAGs
[2023-11-03T17:33:03.178+0000] {processor.py:179} INFO - Processing /opt/airflow/dags/script.py took 0.504 seconds
[2023-11-03T17:33:33.375+0000] {processor.py:157} INFO - Started process (PID=1300) to work on /opt/airflow/dags/script.py
[2023-11-03T17:33:33.376+0000] {processor.py:829} INFO - Processing file /opt/airflow/dags/script.py for tasks to queue
[2023-11-03T17:33:33.378+0000] {logging_mixin.py:151} INFO - [2023-11-03T17:33:33.378+0000] {dagbag.py:536} INFO - Filling up the DagBag from /opt/airflow/dags/script.py
[2023-11-03T17:33:33.693+0000] {processor.py:839} INFO - DAG(s) dict_keys(['traffic_data_etl']) retrieved from /opt/airflow/dags/script.py
[2023-11-03T17:33:33.724+0000] {logging_mixin.py:151} INFO - [2023-11-03T17:33:33.723+0000] {dag.py:2941} INFO - Sync 1 DAGs
[2023-11-03T17:33:33.774+0000] {processor.py:179} INFO - Processing /opt/airflow/dags/script.py took 0.403 seconds
[2023-11-03T17:34:03.961+0000] {processor.py:157} INFO - Started process (PID=1308) to work on /opt/airflow/dags/script.py
[2023-11-03T17:34:03.969+0000] {processor.py:829} INFO - Processing file /opt/airflow/dags/script.py for tasks to queue
[2023-11-03T17:34:03.974+0000] {logging_mixin.py:151} INFO - [2023-11-03T17:34:03.974+0000] {dagbag.py:536} INFO - Filling up the DagBag from /opt/airflow/dags/script.py
[2023-11-03T17:34:04.715+0000] {processor.py:839} INFO - DAG(s) dict_keys(['traffic_data_etl']) retrieved from /opt/airflow/dags/script.py
[2023-11-03T17:34:04.843+0000] {logging_mixin.py:151} INFO - [2023-11-03T17:34:04.843+0000] {dag.py:2941} INFO - Sync 1 DAGs
[2023-11-03T17:34:04.929+0000] {processor.py:179} INFO - Processing /opt/airflow/dags/script.py took 0.973 seconds
[2023-11-03T17:34:35.110+0000] {processor.py:157} INFO - Started process (PID=1316) to work on /opt/airflow/dags/script.py
[2023-11-03T17:34:35.111+0000] {processor.py:829} INFO - Processing file /opt/airflow/dags/script.py for tasks to queue
[2023-11-03T17:34:35.114+0000] {logging_mixin.py:151} INFO - [2023-11-03T17:34:35.113+0000] {dagbag.py:536} INFO - Filling up the DagBag from /opt/airflow/dags/script.py
[2023-11-03T17:34:35.448+0000] {processor.py:839} INFO - DAG(s) dict_keys(['traffic_data_etl']) retrieved from /opt/airflow/dags/script.py
[2023-11-03T17:34:35.475+0000] {logging_mixin.py:151} INFO - [2023-11-03T17:34:35.475+0000] {dag.py:2941} INFO - Sync 1 DAGs
[2023-11-03T17:34:35.521+0000] {processor.py:179} INFO - Processing /opt/airflow/dags/script.py took 0.422 seconds
[2023-11-03T17:35:05.706+0000] {processor.py:157} INFO - Started process (PID=1324) to work on /opt/airflow/dags/script.py
[2023-11-03T17:35:05.708+0000] {processor.py:829} INFO - Processing file /opt/airflow/dags/script.py for tasks to queue
[2023-11-03T17:35:05.712+0000] {logging_mixin.py:151} INFO - [2023-11-03T17:35:05.711+0000] {dagbag.py:536} INFO - Filling up the DagBag from /opt/airflow/dags/script.py
[2023-11-03T17:35:06.026+0000] {processor.py:839} INFO - DAG(s) dict_keys(['traffic_data_etl']) retrieved from /opt/airflow/dags/script.py
[2023-11-03T17:35:06.057+0000] {logging_mixin.py:151} INFO - [2023-11-03T17:35:06.057+0000] {dag.py:2941} INFO - Sync 1 DAGs
[2023-11-03T17:35:06.109+0000] {processor.py:179} INFO - Processing /opt/airflow/dags/script.py took 0.406 seconds
[2023-11-03T17:35:36.287+0000] {processor.py:157} INFO - Started process (PID=1332) to work on /opt/airflow/dags/script.py
[2023-11-03T17:35:36.288+0000] {processor.py:829} INFO - Processing file /opt/airflow/dags/script.py for tasks to queue
[2023-11-03T17:35:36.290+0000] {logging_mixin.py:151} INFO - [2023-11-03T17:35:36.290+0000] {dagbag.py:536} INFO - Filling up the DagBag from /opt/airflow/dags/script.py
[2023-11-03T17:35:36.658+0000] {processor.py:839} INFO - DAG(s) dict_keys(['traffic_data_etl']) retrieved from /opt/airflow/dags/script.py
[2023-11-03T17:35:36.711+0000] {logging_mixin.py:151} INFO - [2023-11-03T17:35:36.711+0000] {dag.py:2941} INFO - Sync 1 DAGs
[2023-11-03T17:35:36.783+0000] {processor.py:179} INFO - Processing /opt/airflow/dags/script.py took 0.500 seconds
[2023-11-03T17:36:06.969+0000] {processor.py:157} INFO - Started process (PID=1340) to work on /opt/airflow/dags/script.py
[2023-11-03T17:36:06.970+0000] {processor.py:829} INFO - Processing file /opt/airflow/dags/script.py for tasks to queue
[2023-11-03T17:36:06.973+0000] {logging_mixin.py:151} INFO - [2023-11-03T17:36:06.972+0000] {dagbag.py:536} INFO - Filling up the DagBag from /opt/airflow/dags/script.py
[2023-11-03T17:36:07.289+0000] {processor.py:839} INFO - DAG(s) dict_keys(['traffic_data_etl']) retrieved from /opt/airflow/dags/script.py
[2023-11-03T17:36:07.317+0000] {logging_mixin.py:151} INFO - [2023-11-03T17:36:07.317+0000] {dag.py:2941} INFO - Sync 1 DAGs
[2023-11-03T17:36:07.365+0000] {processor.py:179} INFO - Processing /opt/airflow/dags/script.py took 0.399 seconds
[2023-11-03T17:36:37.571+0000] {processor.py:157} INFO - Started process (PID=1348) to work on /opt/airflow/dags/script.py
[2023-11-03T17:36:37.572+0000] {processor.py:829} INFO - Processing file /opt/airflow/dags/script.py for tasks to queue
[2023-11-03T17:36:37.575+0000] {logging_mixin.py:151} INFO - [2023-11-03T17:36:37.574+0000] {dagbag.py:536} INFO - Filling up the DagBag from /opt/airflow/dags/script.py
[2023-11-03T17:36:37.867+0000] {processor.py:839} INFO - DAG(s) dict_keys(['traffic_data_etl']) retrieved from /opt/airflow/dags/script.py
[2023-11-03T17:36:37.896+0000] {logging_mixin.py:151} INFO - [2023-11-03T17:36:37.896+0000] {dag.py:2941} INFO - Sync 1 DAGs
[2023-11-03T17:36:37.942+0000] {processor.py:179} INFO - Processing /opt/airflow/dags/script.py took 0.375 seconds
[2023-11-03T17:37:08.121+0000] {processor.py:157} INFO - Started process (PID=1357) to work on /opt/airflow/dags/script.py
[2023-11-03T17:37:08.123+0000] {processor.py:829} INFO - Processing file /opt/airflow/dags/script.py for tasks to queue
[2023-11-03T17:37:08.125+0000] {logging_mixin.py:151} INFO - [2023-11-03T17:37:08.125+0000] {dagbag.py:536} INFO - Filling up the DagBag from /opt/airflow/dags/script.py
[2023-11-03T17:37:08.430+0000] {processor.py:839} INFO - DAG(s) dict_keys(['traffic_data_etl']) retrieved from /opt/airflow/dags/script.py
[2023-11-03T17:37:08.497+0000] {logging_mixin.py:151} INFO - [2023-11-03T17:37:08.497+0000] {dag.py:2941} INFO - Sync 1 DAGs
[2023-11-03T17:37:08.522+0000] {logging_mixin.py:151} INFO - [2023-11-03T17:37:08.521+0000] {dag.py:3722} INFO - Setting next_dagrun for traffic_data_etl to 2023-11-03T17:36:08.521033+00:00, run_after=2023-11-03T17:37:08.521033+00:00
[2023-11-03T17:37:08.551+0000] {processor.py:179} INFO - Processing /opt/airflow/dags/script.py took 0.433 seconds
[2023-11-03T17:37:38.733+0000] {processor.py:157} INFO - Started process (PID=1365) to work on /opt/airflow/dags/script.py
[2023-11-03T17:37:38.734+0000] {processor.py:829} INFO - Processing file /opt/airflow/dags/script.py for tasks to queue
[2023-11-03T17:37:38.736+0000] {logging_mixin.py:151} INFO - [2023-11-03T17:37:38.736+0000] {dagbag.py:536} INFO - Filling up the DagBag from /opt/airflow/dags/script.py
[2023-11-03T17:37:39.048+0000] {processor.py:839} INFO - DAG(s) dict_keys(['traffic_data_etl']) retrieved from /opt/airflow/dags/script.py
[2023-11-03T17:37:39.087+0000] {logging_mixin.py:151} INFO - [2023-11-03T17:37:39.087+0000] {dag.py:2941} INFO - Sync 1 DAGs
[2023-11-03T17:37:39.151+0000] {processor.py:179} INFO - Processing /opt/airflow/dags/script.py took 0.421 seconds
[2023-11-03T17:38:09.346+0000] {processor.py:157} INFO - Started process (PID=1373) to work on /opt/airflow/dags/script.py
[2023-11-03T17:38:09.347+0000] {processor.py:829} INFO - Processing file /opt/airflow/dags/script.py for tasks to queue
[2023-11-03T17:38:09.350+0000] {logging_mixin.py:151} INFO - [2023-11-03T17:38:09.349+0000] {dagbag.py:536} INFO - Filling up the DagBag from /opt/airflow/dags/script.py
[2023-11-03T17:38:09.679+0000] {processor.py:839} INFO - DAG(s) dict_keys(['traffic_data_etl']) retrieved from /opt/airflow/dags/script.py
[2023-11-03T17:38:09.709+0000] {logging_mixin.py:151} INFO - [2023-11-03T17:38:09.709+0000] {dag.py:2941} INFO - Sync 1 DAGs
[2023-11-03T17:38:09.763+0000] {processor.py:179} INFO - Processing /opt/airflow/dags/script.py took 0.421 seconds
